Timestamp;QPU_Name;Estado;Tareas_Normales_Cola;Trabajos_Hibridos_Cola
2026-04-30 07:39:40;Cepheus-1-108Q;ONLINE;1;0
2026-04-30 07:39:40;Garnet;ONLINE;0;0
2026-04-30 07:39:40;Forte 1;OFFLINE;8;0
2026-04-30 08:39:45;Cepheus-1-108Q;ONLINE;1;0
2026-04-30 08:39:45;Garnet;ONLINE;1;0
2026-04-30 08:39:45;Forte 1;OFFLINE;8;0
2026-04-30 09:39:51;Cepheus-1-108Q;ONLINE;0;0
2026-04-30 09:39:51;Garnet;ONLINE;0;0
2026-04-30 09:39:51;Forte 1;OFFLINE;8;0
2026-04-30 10:39:56;Cepheus-1-108Q;ONLINE;0;0
2026-04-30 10:39:56;Garnet;ONLINE;0;0
2026-04-30 10:39:56;Forte 1;OFFLINE;8;0
2026-04-30 11:40:02;Cepheus-1-108Q;ONLINE;0;0
2026-04-30 11:40:02;Garnet;ONLINE;0;0
2026-04-30 11:40:02;Forte 1;OFFLINE;8;0
2026-04-30 12:40:07;Cepheus-1-108Q;ONLINE;0;0
2026-04-30 12:40:07;Garnet;ONLINE;0;0
2026-04-30 12:40:07;Forte 1;OFFLINE;8;0
2026-04-30 13:40:13;Cepheus-1-108Q;ONLINE;0;0
2026-04-30 13:40:13;Garnet;ONLINE;0;0
2026-04-30 13:40:13;Forte 1;OFFLINE;8;0
2026-04-30 14:40:18;Cepheus-1-108Q;ONLINE;0;0
2026-04-30 14:40:18;Garnet;ONLINE;0;0
2026-04-30 14:40:18;Forte 1;OFFLINE;8;0
2026-04-30 15:40:23;Cepheus-1-108Q;ONLINE;0;0
2026-04-30 15:40:23;Garnet;ONLINE;0;0
2026-04-30 15:40:23;Forte 1;OFFLINE;8;0
2026-04-30 16:40:29;Cepheus-1-108Q;ONLINE;0;0
2026-04-30 16:40:29;Garnet;ONLINE;1;0
2026-04-30 16:40:29;Forte 1;OFFLINE;8;0
2026-04-30 17:40:35;Cepheus-1-108Q;ONLINE;0;0
2026-04-30 17:40:35;Garnet;ONLINE;0;0 (1 prioritized hybrid job running)
2026-04-30 17:40:35;Forte 1;OFFLINE;8;0
2026-04-30 18:40:41;Cepheus-1-108Q;ONLINE;0;0
2026-04-30 18:40:41;Garnet;ONLINE;0;0
2026-04-30 18:40:41;Forte 1;OFFLINE;8;0
2026-04-30 19:40:46;Cepheus-1-108Q;ONLINE;1;0
2026-04-30 19:40:46;Garnet;ONLINE;0;0
2026-04-30 19:40:46;Forte 1;OFFLINE;8;0
2026-04-30 20:40:51;Cepheus-1-108Q;ONLINE;1;0
2026-04-30 20:40:51;Garnet;ONLINE;0;0
2026-04-30 20:40:51;Forte 1;OFFLINE;8;0
2026-04-30 21:40:57;Cepheus-1-108Q;ONLINE;0;0
2026-04-30 21:40:57;Garnet;ONLINE;0;0
2026-04-30 21:40:57;Forte 1;OFFLINE;8;0
2026-04-30 22:41:02;Cepheus-1-108Q;ONLINE;0;0
2026-04-30 22:41:02;Garnet;ONLINE;0;0
2026-04-30 22:41:02;Forte 1;OFFLINE;8;0
2026-04-30 23:41:08;Cepheus-1-108Q;ONLINE;1;0
2026-04-30 23:41:08;Garnet;ONLINE;0;0
2026-04-30 23:41:08;Forte 1;OFFLINE;8;0
2026-05-01 00:41:13;Cepheus-1-108Q;ONLINE;0;0
2026-05-01 00:41:13;Garnet;ONLINE;0;0
2026-05-01 00:41:13;Forte 1;OFFLINE;8;0
2026-05-01 01:41:19;Cepheus-1-108Q;ONLINE;0;0
2026-05-01 01:41:19;Garnet;ONLINE;0;0
2026-05-01 01:41:19;Forte 1;OFFLINE;8;0
2026-05-01 02:41:24;Cepheus-1-108Q;ONLINE;0;0
2026-05-01 02:41:24;Garnet;ONLINE;1;0
2026-05-01 02:41:24;Forte 1;OFFLINE;8;0
2026-05-01 03:41:29;Cepheus-1-108Q;ONLINE;0;0
2026-05-01 03:41:29;Garnet;ONLINE;0;0
2026-05-01 03:41:29;Forte 1;OFFLINE;8;0
2026-05-01 04:41:35;Cepheus-1-108Q;ONLINE;1;0
2026-05-01 04:41:35;Garnet;ONLINE;0;0
2026-05-01 04:41:35;Forte 1;OFFLINE;8;0
2026-05-01 05:41:40;Cepheus-1-108Q;ONLINE;0;0
2026-05-01 05:41:40;Garnet;ONLINE;0;0
2026-05-01 05:41:40;Forte 1;OFFLINE;8;0
2026-05-01 06:41:46;Cepheus-1-108Q;ONLINE;0;0
2026-05-01 06:41:46;Garnet;ONLINE;0;0
2026-05-01 06:41:46;Forte 1;OFFLINE;8;0
2026-05-01 07:41:51;Cepheus-1-108Q;ONLINE;0;0
2026-05-01 07:41:51;Garnet;ONLINE;0;0
2026-05-01 07:41:51;Forte 1;OFFLINE;8;0
2026-05-01 08:41:56;Cepheus-1-108Q;ONLINE;1;0
2026-05-01 08:41:56;Garnet;ONLINE;0;0
2026-05-01 08:41:56;Forte 1;OFFLINE;8;0
2026-05-01 09:42:01;Cepheus-1-108Q;ONLINE;1;0
2026-05-01 09:42:01;Garnet;ONLINE;0;0
2026-05-01 09:42:01;Forte 1;OFFLINE;8;0
2026-05-01 10:42:07;Cepheus-1-108Q;ONLINE;1;0
2026-05-01 10:42:07;Garnet;ONLINE;0;0
2026-05-01 10:42:07;Forte 1;OFFLINE;8;0
2026-05-01 11:42:12;Cepheus-1-108Q;ONLINE;0;0
2026-05-01 11:42:12;Garnet;ONLINE;0;0
2026-05-01 11:42:12;Forte 1;OFFLINE;8;0
2026-05-01 12:42:17;Cepheus-1-108Q;ONLINE;0;0
2026-05-01 12:42:17;Garnet;ONLINE;0;0
2026-05-01 12:42:17;Forte 1;OFFLINE;8;0
2026-05-01 13:42:23;Cepheus-1-108Q;ONLINE;0;0
2026-05-01 13:42:23;Garnet;ONLINE;0;0
2026-05-01 13:42:23;Forte 1;OFFLINE;8;0
2026-05-01 14:42:29;Cepheus-1-108Q;ONLINE;1;0
2026-05-01 14:42:29;Garnet;ONLINE;0;0
2026-05-01 14:42:29;Forte 1;OFFLINE;8;0
2026-05-01 15:42:34;Cepheus-1-108Q;ONLINE;0;0
2026-05-01 15:42:34;Garnet;ONLINE;6;0
2026-05-01 15:42:34;Forte 1;OFFLINE;8;0
2026-05-01 16:42:40;Cepheus-1-108Q;ONLINE;0;0
2026-05-01 16:42:40;Garnet;ONLINE;6;0
2026-05-01 16:42:40;Forte 1;ONLINE;8;0
2026-05-01 17:42:45;Cepheus-1-108Q;ONLINE;1;0
2026-05-01 17:42:45;Garnet;ONLINE;0;0
2026-05-01 17:42:45;Forte 1;ONLINE;0;1
2026-05-01 18:42:50;Cepheus-1-108Q;ONLINE;1;0
2026-05-01 18:42:50;Garnet;ONLINE;0;0
2026-05-01 18:42:50;Forte 1;ONLINE;2;0
2026-05-01 19:42:55;Cepheus-1-108Q;ONLINE;1;0
2026-05-01 19:42:55;Garnet;ONLINE;0;0
2026-05-01 19:42:55;Forte 1;ONLINE;0;0
2026-05-01 20:43:01;Cepheus-1-108Q;ONLINE;1;0
2026-05-01 20:43:01;Garnet;ONLINE;0;0
2026-05-01 20:43:01;Forte 1;ONLINE;0;0 (1 prioritized hybrid job running)
2026-05-01 21:43:06;Cepheus-1-108Q;ONLINE;1;0
2026-05-01 21:43:06;Garnet;ONLINE;0;0
2026-05-01 21:43:06;Forte 1;ONLINE;0;0 (1 prioritized hybrid job running)
2026-05-01 22:43:12;Cepheus-1-108Q;ONLINE;0;0
2026-05-01 22:43:12;Garnet;ONLINE;0;0
2026-05-01 22:43:12;Forte 1;ONLINE;0;0
2026-05-01 23:43:17;Cepheus-1-108Q;ONLINE;0;0
2026-05-01 23:43:17;Garnet;ONLINE;0;0
2026-05-01 23:43:17;Forte 1;ONLINE;0;0
2026-05-02 00:43:23;Cepheus-1-108Q;ONLINE;1;0
2026-05-02 00:43:23;Garnet;ONLINE;1;0
2026-05-02 00:43:23;Forte 1;ONLINE;0;0
2026-05-02 01:43:28;Cepheus-1-108Q;ONLINE;2;0
2026-05-02 01:43:28;Garnet;ONLINE;1;0
2026-05-02 01:43:28;Forte 1;ONLINE;0;0
2026-05-02 02:43:34;Cepheus-1-108Q;ONLINE;0;0
2026-05-02 02:43:34;Garnet;ONLINE;1;0
2026-05-02 02:43:34;Forte 1;ONLINE;0;0
2026-05-02 03:43:39;Cepheus-1-108Q;ONLINE;0;0
2026-05-02 03:43:39;Garnet;ONLINE;1;0
2026-05-02 03:43:39;Forte 1;ONLINE;0;0
2026-05-02 04:43:44;Cepheus-1-108Q;ONLINE;1;0
2026-05-02 04:43:44;Garnet;ONLINE;1;0
2026-05-02 04:43:44;Forte 1;ONLINE;0;0
2026-05-02 05:43:49;Cepheus-1-108Q;ONLINE;0;0
2026-05-02 05:43:49;Garnet;ONLINE;1;0
2026-05-02 05:43:49;Forte 1;ONLINE;0;0
2026-05-02 06:43:54;Cepheus-1-108Q;ONLINE;0;0
2026-05-02 06:43:54;Garnet;ONLINE;1;0
2026-05-02 06:43:54;Forte 1;ONLINE;0;0
2026-05-02 07:44:00;Cepheus-1-108Q;ONLINE;1;0
2026-05-02 07:44:00;Garnet;ONLINE;1;0
2026-05-02 07:44:00;Forte 1;ONLINE;0;0
2026-05-02 08:44:05;Cepheus-1-108Q;ONLINE;1;0
2026-05-02 08:44:05;Garnet;ONLINE;1;0
2026-05-02 08:44:05;Forte 1;ONLINE;0;0
2026-05-02 09:44:11;Cepheus-1-108Q;ONLINE;1;0
2026-05-02 09:44:11;Garnet;ONLINE;1;0
2026-05-02 09:44:11;Forte 1;ONLINE;0;0
2026-05-02 10:44:16;Cepheus-1-108Q;ONLINE;0;0
2026-05-02 10:44:16;Garnet;ONLINE;1;0
2026-05-02 10:44:16;Forte 1;ONLINE;0;0
2026-05-02 11:44:22;Cepheus-1-108Q;ONLINE;0;0
2026-05-02 11:44:22;Garnet;ONLINE;1;0
2026-05-02 11:44:22;Forte 1;ONLINE;0;0
2026-05-02 12:44:27;Cepheus-1-108Q;ONLINE;0;0
2026-05-02 12:44:27;Garnet;ONLINE;1;0
2026-05-02 12:44:27;Forte 1;ONLINE;0;0
2026-05-02 13:44:33;Cepheus-1-108Q;ONLINE;0;0
2026-05-02 13:44:33;Garnet;ONLINE;1;0
2026-05-02 13:44:33;Forte 1;ONLINE;0;0
2026-05-02 14:44:39;Cepheus-1-108Q;ONLINE;0;0
2026-05-02 14:44:39;Garnet;ONLINE;1;0
2026-05-02 14:44:39;Forte 1;ONLINE;0;0
2026-05-02 15:44:44;Cepheus-1-108Q;ONLINE;0;0
2026-05-02 15:44:44;Garnet;ONLINE;3;0
2026-05-02 15:44:44;Forte 1;ONLINE;0;0
2026-05-02 16:44:50;Cepheus-1-108Q;ONLINE;0;0
2026-05-02 16:44:50;Garnet;ONLINE;3;0
2026-05-02 16:44:50;Forte 1;ONLINE;0;0
2026-05-02 17:44:55;Cepheus-1-108Q;ONLINE;0;0
2026-05-02 17:44:55;Garnet;ONLINE;3;0
2026-05-02 17:44:55;Forte 1;ONLINE;0;0
2026-05-02 18:45:00;Cepheus-1-108Q;ONLINE;0;0
2026-05-02 18:45:00;Garnet;ONLINE;3;0
2026-05-02 18:45:00;Forte 1;ONLINE;0;0
2026-05-02 19:45:05;Cepheus-1-108Q;ONLINE;1;0
2026-05-02 19:45:05;Garnet;ONLINE;3;0
2026-05-02 19:45:05;Forte 1;ONLINE;0;0
2026-05-02 20:45:11;Cepheus-1-108Q;ONLINE;1;0
2026-05-02 20:45:11;Garnet;ONLINE;3;0
2026-05-02 20:45:11;Forte 1;ONLINE;0;0
2026-05-02 21:45:16;Cepheus-1-108Q;ONLINE;0;0
2026-05-02 21:45:16;Garnet;ONLINE;3;0
2026-05-02 21:45:16;Forte 1;ONLINE;0;0
2026-05-02 22:45:22;Cepheus-1-108Q;ONLINE;0;0
2026-05-02 22:45:22;Garnet;ONLINE;3;0
2026-05-02 22:45:22;Forte 1;ONLINE;0;0
2026-05-02 23:45:27;Cepheus-1-108Q;ONLINE;1;0
2026-05-02 23:45:27;Garnet;ONLINE;4;0
2026-05-02 23:45:27;Forte 1;ONLINE;0;0
2026-05-03 00:45:33;Cepheus-1-108Q;ONLINE;1;0
2026-05-03 00:45:33;Garnet;ONLINE;4;0
2026-05-03 00:45:33;Forte 1;ONLINE;1;0
2026-05-03 01:45:38;Cepheus-1-108Q;ONLINE;0;0
2026-05-03 01:45:38;Garnet;ONLINE;4;0
2026-05-03 01:45:38;Forte 1;ONLINE;0;0
2026-05-03 02:45:44;Cepheus-1-108Q;ONLINE;0;0
2026-05-03 02:45:44;Garnet;ONLINE;4;0
2026-05-03 02:45:44;Forte 1;ONLINE;0;0
2026-05-03 03:45:49;Cepheus-1-108Q;ONLINE;0;0
2026-05-03 03:45:49;Garnet;ONLINE;4;0
2026-05-03 03:45:49;Forte 1;ONLINE;0;0
2026-05-03 04:45:54;Cepheus-1-108Q;ONLINE;0;0
2026-05-03 04:45:54;Garnet;ONLINE;4;0
2026-05-03 04:45:54;Forte 1;ONLINE;0;0
2026-05-03 05:46:00;Cepheus-1-108Q;ONLINE;0;0
2026-05-03 05:46:00;Garnet;ONLINE;4;0
2026-05-03 05:46:00;Forte 1;ONLINE;0;0
2026-05-03 06:46:05;Cepheus-1-108Q;ONLINE;0;0
2026-05-03 06:46:05;Garnet;ONLINE;4;0
2026-05-03 06:46:05;Forte 1;ONLINE;0;0
2026-05-03 07:46:10;Cepheus-1-108Q;ONLINE;1;0
2026-05-03 07:46:10;Garnet;ONLINE;4;0
2026-05-03 07:46:10;Forte 1;ONLINE;0;0
2026-05-03 08:46:15;Cepheus-1-108Q;ONLINE;2;0
2026-05-03 08:46:15;Garnet;ONLINE;4;0
2026-05-03 08:46:15;Forte 1;ONLINE;0;0
2026-05-03 09:46:20;Cepheus-1-108Q;ONLINE;0;0
2026-05-03 09:46:20;Garnet;ONLINE;4;0
2026-05-03 09:46:20;Forte 1;ONLINE;1;0
2026-05-03 10:46:25;Cepheus-1-108Q;ONLINE;0;0
2026-05-03 10:46:25;Garnet;ONLINE;4;0
2026-05-03 10:46:25;Forte 1;ONLINE;0;0
2026-05-03 11:46:31;Cepheus-1-108Q;ONLINE;0;0
2026-05-03 11:46:31;Garnet;ONLINE;8;0
2026-05-03 11:46:31;Forte 1;ONLINE;8;0
2026-05-03 12:46:35;Cepheus-1-108Q;ONLINE;0;0
2026-05-03 12:46:35;Garnet;ONLINE;8;0
2026-05-03 12:46:35;Forte 1;ONLINE;8;0
2026-05-03 13:46:41;Cepheus-1-108Q;ONLINE;0;0
2026-05-03 13:46:41;Garnet;ONLINE;8;0
2026-05-03 13:46:41;Forte 1;ONLINE;0;0
2026-05-03 14:46:46;Cepheus-1-108Q;ONLINE;1;0
2026-05-03 14:46:46;Garnet;ONLINE;8;0
2026-05-03 14:46:46;Forte 1;ONLINE;0;0
2026-05-03 15:46:52;Cepheus-1-108Q;ONLINE;0;0
2026-05-03 15:46:52;Garnet;ONLINE;8;0
2026-05-03 15:46:52;Forte 1;ONLINE;0;0
2026-05-03 16:46:57;Cepheus-1-108Q;ONLINE;0;0
2026-05-03 16:46:57;Garnet;ONLINE;9;0
2026-05-03 16:46:57;Forte 1;ONLINE;0;0
2026-05-03 17:47:03;Cepheus-1-108Q;ONLINE;0;0
2026-05-03 17:47:03;Garnet;ONLINE;9;0
2026-05-03 17:47:03;Forte 1;ONLINE;0;0
2026-05-03 18:47:08;Cepheus-1-108Q;ONLINE;0;0
2026-05-03 18:47:08;Garnet;ONLINE;9;0
2026-05-03 18:47:08;Forte 1;ONLINE;0;0
2026-05-03 19:47:14;Cepheus-1-108Q;ONLINE;1;0
2026-05-03 19:47:14;Garnet;ONLINE;9;0
2026-05-03 19:47:14;Forte 1;ONLINE;0;0
2026-05-03 20:47:19;Cepheus-1-108Q;ONLINE;1;0
2026-05-03 20:47:19;Garnet;ONLINE;9;0
2026-05-03 20:47:19;Forte 1;ONLINE;0;0
2026-05-03 21:47:25;Cepheus-1-108Q;ONLINE;0;0
2026-05-03 21:47:25;Garnet;ONLINE;9;0
2026-05-03 21:47:25;Forte 1;ONLINE;0;0
2026-05-03 22:47:31;Cepheus-1-108Q;ONLINE;0;0
2026-05-03 22:47:31;Garnet;ONLINE;9;0
2026-05-03 22:47:31;Forte 1;ONLINE;0;0
2026-05-03 23:47:36;Cepheus-1-108Q;ONLINE;0;0
2026-05-03 23:47:36;Garnet;ONLINE;9;0
2026-05-03 23:47:36;Forte 1;ONLINE;0;0
2026-05-04 00:47:41;Cepheus-1-108Q;ONLINE;0;0
2026-05-04 00:47:41;Garnet;ONLINE;0;0
2026-05-04 00:47:41;Forte 1;ONLINE;0;0
2026-05-04 01:47:47;Cepheus-1-108Q;ONLINE;0;0
2026-05-04 01:47:47;Garnet;ONLINE;1;0
2026-05-04 01:47:47;Forte 1;ONLINE;0;0
2026-05-04 02:47:52;Cepheus-1-108Q;ONLINE;1;0
2026-05-04 02:47:52;Garnet;ONLINE;1;0
2026-05-04 02:47:52;Forte 1;ONLINE;0;0
2026-05-04 03:47:57;Cepheus-1-108Q;ONLINE;0;0
2026-05-04 03:47:57;Garnet;ONLINE;0;0
2026-05-04 03:47:57;Forte 1;ONLINE;0;0
2026-05-04 04:48:03;Cepheus-1-108Q;ONLINE;0;0
2026-05-04 04:48:03;Garnet;ONLINE;0;0
2026-05-04 04:48:03;Forte 1;ONLINE;0;0 (1 prioritized hybrid job running)
2026-05-04 05:48:08;Cepheus-1-108Q;ONLINE;0;0
2026-05-04 05:48:08;Garnet;ONLINE;0;0
2026-05-04 05:48:08;Forte 1;ONLINE;1;0 (1 prioritized hybrid job running)
2026-05-04 06:48:14;Cepheus-1-108Q;ONLINE;0;0
2026-05-04 06:48:14;Garnet;ONLINE;0;0
2026-05-04 06:48:14;Forte 1;ONLINE;1;0 (1 prioritized hybrid job running)
2026-05-04 07:48:19;Cepheus-1-108Q;ONLINE;1;0
2026-05-04 07:48:19;Garnet;ONLINE;0;0
2026-05-04 07:48:19;Forte 1;ONLINE;0;0
2026-05-04 08:48:24;Cepheus-1-108Q;ONLINE;1;0
2026-05-04 08:48:24;Garnet;ONLINE;0;0
2026-05-04 08:48:24;Forte 1;ONLINE;0;0
2026-05-04 09:48:30;Cepheus-1-108Q;ONLINE;0;0
2026-05-04 09:48:30;Garnet;ONLINE;1;0
2026-05-04 09:48:30;Forte 1;ONLINE;0;0
2026-05-04 10:48:35;Cepheus-1-108Q;ONLINE;0;0
2026-05-04 10:48:35;Garnet;ONLINE;1;0
2026-05-04 10:48:35;Forte 1;ONLINE;0;0
2026-05-04 11:48:41;Cepheus-1-108Q;ONLINE;0;0
2026-05-04 11:48:41;Garnet;ONLINE;1;0
2026-05-04 11:48:41;Forte 1;ONLINE;0;0
2026-05-04 12:48:46;Cepheus-1-108Q;ONLINE;0;0
2026-05-04 12:48:46;Garnet;ONLINE;0;0
2026-05-04 12:48:46;Forte 1;ONLINE;0;0
2026-05-04 13:48:52;Cepheus-1-108Q;ONLINE;0;0
2026-05-04 13:48:52;Garnet;ONLINE;0;0
2026-05-04 13:48:52;Forte 1;ONLINE;0;0
2026-05-04 14:48:57;Cepheus-1-108Q;ONLINE;0;0
2026-05-04 14:48:57;Garnet;ONLINE;0;0
2026-05-04 14:48:57;Forte 1;ONLINE;0;0 (1 prioritized hybrid job running)
2026-05-04 15:49:03;Cepheus-1-108Q;ONLINE;0;0
2026-05-04 15:49:03;Garnet;ONLINE;6;0
2026-05-04 15:49:03;Forte 1;ONLINE;0;0
2026-05-04 16:49:08;Cepheus-1-108Q;ONLINE;0;0
2026-05-04 16:49:08;Garnet;ONLINE;6;0
2026-05-04 16:49:08;Forte 1;ONLINE;0;0
2026-05-04 17:49:14;Cepheus-1-108Q;ONLINE;0;0
2026-05-04 17:49:14;Garnet;ONLINE;0;0
2026-05-04 17:49:14;Forte 1;ONLINE;0;0
2026-05-04 18:49:19;Cepheus-1-108Q;ONLINE;0;0
2026-05-04 18:49:19;Garnet;ONLINE;0;0
2026-05-04 18:49:19;Forte 1;ONLINE;0;0
2026-05-04 19:49:24;Cepheus-1-108Q;ONLINE;0;0
2026-05-04 19:49:24;Garnet;ONLINE;0;0
2026-05-04 19:49:24;Forte 1;ONLINE;0;0 (1 prioritized hybrid job running)
2026-05-04 20:49:30;Cepheus-1-108Q;ONLINE;0;0
2026-05-04 20:49:30;Garnet;ONLINE;0;0
2026-05-04 20:49:30;Forte 1;ONLINE;0;0 (1 prioritized hybrid job running)
2026-05-04 21:49:35;Cepheus-1-108Q;ONLINE;1;0
2026-05-04 21:49:35;Garnet;ONLINE;0;0
2026-05-04 21:49:35;Forte 1;ONLINE;0;0
2026-05-04 22:49:40;Cepheus-1-108Q;ONLINE;0;0
2026-05-04 22:49:40;Garnet;ONLINE;0;0
2026-05-04 22:49:40;Forte 1;ONLINE;0;0 (1 prioritized hybrid job running)
2026-05-04 23:49:46;Cepheus-1-108Q;ONLINE;0;0
2026-05-04 23:49:46;Garnet;ONLINE;0;0
2026-05-04 23:49:46;Forte 1;ONLINE;1;1
2026-05-05 00:49:51;Cepheus-1-108Q;ONLINE;1;0
2026-05-05 00:49:51;Garnet;ONLINE;0;0
2026-05-05 00:49:51;Forte 1;ONLINE;1;1
2026-05-05 01:49:56;Cepheus-1-108Q;ONLINE;0;0
2026-05-05 01:49:56;Garnet;ONLINE;1;0
2026-05-05 01:49:56;Forte 1;ONLINE;1;0
2026-05-05 02:50:02;Cepheus-1-108Q;ONLINE;0;0
2026-05-05 02:50:02;Garnet;ONLINE;1;0
2026-05-05 02:50:02;Forte 1;ONLINE;1;0
2026-05-05 03:50:07;Cepheus-1-108Q;ONLINE;0;0
2026-05-05 03:50:07;Garnet;ONLINE;0;0
2026-05-05 03:50:07;Forte 1;ONLINE;1;0
2026-05-05 04:50:13;Cepheus-1-108Q;ONLINE;0;0
2026-05-05 04:50:13;Garnet;ONLINE;0;0
2026-05-05 04:50:13;Forte 1;ONLINE;0;0
2026-05-05 05:50:18;Cepheus-1-108Q;ONLINE;0;0
2026-05-05 05:50:18;Garnet;ONLINE;0;0
2026-05-05 05:50:18;Forte 1;ONLINE;0;0
2026-05-05 06:50:23;Cepheus-1-108Q;ONLINE;0;0
2026-05-05 06:50:23;Garnet;ONLINE;0;0
2026-05-05 06:50:23;Forte 1;ONLINE;0;0
2026-05-05 07:50:29;Cepheus-1-108Q;ONLINE;1;0
2026-05-05 07:50:29;Garnet;ONLINE;0;0
2026-05-05 07:50:29;Forte 1;ONLINE;0;0
2026-05-05 08:50:34;Cepheus-1-108Q;ONLINE;1;0
2026-05-05 08:50:34;Garnet;ONLINE;0;0
2026-05-05 08:50:34;Forte 1;ONLINE;0;0
2026-05-05 09:50:40;Cepheus-1-108Q;ONLINE;0;0
2026-05-05 09:50:40;Garnet;ONLINE;0;0
2026-05-05 09:50:40;Forte 1;ONLINE;0;0
2026-05-05 10:50:45;Cepheus-1-108Q;ONLINE;0;0
2026-05-05 10:50:45;Garnet;ONLINE;0;0
2026-05-05 10:50:45;Forte 1;ONLINE;0;0
2026-05-05 11:50:50;Cepheus-1-108Q;ONLINE;0;0
2026-05-05 11:50:50;Garnet;ONLINE;0;0
2026-05-05 11:50:50;Forte 1;ONLINE;0;0
2026-05-05 12:50:56;Cepheus-1-108Q;ONLINE;0;0
2026-05-05 12:50:56;Garnet;ONLINE;0;0
2026-05-05 12:50:56;Forte 1;ONLINE;0;0 (1 prioritized hybrid job running)
2026-05-05 13:51:01;Cepheus-1-108Q;ONLINE;0;0
2026-05-05 13:51:01;Garnet;ONLINE;0;0
2026-05-05 13:51:01;Forte 1;ONLINE;0;0 (1 prioritized hybrid job running)
2026-05-05 14:51:07;Cepheus-1-108Q;ONLINE;0;0
2026-05-05 14:51:07;Garnet;ONLINE;0;0
2026-05-05 14:51:07;Forte 1;ONLINE;1;0 (1 prioritized hybrid job running)
2026-05-05 15:51:12;Cepheus-1-108Q;ONLINE;0;0
2026-05-05 15:51:12;Garnet;ONLINE;6;0
2026-05-05 15:51:12;Forte 1;ONLINE;1;0
2026-05-05 16:51:18;Cepheus-1-108Q;ONLINE;0;0
2026-05-05 16:51:18;Garnet;ONLINE;7;0
2026-05-05 16:51:18;Forte 1;ONLINE;1;0
2026-05-05 17:51:23;Cepheus-1-108Q;ONLINE;1;0
2026-05-05 17:51:23;Garnet;ONLINE;0;0
2026-05-05 17:51:23;Forte 1;ONLINE;1;0
2026-05-05 18:51:28;Cepheus-1-108Q;ONLINE;0;0
2026-05-05 18:51:28;Garnet;ONLINE;0;0
2026-05-05 18:51:28;Forte 1;ONLINE;115;0
2026-05-05 19:51:34;Cepheus-1-108Q;ONLINE;1;0
2026-05-05 19:51:34;Garnet;ONLINE;0;0
2026-05-05 19:51:34;Forte 1;ONLINE;1;0
2026-05-05 20:51:39;Cepheus-1-108Q;ONLINE;1;0
2026-05-05 20:51:39;Garnet;ONLINE;0;0
2026-05-05 20:51:39;Forte 1;ONLINE;2;0
2026-05-05 21:51:45;Cepheus-1-108Q;ONLINE;0;0
2026-05-05 21:51:45;Garnet;ONLINE;0;0
2026-05-05 21:51:45;Forte 1;ONLINE;2;0
2026-05-05 22:51:50;Cepheus-1-108Q;ONLINE;1;0
2026-05-05 22:51:50;Garnet;ONLINE;0;0
2026-05-05 22:51:50;Forte 1;ONLINE;2;0
2026-05-05 23:51:56;Cepheus-1-108Q;ONLINE;0;0
2026-05-05 23:51:56;Garnet;ONLINE;0;0
2026-05-05 23:51:56;Forte 1;ONLINE;0;0
2026-05-06 00:52:01;Cepheus-1-108Q;ONLINE;1;0
2026-05-06 00:52:01;Garnet;ONLINE;0;0
2026-05-06 00:52:01;Forte 1;ONLINE;0;0
2026-05-06 01:52:06;Cepheus-1-108Q;ONLINE;0;0
2026-05-06 01:52:06;Garnet;ONLINE;1;0
2026-05-06 01:52:06;Forte 1;ONLINE;1;0
2026-05-06 02:52:11;Cepheus-1-108Q;ONLINE;1;0
2026-05-06 02:52:11;Garnet;ONLINE;1;0
2026-05-06 02:52:11;Forte 1;ONLINE;0;0
2026-05-06 03:52:16;Cepheus-1-108Q;ONLINE;0;0
2026-05-06 03:52:16;Garnet;ONLINE;0;0
2026-05-06 03:52:16;Forte 1;ONLINE;0;0
2026-05-06 04:52:21;Cepheus-1-108Q;ONLINE;1;0
2026-05-06 04:52:21;Garnet;ONLINE;0;0
2026-05-06 04:52:21;Forte 1;ONLINE;0;0
2026-05-06 05:52:27;Cepheus-1-108Q;ONLINE;2;0
2026-05-06 05:52:27;Garnet;ONLINE;0;0
2026-05-06 05:52:27;Forte 1;ONLINE;0;0
2026-05-06 06:52:32;Cepheus-1-108Q;ONLINE;0;0
2026-05-06 06:52:32;Garnet;ONLINE;0;0
2026-05-06 06:52:32;Forte 1;ONLINE;0;0
2026-05-06 07:52:37;Cepheus-1-108Q;ONLINE;0;0
2026-05-06 07:52:37;Garnet;ONLINE;0;0
2026-05-06 07:52:37;Forte 1;ONLINE;0;0
2026-05-06 08:52:42;Cepheus-1-108Q;ONLINE;0;0
2026-05-06 08:52:42;Garnet;ONLINE;0;0
2026-05-06 08:52:42;Forte 1;ONLINE;0;0
2026-05-06 09:52:47;Cepheus-1-108Q;ONLINE;0;0
2026-05-06 09:52:47;Garnet;ONLINE;0;0
2026-05-06 09:52:47;Forte 1;ONLINE;0;0
2026-05-06 10:52:52;Cepheus-1-108Q;ONLINE;1;0
2026-05-06 10:52:52;Garnet;ONLINE;0;0
2026-05-06 10:52:52;Forte 1;ONLINE;0;0
2026-05-06 11:52:57;Cepheus-1-108Q;ONLINE;0;0
2026-05-06 11:52:57;Garnet;ONLINE;0;0
2026-05-06 11:52:57;Forte 1;ONLINE;0;0
2026-05-06 12:53:02;Cepheus-1-108Q;ONLINE;0;0
2026-05-06 12:53:02;Garnet;ONLINE;0;0
2026-05-06 12:53:02;Forte 1;ONLINE;0;0
2026-05-06 13:53:07;Cepheus-1-108Q;ONLINE;0;0
2026-05-06 13:53:07;Garnet;ONLINE;0;0
2026-05-06 13:53:07;Forte 1;ONLINE;0;0
2026-05-06 14:53:13;Cepheus-1-108Q;ONLINE;0;0
2026-05-06 14:53:13;Garnet;ONLINE;0;0
2026-05-06 14:53:13;Forte 1;ONLINE;0;0
2026-05-06 15:53:18;Cepheus-1-108Q;ONLINE;1;0
2026-05-06 15:53:18;Garnet;ONLINE;6;0
2026-05-06 15:53:18;Forte 1;ONLINE;0;0
2026-05-06 16:53:23;Cepheus-1-108Q;ONLINE;0;0
2026-05-06 16:53:23;Garnet;ONLINE;6;0
2026-05-06 16:53:23;Forte 1;ONLINE;1;0 (1 prioritized hybrid job running)
2026-05-06 17:53:29;Cepheus-1-108Q;ONLINE;1;0
2026-05-06 17:53:29;Garnet;ONLINE;0;0
2026-05-06 17:53:29;Forte 1;ONLINE;0;0 (1 prioritized hybrid job running)
2026-05-06 18:53:34;Cepheus-1-108Q;ONLINE;0;0
2026-05-06 18:53:34;Garnet;ONLINE;0;0
2026-05-06 18:53:34;Forte 1;ONLINE;0;0 (1 prioritized hybrid job running)
2026-05-06 19:53:39;Cepheus-1-108Q;ONLINE;1;0
2026-05-06 19:53:39;Garnet;ONLINE;0;0
2026-05-06 19:53:39;Forte 1;ONLINE;0;1
2026-05-06 20:53:45;Cepheus-1-108Q;ONLINE;2;0
2026-05-06 20:53:45;Garnet;ONLINE;0;0
2026-05-06 20:53:45;Forte 1;ONLINE;0;1
2026-05-06 21:53:50;Cepheus-1-108Q;ONLINE;0;0
2026-05-06 21:53:50;Garnet;ONLINE;0;0 (1 prioritized hybrid job running)
2026-05-06 21:53:50;Forte 1;ONLINE;0;0 (1 prioritized hybrid job running)
2026-05-06 22:53:55;Cepheus-1-108Q;ONLINE;0;0
2026-05-06 22:53:55;Garnet;ONLINE;0;0
2026-05-06 22:53:55;Forte 1;ONLINE;0;0 (1 prioritized hybrid job running)
2026-05-06 23:54:01;Cepheus-1-108Q;ONLINE;0;0
2026-05-06 23:54:01;Garnet;ONLINE;0;0
2026-05-06 23:54:01;Forte 1;ONLINE;0;0
2026-05-07 00:54:07;Cepheus-1-108Q;ONLINE;0;0
2026-05-07 00:54:07;Garnet;ONLINE;0;0
2026-05-07 00:54:07;Forte 1;ONLINE;0;0
2026-05-07 01:54:12;Cepheus-1-108Q;ONLINE;0;0
2026-05-07 01:54:12;Garnet;ONLINE;1;0
2026-05-07 01:54:12;Forte 1;ONLINE;0;0
2026-05-07 02:54:17;Cepheus-1-108Q;ONLINE;0;0
2026-05-07 02:54:17;Garnet;ONLINE;1;0
2026-05-07 02:54:17;Forte 1;ONLINE;0;0
2026-05-07 03:54:22;Cepheus-1-108Q;ONLINE;0;0
2026-05-07 03:54:22;Garnet;ONLINE;0;0
2026-05-07 03:54:22;Forte 1;ONLINE;0;0
2026-05-07 04:54:27;Cepheus-1-108Q;ONLINE;0;0
2026-05-07 04:54:27;Garnet;ONLINE;0;0
2026-05-07 04:54:27;Forte 1;ONLINE;0;0
2026-05-07 05:54:32;Cepheus-1-108Q;ONLINE;0;0
2026-05-07 05:54:32;Garnet;ONLINE;0;0
2026-05-07 05:54:32;Forte 1;ONLINE;1;0
2026-05-07 06:54:38;Cepheus-1-108Q;ONLINE;0;0
2026-05-07 06:54:38;Garnet;ONLINE;0;0
2026-05-07 06:54:38;Forte 1;ONLINE;0;0
2026-05-07 07:54:43;Cepheus-1-108Q;ONLINE;2;0
2026-05-07 07:54:43;Garnet;ONLINE;0;0
2026-05-07 07:54:43;Forte 1;ONLINE;0;0
2026-05-07 08:54:48;Cepheus-1-108Q;ONLINE;2;0
2026-05-07 08:54:48;Garnet;ONLINE;0;0
2026-05-07 08:54:48;Forte 1;ONLINE;0;0
2026-05-07 09:54:53;Cepheus-1-108Q;ONLINE;0;0
2026-05-07 09:54:53;Garnet;ONLINE;0;0
2026-05-07 09:54:53;Forte 1;ONLINE;0;0
2026-05-07 10:54:59;Cepheus-1-108Q;ONLINE;0;0
2026-05-07 10:54:59;Garnet;ONLINE;7;0
2026-05-07 10:54:59;Forte 1;ONLINE;0;0
2026-05-07 11:55:04;Cepheus-1-108Q;ONLINE;0;0
2026-05-07 11:55:04;Garnet;ONLINE;8;0
2026-05-07 11:55:04;Forte 1;ONLINE;0;0
2026-05-07 12:55:09;Cepheus-1-108Q;ONLINE;0;0
2026-05-07 12:55:09;Garnet;ONLINE;8;0
2026-05-07 12:55:09;Forte 1;ONLINE;4;0
2026-05-07 13:55:15;Cepheus-1-108Q;ONLINE;0;0
2026-05-07 13:55:15;Garnet;ONLINE;15;0
2026-05-07 13:55:15;Forte 1;ONLINE;0;0
2026-05-07 14:55:20;Cepheus-1-108Q;ONLINE;1;0
2026-05-07 14:55:20;Garnet;ONLINE;1;0
2026-05-07 14:55:20;Forte 1;ONLINE;0;0
2026-05-07 15:55:25;Cepheus-1-108Q;ONLINE;0;0
2026-05-07 15:55:25;Garnet;ONLINE;10;0
2026-05-07 15:55:25;Forte 1;ONLINE;4;0
2026-05-07 16:55:30;Cepheus-1-108Q;ONLINE;0;0
2026-05-07 16:55:30;Garnet;ONLINE;11;0
2026-05-07 16:55:30;Forte 1;ONLINE;0;0
2026-05-07 17:55:35;Cepheus-1-108Q;ONLINE;0;0
2026-05-07 17:55:35;Garnet;ONLINE;0;0
2026-05-07 17:55:35;Forte 1;ONLINE;0;0
2026-05-07 18:55:39;Cepheus-1-108Q;ONLINE;0;0
2026-05-07 18:55:39;Garnet;ONLINE;0;0
2026-05-07 18:55:39;Forte 1;ONLINE;0;0
2026-05-07 19:55:45;Cepheus-1-108Q;ONLINE;5;0
2026-05-07 19:55:45;Garnet;ONLINE;0;0
2026-05-07 19:55:45;Forte 1;ONLINE;0;0
2026-05-07 20:55:50;Cepheus-1-108Q;ONLINE;18;0
2026-05-07 20:55:50;Garnet;ONLINE;0;0
2026-05-07 20:55:50;Forte 1;ONLINE;0;0
2026-05-07 21:55:55;Cepheus-1-108Q;ONLINE;0;0
2026-05-07 21:55:55;Garnet;ONLINE;0;0
2026-05-07 21:55:55;Forte 1;ONLINE;0;0
2026-05-07 22:56:01;Cepheus-1-108Q;ONLINE;0;0
2026-05-07 22:56:01;Garnet;ONLINE;0;0
2026-05-07 22:56:01;Forte 1;ONLINE;0;0
2026-05-07 23:56:07;Cepheus-1-108Q;ONLINE;0;0
2026-05-07 23:56:07;Garnet;ONLINE;0;0
2026-05-07 23:56:07;Forte 1;ONLINE;0;0
2026-05-08 00:56:12;Cepheus-1-108Q;ONLINE;0;0
2026-05-08 00:56:12;Garnet;ONLINE;0;0
2026-05-08 00:56:12;Forte 1;ONLINE;0;0
2026-05-08 01:56:17;Cepheus-1-108Q;ONLINE;0;0
2026-05-08 01:56:17;Garnet;ONLINE;1;0
2026-05-08 01:56:17;Forte 1;ONLINE;0;0
2026-05-08 02:56:22;Cepheus-1-108Q;ONLINE;0;0
2026-05-08 02:56:22;Garnet;ONLINE;4;0
2026-05-08 02:56:22;Forte 1;ONLINE;0;0
2026-05-08 03:56:27;Cepheus-1-108Q;ONLINE;0;0
2026-05-08 03:56:27;Garnet;ONLINE;0;0
2026-05-08 03:56:27;Forte 1;ONLINE;0;0
2026-05-08 04:56:32;Cepheus-1-108Q;ONLINE;0;1
2026-05-08 04:56:32;Garnet;ONLINE;0;0
2026-05-08 04:56:32;Forte 1;ONLINE;0;0
2026-05-08 05:56:38;Cepheus-1-108Q;ONLINE;0;0
2026-05-08 05:56:38;Garnet;ONLINE;0;0
2026-05-08 05:56:38;Forte 1;ONLINE;0;0
2026-05-08 06:56:43;Cepheus-1-108Q;ONLINE;0;0
2026-05-08 06:56:43;Garnet;ONLINE;0;0
2026-05-08 06:56:43;Forte 1;ONLINE;0;0
2026-05-08 07:56:48;Cepheus-1-108Q;ONLINE;1;0
2026-05-08 07:56:48;Garnet;ONLINE;0;0
2026-05-08 07:56:48;Forte 1;ONLINE;0;0
2026-05-08 08:56:54;Cepheus-1-108Q;ONLINE;3;0
2026-05-08 08:56:54;Garnet;ONLINE;0;0
2026-05-08 08:56:54;Forte 1;ONLINE;0;0
2026-05-08 09:56:59;Cepheus-1-108Q;ONLINE;0;0
2026-05-08 09:56:59;Garnet;ONLINE;0;0
2026-05-08 09:56:59;Forte 1;ONLINE;0;0
2026-05-08 10:57:04;Cepheus-1-108Q;ONLINE;0;0
2026-05-08 10:57:04;Garnet;ONLINE;0;0
2026-05-08 10:57:04;Forte 1;ONLINE;0;0
2026-05-08 11:57:09;Cepheus-1-108Q;ONLINE;0;0
2026-05-08 11:57:09;Garnet;ONLINE;0;0
2026-05-08 11:57:09;Forte 1;ONLINE;4;0
2026-05-08 12:57:15;Cepheus-1-108Q;ONLINE;0;0
2026-05-08 12:57:15;Garnet;ONLINE;0;0
2026-05-08 12:57:15;Forte 1;ONLINE;8;0
2026-05-08 13:57:20;Cepheus-1-108Q;ONLINE;0;0
2026-05-08 13:57:20;Garnet;ONLINE;0;0
2026-05-08 13:57:20;Forte 1;ONLINE;31;0
2026-05-08 14:57:25;Cepheus-1-108Q;ONLINE;0;0
2026-05-08 14:57:25;Garnet;ONLINE;0;0
2026-05-08 14:57:25;Forte 1;ONLINE;31;0
2026-05-08 15:57:31;Cepheus-1-108Q;ONLINE;1;0
2026-05-08 15:57:31;Garnet;ONLINE;142;0
2026-05-08 15:57:31;Forte 1;ONLINE;31;0
2026-05-08 16:57:36;Cepheus-1-108Q;ONLINE;1;0
2026-05-08 16:57:36;Garnet;ONLINE;151;0
2026-05-08 16:57:36;Forte 1;ONLINE;32;0
2026-05-08 17:57:41;Cepheus-1-108Q;ONLINE;0;0
2026-05-08 17:57:41;Garnet;ONLINE;0;0
2026-05-08 17:57:41;Forte 1;ONLINE;32;0
2026-05-08 18:57:46;Cepheus-1-108Q;ONLINE;0;0
2026-05-08 18:57:46;Garnet;ONLINE;0;0
2026-05-08 18:57:46;Forte 1;ONLINE;32;0
2026-05-08 19:57:52;Cepheus-1-108Q;ONLINE;1;0
2026-05-08 19:57:52;Garnet;ONLINE;0;0
2026-05-08 19:57:52;Forte 1;ONLINE;32;0
2026-05-08 20:57:57;Cepheus-1-108Q;ONLINE;1;0
2026-05-08 20:57:57;Garnet;ONLINE;0;0
2026-05-08 20:57:57;Forte 1;ONLINE;32;0
2026-05-08 21:58:02;Cepheus-1-108Q;ONLINE;1;0
2026-05-08 21:58:02;Garnet;ONLINE;0;0
2026-05-08 21:58:02;Forte 1;ONLINE;32;0
2026-05-08 22:58:07;Cepheus-1-108Q;ONLINE;0;0
2026-05-08 22:58:07;Garnet;ONLINE;0;0
2026-05-08 22:58:07;Forte 1;ONLINE;32;0
2026-05-08 23:58:12;Cepheus-1-108Q;ONLINE;0;0
2026-05-08 23:58:12;Garnet;ONLINE;0;0
2026-05-08 23:58:12;Forte 1;ONLINE;32;0
2026-05-09 00:58:18;Cepheus-1-108Q;ONLINE;0;0
2026-05-09 00:58:18;Garnet;ONLINE;1;0
2026-05-09 00:58:18;Forte 1;ONLINE;32;0
2026-05-09 01:58:23;Cepheus-1-108Q;ONLINE;0;0
2026-05-09 01:58:23;Garnet;ONLINE;1;0
2026-05-09 01:58:23;Forte 1;ONLINE;32;0
2026-05-09 02:58:28;Cepheus-1-108Q;ONLINE;0;0
2026-05-09 02:58:28;Garnet;ONLINE;1;0
2026-05-09 02:58:28;Forte 1;ONLINE;32;0
2026-05-09 03:58:34;Cepheus-1-108Q;ONLINE;0;0
2026-05-09 03:58:34;Garnet;ONLINE;1;0
2026-05-09 03:58:34;Forte 1;ONLINE;32;0
2026-05-09 04:58:39;Cepheus-1-108Q;ONLINE;0;0
2026-05-09 04:58:39;Garnet;ONLINE;1;0
2026-05-09 04:58:39;Forte 1;ONLINE;32;0
2026-05-09 05:58:44;Cepheus-1-108Q;ONLINE;0;0
2026-05-09 05:58:44;Garnet;ONLINE;1;0
2026-05-09 05:58:44;Forte 1;ONLINE;32;0
2026-05-09 06:58:49;Cepheus-1-108Q;ONLINE;0;0
2026-05-09 06:58:49;Garnet;ONLINE;1;0
2026-05-09 06:58:49;Forte 1;ONLINE;32;0
2026-05-09 07:58:54;Cepheus-1-108Q;ONLINE;0;0
2026-05-09 07:58:54;Garnet;ONLINE;1;0
2026-05-09 07:58:54;Forte 1;ONLINE;32;0
2026-05-09 08:58:59;Cepheus-1-108Q;ONLINE;0;0
2026-05-09 08:58:59;Garnet;ONLINE;1;0
2026-05-09 08:58:59;Forte 1;ONLINE;32;0
2026-05-09 09:59:05;Cepheus-1-108Q;ONLINE;0;0
2026-05-09 09:59:05;Garnet;ONLINE;1;0
2026-05-09 09:59:05;Forte 1;ONLINE;32;0
2026-05-09 10:59:10;Cepheus-1-108Q;ONLINE;0;0
2026-05-09 10:59:10;Garnet;ONLINE;1;0
2026-05-09 10:59:10;Forte 1;ONLINE;32;0
2026-05-09 11:59:15;Cepheus-1-108Q;ONLINE;0;0
2026-05-09 11:59:15;Garnet;ONLINE;1;0
2026-05-09 11:59:15;Forte 1;ONLINE;32;0
2026-05-09 12:59:20;Cepheus-1-108Q;ONLINE;0;0
2026-05-09 12:59:20;Garnet;ONLINE;1;0
2026-05-09 12:59:20;Forte 1;ONLINE;32;0
2026-05-09 13:59:25;Cepheus-1-108Q;ONLINE;0;0
2026-05-09 13:59:25;Garnet;ONLINE;1;0
2026-05-09 13:59:25;Forte 1;ONLINE;32;0
2026-05-09 14:59:30;Cepheus-1-108Q;ONLINE;0;0
2026-05-09 14:59:30;Garnet;ONLINE;1;0
2026-05-09 14:59:30;Forte 1;ONLINE;32;0
2026-05-09 15:59:35;Cepheus-1-108Q;ONLINE;0;0
2026-05-09 15:59:35;Garnet;ONLINE;1;0
2026-05-09 15:59:35;Forte 1;ONLINE;32;0
2026-05-09 16:59:40;Cepheus-1-108Q;ONLINE;0;0
2026-05-09 16:59:40;Garnet;ONLINE;1;0
2026-05-09 16:59:40;Forte 1;ONLINE;32;0
2026-05-09 17:59:46;Cepheus-1-108Q;ONLINE;0;0
2026-05-09 17:59:46;Garnet;ONLINE;2;0
2026-05-09 17:59:46;Forte 1;ONLINE;32;0
2026-05-09 18:59:52;Cepheus-1-108Q;ONLINE;0;0
2026-05-09 18:59:52;Garnet;ONLINE;2;0
2026-05-09 18:59:52;Forte 1;ONLINE;32;0
2026-05-09 19:59:57;Cepheus-1-108Q;ONLINE;1;0
2026-05-09 19:59:57;Garnet;ONLINE;3;0
2026-05-09 19:59:57;Forte 1;OFFLINE;32;0
2026-05-09 21:00:02;Cepheus-1-108Q;ONLINE;1;0
2026-05-09 21:00:02;Garnet;ONLINE;3;0
2026-05-09 21:00:02;Forte 1;OFFLINE;31;0
2026-05-09 22:00:08;Cepheus-1-108Q;ONLINE;0;0
2026-05-09 22:00:08;Garnet;ONLINE;3;0
2026-05-09 22:00:08;Forte 1;OFFLINE;31;0
2026-05-09 23:00:13;Cepheus-1-108Q;ONLINE;0;0
2026-05-09 23:00:13;Garnet;ONLINE;3;0
2026-05-09 23:00:13;Forte 1;OFFLINE;31;0
2026-05-10 00:00:18;Cepheus-1-108Q;ONLINE;0;0
2026-05-10 00:00:18;Garnet;ONLINE;4;0
2026-05-10 00:00:18;Forte 1;OFFLINE;31;0
2026-05-10 01:00:23;Cepheus-1-108Q;ONLINE;0;0
2026-05-10 01:00:23;Garnet;ONLINE;4;0
2026-05-10 01:00:23;Forte 1;OFFLINE;31;0
2026-05-10 02:00:28;Cepheus-1-108Q;ONLINE;0;0
2026-05-10 02:00:28;Garnet;ONLINE;5;0
2026-05-10 02:00:28;Forte 1;OFFLINE;31;0
2026-05-10 03:00:33;Cepheus-1-108Q;ONLINE;1;0
2026-05-10 03:00:33;Garnet;ONLINE;5;0
2026-05-10 03:00:33;Forte 1;OFFLINE;31;0
2026-05-10 04:00:39;Cepheus-1-108Q;ONLINE;0;0
2026-05-10 04:00:39;Garnet;ONLINE;5;0
2026-05-10 04:00:39;Forte 1;OFFLINE;31;0
2026-05-10 05:00:44;Cepheus-1-108Q;ONLINE;0;0
2026-05-10 05:00:44;Garnet;ONLINE;6;0
2026-05-10 05:00:44;Forte 1;OFFLINE;31;0
2026-05-10 06:00:50;Cepheus-1-108Q;ONLINE;0;0
2026-05-10 06:00:50;Garnet;ONLINE;6;0
2026-05-10 06:00:50;Forte 1;OFFLINE;31;0
2026-05-10 07:00:55;Cepheus-1-108Q;ONLINE;0;0
2026-05-10 07:00:55;Garnet;ONLINE;6;0
2026-05-10 07:00:55;Forte 1;OFFLINE;31;0
2026-05-10 08:01:00;Cepheus-1-108Q;ONLINE;0;0
2026-05-10 08:01:00;Garnet;ONLINE;6;0
2026-05-10 08:01:00;Forte 1;OFFLINE;31;0
2026-05-10 09:01:05;Cepheus-1-108Q;ONLINE;3;0
2026-05-10 09:01:05;Garnet;ONLINE;6;0
2026-05-10 09:01:05;Forte 1;OFFLINE;31;0
2026-05-10 10:01:10;Cepheus-1-108Q;ONLINE;3;0
2026-05-10 10:01:10;Garnet;ONLINE;6;0
2026-05-10 10:01:10;Forte 1;OFFLINE;31;0
2026-05-10 11:01:16;Cepheus-1-108Q;ONLINE;0;0
2026-05-10 11:01:16;Garnet;ONLINE;6;0
2026-05-10 11:01:16;Forte 1;OFFLINE;31;0
2026-05-10 12:01:21;Cepheus-1-108Q;ONLINE;0;0
2026-05-10 12:01:21;Garnet;ONLINE;6;0
2026-05-10 12:01:21;Forte 1;OFFLINE;31;0
2026-05-10 13:01:26;Cepheus-1-108Q;ONLINE;1;0
2026-05-10 13:01:26;Garnet;ONLINE;6;0
2026-05-10 13:01:26;Forte 1;OFFLINE;31;0
2026-05-10 14:01:31;Cepheus-1-108Q;ONLINE;0;0
2026-05-10 14:01:31;Garnet;ONLINE;6;0
2026-05-10 14:01:31;Forte 1;OFFLINE;31;0
2026-05-10 15:01:36;Cepheus-1-108Q;ONLINE;0;0
2026-05-10 15:01:36;Garnet;ONLINE;6;0
2026-05-10 15:01:36;Forte 1;OFFLINE;31;0
2026-05-10 16:01:41;Cepheus-1-108Q;ONLINE;0;0
2026-05-10 16:01:41;Garnet;ONLINE;6;0
2026-05-10 16:01:41;Forte 1;OFFLINE;31;0
2026-05-10 17:01:46;Cepheus-1-108Q;ONLINE;0;0
2026-05-10 17:01:46;Garnet;ONLINE;6;0
2026-05-10 17:01:46;Forte 1;OFFLINE;31;0
2026-05-10 18:01:52;Cepheus-1-108Q;ONLINE;1;0
2026-05-10 18:01:52;Garnet;ONLINE;6;0
2026-05-10 18:01:52;Forte 1;OFFLINE;31;0
2026-05-10 19:01:57;Cepheus-1-108Q;ONLINE;0;0
2026-05-10 19:01:57;Garnet;ONLINE;6;0
2026-05-10 19:01:57;Forte 1;OFFLINE;31;0
2026-05-10 20:02:03;Cepheus-1-108Q;ONLINE;1;0
2026-05-10 20:02:03;Garnet;ONLINE;7;0
2026-05-10 20:02:03;Forte 1;OFFLINE;31;0
2026-05-10 21:02:08;Cepheus-1-108Q;ONLINE;0;0
2026-05-10 21:02:08;Garnet;ONLINE;7;0
2026-05-10 21:02:08;Forte 1;OFFLINE;31;0
2026-05-10 22:02:13;Cepheus-1-108Q;ONLINE;0;0
2026-05-10 22:02:13;Garnet;ONLINE;7;0
2026-05-10 22:02:13;Forte 1;OFFLINE;31;0
2026-05-10 23:02:19;Cepheus-1-108Q;ONLINE;0;0
2026-05-10 23:02:19;Garnet;ONLINE;7;0
2026-05-10 23:02:19;Forte 1;OFFLINE;31;0
2026-05-11 00:02:24;Cepheus-1-108Q;ONLINE;0;0
2026-05-11 00:02:24;Garnet;ONLINE;0;0
2026-05-11 00:02:24;Forte 1;OFFLINE;31;0
2026-05-11 01:02:29;Cepheus-1-108Q;ONLINE;0;0
2026-05-11 01:02:29;Garnet;ONLINE;0;0
2026-05-11 01:02:29;Forte 1;OFFLINE;31;0
2026-05-11 02:02:34;Cepheus-1-108Q;ONLINE;0;0 (1 prioritized hybrid job running)
2026-05-11 02:02:34;Garnet;ONLINE;1;0
2026-05-11 02:02:34;Forte 1;OFFLINE;31;0
2026-05-11 03:02:39;Cepheus-1-108Q;ONLINE;0;0
2026-05-11 03:02:39;Garnet;ONLINE;1;0
2026-05-11 03:02:39;Forte 1;OFFLINE;31;0
2026-05-11 04:02:44;Cepheus-1-108Q;ONLINE;0;0
2026-05-11 04:02:44;Garnet;ONLINE;0;0
2026-05-11 04:02:44;Forte 1;OFFLINE;31;0
2026-05-11 05:02:50;Cepheus-1-108Q;ONLINE;0;0
2026-05-11 05:02:50;Garnet;ONLINE;0;0
2026-05-11 05:02:50;Forte 1;OFFLINE;31;0
2026-05-11 06:02:55;Cepheus-1-108Q;ONLINE;0;0
2026-05-11 06:02:55;Garnet;ONLINE;0;0
2026-05-11 06:02:55;Forte 1;OFFLINE;31;0
2026-05-11 07:03:00;Cepheus-1-108Q;ONLINE;1;0 (1 prioritized hybrid job running)
2026-05-11 07:03:00;Garnet;ONLINE;0;0
2026-05-11 07:03:00;Forte 1;OFFLINE;31;0
2026-05-11 08:03:05;Cepheus-1-108Q;ONLINE;0;0
2026-05-11 08:03:05;Garnet;ONLINE;0;0
2026-05-11 08:03:05;Forte 1;OFFLINE;31;0
2026-05-11 09:03:11;Cepheus-1-108Q;ONLINE;0;0
2026-05-11 09:03:11;Garnet;ONLINE;0;0
2026-05-11 09:03:11;Forte 1;OFFLINE;31;0
2026-05-11 10:03:16;Cepheus-1-108Q;ONLINE;0;0
2026-05-11 10:03:16;Garnet;ONLINE;0;0
2026-05-11 10:03:16;Forte 1;OFFLINE;31;0
2026-05-11 11:03:21;Cepheus-1-108Q;ONLINE;0;0
2026-05-11 11:03:21;Garnet;ONLINE;0;0
2026-05-11 11:03:21;Forte 1;OFFLINE;31;0
2026-05-11 12:03:26;Cepheus-1-108Q;ONLINE;0;0
2026-05-11 12:03:26;Garnet;ONLINE;0;0
2026-05-11 12:03:26;Forte 1;OFFLINE;31;0
2026-05-11 13:03:31;Cepheus-1-108Q;ONLINE;0;0
2026-05-11 13:03:31;Garnet;ONLINE;0;0
2026-05-11 13:03:31;Forte 1;OFFLINE;31;0
2026-05-11 14:03:36;Cepheus-1-108Q;ONLINE;0;0
2026-05-11 14:03:36;Garnet;ONLINE;0;0
2026-05-11 14:03:36;Forte 1;OFFLINE;31;0
2026-05-11 15:03:42;Cepheus-1-108Q;ONLINE;1;0
2026-05-11 15:03:42;Garnet;ONLINE;0;0
2026-05-11 15:03:42;Forte 1;OFFLINE;31;0
2026-05-11 16:03:47;Cepheus-1-108Q;ONLINE;0;0
2026-05-11 16:03:47;Garnet;ONLINE;6;0
2026-05-11 16:03:47;Forte 1;OFFLINE;31;0
2026-05-11 17:03:52;Cepheus-1-108Q;ONLINE;0;0
2026-05-11 17:03:52;Garnet;ONLINE;6;0
2026-05-11 17:03:52;Forte 1;OFFLINE;31;0
2026-05-11 18:03:57;Cepheus-1-108Q;ONLINE;1;0
2026-05-11 18:03:57;Garnet;ONLINE;0;0
2026-05-11 18:03:57;Forte 1;OFFLINE;31;0
2026-05-11 19:04:03;Cepheus-1-108Q;ONLINE;2;0
2026-05-11 19:04:03;Garnet;ONLINE;0;0
2026-05-11 19:04:03;Forte 1;OFFLINE;31;0
2026-05-11 20:04:08;Cepheus-1-108Q;ONLINE;6;0
2026-05-11 20:04:08;Garnet;ONLINE;0;0
2026-05-11 20:04:08;Forte 1;OFFLINE;31;0
2026-05-11 21:04:14;Cepheus-1-108Q;ONLINE;0;0
2026-05-11 21:04:14;Garnet;ONLINE;0;0
2026-05-11 21:04:14;Forte 1;OFFLINE;31;0
2026-05-11 22:04:19;Cepheus-1-108Q;ONLINE;1;0
2026-05-11 22:04:19;Garnet;ONLINE;1;0
2026-05-11 22:04:19;Forte 1;OFFLINE;31;0
2026-05-11 23:04:24;Cepheus-1-108Q;ONLINE;0;0
2026-05-11 23:04:24;Garnet;ONLINE;0;0
2026-05-11 23:04:24;Forte 1;OFFLINE;31;0
2026-05-12 00:04:29;Cepheus-1-108Q;ONLINE;1;0
2026-05-12 00:04:29;Garnet;ONLINE;0;0
2026-05-12 00:04:29;Forte 1;OFFLINE;31;0
2026-05-12 01:04:35;Cepheus-1-108Q;ONLINE;0;0
2026-05-12 01:04:35;Garnet;ONLINE;0;0
2026-05-12 01:04:35;Forte 1;OFFLINE;31;0
2026-05-12 02:04:40;Cepheus-1-108Q;ONLINE;0;0
2026-05-12 02:04:40;Garnet;ONLINE;2;0
2026-05-12 02:04:40;Forte 1;OFFLINE;31;0
2026-05-12 03:04:45;Cepheus-1-108Q;ONLINE;0;0
2026-05-12 03:04:45;Garnet;ONLINE;2;0
2026-05-12 03:04:45;Forte 1;OFFLINE;31;0
2026-05-12 04:04:50;Cepheus-1-108Q;ONLINE;0;0
2026-05-12 04:04:50;Garnet;ONLINE;0;0
2026-05-12 04:04:50;Forte 1;OFFLINE;31;0
2026-05-12 05:04:56;Cepheus-1-108Q;ONLINE;1;0
2026-05-12 05:04:56;Garnet;ONLINE;0;0
2026-05-12 05:04:56;Forte 1;OFFLINE;31;0
2026-05-12 06:05:01;Cepheus-1-108Q;ONLINE;0;0
2026-05-12 06:05:01;Garnet;ONLINE;0;0
2026-05-12 06:05:01;Forte 1;OFFLINE;31;0
2026-05-12 07:05:06;Cepheus-1-108Q;ONLINE;2;0
2026-05-12 07:05:06;Garnet;ONLINE;0;0
2026-05-12 07:05:06;Forte 1;OFFLINE;31;0
2026-05-12 08:05:12;Cepheus-1-108Q;ONLINE;4;0
2026-05-12 08:05:12;Garnet;ONLINE;0;0
2026-05-12 08:05:12;Forte 1;OFFLINE;31;0
2026-05-12 09:05:17;Cepheus-1-108Q;ONLINE;1;0
2026-05-12 09:05:17;Garnet;ONLINE;0;0
2026-05-12 09:05:17;Forte 1;OFFLINE;31;0
2026-05-12 10:05:22;Cepheus-1-108Q;ONLINE;0;0
2026-05-12 10:05:22;Garnet;ONLINE;0;0
2026-05-12 10:05:22;Forte 1;OFFLINE;31;0
2026-05-12 11:05:28;Cepheus-1-108Q;ONLINE;8;0
2026-05-12 11:05:28;Garnet;ONLINE;6;0
2026-05-12 11:05:28;Forte 1;OFFLINE;31;0
2026-05-12 12:05:33;Cepheus-1-108Q;ONLINE;1;0
2026-05-12 12:05:33;Garnet;ONLINE;0;0
2026-05-12 12:05:33;Forte 1;OFFLINE;31;0
2026-05-12 13:05:38;Cepheus-1-108Q;ONLINE;1;0
2026-05-12 13:05:38;Garnet;ONLINE;0;0
2026-05-12 13:05:38;Forte 1;OFFLINE;31;0
2026-05-12 14:05:43;Cepheus-1-108Q;ONLINE;1;0
2026-05-12 14:05:43;Garnet;ONLINE;0;0
2026-05-12 14:05:43;Forte 1;OFFLINE;31;0
2026-05-12 15:05:49;Cepheus-1-108Q;ONLINE;1;0
2026-05-12 15:05:49;Garnet;ONLINE;1;0
2026-05-12 15:05:49;Forte 1;OFFLINE;31;0
2026-05-12 16:05:54;Cepheus-1-108Q;ONLINE;10;0
2026-05-12 16:05:54;Garnet;ONLINE;16;0
2026-05-12 16:05:54;Forte 1;OFFLINE;31;0
2026-05-12 17:05:59;Cepheus-1-108Q;ONLINE;4;0
2026-05-12 17:05:59;Garnet;ONLINE;20;0
2026-05-12 17:05:59;Forte 1;OFFLINE;31;0
2026-05-12 18:06:05;Cepheus-1-108Q;ONLINE;3;0
2026-05-12 18:06:05;Garnet;ONLINE;0;0
2026-05-12 18:06:05;Forte 1;OFFLINE;31;0
2026-05-12 19:06:10;Cepheus-1-108Q;ONLINE;2;0
2026-05-12 19:06:10;Garnet;ONLINE;0;0
2026-05-12 19:06:10;Forte 1;OFFLINE;31;0
2026-05-12 20:06:15;Cepheus-1-108Q;ONLINE;4;0
2026-05-12 20:06:15;Garnet;ONLINE;0;0
2026-05-12 20:06:15;Forte 1;OFFLINE;31;0
2026-05-12 21:06:21;Cepheus-1-108Q;ONLINE;0;0
2026-05-12 21:06:21;Garnet;ONLINE;1;0
2026-05-12 21:06:21;Forte 1;OFFLINE;31;0
2026-05-12 22:06:26;Cepheus-1-108Q;ONLINE;6;0
2026-05-12 22:06:26;Garnet;ONLINE;0;0
2026-05-12 22:06:26;Forte 1;OFFLINE;31;0
2026-05-12 23:06:31;Cepheus-1-108Q;ONLINE;6;0
2026-05-12 23:06:31;Garnet;ONLINE;0;0
2026-05-12 23:06:31;Forte 1;OFFLINE;31;0
2026-05-13 00:06:36;Cepheus-1-108Q;ONLINE;4;0
2026-05-13 00:06:36;Garnet;ONLINE;0;0
2026-05-13 00:06:36;Forte 1;OFFLINE;31;0
2026-05-13 01:06:42;Cepheus-1-108Q;ONLINE;0;0
2026-05-13 01:06:42;Garnet;ONLINE;0;0
2026-05-13 01:06:42;Forte 1;OFFLINE;31;0
2026-05-13 02:06:47;Cepheus-1-108Q;ONLINE;1;0
2026-05-13 02:06:47;Garnet;ONLINE;0;0
2026-05-13 02:06:47;Forte 1;OFFLINE;31;0
2026-05-13 03:06:52;Cepheus-1-108Q;ONLINE;1;0
2026-05-13 03:06:52;Garnet;ONLINE;0;0
2026-05-13 03:06:52;Forte 1;OFFLINE;31;0
2026-05-13 04:06:58;Cepheus-1-108Q;ONLINE;0;0
2026-05-13 04:06:58;Garnet;ONLINE;0;0
2026-05-13 04:06:58;Forte 1;OFFLINE;31;0
2026-05-13 05:07:02;Cepheus-1-108Q;ONLINE;0;0
2026-05-13 05:07:02;Garnet;ONLINE;0;0
2026-05-13 05:07:02;Forte 1;OFFLINE;31;0
2026-05-13 06:07:07;Cepheus-1-108Q;ONLINE;0;0
2026-05-13 06:07:07;Garnet;ONLINE;0;0
2026-05-13 06:07:07;Forte 1;OFFLINE;31;0
2026-05-13 07:07:13;Cepheus-1-108Q;ONLINE;0;0
2026-05-13 07:07:13;Garnet;ONLINE;0;0
2026-05-13 07:07:13;Forte 1;OFFLINE;31;0
2026-05-13 08:07:18;Cepheus-1-108Q;ONLINE;4;0
2026-05-13 08:07:18;Garnet;ONLINE;0;0
2026-05-13 08:07:18;Forte 1;OFFLINE;31;0
2026-05-13 09:07:23;Cepheus-1-108Q;ONLINE;4;0
2026-05-13 09:07:23;Garnet;ONLINE;0;0
2026-05-13 09:07:23;Forte 1;OFFLINE;31;0
2026-05-13 10:07:29;Cepheus-1-108Q;ONLINE;0;0
2026-05-13 10:07:29;Garnet;ONLINE;1;0
2026-05-13 10:07:29;Forte 1;OFFLINE;31;0
2026-05-13 11:07:34;Cepheus-1-108Q;ONLINE;0;0
2026-05-13 11:07:34;Garnet;ONLINE;1;0
2026-05-13 11:07:34;Forte 1;OFFLINE;31;0
2026-05-13 12:07:40;Cepheus-1-108Q;ONLINE;0;0
2026-05-13 12:07:40;Garnet;ONLINE;1;0
2026-05-13 12:07:40;Forte 1;OFFLINE;31;0
2026-05-13 13:07:45;Cepheus-1-108Q;ONLINE;0;0
2026-05-13 13:07:45;Garnet;ONLINE;1;0
2026-05-13 13:07:45;Forte 1;OFFLINE;31;0
2026-05-13 14:07:50;Cepheus-1-108Q;ONLINE;1;0
2026-05-13 14:07:50;Garnet;ONLINE;0;0
2026-05-13 14:07:50;Forte 1;OFFLINE;31;0
2026-05-13 15:07:55;Cepheus-1-108Q;ONLINE;0;0
2026-05-13 15:07:55;Garnet;ONLINE;0;0
2026-05-13 15:07:55;Forte 1;OFFLINE;31;0
2026-05-13 16:08:00;Cepheus-1-108Q;ONLINE;10;0
2026-05-13 16:08:00;Garnet;ONLINE;6;0
2026-05-13 16:08:00;Forte 1;OFFLINE;31;0
2026-05-13 17:08:06;Cepheus-1-108Q;ONLINE;10;0
2026-05-13 17:08:06;Garnet;ONLINE;6;0
2026-05-13 17:08:06;Forte 1;OFFLINE;31;0
2026-05-13 18:08:11;Cepheus-1-108Q;ONLINE;10;0
2026-05-13 18:08:11;Garnet;ONLINE;0;0
2026-05-13 18:08:11;Forte 1;OFFLINE;31;0
2026-05-13 19:08:16;Cepheus-1-108Q;OFFLINE;3;0
2026-05-13 19:08:16;Garnet;ONLINE;0;0
2026-05-13 19:08:16;Forte 1;OFFLINE;31;0
2026-05-13 20:08:22;Cepheus-1-108Q;ONLINE;4;0
2026-05-13 20:08:22;Garnet;ONLINE;1;0
2026-05-13 20:08:22;Forte 1;OFFLINE;31;0
2026-05-13 21:08:27;Cepheus-1-108Q;ONLINE;4;0
2026-05-13 21:08:27;Garnet;ONLINE;0;0
2026-05-13 21:08:27;Forte 1;OFFLINE;31;0
2026-05-13 22:08:33;Cepheus-1-108Q;ONLINE;3;0
2026-05-13 22:08:33;Garnet;ONLINE;1;0
2026-05-13 22:08:33;Forte 1;OFFLINE;31;0
2026-05-13 23:08:38;Cepheus-1-108Q;ONLINE;0;0
2026-05-13 23:08:38;Garnet;ONLINE;0;0
2026-05-13 23:08:38;Forte 1;OFFLINE;31;0
2026-05-14 00:08:44;Cepheus-1-108Q;ONLINE;1;0
2026-05-14 00:08:44;Garnet;ONLINE;0;0
2026-05-14 00:08:44;Forte 1;OFFLINE;31;0
2026-05-14 01:08:49;Cepheus-1-108Q;ONLINE;1;0
2026-05-14 01:08:49;Garnet;ONLINE;0;0
2026-05-14 01:08:49;Forte 1;OFFLINE;31;0
2026-05-14 02:08:54;Cepheus-1-108Q;ONLINE;1;0
2026-05-14 02:08:54;Garnet;ONLINE;1;0
2026-05-14 02:08:54;Forte 1;OFFLINE;31;0
2026-05-14 03:08:59;Cepheus-1-108Q;ONLINE;0;0
2026-05-14 03:08:59;Garnet;ONLINE;1;0
2026-05-14 03:08:59;Forte 1;OFFLINE;31;0
2026-05-14 04:09:05;Cepheus-1-108Q;ONLINE;0;0
2026-05-14 04:09:05;Garnet;ONLINE;0;0
2026-05-14 04:09:05;Forte 1;OFFLINE;31;0
2026-05-14 05:09:10;Cepheus-1-108Q;ONLINE;0;0
2026-05-14 05:09:10;Garnet;ONLINE;0;0
2026-05-14 05:09:10;Forte 1;OFFLINE;31;0
2026-05-14 06:09:15;Cepheus-1-108Q;ONLINE;0;0
2026-05-14 06:09:15;Garnet;ONLINE;0;0
2026-05-14 06:09:15;Forte 1;OFFLINE;31;0
2026-05-14 07:09:20;Cepheus-1-108Q;ONLINE;1;0
2026-05-14 07:09:20;Garnet;ONLINE;0;0
2026-05-14 07:09:20;Forte 1;OFFLINE;31;0
2026-05-14 08:09:26;Cepheus-1-108Q;ONLINE;6;0
2026-05-14 08:09:26;Garnet;ONLINE;0;0
2026-05-14 08:09:26;Forte 1;OFFLINE;31;0
2026-05-14 09:09:31;Cepheus-1-108Q;ONLINE;0;0
2026-05-14 09:09:31;Garnet;ONLINE;0;0
2026-05-14 09:09:31;Forte 1;OFFLINE;31;0
2026-05-14 10:09:36;Cepheus-1-108Q;ONLINE;1;0
2026-05-14 10:09:36;Garnet;ONLINE;0;0
2026-05-14 10:09:36;Forte 1;OFFLINE;31;0
2026-05-14 11:09:40;Cepheus-1-108Q;ONLINE;1;0
2026-05-14 11:09:40;Garnet;ONLINE;0;0
2026-05-14 11:09:40;Forte 1;OFFLINE;31;0
2026-05-14 12:09:46;Cepheus-1-108Q;ONLINE;2;0
2026-05-14 12:09:46;Garnet;ONLINE;0;0
2026-05-14 12:09:46;Forte 1;OFFLINE;31;0
2026-05-14 13:09:51;Cepheus-1-108Q;ONLINE;0;0
2026-05-14 13:09:51;Garnet;ONLINE;0;0
2026-05-14 13:09:51;Forte 1;OFFLINE;31;0
2026-05-14 14:09:56;Cepheus-1-108Q;ONLINE;1;0
2026-05-14 14:09:56;Garnet;ONLINE;1;0
2026-05-14 14:09:56;Forte 1;OFFLINE;31;0
2026-05-14 15:10:01;Cepheus-1-108Q;ONLINE;0;0
2026-05-14 15:10:01;Garnet;ONLINE;1;0
2026-05-14 15:10:01;Forte 1;OFFLINE;31;0
2026-05-14 16:10:06;Cepheus-1-108Q;ONLINE;0;0
2026-05-14 16:10:06;Garnet;ONLINE;7;0
2026-05-14 16:10:06;Forte 1;OFFLINE;31;0
2026-05-14 17:10:12;Cepheus-1-108Q;ONLINE;0;0
2026-05-14 17:10:12;Garnet;ONLINE;8;0
2026-05-14 17:10:12;Forte 1;OFFLINE;31;0
2026-05-14 18:10:18;Cepheus-1-108Q;ONLINE;0;0
2026-05-14 18:10:18;Garnet;ONLINE;0;0
2026-05-14 18:10:18;Forte 1;OFFLINE;31;0
2026-05-14 19:10:23;Cepheus-1-108Q;ONLINE;24;0
2026-05-14 19:10:23;Garnet;ONLINE;0;0
2026-05-14 19:10:23;Forte 1;OFFLINE;31;0
2026-05-14 20:10:28;Cepheus-1-108Q;ONLINE;24;0
2026-05-14 20:10:28;Garnet;ONLINE;0;0
2026-05-14 20:10:28;Forte 1;OFFLINE;31;0
2026-05-14 21:10:34;Cepheus-1-108Q;ONLINE;0;0
2026-05-14 21:10:34;Garnet;ONLINE;0;0
2026-05-14 21:10:34;Forte 1;OFFLINE;31;0
2026-05-14 22:10:39;Cepheus-1-108Q;ONLINE;0;0
2026-05-14 22:10:39;Garnet;ONLINE;0;0
2026-05-14 22:10:39;Forte 1;OFFLINE;31;0
2026-05-14 23:10:44;Cepheus-1-108Q;ONLINE;1;0
2026-05-14 23:10:44;Garnet;ONLINE;0;0
2026-05-14 23:10:44;Forte 1;OFFLINE;31;0
2026-05-15 00:10:49;Cepheus-1-108Q;ONLINE;0;0
2026-05-15 00:10:49;Garnet;ONLINE;0;0
2026-05-15 00:10:49;Forte 1;OFFLINE;31;0
2026-05-15 01:10:55;Cepheus-1-108Q;ONLINE;0;0
2026-05-15 01:10:55;Garnet;ONLINE;0;0
2026-05-15 01:10:55;Forte 1;OFFLINE;31;0
2026-05-15 02:11:00;Cepheus-1-108Q;ONLINE;1;0
2026-05-15 02:11:00;Garnet;ONLINE;0;0
2026-05-15 02:11:00;Forte 1;OFFLINE;31;0
2026-05-15 03:11:06;Cepheus-1-108Q;ONLINE;1;0
2026-05-15 03:11:06;Garnet;ONLINE;0;0
2026-05-15 03:11:06;Forte 1;OFFLINE;31;0
2026-05-15 04:11:11;Cepheus-1-108Q;ONLINE;1;0
2026-05-15 04:11:11;Garnet;ONLINE;0;0
2026-05-15 04:11:11;Forte 1;OFFLINE;31;0
2026-05-15 05:11:16;Cepheus-1-108Q;ONLINE;1;0
2026-05-15 05:11:16;Garnet;ONLINE;0;0
2026-05-15 05:11:16;Forte 1;OFFLINE;31;0
2026-05-15 06:11:22;Cepheus-1-108Q;ONLINE;0;0
2026-05-15 06:11:22;Garnet;ONLINE;0;0
2026-05-15 06:11:22;Forte 1;OFFLINE;31;0
2026-05-15 07:11:28;Cepheus-1-108Q;ONLINE;1;0
2026-05-15 07:11:28;Garnet;ONLINE;0;0
2026-05-15 07:11:28;Forte 1;OFFLINE;31;0
2026-05-15 08:11:33;Cepheus-1-108Q;ONLINE;1;0
2026-05-15 08:11:33;Garnet;ONLINE;0;0
2026-05-15 08:11:33;Forte 1;OFFLINE;31;0
2026-05-15 09:11:39;Cepheus-1-108Q;ONLINE;1;0
2026-05-15 09:11:39;Garnet;ONLINE;0;0
2026-05-15 09:11:39;Forte 1;OFFLINE;31;0
2026-05-15 10:11:44;Cepheus-1-108Q;ONLINE;0;0
2026-05-15 10:11:44;Garnet;ONLINE;1;0
2026-05-15 10:11:44;Forte 1;OFFLINE;31;0
2026-05-15 11:11:49;Cepheus-1-108Q;ONLINE;0;0
2026-05-15 11:11:49;Garnet;ONLINE;5;0
2026-05-15 11:11:49;Forte 1;OFFLINE;31;0
2026-05-15 12:11:54;Cepheus-1-108Q;ONLINE;1;0
2026-05-15 12:11:54;Garnet;ONLINE;1;0
2026-05-15 12:11:54;Forte 1;OFFLINE;31;0
2026-05-15 13:11:59;Cepheus-1-108Q;ONLINE;0;0
2026-05-15 13:11:59;Garnet;ONLINE;0;0
2026-05-15 13:11:59;Forte 1;OFFLINE;31;0
2026-05-15 14:12:05;Cepheus-1-108Q;ONLINE;0;0
2026-05-15 14:12:05;Garnet;ONLINE;0;0
2026-05-15 14:12:05;Forte 1;OFFLINE;31;0
2026-05-15 15:12:10;Cepheus-1-108Q;ONLINE;0;0
2026-05-15 15:12:10;Garnet;ONLINE;0;0
2026-05-15 15:12:10;Forte 1;OFFLINE;31;0
2026-05-15 16:12:16;Cepheus-1-108Q;ONLINE;0;0
2026-05-15 16:12:16;Garnet;ONLINE;7;0
2026-05-15 16:12:16;Forte 1;OFFLINE;31;0
2026-05-15 17:12:21;Cepheus-1-108Q;ONLINE;1;0
2026-05-15 17:12:21;Garnet;ONLINE;8;0
2026-05-15 17:12:21;Forte 1;OFFLINE;31;0
2026-05-15 18:12:26;Cepheus-1-108Q;ONLINE;0;0
2026-05-15 18:12:26;Garnet;ONLINE;0;0
2026-05-15 18:12:26;Forte 1;OFFLINE;31;0
2026-05-15 19:12:31;Cepheus-1-108Q;ONLINE;0;0
2026-05-15 19:12:31;Garnet;ONLINE;0;0
2026-05-15 19:12:31;Forte 1;OFFLINE;31;0
2026-05-15 20:12:37;Cepheus-1-108Q;ONLINE;1;0
2026-05-15 20:12:37;Garnet;ONLINE;0;0
2026-05-15 20:12:37;Forte 1;OFFLINE;31;0
2026-05-15 21:12:42;Cepheus-1-108Q;ONLINE;0;0
2026-05-15 21:12:42;Garnet;ONLINE;0;0
2026-05-15 21:12:42;Forte 1;OFFLINE;31;0
2026-05-15 22:12:47;Cepheus-1-108Q;ONLINE;0;0
2026-05-15 22:12:47;Garnet;ONLINE;0;0
2026-05-15 22:12:47;Forte 1;OFFLINE;31;0
2026-05-15 23:12:53;Cepheus-1-108Q;ONLINE;0;0
2026-05-15 23:12:53;Garnet;ONLINE;0;0
2026-05-15 23:12:53;Forte 1;OFFLINE;31;0
2026-05-16 00:12:58;Cepheus-1-108Q;ONLINE;0;0
2026-05-16 00:12:58;Garnet;ONLINE;0;0
2026-05-16 00:12:58;Forte 1;OFFLINE;31;0
2026-05-16 01:13:04;Cepheus-1-108Q;ONLINE;0;0
2026-05-16 01:13:04;Garnet;ONLINE;1;0
2026-05-16 01:13:04;Forte 1;OFFLINE;31;0
2026-05-16 02:13:09;Cepheus-1-108Q;ONLINE;0;0
2026-05-16 02:13:09;Garnet;ONLINE;1;0
2026-05-16 02:13:09;Forte 1;OFFLINE;31;0
2026-05-16 03:13:14;Cepheus-1-108Q;ONLINE;0;0
2026-05-16 03:13:14;Garnet;ONLINE;1;0
2026-05-16 03:13:14;Forte 1;OFFLINE;31;0
2026-05-16 04:13:20;Cepheus-1-108Q;ONLINE;0;0
2026-05-16 04:13:20;Garnet;ONLINE;1;0
2026-05-16 04:13:20;Forte 1;OFFLINE;31;0
2026-05-16 05:13:24;Cepheus-1-108Q;ONLINE;0;0
2026-05-16 05:13:24;Garnet;ONLINE;1;0
2026-05-16 05:13:24;Forte 1;OFFLINE;31;0
2026-05-16 06:13:30;Cepheus-1-108Q;ONLINE;0;0
2026-05-16 06:13:30;Garnet;ONLINE;1;0
2026-05-16 06:13:30;Forte 1;OFFLINE;31;0
2026-05-16 07:13:34;Cepheus-1-108Q;ONLINE;0;0
2026-05-16 07:13:34;Garnet;ONLINE;2;0
2026-05-16 07:13:34;Forte 1;OFFLINE;31;0
2026-05-16 08:13:39;Cepheus-1-108Q;ONLINE;2;0
2026-05-16 08:13:39;Garnet;ONLINE;2;0
2026-05-16 08:13:39;Forte 1;OFFLINE;31;0
2026-05-16 09:13:45;Cepheus-1-108Q;ONLINE;1;0
2026-05-16 09:13:45;Garnet;ONLINE;2;0
2026-05-16 09:13:45;Forte 1;OFFLINE;31;0
2026-05-16 10:13:50;Cepheus-1-108Q;ONLINE;0;0
2026-05-16 10:13:50;Garnet;ONLINE;3;0
2026-05-16 10:13:50;Forte 1;OFFLINE;31;0
2026-05-16 11:13:56;Cepheus-1-108Q;ONLINE;0;0
2026-05-16 11:13:56;Garnet;ONLINE;3;0
2026-05-16 11:13:56;Forte 1;OFFLINE;31;0
2026-05-16 12:14:01;Cepheus-1-108Q;ONLINE;0;0
2026-05-16 12:14:01;Garnet;ONLINE;4;0
2026-05-16 12:14:01;Forte 1;OFFLINE;31;0
2026-05-16 13:14:07;Cepheus-1-108Q;ONLINE;0;0
2026-05-16 13:14:07;Garnet;ONLINE;4;0
2026-05-16 13:14:07;Forte 1;OFFLINE;31;0
2026-05-16 14:14:12;Cepheus-1-108Q;ONLINE;2;0
2026-05-16 14:14:12;Garnet;ONLINE;6;0
2026-05-16 14:14:12;Forte 1;OFFLINE;31;0
2026-05-16 15:14:17;Cepheus-1-108Q;ONLINE;1;0
2026-05-16 15:14:17;Garnet;ONLINE;7;0
2026-05-16 15:14:17;Forte 1;OFFLINE;31;0
2026-05-16 16:14:22;Cepheus-1-108Q;ONLINE;0;0
2026-05-16 16:14:22;Garnet;ONLINE;7;0
2026-05-16 16:14:22;Forte 1;OFFLINE;31;0
2026-05-16 17:14:27;Cepheus-1-108Q;ONLINE;0;0
2026-05-16 17:14:27;Garnet;ONLINE;9;0
2026-05-16 17:14:27;Forte 1;OFFLINE;31;0
2026-05-16 18:14:32;Cepheus-1-108Q;ONLINE;1;0
2026-05-16 18:14:32;Garnet;ONLINE;9;0
2026-05-16 18:14:32;Forte 1;OFFLINE;31;0
2026-05-16 19:14:37;Cepheus-1-108Q;ONLINE;1;0
2026-05-16 19:14:37;Garnet;ONLINE;9;0
2026-05-16 19:14:37;Forte 1;OFFLINE;31;0
2026-05-16 20:14:42;Cepheus-1-108Q;ONLINE;1;0
2026-05-16 20:14:42;Garnet;ONLINE;11;0
2026-05-16 20:14:42;Forte 1;OFFLINE;31;0
2026-05-16 21:14:48;Cepheus-1-108Q;ONLINE;0;0
2026-05-16 21:14:48;Garnet;ONLINE;12;0
2026-05-16 21:14:48;Forte 1;OFFLINE;31;0
2026-05-16 22:14:53;Cepheus-1-108Q;ONLINE;0;0
2026-05-16 22:14:53;Garnet;ONLINE;13;0
2026-05-16 22:14:53;Forte 1;OFFLINE;31;0
2026-05-16 23:14:58;Cepheus-1-108Q;ONLINE;0;0
2026-05-16 23:14:58;Garnet;ONLINE;13;0
2026-05-16 23:14:58;Forte 1;OFFLINE;31;0
2026-05-17 00:15:03;Cepheus-1-108Q;ONLINE;0;0
2026-05-17 00:15:03;Garnet;ONLINE;14;0
2026-05-17 00:15:03;Forte 1;OFFLINE;31;0
2026-05-17 01:15:09;Cepheus-1-108Q;ONLINE;0;0
2026-05-17 01:15:09;Garnet;ONLINE;14;0
2026-05-17 01:15:09;Forte 1;OFFLINE;31;0
2026-05-17 02:15:15;Cepheus-1-108Q;ONLINE;0;0
2026-05-17 02:15:15;Garnet;ONLINE;14;0
2026-05-17 02:15:15;Forte 1;OFFLINE;31;0
2026-05-17 03:15:20;Cepheus-1-108Q;ONLINE;0;0
2026-05-17 03:15:20;Garnet;ONLINE;14;0
2026-05-17 03:15:20;Forte 1;OFFLINE;31;0
2026-05-17 04:15:25;Cepheus-1-108Q;ONLINE;0;0
2026-05-17 04:15:25;Garnet;ONLINE;14;0
2026-05-17 04:15:25;Forte 1;OFFLINE;31;0
2026-05-17 05:15:30;Cepheus-1-108Q;ONLINE;0;0
2026-05-17 05:15:30;Garnet;ONLINE;14;0
2026-05-17 05:15:30;Forte 1;OFFLINE;31;0
2026-05-17 06:15:35;Cepheus-1-108Q;ONLINE;0;0
2026-05-17 06:15:35;Garnet;ONLINE;14;0
2026-05-17 06:15:35;Forte 1;OFFLINE;31;0
2026-05-17 07:15:41;Cepheus-1-108Q;ONLINE;0;0
2026-05-17 07:15:41;Garnet;ONLINE;14;0
2026-05-17 07:15:41;Forte 1;OFFLINE;31;0
2026-05-17 08:15:46;Cepheus-1-108Q;ONLINE;0;0
2026-05-17 08:15:46;Garnet;ONLINE;14;0
2026-05-17 08:15:46;Forte 1;OFFLINE;31;0
2026-05-17 09:15:51;Cepheus-1-108Q;ONLINE;0;0
2026-05-17 09:15:51;Garnet;ONLINE;16;0
2026-05-17 09:15:51;Forte 1;OFFLINE;31;0
2026-05-17 10:15:56;Cepheus-1-108Q;ONLINE;0;0
2026-05-17 10:15:56;Garnet;ONLINE;16;0
2026-05-17 10:15:56;Forte 1;OFFLINE;31;0
2026-05-17 11:16:02;Cepheus-1-108Q;ONLINE;1;0
2026-05-17 11:16:02;Garnet;ONLINE;16;0
2026-05-17 11:16:02;Forte 1;OFFLINE;31;0
2026-05-17 12:16:07;Cepheus-1-108Q;ONLINE;1;0
2026-05-17 12:16:07;Garnet;ONLINE;16;0
2026-05-17 12:16:07;Forte 1;OFFLINE;31;0
2026-05-17 13:16:12;Cepheus-1-108Q;ONLINE;0;0
2026-05-17 13:16:12;Garnet;ONLINE;16;0
2026-05-17 13:16:12;Forte 1;OFFLINE;31;0
2026-05-17 14:16:17;Cepheus-1-108Q;ONLINE;1;0
2026-05-17 14:16:17;Garnet;ONLINE;16;0
2026-05-17 14:16:17;Forte 1;OFFLINE;31;0
2026-05-17 15:16:22;Cepheus-1-108Q;ONLINE;0;0
2026-05-17 15:16:22;Garnet;ONLINE;16;0
2026-05-17 15:16:22;Forte 1;OFFLINE;31;0
2026-05-17 16:16:28;Cepheus-1-108Q;ONLINE;0;0
2026-05-17 16:16:28;Garnet;ONLINE;17;0
2026-05-17 16:16:28;Forte 1;OFFLINE;31;0
2026-05-17 17:16:33;Cepheus-1-108Q;ONLINE;0;0
2026-05-17 17:16:33;Garnet;ONLINE;17;0
2026-05-17 17:16:33;Forte 1;OFFLINE;31;0
2026-05-17 18:16:38;Cepheus-1-108Q;ONLINE;0;0
2026-05-17 18:16:38;Garnet;ONLINE;17;0
2026-05-17 18:16:38;Forte 1;OFFLINE;31;0
2026-05-17 19:16:43;Cepheus-1-108Q;ONLINE;0;0
2026-05-17 19:16:43;Garnet;ONLINE;18;0
2026-05-17 19:16:43;Forte 1;OFFLINE;31;0
2026-05-17 20:16:49;Cepheus-1-108Q;ONLINE;2;0
2026-05-17 20:16:49;Garnet;ONLINE;19;0
2026-05-17 20:16:49;Forte 1;OFFLINE;31;0
2026-05-17 21:16:54;Cepheus-1-108Q;ONLINE;0;0
2026-05-17 21:16:54;Garnet;ONLINE;19;0
2026-05-17 21:16:54;Forte 1;OFFLINE;31;0
2026-05-17 22:16:59;Cepheus-1-108Q;ONLINE;0;0
2026-05-17 22:16:59;Garnet;ONLINE;21;0
2026-05-17 22:16:59;Forte 1;OFFLINE;31;0
2026-05-17 23:17:04;Cepheus-1-108Q;ONLINE;0;0
2026-05-17 23:17:04;Garnet;ONLINE;23;0
2026-05-17 23:17:04;Forte 1;OFFLINE;31;0
2026-05-18 00:17:10;Cepheus-1-108Q;ONLINE;0;0
2026-05-18 00:17:10;Garnet;ONLINE;0;0
2026-05-18 00:17:10;Forte 1;OFFLINE;31;0
2026-05-18 01:17:16;Cepheus-1-108Q;ONLINE;0;0
2026-05-18 01:17:16;Garnet;ONLINE;0;0
2026-05-18 01:17:16;Forte 1;OFFLINE;31;0
2026-05-18 02:17:22;Cepheus-1-108Q;ONLINE;0;0
2026-05-18 02:17:22;Garnet;ONLINE;2;0
2026-05-18 02:17:22;Forte 1;OFFLINE;31;0
2026-05-18 03:17:27;Cepheus-1-108Q;ONLINE;0;0
2026-05-18 03:17:27;Garnet;ONLINE;1;0
2026-05-18 03:17:27;Forte 1;OFFLINE;31;0
2026-05-18 04:17:32;Cepheus-1-108Q;ONLINE;0;0
2026-05-18 04:17:32;Garnet;ONLINE;0;0
2026-05-18 04:17:32;Forte 1;OFFLINE;31;0
2026-05-18 05:17:37;Cepheus-1-108Q;ONLINE;0;0
2026-05-18 05:17:37;Garnet;ONLINE;0;0
2026-05-18 05:17:37;Forte 1;OFFLINE;31;0
2026-05-18 06:17:42;Cepheus-1-108Q;ONLINE;0;0
2026-05-18 06:17:42;Garnet;ONLINE;0;0
2026-05-18 06:17:42;Forte 1;OFFLINE;31;0
2026-05-18 07:17:47;Cepheus-1-108Q;ONLINE;1;0
2026-05-18 07:17:47;Garnet;ONLINE;1;0
2026-05-18 07:17:47;Forte 1;OFFLINE;31;0
2026-05-18 08:17:53;Cepheus-1-108Q;ONLINE;2;0
2026-05-18 08:17:53;Garnet;ONLINE;1;0
2026-05-18 08:17:53;Forte 1;OFFLINE;31;0
2026-05-18 09:17:59;Cepheus-1-108Q;ONLINE;0;0
2026-05-18 09:17:59;Garnet;ONLINE;0;0
2026-05-18 09:17:59;Forte 1;OFFLINE;31;0
2026-05-18 10:18:04;Cepheus-1-108Q;ONLINE;0;0
2026-05-18 10:18:04;Garnet;ONLINE;0;0
2026-05-18 10:18:04;Forte 1;OFFLINE;31;0
2026-05-18 11:18:10;Cepheus-1-108Q;ONLINE;0;0
2026-05-18 11:18:10;Garnet;ONLINE;1;0
2026-05-18 11:18:10;Forte 1;OFFLINE;31;0
2026-05-18 12:18:15;Cepheus-1-108Q;ONLINE;0;0
2026-05-18 12:18:15;Garnet;ONLINE;1;0
2026-05-18 12:18:15;Forte 1;OFFLINE;31;0
2026-05-18 13:18:20;Cepheus-1-108Q;ONLINE;0;0
2026-05-18 13:18:20;Garnet;ONLINE;0;0
2026-05-18 13:18:20;Forte 1;OFFLINE;31;0
2026-05-18 14:18:26;Cepheus-1-108Q;ONLINE;0;0
2026-05-18 14:18:26;Garnet;ONLINE;0;0
2026-05-18 14:18:26;Forte 1;OFFLINE;31;0
2026-05-18 15:18:31;Cepheus-1-108Q;ONLINE;1;0
2026-05-18 15:18:31;Garnet;ONLINE;0;0
2026-05-18 15:18:31;Forte 1;OFFLINE;31;0
2026-05-18 16:18:36;Cepheus-1-108Q;ONLINE;0;0
2026-05-18 16:18:36;Garnet;ONLINE;7;0
2026-05-18 16:18:36;Forte 1;OFFLINE;31;0
2026-05-18 17:18:42;Cepheus-1-108Q;ONLINE;0;0
2026-05-18 17:18:42;Garnet;ONLINE;0;0
2026-05-18 17:18:42;Forte 1;OFFLINE;31;0
2026-05-18 18:18:47;Cepheus-1-108Q;ONLINE;0;0
2026-05-18 18:18:47;Garnet;ONLINE;0;0
2026-05-18 18:18:47;Forte 1;OFFLINE;31;0
2026-05-18 19:18:52;Cepheus-1-108Q;ONLINE;0;0
2026-05-18 19:18:52;Garnet;ONLINE;0;0
2026-05-18 19:18:52;Forte 1;OFFLINE;31;0
2026-05-18 20:18:57;Cepheus-1-108Q;ONLINE;0;0
2026-05-18 20:18:57;Garnet;ONLINE;0;0
2026-05-18 20:18:57;Forte 1;OFFLINE;31;0
2026-05-18 21:19:03;Cepheus-1-108Q;ONLINE;0;0
2026-05-18 21:19:03;Garnet;ONLINE;1;0
2026-05-18 21:19:03;Forte 1;OFFLINE;31;0
2026-05-18 22:19:08;Cepheus-1-108Q;ONLINE;0;0
2026-05-18 22:19:08;Garnet;ONLINE;4;0
2026-05-18 22:19:08;Forte 1;OFFLINE;31;0
2026-05-18 23:19:13;Cepheus-1-108Q;ONLINE;0;0
2026-05-18 23:19:13;Garnet;ONLINE;1;0
2026-05-18 23:19:13;Forte 1;OFFLINE;31;0
2026-05-19 00:19:19;Cepheus-1-108Q;ONLINE;0;0
2026-05-19 00:19:19;Garnet;ONLINE;1;0
2026-05-19 00:19:19;Forte 1;OFFLINE;31;0
2026-05-19 01:19:24;Cepheus-1-108Q;ONLINE;0;0
2026-05-19 01:19:24;Garnet;ONLINE;0;0
2026-05-19 01:19:24;Forte 1;OFFLINE;31;0
2026-05-19 02:19:29;Cepheus-1-108Q;ONLINE;0;0
2026-05-19 02:19:29;Garnet;ONLINE;1;0
2026-05-19 02:19:29;Forte 1;OFFLINE;31;0
2026-05-19 03:19:35;Cepheus-1-108Q;ONLINE;0;0
2026-05-19 03:19:35;Garnet;ONLINE;0;0
2026-05-19 03:19:35;Forte 1;OFFLINE;31;0
2026-05-19 04:19:40;Cepheus-1-108Q;ONLINE;0;0
2026-05-19 04:19:40;Garnet;ONLINE;1;0
2026-05-19 04:19:40;Forte 1;OFFLINE;31;0
2026-05-19 05:19:45;Cepheus-1-108Q;ONLINE;0;0
2026-05-19 05:19:45;Garnet;ONLINE;1;0
2026-05-19 05:19:45;Forte 1;OFFLINE;31;0
2026-05-19 06:19:50;Cepheus-1-108Q;ONLINE;0;0
2026-05-19 06:19:50;Garnet;ONLINE;0;0
2026-05-19 06:19:50;Forte 1;OFFLINE;31;0
2026-05-19 07:19:55;Cepheus-1-108Q;ONLINE;1;0
2026-05-19 07:19:55;Garnet;ONLINE;3;0
2026-05-19 07:19:55;Forte 1;OFFLINE;31;0
2026-05-19 08:20:00;Cepheus-1-108Q;ONLINE;2;0
2026-05-19 08:20:00;Garnet;ONLINE;4;0
2026-05-19 08:20:00;Forte 1;OFFLINE;31;0
2026-05-19 09:20:06;Cepheus-1-108Q;ONLINE;0;0
2026-05-19 09:20:06;Garnet;ONLINE;1;0
2026-05-19 09:20:06;Forte 1;OFFLINE;31;0
2026-05-19 10:20:11;Cepheus-1-108Q;ONLINE;0;0
2026-05-19 10:20:11;Garnet;ONLINE;1;0
2026-05-19 10:20:11;Forte 1;OFFLINE;31;0
2026-05-19 11:20:16;Cepheus-1-108Q;ONLINE;1;0
2026-05-19 11:20:16;Garnet;ONLINE;1;0
2026-05-19 11:20:16;Forte 1;OFFLINE;31;0
2026-05-19 12:20:21;Cepheus-1-108Q;ONLINE;0;0
2026-05-19 12:20:21;Garnet;ONLINE;1;0
2026-05-19 12:20:21;Forte 1;OFFLINE;31;0
2026-05-19 13:20:26;Cepheus-1-108Q;ONLINE;0;0
2026-05-19 13:20:26;Garnet;ONLINE;1;0
2026-05-19 13:20:26;Forte 1;OFFLINE;31;0
2026-05-19 14:20:32;Cepheus-1-108Q;ONLINE;0;0
2026-05-19 14:20:32;Garnet;ONLINE;0;0
2026-05-19 14:20:32;Forte 1;OFFLINE;31;0
2026-05-19 15:20:37;Cepheus-1-108Q;ONLINE;0;0
2026-05-19 15:20:37;Garnet;ONLINE;1;0
2026-05-19 15:20:37;Forte 1;OFFLINE;31;0
2026-05-19 16:20:42;Cepheus-1-108Q;ONLINE;0;0
2026-05-19 16:20:42;Garnet;ONLINE;8;0
2026-05-19 16:20:42;Forte 1;OFFLINE;31;0
2026-05-19 17:20:47;Cepheus-1-108Q;ONLINE;0;0
2026-05-19 17:20:47;Garnet;ONLINE;0;0
2026-05-19 17:20:47;Forte 1;OFFLINE;31;0
2026-05-19 18:20:53;Cepheus-1-108Q;ONLINE;0;0
2026-05-19 18:20:53;Garnet;ONLINE;1;0
2026-05-19 18:20:53;Forte 1;OFFLINE;31;0
2026-05-19 19:20:58;Cepheus-1-108Q;ONLINE;0;0
2026-05-19 19:20:58;Garnet;ONLINE;0;0
2026-05-19 19:20:58;Forte 1;OFFLINE;31;0
2026-05-19 20:21:04;Cepheus-1-108Q;ONLINE;1;0
2026-05-19 20:21:04;Garnet;ONLINE;0;0
2026-05-19 20:21:04;Forte 1;OFFLINE;31;0
2026-05-19 21:21:09;Cepheus-1-108Q;ONLINE;3;0
2026-05-19 21:21:09;Garnet;ONLINE;0;0
2026-05-19 21:21:09;Forte 1;OFFLINE;0;0
2026-05-19 22:21:14;Cepheus-1-108Q;ONLINE;0;0
2026-05-19 22:21:14;Garnet;ONLINE;0;0
2026-05-19 22:21:14;Forte 1;OFFLINE;0;0
2026-05-19 23:21:20;Cepheus-1-108Q;ONLINE;0;0
2026-05-19 23:21:20;Garnet;ONLINE;0;0
2026-05-19 23:21:20;Forte 1;OFFLINE;0;0
2026-05-20 00:21:25;Cepheus-1-108Q;ONLINE;0;0
2026-05-20 00:21:25;Garnet;ONLINE;0;0
2026-05-20 00:21:25;Forte 1;OFFLINE;0;0
2026-05-20 01:21:31;Cepheus-1-108Q;ONLINE;0;0
2026-05-20 01:21:31;Garnet;ONLINE;0;0
2026-05-20 01:21:31;Forte 1;OFFLINE;0;0
2026-05-20 02:21:36;Cepheus-1-108Q;ONLINE;0;0
2026-05-20 02:21:36;Garnet;ONLINE;1;0
2026-05-20 02:21:36;Forte 1;OFFLINE;0;0
2026-05-20 03:21:41;Cepheus-1-108Q;ONLINE;1;0
2026-05-20 03:21:41;Garnet;ONLINE;0;0
2026-05-20 03:21:41;Forte 1;OFFLINE;0;0
2026-05-20 04:21:46;Cepheus-1-108Q;ONLINE;0;0
2026-05-20 04:21:46;Garnet;ONLINE;0;0
2026-05-20 04:21:46;Forte 1;OFFLINE;0;0
2026-05-20 05:21:51;Cepheus-1-108Q;ONLINE;0;0
2026-05-20 05:21:51;Garnet;ONLINE;0;0
2026-05-20 05:21:51;Forte 1;OFFLINE;0;0
2026-05-20 06:21:57;Cepheus-1-108Q;ONLINE;0;0
2026-05-20 06:21:57;Garnet;ONLINE;0;0
2026-05-20 06:21:57;Forte 1;OFFLINE;0;0
2026-05-20 07:22:02;Cepheus-1-108Q;ONLINE;0;0
2026-05-20 07:22:02;Garnet;ONLINE;0;0
2026-05-20 07:22:02;Forte 1;OFFLINE;0;0
2026-05-20 08:22:07;Cepheus-1-108Q;ONLINE;0;0
2026-05-20 08:22:07;Garnet;ONLINE;0;0
2026-05-20 08:22:07;Forte 1;OFFLINE;0;0
2026-05-20 09:22:13;Cepheus-1-108Q;ONLINE;0;0
2026-05-20 09:22:13;Garnet;ONLINE;0;0
2026-05-20 09:22:13;Forte 1;OFFLINE;0;0
2026-05-20 10:22:18;Cepheus-1-108Q;ONLINE;0;0
2026-05-20 10:22:18;Garnet;ONLINE;0;0
2026-05-20 10:22:18;Forte 1;OFFLINE;0;0
2026-05-20 11:22:24;Cepheus-1-108Q;ONLINE;0;0
2026-05-20 11:22:24;Garnet;ONLINE;0;0
2026-05-20 11:22:24;Forte 1;OFFLINE;0;0
2026-05-20 12:22:29;Cepheus-1-108Q;ONLINE;0;0
2026-05-20 12:22:29;Garnet;ONLINE;0;0
2026-05-20 12:22:29;Forte 1;OFFLINE;0;0
2026-05-20 13:22:34;Cepheus-1-108Q;ONLINE;0;0
2026-05-20 13:22:34;Garnet;ONLINE;0;0
2026-05-20 13:22:34;Forte 1;OFFLINE;0;0
2026-05-20 14:22:39;Cepheus-1-108Q;ONLINE;2;0
2026-05-20 14:22:39;Garnet;ONLINE;0;0
2026-05-20 14:22:39;Forte 1;OFFLINE;0;0
2026-05-20 15:22:44;Cepheus-1-108Q;ONLINE;0;0
2026-05-20 15:22:44;Garnet;ONLINE;0;0
2026-05-20 15:22:44;Forte 1;OFFLINE;0;0
2026-05-20 16:22:49;Cepheus-1-108Q;ONLINE;0;0
2026-05-20 16:22:49;Garnet;ONLINE;6;0
2026-05-20 16:22:49;Forte 1;OFFLINE;0;0
2026-05-20 17:22:55;Cepheus-1-108Q;ONLINE;0;0
2026-05-20 17:22:55;Garnet;ONLINE;1;0
2026-05-20 17:22:55;Forte 1;OFFLINE;0;0
2026-05-20 18:23:00;Cepheus-1-108Q;ONLINE;4;0
2026-05-20 18:23:00;Garnet;ONLINE;1;0
2026-05-20 18:23:00;Forte 1;OFFLINE;0;0
2026-05-20 19:23:06;Cepheus-1-108Q;ONLINE;3;0
2026-05-20 19:23:06;Garnet;ONLINE;0;0
2026-05-20 19:23:06;Forte 1;OFFLINE;0;0
2026-05-20 20:23:11;Cepheus-1-108Q;ONLINE;5;0
2026-05-20 20:23:11;Garnet;ONLINE;0;0
2026-05-20 20:23:11;Forte 1;OFFLINE;0;0
2026-05-20 21:23:16;Cepheus-1-108Q;ONLINE;6;0
2026-05-20 21:23:16;Garnet;ONLINE;0;0
2026-05-20 21:23:16;Forte 1;OFFLINE;0;0
2026-05-20 22:23:21;Cepheus-1-108Q;ONLINE;1;0
2026-05-20 22:23:21;Garnet;ONLINE;0;0
2026-05-20 22:23:21;Forte 1;OFFLINE;0;0
2026-05-20 23:23:26;Cepheus-1-108Q;ONLINE;0;0
2026-05-20 23:23:26;Garnet;ONLINE;1;0
2026-05-20 23:23:26;Forte 1;OFFLINE;0;0
2026-05-21 00:23:31;Cepheus-1-108Q;ONLINE;2;0
2026-05-21 00:23:31;Garnet;ONLINE;0;0
2026-05-21 00:23:31;Forte 1;OFFLINE;0;0
2026-05-21 01:23:36;Cepheus-1-108Q;ONLINE;1;0
2026-05-21 01:23:36;Garnet;ONLINE;0;0
2026-05-21 01:23:36;Forte 1;OFFLINE;0;0
2026-05-21 02:23:41;Cepheus-1-108Q;ONLINE;0;0
2026-05-21 02:23:41;Garnet;ONLINE;1;0
2026-05-21 02:23:41;Forte 1;OFFLINE;0;0
2026-05-21 03:23:47;Cepheus-1-108Q;ONLINE;3;0
2026-05-21 03:23:47;Garnet;ONLINE;0;0
2026-05-21 03:23:47;Forte 1;OFFLINE;0;0
2026-05-21 04:23:52;Cepheus-1-108Q;ONLINE;0;0
2026-05-21 04:23:52;Garnet;ONLINE;0;0
2026-05-21 04:23:52;Forte 1;OFFLINE;0;0
2026-05-21 05:23:57;Cepheus-1-108Q;ONLINE;0;0
2026-05-21 05:23:57;Garnet;ONLINE;0;0
2026-05-21 05:23:57;Forte 1;OFFLINE;0;0
2026-05-21 06:24:02;Cepheus-1-108Q;ONLINE;0;0
2026-05-21 06:24:02;Garnet;ONLINE;0;0
2026-05-21 06:24:02;Forte 1;OFFLINE;0;0
2026-05-21 07:24:08;Cepheus-1-108Q;ONLINE;1;0
2026-05-21 07:24:08;Garnet;ONLINE;0;0
2026-05-21 07:24:08;Forte 1;OFFLINE;0;0
2026-05-21 08:24:13;Cepheus-1-108Q;ONLINE;1;0
2026-05-21 08:24:13;Garnet;ONLINE;0;0
2026-05-21 08:24:13;Forte 1;OFFLINE;0;0
2026-05-21 09:24:18;Cepheus-1-108Q;ONLINE;0;0
2026-05-21 09:24:18;Garnet;ONLINE;0;0
2026-05-21 09:24:18;Forte 1;OFFLINE;0;0
2026-05-21 10:24:23;Cepheus-1-108Q;ONLINE;0;0
2026-05-21 10:24:23;Garnet;ONLINE;0;0
2026-05-21 10:24:23;Forte 1;OFFLINE;0;0
2026-05-21 11:24:29;Cepheus-1-108Q;ONLINE;0;0
2026-05-21 11:24:29;Garnet;ONLINE;1;0
2026-05-21 11:24:29;Forte 1;OFFLINE;0;0
2026-05-21 12:24:34;Cepheus-1-108Q;ONLINE;0;0
2026-05-21 12:24:34;Garnet;ONLINE;0;0
2026-05-21 12:24:34;Forte 1;OFFLINE;0;0
2026-05-21 13:24:40;Cepheus-1-108Q;ONLINE;0;0
2026-05-21 13:24:40;Garnet;ONLINE;0;0
2026-05-21 13:24:40;Forte 1;OFFLINE;0;0
2026-05-21 14:24:46;Cepheus-1-108Q;ONLINE;1;0
2026-05-21 14:24:46;Garnet;ONLINE;0;0
2026-05-21 14:24:46;Forte 1;OFFLINE;0;0
2026-05-21 15:24:51;Cepheus-1-108Q;ONLINE;0;0
2026-05-21 15:24:51;Garnet;ONLINE;0;0
2026-05-21 15:24:51;Forte 1;OFFLINE;0;0
2026-05-21 16:24:57;Cepheus-1-108Q;ONLINE;0;0
2026-05-21 16:24:57;Garnet;ONLINE;6;0
2026-05-21 16:24:57;Forte 1;OFFLINE;0;0
2026-05-21 17:25:02;Cepheus-1-108Q;ONLINE;0;0
2026-05-21 17:25:02;Garnet;ONLINE;0;0
2026-05-21 17:25:02;Forte 1;OFFLINE;0;0
2026-05-21 18:25:07;Cepheus-1-108Q;ONLINE;0;0
2026-05-21 18:25:07;Garnet;ONLINE;0;0
2026-05-21 18:25:07;Forte 1;OFFLINE;0;0
2026-05-21 19:25:12;Cepheus-1-108Q;ONLINE;1;0
2026-05-21 19:25:12;Garnet;ONLINE;0;0
2026-05-21 19:25:12;Forte 1;OFFLINE;0;0
2026-05-21 20:25:17;Cepheus-1-108Q;ONLINE;2;0
2026-05-21 20:25:17;Garnet;ONLINE;0;0
2026-05-21 20:25:17;Forte 1;OFFLINE;0;0
2026-05-21 21:25:22;Cepheus-1-108Q;ONLINE;0;0
2026-05-21 21:25:22;Garnet;ONLINE;0;0
2026-05-21 21:25:22;Forte 1;OFFLINE;0;0
2026-05-21 22:25:28;Cepheus-1-108Q;ONLINE;0;0
2026-05-21 22:25:28;Garnet;ONLINE;0;0
2026-05-21 22:25:28;Forte 1;OFFLINE;0;0
2026-05-21 23:25:33;Cepheus-1-108Q;ONLINE;0;0
2026-05-21 23:25:33;Garnet;ONLINE;0;0
2026-05-21 23:25:33;Forte 1;OFFLINE;0;0
2026-05-22 00:25:38;Cepheus-1-108Q;ONLINE;0;0
2026-05-22 00:25:38;Garnet;ONLINE;0;0
2026-05-22 00:25:38;Forte 1;OFFLINE;0;0
2026-05-22 01:25:44;Cepheus-1-108Q;ONLINE;0;0
2026-05-22 01:25:44;Garnet;ONLINE;0;0
2026-05-22 01:25:44;Forte 1;OFFLINE;0;0
2026-05-22 02:25:49;Cepheus-1-108Q;ONLINE;0;0
2026-05-22 02:25:49;Garnet;ONLINE;1;0
2026-05-22 02:25:49;Forte 1;OFFLINE;0;0
2026-05-22 03:25:54;Cepheus-1-108Q;ONLINE;0;0
2026-05-22 03:25:54;Garnet;ONLINE;0;0
2026-05-22 03:25:54;Forte 1;OFFLINE;0;0
2026-05-22 04:26:00;Cepheus-1-108Q;ONLINE;0;0
2026-05-22 04:26:00;Garnet;ONLINE;0;0
2026-05-22 04:26:00;Forte 1;OFFLINE;0;0
2026-05-22 05:26:05;Cepheus-1-108Q;ONLINE;0;0
2026-05-22 05:26:05;Garnet;ONLINE;0;0
2026-05-22 05:26:05;Forte 1;OFFLINE;0;0
2026-05-22 06:26:10;Cepheus-1-108Q;ONLINE;0;0
2026-05-22 06:26:10;Garnet;ONLINE;0;0
2026-05-22 06:26:10;Forte 1;OFFLINE;0;0
2026-05-22 07:26:16;Cepheus-1-108Q;ONLINE;0;0
2026-05-22 07:26:16;Garnet;ONLINE;0;0
2026-05-22 07:26:16;Forte 1;OFFLINE;0;0
2026-05-22 08:26:21;Cepheus-1-108Q;ONLINE;0;0
2026-05-22 08:26:21;Garnet;ONLINE;5;0
2026-05-22 08:26:21;Forte 1;OFFLINE;0;0
2026-05-22 09:26:27;Cepheus-1-108Q;ONLINE;0;0
2026-05-22 09:26:27;Garnet;ONLINE;0;0
2026-05-22 09:26:27;Forte 1;OFFLINE;0;0
2026-05-22 10:26:31;Cepheus-1-108Q;ONLINE;0;0
2026-05-22 10:26:31;Garnet;ONLINE;1;0
2026-05-22 10:26:31;Forte 1;OFFLINE;0;0
2026-05-22 11:26:36;Cepheus-1-108Q;ONLINE;0;0
2026-05-22 11:26:36;Garnet;ONLINE;0;0
2026-05-22 11:26:36;Forte 1;OFFLINE;0;0
2026-05-22 12:26:42;Cepheus-1-108Q;ONLINE;0;0
2026-05-22 12:26:42;Garnet;ONLINE;0;0
2026-05-22 12:26:42;Forte 1;OFFLINE;0;0
2026-05-22 13:26:47;Cepheus-1-108Q;ONLINE;0;0
2026-05-22 13:26:47;Garnet;ONLINE;0;0
2026-05-22 13:26:47;Forte 1;OFFLINE;0;0
2026-05-22 14:26:52;Cepheus-1-108Q;ONLINE;0;0
2026-05-22 14:26:52;Garnet;ONLINE;1;0
2026-05-22 14:26:52;Forte 1;OFFLINE;0;0
2026-05-22 15:26:58;Cepheus-1-108Q;ONLINE;1;0
2026-05-22 15:26:58;Garnet;ONLINE;0;0
2026-05-22 15:26:58;Forte 1;OFFLINE;0;0
2026-05-22 16:27:03;Cepheus-1-108Q;ONLINE;0;0
2026-05-22 16:27:03;Garnet;ONLINE;8;0
2026-05-22 16:27:03;Forte 1;OFFLINE;0;0
2026-05-22 17:27:08;Cepheus-1-108Q;ONLINE;0;0
2026-05-22 17:27:08;Garnet;ONLINE;0;0
2026-05-22 17:27:08;Forte 1;OFFLINE;0;0
2026-05-22 18:27:14;Cepheus-1-108Q;ONLINE;0;0
2026-05-22 18:27:14;Garnet;ONLINE;0;0
2026-05-22 18:27:14;Forte 1;OFFLINE;0;0
2026-05-22 19:27:19;Cepheus-1-108Q;ONLINE;0;0
2026-05-22 19:27:19;Garnet;ONLINE;0;0
2026-05-22 19:27:19;Forte 1;OFFLINE;0;0
2026-05-22 20:27:24;Cepheus-1-108Q;ONLINE;2;0
2026-05-22 20:27:24;Garnet;ONLINE;0;0
2026-05-22 20:27:24;Forte 1;OFFLINE;0;0
2026-05-22 21:27:29;Cepheus-1-108Q;ONLINE;4;0
2026-05-22 21:27:29;Garnet;ONLINE;0;0
2026-05-22 21:27:29;Forte 1;OFFLINE;0;0
2026-05-22 22:27:34;Cepheus-1-108Q;ONLINE;7;0
2026-05-22 22:27:34;Garnet;ONLINE;0;0
2026-05-22 22:27:34;Forte 1;OFFLINE;0;0
2026-05-22 23:27:39;Cepheus-1-108Q;ONLINE;1;0
2026-05-22 23:27:39;Garnet;ONLINE;0;0
2026-05-22 23:27:39;Forte 1;OFFLINE;0;0
2026-05-23 00:27:44;Cepheus-1-108Q;ONLINE;0;0
2026-05-23 00:27:44;Garnet;ONLINE;2;0
2026-05-23 00:27:44;Forte 1;OFFLINE;0;0
2026-05-23 01:27:50;Cepheus-1-108Q;ONLINE;5;0
2026-05-23 01:27:50;Garnet;ONLINE;2;0
2026-05-23 01:27:50;Forte 1;OFFLINE;0;0
2026-05-23 02:27:55;Cepheus-1-108Q;ONLINE;1;0
2026-05-23 02:27:55;Garnet;ONLINE;6;0
2026-05-23 02:27:55;Forte 1;OFFLINE;0;0
2026-05-23 03:28:00;Cepheus-1-108Q;ONLINE;2;0
2026-05-23 03:28:00;Garnet;ONLINE;6;0
2026-05-23 03:28:00;Forte 1;OFFLINE;0;0
2026-05-23 04:28:05;Cepheus-1-108Q;ONLINE;3;0
2026-05-23 04:28:05;Garnet;ONLINE;6;0
2026-05-23 04:28:05;Forte 1;OFFLINE;0;0
2026-05-23 05:28:10;Cepheus-1-108Q;ONLINE;0;0
2026-05-23 05:28:10;Garnet;ONLINE;6;0
2026-05-23 05:28:10;Forte 1;OFFLINE;0;0
2026-05-23 06:28:16;Cepheus-1-108Q;ONLINE;0;0
2026-05-23 06:28:16;Garnet;ONLINE;6;0
2026-05-23 06:28:16;Forte 1;OFFLINE;0;0
2026-05-23 07:28:21;Cepheus-1-108Q;ONLINE;0;0
2026-05-23 07:28:21;Garnet;ONLINE;6;0
2026-05-23 07:28:21;Forte 1;OFFLINE;0;0
2026-05-23 08:28:26;Cepheus-1-108Q;ONLINE;1;0
2026-05-23 08:28:26;Garnet;ONLINE;6;0
2026-05-23 08:28:26;Forte 1;OFFLINE;0;0
2026-05-23 09:28:31;Cepheus-1-108Q;ONLINE;0;0
2026-05-23 09:28:31;Garnet;ONLINE;6;0
2026-05-23 09:28:31;Forte 1;OFFLINE;0;0
2026-05-23 10:28:37;Cepheus-1-108Q;ONLINE;0;0
2026-05-23 10:28:37;Garnet;ONLINE;6;0
2026-05-23 10:28:37;Forte 1;OFFLINE;0;0
2026-05-23 11:28:42;Cepheus-1-108Q;ONLINE;0;0
2026-05-23 11:28:42;Garnet;ONLINE;6;0
2026-05-23 11:28:42;Forte 1;OFFLINE;0;0
2026-05-23 12:28:47;Cepheus-1-108Q;ONLINE;0;0
2026-05-23 12:28:47;Garnet;ONLINE;6;0
2026-05-23 12:28:47;Forte 1;OFFLINE;0;0
2026-05-23 13:28:52;Cepheus-1-108Q;ONLINE;0;0
2026-05-23 13:28:52;Garnet;ONLINE;6;0
2026-05-23 13:28:52;Forte 1;OFFLINE;0;0
2026-05-23 14:28:58;Cepheus-1-108Q;ONLINE;2;0
2026-05-23 14:28:58;Garnet;ONLINE;6;0
2026-05-23 14:28:58;Forte 1;OFFLINE;0;0
2026-05-23 15:29:03;Cepheus-1-108Q;ONLINE;0;0
2026-05-23 15:29:03;Garnet;ONLINE;7;0
2026-05-23 15:29:03;Forte 1;OFFLINE;0;0
2026-05-23 16:29:09;Cepheus-1-108Q;ONLINE;0;0
2026-05-23 16:29:09;Garnet;ONLINE;9;0
2026-05-23 16:29:09;Forte 1;OFFLINE;0;0
2026-05-23 17:29:14;Cepheus-1-108Q;ONLINE;0;0
2026-05-23 17:29:14;Garnet;ONLINE;79;0
2026-05-23 17:29:14;Forte 1;OFFLINE;0;0
2026-05-23 18:29:19;Cepheus-1-108Q;ONLINE;0;0
2026-05-23 18:29:19;Garnet;ONLINE;81;0
2026-05-23 18:29:19;Forte 1;OFFLINE;0;0
2026-05-23 19:29:25;Cepheus-1-108Q;ONLINE;1;0
2026-05-23 19:29:25;Garnet;ONLINE;81;0
2026-05-23 19:29:25;Forte 1;OFFLINE;0;0
2026-05-23 20:29:30;Cepheus-1-108Q;ONLINE;3;0
2026-05-23 20:29:30;Garnet;ONLINE;81;0
2026-05-23 20:29:30;Forte 1;OFFLINE;0;0
2026-05-23 21:29:35;Cepheus-1-108Q;ONLINE;0;0
2026-05-23 21:29:35;Garnet;ONLINE;82;0
2026-05-23 21:29:35;Forte 1;OFFLINE;0;0
2026-05-23 22:29:40;Cepheus-1-108Q;ONLINE;0;0
2026-05-23 22:29:40;Garnet;ONLINE;89;0
2026-05-23 22:29:40;Forte 1;OFFLINE;0;0
2026-05-23 23:29:45;Cepheus-1-108Q;ONLINE;0;0
2026-05-23 23:29:45;Garnet;ONLINE;89;0
2026-05-23 23:29:45;Forte 1;OFFLINE;0;0
2026-05-24 00:29:50;Cepheus-1-108Q;ONLINE;0;0
2026-05-24 00:29:50;Garnet;ONLINE;90;0
2026-05-24 00:29:50;Forte 1;OFFLINE;0;0
2026-05-24 01:29:55;Cepheus-1-108Q;ONLINE;0;0
2026-05-24 01:29:55;Garnet;ONLINE;90;0
2026-05-24 01:29:55;Forte 1;OFFLINE;0;0
2026-05-24 02:30:00;Cepheus-1-108Q;ONLINE;0;0
2026-05-24 02:30:00;Garnet;ONLINE;91;0
2026-05-24 02:30:00;Forte 1;OFFLINE;0;0
2026-05-24 03:30:06;Cepheus-1-108Q;ONLINE;0;0
2026-05-24 03:30:06;Garnet;ONLINE;90;0
2026-05-24 03:30:06;Forte 1;OFFLINE;0;0
2026-05-24 04:30:11;Cepheus-1-108Q;ONLINE;1;0
2026-05-24 04:30:11;Garnet;ONLINE;91;0
2026-05-24 04:30:11;Forte 1;OFFLINE;0;0
2026-05-24 05:30:16;Cepheus-1-108Q;ONLINE;0;0
2026-05-24 05:30:16;Garnet;ONLINE;91;0
2026-05-24 05:30:16;Forte 1;OFFLINE;0;0
2026-05-24 06:30:21;Cepheus-1-108Q;ONLINE;0;0
2026-05-24 06:30:21;Garnet;ONLINE;91;0
2026-05-24 06:30:21;Forte 1;OFFLINE;0;0
2026-05-24 07:30:26;Cepheus-1-108Q;ONLINE;1;0
2026-05-24 07:30:26;Garnet;ONLINE;91;0
2026-05-24 07:30:26;Forte 1;OFFLINE;0;0
2026-05-24 08:30:32;Cepheus-1-108Q;ONLINE;2;0
2026-05-24 08:30:32;Garnet;ONLINE;91;0
2026-05-24 08:30:32;Forte 1;OFFLINE;0;0
2026-05-24 09:30:37;Cepheus-1-108Q;ONLINE;0;0
2026-05-24 09:30:37;Garnet;ONLINE;91;0
2026-05-24 09:30:37;Forte 1;OFFLINE;0;0
2026-05-24 10:30:43;Cepheus-1-108Q;ONLINE;0;0
2026-05-24 10:30:43;Garnet;ONLINE;91;0
2026-05-24 10:30:43;Forte 1;OFFLINE;0;0
2026-05-24 11:30:48;Cepheus-1-108Q;ONLINE;0;0
2026-05-24 11:30:48;Garnet;ONLINE;91;0
2026-05-24 11:30:48;Forte 1;OFFLINE;0;0
2026-05-24 12:30:53;Cepheus-1-108Q;ONLINE;0;0
2026-05-24 12:30:53;Garnet;ONLINE;91;0
2026-05-24 12:30:53;Forte 1;OFFLINE;0;0
2026-05-24 13:30:58;Cepheus-1-108Q;ONLINE;0;0
2026-05-24 13:30:58;Garnet;ONLINE;91;0
2026-05-24 13:30:58;Forte 1;OFFLINE;0;0
2026-05-24 14:31:03;Cepheus-1-108Q;ONLINE;0;0
2026-05-24 14:31:03;Garnet;ONLINE;91;0
2026-05-24 14:31:03;Forte 1;OFFLINE;0;0
2026-05-24 15:31:08;Cepheus-1-108Q;ONLINE;0;0
2026-05-24 15:31:08;Garnet;ONLINE;92;0
2026-05-24 15:31:08;Forte 1;OFFLINE;0;0
2026-05-24 16:31:13;Cepheus-1-108Q;ONLINE;0;0
2026-05-24 16:31:13;Garnet;ONLINE;92;0
2026-05-24 16:31:13;Forte 1;OFFLINE;0;0
2026-05-24 17:31:19;Cepheus-1-108Q;ONLINE;0;0
2026-05-24 17:31:19;Garnet;ONLINE;92;0
2026-05-24 17:31:19;Forte 1;OFFLINE;0;0
2026-05-24 18:31:24;Cepheus-1-108Q;ONLINE;0;0
2026-05-24 18:31:24;Garnet;ONLINE;92;0
2026-05-24 18:31:24;Forte 1;OFFLINE;0;0
2026-05-24 19:31:29;Cepheus-1-108Q;ONLINE;0;0
2026-05-24 19:31:29;Garnet;ONLINE;92;0
2026-05-24 19:31:29;Forte 1;OFFLINE;0;0
2026-05-24 20:31:34;Cepheus-1-108Q;ONLINE;1;0
2026-05-24 20:31:34;Garnet;ONLINE;92;0
2026-05-24 20:31:34;Forte 1;OFFLINE;0;0
2026-05-24 21:31:39;Cepheus-1-108Q;ONLINE;0;0
2026-05-24 21:31:39;Garnet;ONLINE;92;0
2026-05-24 21:31:39;Forte 1;OFFLINE;0;0
2026-05-24 22:31:44;Cepheus-1-108Q;ONLINE;0;0
2026-05-24 22:31:44;Garnet;ONLINE;92;0
2026-05-24 22:31:44;Forte 1;OFFLINE;0;0
2026-05-24 23:31:49;Cepheus-1-108Q;ONLINE;1;0
2026-05-24 23:31:49;Garnet;ONLINE;92;0
2026-05-24 23:31:49;Forte 1;OFFLINE;0;0
2026-05-25 00:31:55;Cepheus-1-108Q;ONLINE;1;0
2026-05-25 00:31:55;Garnet;ONLINE;0;0
2026-05-25 00:31:55;Forte 1;OFFLINE;0;0
2026-05-25 01:32:00;Cepheus-1-108Q;ONLINE;1;0
2026-05-25 01:32:00;Garnet;ONLINE;0;0
2026-05-25 01:32:00;Forte 1;OFFLINE;0;0
2026-05-25 02:32:06;Cepheus-1-108Q;ONLINE;1;0
2026-05-25 02:32:06;Garnet;ONLINE;1;0
2026-05-25 02:32:06;Forte 1;OFFLINE;0;0
2026-05-25 03:32:11;Cepheus-1-108Q;ONLINE;1;0
2026-05-25 03:32:11;Garnet;ONLINE;0;0
2026-05-25 03:32:11;Forte 1;OFFLINE;0;0
2026-05-25 04:32:16;Cepheus-1-108Q;ONLINE;1;0
2026-05-25 04:32:16;Garnet;ONLINE;0;0
2026-05-25 04:32:16;Forte 1;OFFLINE;0;0
2026-05-25 05:32:21;Cepheus-1-108Q;ONLINE;1;0
2026-05-25 05:32:21;Garnet;ONLINE;0;0
2026-05-25 05:32:21;Forte 1;OFFLINE;0;0
2026-05-25 06:32:26;Cepheus-1-108Q;ONLINE;1;0
2026-05-25 06:32:26;Garnet;ONLINE;0;0
2026-05-25 06:32:26;Forte 1;OFFLINE;0;0
2026-05-25 07:32:32;Cepheus-1-108Q;ONLINE;1;0
2026-05-25 07:32:32;Garnet;ONLINE;0;0
2026-05-25 07:32:32;Forte 1;OFFLINE;0;0
2026-05-25 08:32:37;Cepheus-1-108Q;ONLINE;1;0
2026-05-25 08:32:37;Garnet;ONLINE;0;0
2026-05-25 08:32:37;Forte 1;OFFLINE;0;0
2026-05-25 09:32:42;Cepheus-1-108Q;ONLINE;0;0
2026-05-25 09:32:42;Garnet;ONLINE;0;0
2026-05-25 09:32:42;Forte 1;OFFLINE;0;0
2026-05-25 10:32:48;Cepheus-1-108Q;ONLINE;0;0
2026-05-25 10:32:48;Garnet;ONLINE;0;0
2026-05-25 10:32:48;Forte 1;OFFLINE;0;0
2026-05-25 11:32:53;Cepheus-1-108Q;ONLINE;0;0
2026-05-25 11:32:53;Garnet;ONLINE;0;0
2026-05-25 11:32:53;Forte 1;OFFLINE;0;0
2026-05-25 12:32:58;Cepheus-1-108Q;ONLINE;0;0
2026-05-25 12:32:58;Garnet;ONLINE;0;0
2026-05-25 12:32:58;Forte 1;OFFLINE;0;0
2026-05-25 13:33:03;Cepheus-1-108Q;ONLINE;0;0
2026-05-25 13:33:03;Garnet;ONLINE;0;0
2026-05-25 13:33:03;Forte 1;OFFLINE;0;0
2026-05-25 14:33:08;Cepheus-1-108Q;ONLINE;1;0
2026-05-25 14:33:08;Garnet;ONLINE;0;0
2026-05-25 14:33:08;Forte 1;OFFLINE;0;0
2026-05-25 15:33:14;Cepheus-1-108Q;ONLINE;1;0
2026-05-25 15:33:14;Garnet;ONLINE;6;0
2026-05-25 15:33:14;Forte 1;OFFLINE;0;0
2026-05-25 16:33:19;Cepheus-1-108Q;ONLINE;0;0
2026-05-25 16:33:19;Garnet;ONLINE;6;0
2026-05-25 16:33:19;Forte 1;OFFLINE;0;0
2026-05-25 17:33:24;Cepheus-1-108Q;ONLINE;0;0
2026-05-25 17:33:24;Garnet;ONLINE;0;0
2026-05-25 17:33:24;Forte 1;OFFLINE;0;0
2026-05-25 18:33:30;Cepheus-1-108Q;ONLINE;0;0
2026-05-25 18:33:30;Garnet;ONLINE;0;0
2026-05-25 18:33:30;Forte 1;OFFLINE;0;0
2026-05-25 19:33:35;Cepheus-1-108Q;ONLINE;0;0
2026-05-25 19:33:35;Garnet;ONLINE;0;0
2026-05-25 19:33:35;Forte 1;OFFLINE;0;0
2026-05-25 20:33:40;Cepheus-1-108Q;ONLINE;0;0
2026-05-25 20:33:40;Garnet;ONLINE;0;0
2026-05-25 20:33:40;Forte 1;OFFLINE;0;0
2026-05-25 21:33:46;Cepheus-1-108Q;ONLINE;0;0
2026-05-25 21:33:46;Garnet;ONLINE;0;0
2026-05-25 21:33:46;Forte 1;OFFLINE;0;0
2026-05-25 22:33:51;Cepheus-1-108Q;ONLINE;1;0
2026-05-25 22:33:51;Garnet;ONLINE;0;0
2026-05-25 22:33:51;Forte 1;OFFLINE;0;0
2026-05-25 23:33:56;Cepheus-1-108Q;ONLINE;0;0
2026-05-25 23:33:56;Garnet;ONLINE;0;0
2026-05-25 23:33:56;Forte 1;OFFLINE;0;0
2026-05-26 00:34:02;Cepheus-1-108Q;ONLINE;0;0
2026-05-26 00:34:02;Garnet;ONLINE;0;0
2026-05-26 00:34:02;Forte 1;OFFLINE;0;0
2026-05-26 01:34:07;Cepheus-1-108Q;ONLINE;0;0
2026-05-26 01:34:07;Garnet;ONLINE;0;0
2026-05-26 01:34:07;Forte 1;OFFLINE;0;0
2026-05-26 02:34:12;Cepheus-1-108Q;ONLINE;0;0
2026-05-26 02:34:12;Garnet;ONLINE;5;0
2026-05-26 02:34:12;Forte 1;OFFLINE;0;0
2026-05-26 03:34:18;Cepheus-1-108Q;ONLINE;0;0
2026-05-26 03:34:18;Garnet;ONLINE;0;0
2026-05-26 03:34:18;Forte 1;OFFLINE;0;0
2026-05-26 04:34:23;Cepheus-1-108Q;ONLINE;0;0
2026-05-26 04:34:23;Garnet;ONLINE;0;0
2026-05-26 04:34:23;Forte 1;OFFLINE;0;0
2026-05-26 05:34:28;Cepheus-1-108Q;ONLINE;0;0
2026-05-26 05:34:28;Garnet;ONLINE;0;0
2026-05-26 05:34:28;Forte 1;OFFLINE;0;0
2026-05-26 06:34:34;Cepheus-1-108Q;ONLINE;0;0
2026-05-26 06:34:34;Garnet;ONLINE;0;0
2026-05-26 06:34:34;Forte 1;OFFLINE;0;0
2026-05-26 07:34:39;Cepheus-1-108Q;ONLINE;1;0
2026-05-26 07:34:39;Garnet;ONLINE;0;0
2026-05-26 07:34:39;Forte 1;OFFLINE;0;0
2026-05-26 08:34:44;Cepheus-1-108Q;ONLINE;0;0
2026-05-26 08:34:44;Garnet;ONLINE;0;0
2026-05-26 08:34:44;Forte 1;OFFLINE;0;0
2026-05-26 09:34:49;Cepheus-1-108Q;ONLINE;0;0
2026-05-26 09:34:49;Garnet;ONLINE;0;0
2026-05-26 09:34:49;Forte 1;OFFLINE;0;0
2026-05-26 10:34:55;Cepheus-1-108Q;ONLINE;0;0
2026-05-26 10:34:55;Garnet;ONLINE;0;0
2026-05-26 10:34:55;Forte 1;OFFLINE;0;0
2026-05-26 11:35:00;Cepheus-1-108Q;ONLINE;0;0
2026-05-26 11:35:00;Garnet;ONLINE;0;0
2026-05-26 11:35:00;Forte 1;OFFLINE;0;0
2026-05-26 12:35:05;Cepheus-1-108Q;ONLINE;1;0
2026-05-26 12:35:05;Garnet;ONLINE;0;0
2026-05-26 12:35:05;Forte 1;OFFLINE;0;0
2026-05-26 13:35:11;Cepheus-1-108Q;ONLINE;0;0
2026-05-26 13:35:11;Garnet;ONLINE;0;0
2026-05-26 13:35:11;Forte 1;OFFLINE;0;0
2026-05-26 14:35:16;Cepheus-1-108Q;ONLINE;1;0
2026-05-26 14:35:16;Garnet;ONLINE;0;0
2026-05-26 14:35:16;Forte 1;OFFLINE;0;0
2026-05-26 15:35:22;Cepheus-1-108Q;ONLINE;0;0
2026-05-26 15:35:22;Garnet;ONLINE;6;0
2026-05-26 15:35:22;Forte 1;OFFLINE;0;0
2026-05-26 16:35:28;Cepheus-1-108Q;ONLINE;0;0
2026-05-26 16:35:28;Garnet;ONLINE;7;0
2026-05-26 16:35:28;Forte 1;OFFLINE;0;0
2026-05-26 17:35:33;Cepheus-1-108Q;ONLINE;0;0
2026-05-26 17:35:33;Garnet;ONLINE;0;0
2026-05-26 17:35:33;Forte 1;OFFLINE;0;0
2026-05-26 18:35:38;Cepheus-1-108Q;ONLINE;0;0
2026-05-26 18:35:38;Garnet;ONLINE;0;0
2026-05-26 18:35:38;Forte 1;OFFLINE;0;0
2026-05-26 19:35:43;Cepheus-1-108Q;ONLINE;2;0
2026-05-26 19:35:43;Garnet;ONLINE;0;0
2026-05-26 19:35:43;Forte 1;OFFLINE;0;0
2026-05-26 20:35:48;Cepheus-1-108Q;ONLINE;6;0
2026-05-26 20:35:48;Garnet;ONLINE;0;0
2026-05-26 20:35:48;Forte 1;OFFLINE;0;0
2026-05-26 21:35:53;Cepheus-1-108Q;ONLINE;2;0
2026-05-26 21:35:53;Garnet;ONLINE;0;0
2026-05-26 21:35:53;Forte 1;OFFLINE;0;0
2026-05-26 22:35:59;Cepheus-1-108Q;ONLINE;2;0
2026-05-26 22:35:59;Garnet;ONLINE;0;0
2026-05-26 22:35:59;Forte 1;OFFLINE;0;0
2026-05-26 23:36:04;Cepheus-1-108Q;ONLINE;4;0
2026-05-26 23:36:04;Garnet;ONLINE;0;0
2026-05-26 23:36:04;Forte 1;OFFLINE;0;0
2026-05-27 00:36:10;Cepheus-1-108Q;ONLINE;0;0
2026-05-27 00:36:10;Garnet;ONLINE;0;0
2026-05-27 00:36:10;Forte 1;OFFLINE;0;0
2026-05-27 01:36:15;Cepheus-1-108Q;ONLINE;0;0
2026-05-27 01:36:15;Garnet;ONLINE;0;0
2026-05-27 01:36:15;Forte 1;OFFLINE;0;0
2026-05-27 02:36:20;Cepheus-1-108Q;ONLINE;0;0
2026-05-27 02:36:20;Garnet;ONLINE;3;0
2026-05-27 02:36:20;Forte 1;OFFLINE;0;0
2026-05-27 03:36:25;Cepheus-1-108Q;ONLINE;0;0
2026-05-27 03:36:25;Garnet;ONLINE;0;0
2026-05-27 03:36:25;Forte 1;OFFLINE;0;0
2026-05-27 04:36:30;Cepheus-1-108Q;ONLINE;0;0
2026-05-27 04:36:30;Garnet;ONLINE;0;0
2026-05-27 04:36:30;Forte 1;OFFLINE;0;0
2026-05-27 05:36:35;Cepheus-1-108Q;ONLINE;0;0
2026-05-27 05:36:35;Garnet;ONLINE;0;0
2026-05-27 05:36:35;Forte 1;OFFLINE;0;0
2026-05-27 06:36:41;Cepheus-1-108Q;ONLINE;0;0
2026-05-27 06:36:41;Garnet;ONLINE;0;0
2026-05-27 06:36:41;Forte 1;OFFLINE;0;0
2026-05-27 07:36:46;Cepheus-1-108Q;ONLINE;0;0
2026-05-27 07:36:46;Garnet;ONLINE;0;0
2026-05-27 07:36:46;Forte 1;OFFLINE;0;0
2026-05-27 08:36:52;Cepheus-1-108Q;ONLINE;2;0
2026-05-27 08:36:52;Garnet;ONLINE;0;0
2026-05-27 08:36:52;Forte 1;OFFLINE;0;0
2026-05-27 09:36:57;Cepheus-1-108Q;ONLINE;0;0
2026-05-27 09:36:57;Garnet;ONLINE;1;0
2026-05-27 09:36:57;Forte 1;OFFLINE;0;0
2026-05-27 10:37:02;Cepheus-1-108Q;ONLINE;1;0
2026-05-27 10:37:02;Garnet;ONLINE;0;0
2026-05-27 10:37:02;Forte 1;OFFLINE;0;0
2026-05-27 11:37:07;Cepheus-1-108Q;ONLINE;0;0
2026-05-27 11:37:07;Garnet;ONLINE;0;0
2026-05-27 11:37:07;Forte 1;OFFLINE;0;0
2026-05-27 12:37:12;Cepheus-1-108Q;ONLINE;0;0
2026-05-27 12:37:12;Garnet;ONLINE;0;0
2026-05-27 12:37:12;Forte 1;OFFLINE;0;0
2026-05-27 13:37:18;Cepheus-1-108Q;ONLINE;1;0
2026-05-27 13:37:18;Garnet;ONLINE;0;0
2026-05-27 13:37:18;Forte 1;OFFLINE;0;0
2026-05-27 14:37:23;Cepheus-1-108Q;ONLINE;1;0
2026-05-27 14:37:23;Garnet;ONLINE;0;0
2026-05-27 14:37:23;Forte 1;OFFLINE;0;0
2026-05-27 15:37:28;Cepheus-1-108Q;ONLINE;1;0
2026-05-27 15:37:28;Garnet;ONLINE;7;0
2026-05-27 15:37:28;Forte 1;OFFLINE;0;0
2026-05-27 16:37:33;Cepheus-1-108Q;ONLINE;1;0
2026-05-27 16:37:33;Garnet;ONLINE;7;0
2026-05-27 16:37:33;Forte 1;OFFLINE;0;0
2026-05-27 17:37:38;Cepheus-1-108Q;ONLINE;0;0
2026-05-27 17:37:38;Garnet;ONLINE;0;0
2026-05-27 17:37:38;Forte 1;OFFLINE;0;0
2026-05-27 18:37:44;Cepheus-1-108Q;ONLINE;4;0
2026-05-27 18:37:44;Garnet;ONLINE;0;0
2026-05-27 18:37:44;Forte 1;OFFLINE;0;0
2026-05-27 19:37:49;Cepheus-1-108Q;ONLINE;1;0
2026-05-27 19:37:49;Garnet;ONLINE;0;0
2026-05-27 19:37:49;Forte 1;OFFLINE;0;0
2026-05-27 20:37:54;Cepheus-1-108Q;ONLINE;0;0
2026-05-27 20:37:54;Garnet;ONLINE;0;0
2026-05-27 20:37:54;Forte 1;OFFLINE;0;0
2026-05-27 21:37:59;Cepheus-1-108Q;ONLINE;0;0
2026-05-27 21:37:59;Garnet;ONLINE;0;0
2026-05-27 21:37:59;Forte 1;OFFLINE;0;0
2026-05-27 22:38:05;Cepheus-1-108Q;ONLINE;0;0
2026-05-27 22:38:05;Garnet;ONLINE;0;0
2026-05-27 22:38:05;Forte 1;OFFLINE;0;0
2026-05-27 23:38:11;Cepheus-1-108Q;ONLINE;2;0
2026-05-27 23:38:11;Garnet;ONLINE;0;0
2026-05-27 23:38:11;Forte 1;OFFLINE;0;0
2026-05-28 00:38:16;Cepheus-1-108Q;ONLINE;0;0
2026-05-28 00:38:16;Garnet;ONLINE;0;0
2026-05-28 00:38:16;Forte 1;OFFLINE;0;0
2026-05-28 01:38:22;Cepheus-1-108Q;ONLINE;0;0
2026-05-28 01:38:22;Garnet;ONLINE;0;0
2026-05-28 01:38:22;Forte 1;OFFLINE;0;0
2026-05-28 02:38:27;Cepheus-1-108Q;ONLINE;0;0
2026-05-28 02:38:27;Garnet;ONLINE;3;0
2026-05-28 02:38:27;Forte 1;OFFLINE;0;0
2026-05-28 03:38:32;Cepheus-1-108Q;ONLINE;0;0
2026-05-28 03:38:32;Garnet;ONLINE;0;0
2026-05-28 03:38:32;Forte 1;OFFLINE;0;0
2026-05-28 04:38:38;Cepheus-1-108Q;ONLINE;0;0
2026-05-28 04:38:38;Garnet;ONLINE;0;0
2026-05-28 04:38:38;Forte 1;OFFLINE;0;0
2026-05-28 05:38:43;Cepheus-1-108Q;ONLINE;0;0
2026-05-28 05:38:43;Garnet;ONLINE;0;0
2026-05-28 05:38:43;Forte 1;OFFLINE;0;0
2026-05-28 06:38:48;Cepheus-1-108Q;ONLINE;0;0
2026-05-28 06:38:48;Garnet;ONLINE;0;0
2026-05-28 06:38:48;Forte 1;OFFLINE;0;0
2026-05-28 07:38:54;Cepheus-1-108Q;ONLINE;2;0
2026-05-28 07:38:54;Garnet;ONLINE;0;0
2026-05-28 07:38:54;Forte 1;OFFLINE;0;0
2026-05-28 08:38:59;Cepheus-1-108Q;ONLINE;6;0
2026-05-28 08:38:59;Garnet;ONLINE;0;0
2026-05-28 08:38:59;Forte 1;OFFLINE;0;0
2026-05-28 09:39:04;Cepheus-1-108Q;ONLINE;0;0
2026-05-28 09:39:04;Garnet;ONLINE;0;0
2026-05-28 09:39:04;Forte 1;OFFLINE;0;0
2026-05-28 10:39:09;Cepheus-1-108Q;ONLINE;6;0
2026-05-28 10:39:09;Garnet;ONLINE;0;0
2026-05-28 10:39:09;Forte 1;OFFLINE;0;0
2026-05-28 11:39:14;Cepheus-1-108Q;ONLINE;0;0
2026-05-28 11:39:14;Garnet;ONLINE;0;0
2026-05-28 11:39:14;Forte 1;OFFLINE;0;0
2026-05-28 12:39:19;Cepheus-1-108Q;ONLINE;8;0
2026-05-28 12:39:19;Garnet;ONLINE;0;0
2026-05-28 12:39:19;Forte 1;OFFLINE;0;0
2026-05-28 13:39:25;Cepheus-1-108Q;ONLINE;1;0
2026-05-28 13:39:25;Garnet;ONLINE;0;0
2026-05-28 13:39:25;Forte 1;OFFLINE;0;0
2026-05-28 14:39:30;Cepheus-1-108Q;ONLINE;2;0
2026-05-28 14:39:30;Garnet;ONLINE;0;0
2026-05-28 14:39:30;Forte 1;OFFLINE;0;0
2026-05-28 15:39:35;Cepheus-1-108Q;ONLINE;1;0
2026-05-28 15:39:35;Garnet;ONLINE;1;0
2026-05-28 15:39:35;Forte 1;OFFLINE;0;0
2026-05-28 16:39:40;Cepheus-1-108Q;ONLINE;1;0
2026-05-28 16:39:40;Garnet;ONLINE;2;0
2026-05-28 16:39:40;Forte 1;OFFLINE;0;0
2026-05-28 17:39:45;Cepheus-1-108Q;ONLINE;3;0
2026-05-28 17:39:45;Garnet;ONLINE;0;0
2026-05-28 17:39:45;Forte 1;OFFLINE;0;0
2026-05-28 18:39:50;Cepheus-1-108Q;ONLINE;0;0
2026-05-28 18:39:50;Garnet;ONLINE;0;0
2026-05-28 18:39:50;Forte 1;OFFLINE;0;0
2026-05-28 19:39:55;Cepheus-1-108Q;ONLINE;0;0
2026-05-28 19:39:55;Garnet;ONLINE;0;0
2026-05-28 19:39:55;Forte 1;OFFLINE;0;0
2026-05-28 20:40:01;Cepheus-1-108Q;ONLINE;3;0
2026-05-28 20:40:01;Garnet;ONLINE;0;0
2026-05-28 20:40:01;Forte 1;OFFLINE;0;0
2026-05-28 21:40:06;Cepheus-1-108Q;ONLINE;5;0
2026-05-28 21:40:06;Garnet;ONLINE;0;0
2026-05-28 21:40:06;Forte 1;OFFLINE;0;0
2026-05-28 22:40:11;Cepheus-1-108Q;ONLINE;3;0
2026-05-28 22:40:11;Garnet;ONLINE;0;0
2026-05-28 22:40:11;Forte 1;OFFLINE;0;0
2026-05-28 23:40:17;Cepheus-1-108Q;ONLINE;1;0
2026-05-28 23:40:17;Garnet;ONLINE;0;0
2026-05-28 23:40:17;Forte 1;OFFLINE;0;0
2026-05-29 00:40:22;Cepheus-1-108Q;ONLINE;5;0
2026-05-29 00:40:22;Garnet;ONLINE;0;0
2026-05-29 00:40:22;Forte 1;OFFLINE;0;0
2026-05-29 01:40:27;Cepheus-1-108Q;ONLINE;0;0
2026-05-29 01:40:27;Garnet;ONLINE;0;0
2026-05-29 01:40:27;Forte 1;OFFLINE;0;0
2026-05-29 02:40:33;Cepheus-1-108Q;ONLINE;2;0
2026-05-29 02:40:33;Garnet;ONLINE;1;0
2026-05-29 02:40:33;Forte 1;OFFLINE;0;0
2026-05-29 03:40:38;Cepheus-1-108Q;ONLINE;0;0
2026-05-29 03:40:38;Garnet;ONLINE;0;0
2026-05-29 03:40:38;Forte 1;OFFLINE;0;0
2026-05-29 04:40:43;Cepheus-1-108Q;ONLINE;0;0
2026-05-29 04:40:43;Garnet;ONLINE;0;0
2026-05-29 04:40:43;Forte 1;OFFLINE;0;0
2026-05-29 05:40:48;Cepheus-1-108Q;ONLINE;0;0
2026-05-29 05:40:48;Garnet;ONLINE;0;0
2026-05-29 05:40:48;Forte 1;OFFLINE;0;0
2026-05-29 06:40:54;Cepheus-1-108Q;ONLINE;0;0
2026-05-29 06:40:54;Garnet;ONLINE;0;0
2026-05-29 06:40:54;Forte 1;OFFLINE;0;0
2026-05-29 07:40:59;Cepheus-1-108Q;ONLINE;1;0
2026-05-29 07:40:59;Garnet;ONLINE;0;0
2026-05-29 07:40:59;Forte 1;OFFLINE;0;0
2026-05-29 08:41:04;Cepheus-1-108Q;ONLINE;2;0
2026-05-29 08:41:04;Garnet;ONLINE;0;0
2026-05-29 08:41:04;Forte 1;OFFLINE;0;0
2026-05-29 09:41:10;Cepheus-1-108Q;ONLINE;0;0
2026-05-29 09:41:10;Garnet;ONLINE;0;0
2026-05-29 09:41:10;Forte 1;OFFLINE;0;0
2026-05-29 10:41:15;Cepheus-1-108Q;ONLINE;0;0
2026-05-29 10:41:15;Garnet;ONLINE;0;0
2026-05-29 10:41:15;Forte 1;OFFLINE;0;0
2026-05-29 11:41:20;Cepheus-1-108Q;ONLINE;0;0
2026-05-29 11:41:20;Garnet;ONLINE;0;0
2026-05-29 11:41:20;Forte 1;OFFLINE;0;0
2026-05-29 12:41:25;Cepheus-1-108Q;ONLINE;0;0
2026-05-29 12:41:25;Garnet;ONLINE;0;0
2026-05-29 12:41:25;Forte 1;OFFLINE;0;0
2026-05-29 13:41:30;Cepheus-1-108Q;ONLINE;7;0
2026-05-29 13:41:30;Garnet;ONLINE;0;0
2026-05-29 13:41:30;Forte 1;OFFLINE;0;0
2026-05-29 14:41:36;Cepheus-1-108Q;ONLINE;5;0
2026-05-29 14:41:36;Garnet;ONLINE;0;0
2026-05-29 14:41:36;Forte 1;OFFLINE;0;0
2026-05-29 15:41:41;Cepheus-1-108Q;ONLINE;8;0
2026-05-29 15:41:41;Garnet;ONLINE;6;0
2026-05-29 15:41:41;Forte 1;OFFLINE;0;0
2026-05-29 16:41:46;Cepheus-1-108Q;ONLINE;0;0
2026-05-29 16:41:46;Garnet;ONLINE;7;0
2026-05-29 16:41:46;Forte 1;OFFLINE;0;0
2026-05-29 17:41:51;Cepheus-1-108Q;ONLINE;3;0
2026-05-29 17:41:51;Garnet;ONLINE;0;0
2026-05-29 17:41:51;Forte 1;OFFLINE;0;0
2026-05-29 18:41:57;Cepheus-1-108Q;ONLINE;95;0
2026-05-29 18:41:57;Garnet;ONLINE;0;0
2026-05-29 18:41:57;Forte 1;OFFLINE;0;0
2026-05-29 19:42:02;Cepheus-1-108Q;ONLINE;0;0
2026-05-29 19:42:02;Garnet;ONLINE;0;0
2026-05-29 19:42:02;Forte 1;OFFLINE;0;0
2026-05-29 20:42:08;Cepheus-1-108Q;ONLINE;1;0
2026-05-29 20:42:08;Garnet;ONLINE;0;0
2026-05-29 20:42:08;Forte 1;OFFLINE;0;0
2026-05-29 21:42:13;Cepheus-1-108Q;ONLINE;1;0
2026-05-29 21:42:13;Garnet;ONLINE;0;0
2026-05-29 21:42:13;Forte 1;OFFLINE;0;0
2026-05-29 22:42:18;Cepheus-1-108Q;ONLINE;1;0
2026-05-29 22:42:18;Garnet;ONLINE;0;0
2026-05-29 22:42:18;Forte 1;OFFLINE;0;0
2026-05-29 23:42:24;Cepheus-1-108Q;ONLINE;13;0
2026-05-29 23:42:24;Garnet;ONLINE;0;0
2026-05-29 23:42:24;Forte 1;OFFLINE;0;0
2026-05-30 00:42:29;Cepheus-1-108Q;ONLINE;15;0
2026-05-30 00:42:29;Garnet;ONLINE;2;0
2026-05-30 00:42:29;Forte 1;OFFLINE;0;0
2026-05-30 01:42:34;Cepheus-1-108Q;ONLINE;0;0
2026-05-30 01:42:34;Garnet;ONLINE;2;0
2026-05-30 01:42:34;Forte 1;OFFLINE;0;0
2026-05-30 02:42:40;Cepheus-1-108Q;ONLINE;1;0
2026-05-30 02:42:40;Garnet;ONLINE;2;0
2026-05-30 02:42:40;Forte 1;OFFLINE;0;0
2026-05-30 03:42:45;Cepheus-1-108Q;ONLINE;1;0
2026-05-30 03:42:45;Garnet;ONLINE;2;0
2026-05-30 03:42:45;Forte 1;OFFLINE;0;0
2026-05-30 04:42:50;Cepheus-1-108Q;ONLINE;1;0
2026-05-30 04:42:50;Garnet;ONLINE;2;0
2026-05-30 04:42:50;Forte 1;OFFLINE;0;0
2026-05-30 05:42:56;Cepheus-1-108Q;ONLINE;2;0
2026-05-30 05:42:56;Garnet;ONLINE;4;0
2026-05-30 05:42:56;Forte 1;OFFLINE;0;0
2026-05-30 06:43:01;Cepheus-1-108Q;ONLINE;0;0
2026-05-30 06:43:01;Garnet;ONLINE;4;0
2026-05-30 06:43:01;Forte 1;OFFLINE;0;0
2026-05-30 07:43:06;Cepheus-1-108Q;ONLINE;0;0
2026-05-30 07:43:06;Garnet;ONLINE;4;0
2026-05-30 07:43:06;Forte 1;OFFLINE;0;0
2026-05-30 08:43:13;Cepheus-1-108Q;ONLINE;0;0
2026-05-30 08:43:13;Garnet;ONLINE;4;0
2026-05-30 08:43:13;Forte 1;OFFLINE;0;0
2026-05-30 09:43:18;Cepheus-1-108Q;ONLINE;0;0
2026-05-30 09:43:18;Garnet;ONLINE;4;0
2026-05-30 09:43:18;Forte 1;OFFLINE;0;0
2026-05-30 10:43:23;Cepheus-1-108Q;ONLINE;0;0
2026-05-30 10:43:23;Garnet;ONLINE;4;0
2026-05-30 10:43:23;Forte 1;OFFLINE;0;0
2026-05-30 11:43:29;Cepheus-1-108Q;ONLINE;0;0
2026-05-30 11:43:29;Garnet;ONLINE;4;0
2026-05-30 11:43:29;Forte 1;OFFLINE;0;0
2026-05-30 12:43:34;Cepheus-1-108Q;ONLINE;0;0
2026-05-30 12:43:34;Garnet;ONLINE;4;0
2026-05-30 12:43:34;Forte 1;OFFLINE;0;0
2026-05-30 13:43:39;Cepheus-1-108Q;ONLINE;0;0
2026-05-30 13:43:39;Garnet;ONLINE;4;0
2026-05-30 13:43:39;Forte 1;OFFLINE;0;0
2026-05-30 14:43:44;Cepheus-1-108Q;ONLINE;0;0
2026-05-30 14:43:44;Garnet;ONLINE;4;0
2026-05-30 14:43:44;Forte 1;OFFLINE;0;0
2026-05-30 15:43:49;Cepheus-1-108Q;ONLINE;0;0
2026-05-30 15:43:49;Garnet;ONLINE;4;0
2026-05-30 15:43:49;Forte 1;OFFLINE;0;0
2026-05-30 16:43:55;Cepheus-1-108Q;ONLINE;0;0
2026-05-30 16:43:55;Garnet;ONLINE;4;0
2026-05-30 16:43:55;Forte 1;OFFLINE;0;0
2026-05-30 17:44:00;Cepheus-1-108Q;ONLINE;0;0
2026-05-30 17:44:00;Garnet;ONLINE;4;0
2026-05-30 17:44:00;Forte 1;OFFLINE;0;0
2026-05-30 18:44:06;Cepheus-1-108Q;ONLINE;0;0
2026-05-30 18:44:06;Garnet;ONLINE;4;0
2026-05-30 18:44:06;Forte 1;OFFLINE;0;0
2026-05-30 19:44:11;Cepheus-1-108Q;ONLINE;2;0
2026-05-30 19:44:11;Garnet;ONLINE;4;0
2026-05-30 19:44:11;Forte 1;OFFLINE;0;0
2026-05-30 20:44:17;Cepheus-1-108Q;ONLINE;3;0
2026-05-30 20:44:17;Garnet;ONLINE;4;0
2026-05-30 20:44:17;Forte 1;OFFLINE;0;0
2026-05-30 21:44:22;Cepheus-1-108Q;ONLINE;0;0
2026-05-30 21:44:22;Garnet;ONLINE;4;0
2026-05-30 21:44:22;Forte 1;OFFLINE;0;0
2026-05-30 22:44:27;Cepheus-1-108Q;ONLINE;0;0
2026-05-30 22:44:27;Garnet;ONLINE;4;0
2026-05-30 22:44:27;Forte 1;OFFLINE;0;0
2026-05-30 23:44:32;Cepheus-1-108Q;ONLINE;0;0
2026-05-30 23:44:32;Garnet;ONLINE;4;0
2026-05-30 23:44:32;Forte 1;OFFLINE;0;0
2026-05-31 00:44:37;Cepheus-1-108Q;ONLINE;0;0
2026-05-31 00:44:37;Garnet;ONLINE;5;0
2026-05-31 00:44:37;Forte 1;OFFLINE;0;0
2026-05-31 01:44:43;Cepheus-1-108Q;ONLINE;0;0
2026-05-31 01:44:43;Garnet;ONLINE;5;0
2026-05-31 01:44:43;Forte 1;OFFLINE;0;0
2026-05-31 02:44:48;Cepheus-1-108Q;ONLINE;1;0
2026-05-31 02:44:48;Garnet;ONLINE;5;0
2026-05-31 02:44:48;Forte 1;OFFLINE;0;0
2026-05-31 03:44:53;Cepheus-1-108Q;ONLINE;0;0
2026-05-31 03:44:53;Garnet;ONLINE;5;0
2026-05-31 03:44:53;Forte 1;OFFLINE;0;0
2026-05-31 04:44:58;Cepheus-1-108Q;ONLINE;0;0
2026-05-31 04:44:58;Garnet;ONLINE;5;0
2026-05-31 04:44:58;Forte 1;OFFLINE;0;0
2026-05-31 05:45:04;Cepheus-1-108Q;ONLINE;0;0
2026-05-31 05:45:04;Garnet;ONLINE;5;0
2026-05-31 05:45:04;Forte 1;OFFLINE;0;0
2026-05-31 06:45:09;Cepheus-1-108Q;ONLINE;0;0
2026-05-31 06:45:09;Garnet;ONLINE;5;0
2026-05-31 06:45:09;Forte 1;OFFLINE;0;0
2026-05-31 07:45:15;Cepheus-1-108Q;ONLINE;5;1
2026-05-31 07:45:15;Garnet;ONLINE;5;0
2026-05-31 07:45:15;Forte 1;OFFLINE;0;0
2026-05-31 08:45:20;Cepheus-1-108Q;ONLINE;5;1
2026-05-31 08:45:20;Garnet;ONLINE;5;0
2026-05-31 08:45:20;Forte 1;OFFLINE;0;0
2026-05-31 09:45:25;Cepheus-1-108Q;ONLINE;0;0
2026-05-31 09:45:25;Garnet;ONLINE;5;0
2026-05-31 09:45:25;Forte 1;OFFLINE;0;0
2026-05-31 10:45:30;Cepheus-1-108Q;ONLINE;0;0
2026-05-31 10:45:30;Garnet;ONLINE;5;0
2026-05-31 10:45:30;Forte 1;OFFLINE;0;0
2026-05-31 11:45:35;Cepheus-1-108Q;ONLINE;0;0
2026-05-31 11:45:35;Garnet;ONLINE;5;0
2026-05-31 11:45:35;Forte 1;OFFLINE;0;0
2026-05-31 12:45:40;Cepheus-1-108Q;ONLINE;0;0
2026-05-31 12:45:40;Garnet;ONLINE;5;0
2026-05-31 12:45:40;Forte 1;OFFLINE;0;0
2026-05-31 13:45:46;Cepheus-1-108Q;ONLINE;0;0
2026-05-31 13:45:46;Garnet;ONLINE;5;0
2026-05-31 13:45:46;Forte 1;OFFLINE;0;0
2026-05-31 14:45:51;Cepheus-1-108Q;ONLINE;0;0
2026-05-31 14:45:51;Garnet;ONLINE;6;0
2026-05-31 14:45:51;Forte 1;OFFLINE;0;0
2026-05-31 15:45:56;Cepheus-1-108Q;ONLINE;0;0
2026-05-31 15:45:56;Garnet;ONLINE;6;0
2026-05-31 15:45:56;Forte 1;OFFLINE;0;0
2026-05-31 16:46:02;Cepheus-1-108Q;ONLINE;0;0
2026-05-31 16:46:02;Garnet;ONLINE;6;0
2026-05-31 16:46:02;Forte 1;OFFLINE;0;0
2026-05-31 17:46:07;Cepheus-1-108Q;ONLINE;0;0
2026-05-31 17:46:07;Garnet;ONLINE;6;0
2026-05-31 17:46:07;Forte 1;OFFLINE;0;0
2026-05-31 18:46:12;Cepheus-1-108Q;ONLINE;0;0
2026-05-31 18:46:12;Garnet;ONLINE;6;0
2026-05-31 18:46:12;Forte 1;OFFLINE;0;0
2026-05-31 19:46:17;Cepheus-1-108Q;ONLINE;1;0
2026-05-31 19:46:17;Garnet;ONLINE;6;0
2026-05-31 19:46:17;Forte 1;OFFLINE;0;0
2026-05-31 20:46:22;Cepheus-1-108Q;ONLINE;2;0
2026-05-31 20:46:22;Garnet;ONLINE;6;0
2026-05-31 20:46:22;Forte 1;OFFLINE;0;0
2026-05-31 21:46:27;Cepheus-1-108Q;ONLINE;0;0
2026-05-31 21:46:27;Garnet;ONLINE;6;0
2026-05-31 21:46:27;Forte 1;OFFLINE;0;0
2026-05-31 22:46:33;Cepheus-1-108Q;ONLINE;0;0
2026-05-31 22:46:33;Garnet;ONLINE;6;0
2026-05-31 22:46:33;Forte 1;OFFLINE;0;0
2026-05-31 23:46:38;Cepheus-1-108Q;ONLINE;0;0
2026-05-31 23:46:38;Garnet;ONLINE;6;0
2026-05-31 23:46:38;Forte 1;OFFLINE;0;0
2026-06-01 00:46:43;Cepheus-1-108Q;ONLINE;0;0
2026-06-01 00:46:43;Garnet;ONLINE;0;0
2026-06-01 00:46:43;Forte 1;OFFLINE;0;0
2026-06-01 01:46:48;Cepheus-1-108Q;ONLINE;0;0
2026-06-01 01:46:48;Garnet;ONLINE;1;0
2026-06-01 01:46:48;Forte 1;OFFLINE;0;0
2026-06-01 02:46:54;Cepheus-1-108Q;ONLINE;0;0
2026-06-01 02:46:54;Garnet;ONLINE;1;0
2026-06-01 02:46:54;Forte 1;OFFLINE;0;0
2026-06-01 03:46:59;Cepheus-1-108Q;ONLINE;0;0
2026-06-01 03:46:59;Garnet;ONLINE;0;0
2026-06-01 03:46:59;Forte 1;OFFLINE;0;0
2026-06-01 04:47:04;Cepheus-1-108Q;ONLINE;0;0
2026-06-01 04:47:04;Garnet;ONLINE;0;0
2026-06-01 04:47:04;Forte 1;OFFLINE;0;0
2026-06-01 05:47:10;Cepheus-1-108Q;ONLINE;44;0 (1 prioritized hybrid job running)
2026-06-01 05:47:10;Garnet;ONLINE;0;0
2026-06-01 05:47:10;Forte 1;OFFLINE;0;0
2026-06-01 06:47:15;Cepheus-1-108Q;ONLINE;0;0
2026-06-01 06:47:15;Garnet;ONLINE;0;0
2026-06-01 06:47:15;Forte 1;OFFLINE;0;0
2026-06-01 07:47:21;Cepheus-1-108Q;ONLINE;0;0
2026-06-01 07:47:21;Garnet;ONLINE;0;0
2026-06-01 07:47:21;Forte 1;OFFLINE;0;0
2026-06-01 08:47:26;Cepheus-1-108Q;ONLINE;1;0
2026-06-01 08:47:26;Garnet;ONLINE;0;0
2026-06-01 08:47:26;Forte 1;OFFLINE;0;0
2026-06-01 09:47:31;Cepheus-1-108Q;ONLINE;0;0
2026-06-01 09:47:31;Garnet;ONLINE;0;0
2026-06-01 09:47:31;Forte 1;OFFLINE;0;0
2026-06-01 10:47:37;Cepheus-1-108Q;ONLINE;1;0
2026-06-01 10:47:37;Garnet;ONLINE;0;0
2026-06-01 10:47:37;Forte 1;OFFLINE;0;0
2026-06-01 11:47:42;Cepheus-1-108Q;ONLINE;10;0
2026-06-01 11:47:42;Garnet;ONLINE;0;0
2026-06-01 11:47:42;Forte 1;OFFLINE;0;0
2026-06-01 12:47:47;Cepheus-1-108Q;ONLINE;10;0
2026-06-01 12:47:47;Garnet;ONLINE;0;0
2026-06-01 12:47:47;Forte 1;OFFLINE;0;0
2026-06-01 13:47:52;Cepheus-1-108Q;ONLINE;10;0
2026-06-01 13:47:52;Garnet;ONLINE;0;0
2026-06-01 13:47:52;Forte 1;OFFLINE;0;0
2026-06-01 14:47:58;Cepheus-1-108Q;ONLINE;10;0
2026-06-01 14:47:58;Garnet;ONLINE;0;0
2026-06-01 14:47:58;Forte 1;OFFLINE;0;0
2026-06-01 15:48:04;Cepheus-1-108Q;ONLINE;10;0
2026-06-01 15:48:04;Garnet;ONLINE;6;0
2026-06-01 15:48:04;Forte 1;OFFLINE;0;0
2026-06-01 16:48:10;Cepheus-1-108Q;ONLINE;11;0
2026-06-01 16:48:10;Garnet;ONLINE;6;0
2026-06-01 16:48:10;Forte 1;OFFLINE;0;0
2026-06-01 17:48:15;Cepheus-1-108Q;ONLINE;10;0
2026-06-01 17:48:15;Garnet;ONLINE;0;0
2026-06-01 17:48:15;Forte 1;OFFLINE;0;0
2026-06-01 18:48:20;Cepheus-1-108Q;ONLINE;134;0
2026-06-01 18:48:20;Garnet;ONLINE;0;0
2026-06-01 18:48:20;Forte 1;OFFLINE;0;0
2026-06-01 19:48:25;Cepheus-1-108Q;ONLINE;10;0
2026-06-01 19:48:25;Garnet;ONLINE;0;0
2026-06-01 19:48:25;Forte 1;OFFLINE;0;0
2026-06-01 20:48:31;Cepheus-1-108Q;ONLINE;42;0
2026-06-01 20:48:31;Garnet;ONLINE;0;0
2026-06-01 20:48:31;Forte 1;OFFLINE;0;0
2026-06-01 21:48:35;Cepheus-1-108Q;ONLINE;1;0
2026-06-01 21:48:35;Garnet;ONLINE;0;0
2026-06-01 21:48:35;Forte 1;OFFLINE;0;0
2026-06-01 22:48:41;Cepheus-1-108Q;ONLINE;0;0
2026-06-01 22:48:41;Garnet;ONLINE;0;0
2026-06-01 22:48:41;Forte 1;OFFLINE;0;0
2026-06-01 23:48:47;Cepheus-1-108Q;ONLINE;0;0
2026-06-01 23:48:47;Garnet;ONLINE;0;0
2026-06-01 23:48:47;Forte 1;OFFLINE;0;0
2026-06-02 00:48:52;Cepheus-1-108Q;ONLINE;0;0
2026-06-02 00:48:52;Garnet;ONLINE;0;0
2026-06-02 00:48:52;Forte 1;OFFLINE;0;0
2026-06-02 01:48:58;Cepheus-1-108Q;ONLINE;0;0
2026-06-02 01:48:58;Garnet;ONLINE;1;0
2026-06-02 01:48:58;Forte 1;OFFLINE;0;0
2026-06-02 02:49:03;Cepheus-1-108Q;ONLINE;0;0
2026-06-02 02:49:03;Garnet;ONLINE;1;0
2026-06-02 02:49:03;Forte 1;OFFLINE;0;0
2026-06-02 03:49:08;Cepheus-1-108Q;ONLINE;0;0
2026-06-02 03:49:08;Garnet;ONLINE;0;0
2026-06-02 03:49:08;Forte 1;OFFLINE;0;0
2026-06-02 04:49:14;Cepheus-1-108Q;ONLINE;0;0
2026-06-02 04:49:14;Garnet;ONLINE;1;0
2026-06-02 04:49:14;Forte 1;OFFLINE;0;0
2026-06-02 05:49:19;Cepheus-1-108Q;ONLINE;0;0
2026-06-02 05:49:19;Garnet;ONLINE;1;0
2026-06-02 05:49:19;Forte 1;OFFLINE;0;0
2026-06-02 06:49:24;Cepheus-1-108Q;ONLINE;0;0
2026-06-02 06:49:24;Garnet;ONLINE;0;0
2026-06-02 06:49:24;Forte 1;OFFLINE;0;0
2026-06-02 07:49:31;Cepheus-1-108Q;ONLINE;0;1
2026-06-02 07:49:31;Garnet;ONLINE;1;0
2026-06-02 07:49:31;Forte 1;OFFLINE;0;0
2026-06-02 08:49:36;Cepheus-1-108Q;ONLINE;2;0
2026-06-02 08:49:36;Garnet;ONLINE;0;0
2026-06-02 08:49:36;Forte 1;OFFLINE;0;0
2026-06-02 09:49:41;Cepheus-1-108Q;ONLINE;0;0 (1 prioritized hybrid job running)
2026-06-02 09:49:41;Garnet;ONLINE;1;0
2026-06-02 09:49:41;Forte 1;OFFLINE;0;0
2026-06-02 10:49:46;Cepheus-1-108Q;ONLINE;0;0
2026-06-02 10:49:46;Garnet;ONLINE;0;0
2026-06-02 10:49:46;Forte 1;OFFLINE;0;0
2026-06-02 11:49:51;Cepheus-1-108Q;ONLINE;0;0
2026-06-02 11:49:51;Garnet;ONLINE;0;0
2026-06-02 11:49:51;Forte 1;OFFLINE;0;0
2026-06-02 12:49:57;Cepheus-1-108Q;ONLINE;0;0
2026-06-02 12:49:57;Garnet;ONLINE;0;0
2026-06-02 12:49:57;Forte 1;OFFLINE;0;0
2026-06-02 13:50:02;Cepheus-1-108Q;ONLINE;0;0
2026-06-02 13:50:02;Garnet;ONLINE;0;0
2026-06-02 13:50:02;Forte 1;OFFLINE;0;0
2026-06-02 14:50:08;Cepheus-1-108Q;ONLINE;0;0
2026-06-02 14:50:08;Garnet;ONLINE;0;0
2026-06-02 14:50:08;Forte 1;OFFLINE;0;0
2026-06-02 15:50:13;Cepheus-1-108Q;ONLINE;1;0
2026-06-02 15:50:13;Garnet;ONLINE;6;0
2026-06-02 15:50:13;Forte 1;OFFLINE;0;0
2026-06-02 16:50:19;Cepheus-1-108Q;ONLINE;0;0
2026-06-02 16:50:19;Garnet;ONLINE;6;0
2026-06-02 16:50:19;Forte 1;OFFLINE;0;0
2026-06-02 17:50:24;Cepheus-1-108Q;ONLINE;1;0
2026-06-02 17:50:24;Garnet;ONLINE;0;0
2026-06-02 17:50:24;Forte 1;OFFLINE;0;0
2026-06-02 18:50:29;Cepheus-1-108Q;ONLINE;0;0
2026-06-02 18:50:29;Garnet;ONLINE;0;0
2026-06-02 18:50:29;Forte 1;OFFLINE;0;0
2026-06-02 19:50:34;Cepheus-1-108Q;ONLINE;0;0
2026-06-02 19:50:34;Garnet;ONLINE;0;0
2026-06-02 19:50:34;Forte 1;OFFLINE;0;0
2026-06-02 20:50:39;Cepheus-1-108Q;ONLINE;5;0
2026-06-02 20:50:39;Garnet;ONLINE;0;0
2026-06-02 20:50:39;Forte 1;OFFLINE;0;0
2026-06-02 21:50:45;Cepheus-1-108Q;ONLINE;0;0
2026-06-02 21:50:45;Garnet;ONLINE;0;0
2026-06-02 21:50:45;Forte 1;OFFLINE;0;0
2026-06-02 22:50:50;Cepheus-1-108Q;ONLINE;0;0
2026-06-02 22:50:50;Garnet;ONLINE;0;0
2026-06-02 22:50:50;Forte 1;OFFLINE;0;0
2026-06-02 23:50:55;Cepheus-1-108Q;ONLINE;2;0
2026-06-02 23:50:55;Garnet;ONLINE;0;0
2026-06-02 23:50:55;Forte 1;OFFLINE;0;0
2026-06-03 00:51:01;Cepheus-1-108Q;ONLINE;5;0
2026-06-03 00:51:01;Garnet;ONLINE;0;0
2026-06-03 00:51:01;Forte 1;OFFLINE;0;0
2026-06-03 01:51:07;Cepheus-1-108Q;ONLINE;1;0
2026-06-03 01:51:07;Garnet;ONLINE;1;0
2026-06-03 01:51:07;Forte 1;OFFLINE;0;0
2026-06-03 02:51:12;Cepheus-1-108Q;ONLINE;4;0
2026-06-03 02:51:12;Garnet;ONLINE;1;0
2026-06-03 02:51:12;Forte 1;OFFLINE;0;0
2026-06-03 03:51:17;Cepheus-1-108Q;ONLINE;0;0
2026-06-03 03:51:17;Garnet;ONLINE;0;0
2026-06-03 03:51:17;Forte 1;OFFLINE;0;0
2026-06-03 04:51:22;Cepheus-1-108Q;ONLINE;0;0
2026-06-03 04:51:22;Garnet;ONLINE;0;0
2026-06-03 04:51:22;Forte 1;OFFLINE;0;0
2026-06-03 05:51:27;Cepheus-1-108Q;ONLINE;0;0
2026-06-03 05:51:27;Garnet;ONLINE;0;0
2026-06-03 05:51:27;Forte 1;OFFLINE;0;0
2026-06-03 06:51:32;Cepheus-1-108Q;ONLINE;0;0
2026-06-03 06:51:32;Garnet;ONLINE;0;0
2026-06-03 06:51:32;Forte 1;OFFLINE;0;0
2026-06-03 07:51:37;Cepheus-1-108Q;ONLINE;20;0
2026-06-03 07:51:37;Garnet;ONLINE;0;0
2026-06-03 07:51:37;Forte 1;OFFLINE;0;0
2026-06-03 08:51:42;Cepheus-1-108Q;ONLINE;22;0
2026-06-03 08:51:42;Garnet;ONLINE;0;0
2026-06-03 08:51:42;Forte 1;OFFLINE;0;0
2026-06-03 09:51:48;Cepheus-1-108Q;ONLINE;1;0
2026-06-03 09:51:48;Garnet;ONLINE;0;0
2026-06-03 09:51:48;Forte 1;OFFLINE;0;0
2026-06-03 10:51:53;Cepheus-1-108Q;ONLINE;1;0
2026-06-03 10:51:53;Garnet;ONLINE;0;0
2026-06-03 10:51:53;Forte 1;OFFLINE;0;0
2026-06-03 11:51:59;Cepheus-1-108Q;ONLINE;0;0
2026-06-03 11:51:59;Garnet;ONLINE;0;0
2026-06-03 11:51:59;Forte 1;OFFLINE;0;0
2026-06-03 12:52:03;Cepheus-1-108Q;ONLINE;0;0
2026-06-03 12:52:03;Garnet;ONLINE;0;0
2026-06-03 12:52:03;Forte 1;OFFLINE;0;0
2026-06-03 13:52:09;Cepheus-1-108Q;ONLINE;0;0
2026-06-03 13:52:09;Garnet;ONLINE;0;0
2026-06-03 13:52:09;Forte 1;OFFLINE;0;0
2026-06-03 14:52:14;Cepheus-1-108Q;ONLINE;0;0
2026-06-03 14:52:14;Garnet;ONLINE;0;0
2026-06-03 14:52:14;Forte 1;OFFLINE;0;0
2026-06-03 15:52:20;Cepheus-1-108Q;ONLINE;2;0
2026-06-03 15:52:20;Garnet;ONLINE;6;0
2026-06-03 15:52:20;Forte 1;OFFLINE;0;0
2026-06-03 16:52:25;Cepheus-1-108Q;ONLINE;0;0
2026-06-03 16:52:25;Garnet;ONLINE;6;0
2026-06-03 16:52:25;Forte 1;OFFLINE;0;0
2026-06-03 17:52:30;Cepheus-1-108Q;ONLINE;1;0
2026-06-03 17:52:30;Garnet;ONLINE;0;0
2026-06-03 17:52:30;Forte 1;OFFLINE;0;0
2026-06-03 18:52:35;Cepheus-1-108Q;ONLINE;1;0
2026-06-03 18:52:35;Garnet;ONLINE;0;0
2026-06-03 18:52:35;Forte 1;OFFLINE;0;0
2026-06-03 19:52:40;Cepheus-1-108Q;ONLINE;4;0
2026-06-03 19:52:40;Garnet;ONLINE;0;0
2026-06-03 19:52:40;Forte 1;OFFLINE;0;0
2026-06-03 20:52:45;Cepheus-1-108Q;ONLINE;4;0
2026-06-03 20:52:45;Garnet;ONLINE;0;0
2026-06-03 20:52:45;Forte 1;OFFLINE;0;0
2026-06-03 21:52:50;Cepheus-1-108Q;ONLINE;0;0
2026-06-03 21:52:50;Garnet;ONLINE;0;0
2026-06-03 21:52:50;Forte 1;OFFLINE;0;0
2026-06-03 22:52:56;Cepheus-1-108Q;ONLINE;0;0
2026-06-03 22:52:56;Garnet;ONLINE;0;0
2026-06-03 22:52:56;Forte 1;OFFLINE;0;0
2026-06-03 23:53:01;Cepheus-1-108Q;ONLINE;1;0
2026-06-03 23:53:01;Garnet;ONLINE;0;0
2026-06-03 23:53:01;Forte 1;OFFLINE;0;0
2026-06-04 00:53:06;Cepheus-1-108Q;ONLINE;0;0
2026-06-04 00:53:06;Garnet;ONLINE;0;0
2026-06-04 00:53:06;Forte 1;OFFLINE;0;0
2026-06-04 01:53:11;Cepheus-1-108Q;ONLINE;0;0
2026-06-04 01:53:11;Garnet;ONLINE;2;0
2026-06-04 01:53:11;Forte 1;OFFLINE;0;0
2026-06-04 02:53:16;Cepheus-1-108Q;ONLINE;0;0
2026-06-04 02:53:16;Garnet;ONLINE;2;0
2026-06-04 02:53:16;Forte 1;OFFLINE;0;0
2026-06-04 03:53:21;Cepheus-1-108Q;ONLINE;0;0
2026-06-04 03:53:21;Garnet;ONLINE;0;0
2026-06-04 03:53:21;Forte 1;OFFLINE;0;0
2026-06-04 04:53:27;Cepheus-1-108Q;ONLINE;0;0
2026-06-04 04:53:27;Garnet;ONLINE;0;0
2026-06-04 04:53:27;Forte 1;OFFLINE;0;0
2026-06-04 05:53:32;Cepheus-1-108Q;ONLINE;0;0
2026-06-04 05:53:32;Garnet;ONLINE;0;0
2026-06-04 05:53:32;Forte 1;OFFLINE;0;0
2026-06-04 06:53:37;Cepheus-1-108Q;ONLINE;0;0
2026-06-04 06:53:37;Garnet;ONLINE;0;0
2026-06-04 06:53:37;Forte 1;OFFLINE;0;0
2026-06-04 07:53:43;Cepheus-1-108Q;ONLINE;1;0
2026-06-04 07:53:43;Garnet;ONLINE;0;0
2026-06-04 07:53:43;Forte 1;OFFLINE;0;0
2026-06-04 08:53:48;Cepheus-1-108Q;ONLINE;3;0
2026-06-04 08:53:48;Garnet;ONLINE;0;0
2026-06-04 08:53:48;Forte 1;OFFLINE;0;0
2026-06-04 09:53:54;Cepheus-1-108Q;ONLINE;1;0
2026-06-04 09:53:54;Garnet;ONLINE;0;0
2026-06-04 09:53:54;Forte 1;OFFLINE;0;0
2026-06-04 10:53:59;Cepheus-1-108Q;ONLINE;1;0
2026-06-04 10:53:59;Garnet;ONLINE;0;0
2026-06-04 10:53:59;Forte 1;OFFLINE;0;0
2026-06-04 11:54:04;Cepheus-1-108Q;ONLINE;0;0
2026-06-04 11:54:04;Garnet;ONLINE;0;0
2026-06-04 11:54:04;Forte 1;OFFLINE;0;0
2026-06-04 12:54:10;Cepheus-1-108Q;ONLINE;0;0
2026-06-04 12:54:10;Garnet;ONLINE;0;0
2026-06-04 12:54:10;Forte 1;OFFLINE;0;0
2026-06-04 13:54:15;Cepheus-1-108Q;ONLINE;0;0
2026-06-04 13:54:15;Garnet;ONLINE;0;0
2026-06-04 13:54:15;Forte 1;OFFLINE;0;0
2026-06-04 14:54:21;Cepheus-1-108Q;ONLINE;3;0
2026-06-04 14:54:21;Garnet;ONLINE;0;0
2026-06-04 14:54:21;Forte 1;OFFLINE;0;0
2026-06-04 15:54:26;Cepheus-1-108Q;ONLINE;0;0
2026-06-04 15:54:26;Garnet;OFFLINE;0;0
2026-06-04 15:54:26;Forte 1;OFFLINE;0;0
2026-06-04 16:54:31;Cepheus-1-108Q;ONLINE;0;0
2026-06-04 16:54:31;Garnet;OFFLINE;0;0
2026-06-04 16:54:31;Forte 1;OFFLINE;0;0
2026-06-04 17:54:37;Cepheus-1-108Q;ONLINE;0;0
2026-06-04 17:54:37;Garnet;OFFLINE;0;0
2026-06-04 17:54:37;Forte 1;OFFLINE;0;0
2026-06-04 18:54:42;Cepheus-1-108Q;ONLINE;0;0
2026-06-04 18:54:42;Garnet;ONLINE;6;0
2026-06-04 18:54:42;Forte 1;OFFLINE;0;0
2026-06-04 19:54:47;Cepheus-1-108Q;ONLINE;1;0
2026-06-04 19:54:47;Garnet;ONLINE;0;0
2026-06-04 19:54:47;Forte 1;OFFLINE;0;0
2026-06-04 20:54:53;Cepheus-1-108Q;ONLINE;1;0
2026-06-04 20:54:53;Garnet;ONLINE;0;0
2026-06-04 20:54:53;Forte 1;OFFLINE;0;0
2026-06-04 21:54:58;Cepheus-1-108Q;ONLINE;0;0
2026-06-04 21:54:58;Garnet;ONLINE;7;0
2026-06-04 21:54:58;Forte 1;OFFLINE;0;0
2026-06-04 22:55:03;Cepheus-1-108Q;ONLINE;0;0
2026-06-04 22:55:03;Garnet;ONLINE;0;0
2026-06-04 22:55:03;Forte 1;OFFLINE;0;0
2026-06-04 23:55:08;Cepheus-1-108Q;ONLINE;0;0
2026-06-04 23:55:08;Garnet;ONLINE;0;0
2026-06-04 23:55:08;Forte 1;OFFLINE;0;0
2026-06-05 00:55:13;Cepheus-1-108Q;ONLINE;0;0
2026-06-05 00:55:13;Garnet;ONLINE;0;0
2026-06-05 00:55:13;Forte 1;OFFLINE;0;0
2026-06-05 01:55:19;Cepheus-1-108Q;ONLINE;0;0
2026-06-05 01:55:19;Garnet;ONLINE;1;0
2026-06-05 01:55:19;Forte 1;OFFLINE;0;0
2026-06-05 02:55:24;Cepheus-1-108Q;ONLINE;1;0
2026-06-05 02:55:24;Garnet;ONLINE;1;0
2026-06-05 02:55:24;Forte 1;OFFLINE;0;0
2026-06-05 03:55:30;Cepheus-1-108Q;ONLINE;0;0
2026-06-05 03:55:30;Garnet;ONLINE;0;0
2026-06-05 03:55:30;Forte 1;OFFLINE;0;0
2026-06-05 04:55:36;Cepheus-1-108Q;ONLINE;0;0
2026-06-05 04:55:36;Garnet;ONLINE;0;0
2026-06-05 04:55:36;Forte 1;OFFLINE;0;0
2026-06-05 05:55:41;Cepheus-1-108Q;ONLINE;0;0
2026-06-05 05:55:41;Garnet;ONLINE;0;0
2026-06-05 05:55:41;Forte 1;OFFLINE;0;0
2026-06-05 06:55:46;Cepheus-1-108Q;ONLINE;0;0
2026-06-05 06:55:46;Garnet;ONLINE;0;0
2026-06-05 06:55:46;Forte 1;OFFLINE;0;0
2026-06-05 07:55:52;Cepheus-1-108Q;ONLINE;0;0
2026-06-05 07:55:52;Garnet;ONLINE;0;0
2026-06-05 07:55:52;Forte 1;OFFLINE;0;0
2026-06-05 08:55:57;Cepheus-1-108Q;ONLINE;1;0
2026-06-05 08:55:57;Garnet;ONLINE;0;0
2026-06-05 08:55:57;Forte 1;OFFLINE;0;0
2026-06-05 09:56:03;Cepheus-1-108Q;ONLINE;0;0
2026-06-05 09:56:03;Garnet;ONLINE;0;0
2026-06-05 09:56:03;Forte 1;OFFLINE;0;0
2026-06-05 10:56:08;Cepheus-1-108Q;ONLINE;2;0
2026-06-05 10:56:08;Garnet;ONLINE;0;0
2026-06-05 10:56:08;Forte 1;OFFLINE;0;0
2026-06-05 11:56:14;Cepheus-1-108Q;ONLINE;0;0
2026-06-05 11:56:14;Garnet;ONLINE;0;0
2026-06-05 11:56:14;Forte 1;OFFLINE;0;0
2026-06-05 12:56:19;Cepheus-1-108Q;ONLINE;0;0
2026-06-05 12:56:19;Garnet;ONLINE;0;0
2026-06-05 12:56:19;Forte 1;OFFLINE;0;0
2026-06-05 13:56:24;Cepheus-1-108Q;ONLINE;0;0
2026-06-05 13:56:24;Garnet;ONLINE;0;0
2026-06-05 13:56:24;Forte 1;OFFLINE;0;0
2026-06-05 14:56:29;Cepheus-1-108Q;ONLINE;0;0
2026-06-05 14:56:29;Garnet;ONLINE;0;0
2026-06-05 14:56:29;Forte 1;OFFLINE;0;0
2026-06-05 15:56:34;Cepheus-1-108Q;ONLINE;0;0
2026-06-05 15:56:34;Garnet;ONLINE;6;0
2026-06-05 15:56:34;Forte 1;OFFLINE;0;0
2026-06-05 16:56:39;Cepheus-1-108Q;ONLINE;0;0
2026-06-05 16:56:39;Garnet;ONLINE;6;0
2026-06-05 16:56:39;Forte 1;OFFLINE;0;0
2026-06-05 17:56:45;Cepheus-1-108Q;ONLINE;0;0
2026-06-05 17:56:45;Garnet;ONLINE;0;0
2026-06-05 17:56:45;Forte 1;OFFLINE;0;0
2026-06-05 18:56:50;Cepheus-1-108Q;ONLINE;0;0
2026-06-05 18:56:50;Garnet;ONLINE;0;0
2026-06-05 18:56:50;Forte 1;OFFLINE;0;0
2026-06-05 19:56:55;Cepheus-1-108Q;ONLINE;0;0
2026-06-05 19:56:55;Garnet;ONLINE;1;0
2026-06-05 19:56:55;Forte 1;OFFLINE;0;0
2026-06-05 20:57:01;Cepheus-1-108Q;ONLINE;1;0
2026-06-05 20:57:01;Garnet;ONLINE;0;0
2026-06-05 20:57:01;Forte 1;OFFLINE;0;0
2026-06-05 21:57:06;Cepheus-1-108Q;ONLINE;1;0
2026-06-05 21:57:06;Garnet;ONLINE;0;0
2026-06-05 21:57:06;Forte 1;OFFLINE;0;0
2026-06-05 22:57:12;Cepheus-1-108Q;ONLINE;6;0
2026-06-05 22:57:12;Garnet;ONLINE;0;0
2026-06-05 22:57:12;Forte 1;OFFLINE;0;0
2026-06-05 23:57:17;Cepheus-1-108Q;ONLINE;6;0
2026-06-05 23:57:17;Garnet;ONLINE;0;0
2026-06-05 23:57:17;Forte 1;OFFLINE;0;0
2026-06-06 00:57:23;Cepheus-1-108Q;ONLINE;0;0
2026-06-06 00:57:23;Garnet;ONLINE;1;0
2026-06-06 00:57:23;Forte 1;OFFLINE;0;0
2026-06-06 01:57:28;Cepheus-1-108Q;ONLINE;0;0
2026-06-06 01:57:28;Garnet;ONLINE;1;0
2026-06-06 01:57:28;Forte 1;OFFLINE;0;0
2026-06-06 02:57:34;Cepheus-1-108Q;ONLINE;0;0
2026-06-06 02:57:34;Garnet;ONLINE;3;0
2026-06-06 02:57:34;Forte 1;OFFLINE;0;0
2026-06-06 03:57:39;Cepheus-1-108Q;ONLINE;0;0
2026-06-06 03:57:39;Garnet;ONLINE;3;0
2026-06-06 03:57:39;Forte 1;OFFLINE;0;0
2026-06-06 04:57:45;Cepheus-1-108Q;ONLINE;0;0
2026-06-06 04:57:45;Garnet;ONLINE;3;0
2026-06-06 04:57:45;Forte 1;OFFLINE;0;0
2026-06-06 05:57:50;Cepheus-1-108Q;ONLINE;0;0
2026-06-06 05:57:50;Garnet;ONLINE;3;0
2026-06-06 05:57:50;Forte 1;OFFLINE;0;0
2026-06-06 06:57:55;Cepheus-1-108Q;ONLINE;0;0
2026-06-06 06:57:55;Garnet;ONLINE;3;0
2026-06-06 06:57:55;Forte 1;OFFLINE;0;0
2026-06-06 07:58:00;Cepheus-1-108Q;ONLINE;0;0
2026-06-06 07:58:00;Garnet;ONLINE;3;0
2026-06-06 07:58:00;Forte 1;OFFLINE;0;0
2026-06-06 08:58:05;Cepheus-1-108Q;ONLINE;0;0
2026-06-06 08:58:05;Garnet;ONLINE;3;0
2026-06-06 08:58:05;Forte 1;OFFLINE;0;0
2026-06-06 09:58:11;Cepheus-1-108Q;ONLINE;0;0
2026-06-06 09:58:11;Garnet;ONLINE;3;0
2026-06-06 09:58:11;Forte 1;OFFLINE;0;0
2026-06-06 10:58:16;Cepheus-1-108Q;ONLINE;0;0
2026-06-06 10:58:16;Garnet;ONLINE;3;0
2026-06-06 10:58:16;Forte 1;OFFLINE;0;0
2026-06-06 11:58:21;Cepheus-1-108Q;ONLINE;0;0
2026-06-06 11:58:21;Garnet;ONLINE;3;0
2026-06-06 11:58:21;Forte 1;OFFLINE;0;0
2026-06-06 12:58:26;Cepheus-1-108Q;ONLINE;0;0
2026-06-06 12:58:26;Garnet;ONLINE;3;0
2026-06-06 12:58:26;Forte 1;OFFLINE;0;0
2026-06-06 13:58:31;Cepheus-1-108Q;ONLINE;0;0
2026-06-06 13:58:31;Garnet;ONLINE;3;0
2026-06-06 13:58:31;Forte 1;OFFLINE;0;0
2026-06-06 14:58:36;Cepheus-1-108Q;ONLINE;1;0
2026-06-06 14:58:36;Garnet;ONLINE;3;0
2026-06-06 14:58:36;Forte 1;OFFLINE;0;0
2026-06-06 15:58:42;Cepheus-1-108Q;ONLINE;0;0
2026-06-06 15:58:42;Garnet;ONLINE;3;0
2026-06-06 15:58:42;Forte 1;OFFLINE;0;0
2026-06-06 16:58:47;Cepheus-1-108Q;ONLINE;0;0
2026-06-06 16:58:47;Garnet;ONLINE;3;0
2026-06-06 16:58:47;Forte 1;OFFLINE;0;0
2026-06-06 17:58:52;Cepheus-1-108Q;ONLINE;0;0
2026-06-06 17:58:52;Garnet;ONLINE;3;0
2026-06-06 17:58:52;Forte 1;OFFLINE;0;0
2026-06-06 18:58:57;Cepheus-1-108Q;ONLINE;0;0
2026-06-06 18:58:57;Garnet;ONLINE;3;0
2026-06-06 18:58:57;Forte 1;OFFLINE;0;0
2026-06-06 19:59:02;Cepheus-1-108Q;ONLINE;8;0
2026-06-06 19:59:02;Garnet;ONLINE;3;0
2026-06-06 19:59:02;Forte 1;OFFLINE;0;0
2026-06-06 20:59:09;Cepheus-1-108Q;ONLINE;8;0
2026-06-06 20:59:09;Garnet;ONLINE;3;0
2026-06-06 20:59:09;Forte 1;OFFLINE;0;0
2026-06-06 21:59:14;Cepheus-1-108Q;ONLINE;2;0
2026-06-06 21:59:14;Garnet;ONLINE;3;0
2026-06-06 21:59:14;Forte 1;OFFLINE;0;0
2026-06-06 22:59:19;Cepheus-1-108Q;ONLINE;1;0
2026-06-06 22:59:19;Garnet;ONLINE;3;0
2026-06-06 22:59:19;Forte 1;OFFLINE;0;0
2026-06-06 23:59:25;Cepheus-1-108Q;ONLINE;0;0
2026-06-06 23:59:25;Garnet;ONLINE;3;0
2026-06-06 23:59:25;Forte 1;OFFLINE;0;0
2026-06-07 00:59:30;Cepheus-1-108Q;ONLINE;0;0
2026-06-07 00:59:30;Garnet;ONLINE;3;0
2026-06-07 00:59:30;Forte 1;OFFLINE;0;0
2026-06-07 01:59:35;Cepheus-1-108Q;ONLINE;0;0
2026-06-07 01:59:35;Garnet;ONLINE;3;0
2026-06-07 01:59:35;Forte 1;OFFLINE;0;0
2026-06-07 02:59:41;Cepheus-1-108Q;ONLINE;0;0
2026-06-07 02:59:41;Garnet;ONLINE;3;0
2026-06-07 02:59:41;Forte 1;OFFLINE;0;0
2026-06-07 03:59:46;Cepheus-1-108Q;ONLINE;0;0
2026-06-07 03:59:46;Garnet;ONLINE;3;0
2026-06-07 03:59:46;Forte 1;OFFLINE;0;0
2026-06-07 04:59:51;Cepheus-1-108Q;ONLINE;0;0
2026-06-07 04:59:51;Garnet;ONLINE;3;0
2026-06-07 04:59:51;Forte 1;OFFLINE;0;0
2026-06-07 05:59:57;Cepheus-1-108Q;ONLINE;0;0
2026-06-07 05:59:57;Garnet;ONLINE;3;0
2026-06-07 05:59:57;Forte 1;OFFLINE;0;0
2026-06-07 07:00:02;Cepheus-1-108Q;ONLINE;0;0
2026-06-07 07:00:02;Garnet;ONLINE;3;0
2026-06-07 07:00:02;Forte 1;OFFLINE;0;0
2026-06-07 08:00:08;Cepheus-1-108Q;ONLINE;0;0 (1 prioritized hybrid job running)
2026-06-07 08:00:08;Garnet;ONLINE;3;0
2026-06-07 08:00:08;Forte 1;OFFLINE;0;0
2026-06-07 09:00:14;Cepheus-1-108Q;ONLINE;1;0 (1 prioritized hybrid job running)
2026-06-07 09:00:14;Garnet;ONLINE;3;0
2026-06-07 09:00:14;Forte 1;OFFLINE;0;0
2026-06-07 10:00:19;Cepheus-1-108Q;ONLINE;0;0
2026-06-07 10:00:19;Garnet;ONLINE;3;0
2026-06-07 10:00:19;Forte 1;OFFLINE;0;0
2026-06-07 11:00:24;Cepheus-1-108Q;ONLINE;0;0
2026-06-07 11:00:24;Garnet;ONLINE;3;0
2026-06-07 11:00:24;Forte 1;OFFLINE;0;0
2026-06-07 12:00:29;Cepheus-1-108Q;ONLINE;0;0
2026-06-07 12:00:29;Garnet;ONLINE;3;0
2026-06-07 12:00:29;Forte 1;OFFLINE;0;0
2026-06-07 13:00:35;Cepheus-1-108Q;ONLINE;0;0
2026-06-07 13:00:35;Garnet;ONLINE;3;0
2026-06-07 13:00:35;Forte 1;OFFLINE;0;0
2026-06-07 14:00:40;Cepheus-1-108Q;ONLINE;0;0
2026-06-07 14:00:40;Garnet;ONLINE;3;0
2026-06-07 14:00:40;Forte 1;OFFLINE;0;0
2026-06-07 15:00:45;Cepheus-1-108Q;ONLINE;1;0
2026-06-07 15:00:45;Garnet;ONLINE;3;0
2026-06-07 15:00:45;Forte 1;OFFLINE;0;0
2026-06-07 16:00:50;Cepheus-1-108Q;ONLINE;0;0
2026-06-07 16:00:50;Garnet;ONLINE;3;0
2026-06-07 16:00:50;Forte 1;OFFLINE;0;0
2026-06-07 17:00:55;Cepheus-1-108Q;ONLINE;0;0
2026-06-07 17:00:55;Garnet;ONLINE;3;0
2026-06-07 17:00:55;Forte 1;OFFLINE;0;0
2026-06-07 18:01:00;Cepheus-1-108Q;ONLINE;0;0
2026-06-07 18:01:00;Garnet;ONLINE;4;0
2026-06-07 18:01:00;Forte 1;OFFLINE;0;0
2026-06-07 19:01:06;Cepheus-1-108Q;ONLINE;0;0 (1 prioritized hybrid job running)
2026-06-07 19:01:06;Garnet;ONLINE;4;0
2026-06-07 19:01:06;Forte 1;OFFLINE;0;0
2026-06-07 20:01:11;Cepheus-1-108Q;ONLINE;1;2
2026-06-07 20:01:11;Garnet;ONLINE;4;0
2026-06-07 20:01:11;Forte 1;OFFLINE;0;0
2026-06-07 21:01:16;Cepheus-1-108Q;ONLINE;0;0 (1 prioritized hybrid job running)
2026-06-07 21:01:16;Garnet;ONLINE;4;0
2026-06-07 21:01:16;Forte 1;OFFLINE;0;0
2026-06-07 22:01:21;Cepheus-1-108Q;ONLINE;1;0
2026-06-07 22:01:21;Garnet;ONLINE;4;0
2026-06-07 22:01:21;Forte 1;OFFLINE;0;0
2026-06-07 23:01:27;Cepheus-1-108Q;ONLINE;1;0
2026-06-07 23:01:27;Garnet;ONLINE;4;0
2026-06-07 23:01:27;Forte 1;OFFLINE;0;0
2026-06-08 00:01:32;Cepheus-1-108Q;ONLINE;0;0
2026-06-08 00:01:32;Garnet;ONLINE;1;0
2026-06-08 00:01:32;Forte 1;OFFLINE;0;0
2026-06-08 01:01:37;Cepheus-1-108Q;ONLINE;0;0
2026-06-08 01:01:37;Garnet;ONLINE;0;0
2026-06-08 01:01:37;Forte 1;OFFLINE;0;0
2026-06-08 02:01:42;Cepheus-1-108Q;ONLINE;0;0
2026-06-08 02:01:42;Garnet;ONLINE;1;0
2026-06-08 02:01:42;Forte 1;OFFLINE;0;0
2026-06-08 03:01:47;Cepheus-1-108Q;ONLINE;0;0
2026-06-08 03:01:47;Garnet;ONLINE;1;0
2026-06-08 03:01:47;Forte 1;OFFLINE;0;0
2026-06-08 04:01:52;Cepheus-1-108Q;ONLINE;0;0
2026-06-08 04:01:52;Garnet;ONLINE;0;0
2026-06-08 04:01:52;Forte 1;OFFLINE;0;0
2026-06-08 05:01:58;Cepheus-1-108Q;ONLINE;1;0
2026-06-08 05:01:58;Garnet;ONLINE;0;0
2026-06-08 05:01:58;Forte 1;OFFLINE;0;0
2026-06-08 06:02:03;Cepheus-1-108Q;ONLINE;0;0
2026-06-08 06:02:03;Garnet;ONLINE;0;0
2026-06-08 06:02:03;Forte 1;OFFLINE;0;0
2026-06-08 07:02:08;Cepheus-1-108Q;ONLINE;2;0
2026-06-08 07:02:08;Garnet;ONLINE;0;0
2026-06-08 07:02:08;Forte 1;OFFLINE;0;0
2026-06-08 08:02:13;Cepheus-1-108Q;ONLINE;3;0
2026-06-08 08:02:13;Garnet;ONLINE;0;0
2026-06-08 08:02:13;Forte 1;OFFLINE;0;0
2026-06-08 09:02:19;Cepheus-1-108Q;ONLINE;0;0
2026-06-08 09:02:19;Garnet;ONLINE;0;0
2026-06-08 09:02:19;Forte 1;OFFLINE;0;0
2026-06-08 10:02:24;Cepheus-1-108Q;ONLINE;2;0
2026-06-08 10:02:24;Garnet;ONLINE;0;0
2026-06-08 10:02:24;Forte 1;OFFLINE;0;0
2026-06-08 11:02:30;Cepheus-1-108Q;ONLINE;0;0
2026-06-08 11:02:30;Garnet;ONLINE;0;0
2026-06-08 11:02:30;Forte 1;OFFLINE;0;0
2026-06-08 12:02:35;Cepheus-1-108Q;ONLINE;0;0
2026-06-08 12:02:35;Garnet;ONLINE;0;0
2026-06-08 12:02:35;Forte 1;OFFLINE;0;0
2026-06-08 13:02:41;Cepheus-1-108Q;ONLINE;0;0
2026-06-08 13:02:41;Garnet;ONLINE;0;0
2026-06-08 13:02:41;Forte 1;OFFLINE;0;0
2026-06-08 14:02:46;Cepheus-1-108Q;ONLINE;0;0
2026-06-08 14:02:46;Garnet;ONLINE;0;0
2026-06-08 14:02:46;Forte 1;OFFLINE;0;0
2026-06-08 15:02:51;Cepheus-1-108Q;ONLINE;0;0
2026-06-08 15:02:51;Garnet;ONLINE;0;0
2026-06-08 15:02:51;Forte 1;OFFLINE;0;0
2026-06-08 16:02:57;Cepheus-1-108Q;ONLINE;0;0
2026-06-08 16:02:57;Garnet;ONLINE;6;0
2026-06-08 16:02:57;Forte 1;OFFLINE;0;0
2026-06-08 17:03:02;Cepheus-1-108Q;ONLINE;0;0
2026-06-08 17:03:02;Garnet;ONLINE;8;0
2026-06-08 17:03:02;Forte 1;OFFLINE;0;0
2026-06-08 18:03:08;Cepheus-1-108Q;ONLINE;0;0
2026-06-08 18:03:08;Garnet;ONLINE;0;0
2026-06-08 18:03:08;Forte 1;OFFLINE;0;0
2026-06-08 19:03:13;Cepheus-1-108Q;ONLINE;0;0
2026-06-08 19:03:13;Garnet;ONLINE;0;0
2026-06-08 19:03:13;Forte 1;OFFLINE;0;0
2026-06-08 20:03:18;Cepheus-1-108Q;ONLINE;0;0
2026-06-08 20:03:18;Garnet;ONLINE;0;0
2026-06-08 20:03:18;Forte 1;OFFLINE;0;0
2026-06-08 21:03:24;Cepheus-1-108Q;ONLINE;0;0
2026-06-08 21:03:24;Garnet;ONLINE;0;0
2026-06-08 21:03:24;Forte 1;OFFLINE;0;0
2026-06-08 22:03:29;Cepheus-1-108Q;ONLINE;0;0
2026-06-08 22:03:29;Garnet;ONLINE;0;0
2026-06-08 22:03:29;Forte 1;OFFLINE;0;0
2026-06-08 23:03:34;Cepheus-1-108Q;ONLINE;0;0
2026-06-08 23:03:34;Garnet;ONLINE;0;0
2026-06-08 23:03:34;Forte 1;OFFLINE;0;0
2026-06-09 00:03:40;Cepheus-1-108Q;ONLINE;0;0
2026-06-09 00:03:40;Garnet;ONLINE;0;0
2026-06-09 00:03:40;Forte 1;OFFLINE;0;0
2026-06-09 01:03:45;Cepheus-1-108Q;ONLINE;1;0
2026-06-09 01:03:45;Garnet;ONLINE;0;0
2026-06-09 01:03:45;Forte 1;OFFLINE;0;0
2026-06-09 02:03:50;Cepheus-1-108Q;ONLINE;0;0
2026-06-09 02:03:50;Garnet;ONLINE;3;0
2026-06-09 02:03:50;Forte 1;OFFLINE;0;0
2026-06-09 03:03:55;Cepheus-1-108Q;ONLINE;13;0
2026-06-09 03:03:55;Garnet;ONLINE;3;0
2026-06-09 03:03:55;Forte 1;OFFLINE;0;0
2026-06-09 04:04:00;Cepheus-1-108Q;ONLINE;2;0
2026-06-09 04:04:00;Garnet;ONLINE;0;0
2026-06-09 04:04:00;Forte 1;OFFLINE;0;0
2026-06-09 05:04:06;Cepheus-1-108Q;ONLINE;0;0
2026-06-09 05:04:06;Garnet;ONLINE;0;0
2026-06-09 05:04:06;Forte 1;OFFLINE;0;0
2026-06-09 06:04:12;Cepheus-1-108Q;ONLINE;0;0
2026-06-09 06:04:12;Garnet;ONLINE;0;0
2026-06-09 06:04:12;Forte 1;OFFLINE;0;0
2026-06-09 07:04:17;Cepheus-1-108Q;ONLINE;1;0
2026-06-09 07:04:17;Garnet;ONLINE;0;0
2026-06-09 07:04:17;Forte 1;OFFLINE;0;0
2026-06-09 08:04:22;Cepheus-1-108Q;ONLINE;2;0
2026-06-09 08:04:22;Garnet;ONLINE;0;0
2026-06-09 08:04:22;Forte 1;OFFLINE;0;0
2026-06-09 09:04:27;Cepheus-1-108Q;ONLINE;0;0
2026-06-09 09:04:27;Garnet;ONLINE;0;0
2026-06-09 09:04:27;Forte 1;OFFLINE;0;0
2026-06-09 10:04:33;Cepheus-1-108Q;ONLINE;0;0
2026-06-09 10:04:33;Garnet;ONLINE;0;0
2026-06-09 10:04:33;Forte 1;OFFLINE;0;0
2026-06-09 11:04:39;Cepheus-1-108Q;ONLINE;1;0
2026-06-09 11:04:39;Garnet;ONLINE;1;0
2026-06-09 11:04:39;Forte 1;OFFLINE;0;0
2026-06-09 12:04:44;Cepheus-1-108Q;ONLINE;3;0
2026-06-09 12:04:44;Garnet;ONLINE;0;0
2026-06-09 12:04:44;Forte 1;OFFLINE;0;0
2026-06-09 13:04:49;Cepheus-1-108Q;ONLINE;1;0
2026-06-09 13:04:49;Garnet;ONLINE;0;0
2026-06-09 13:04:49;Forte 1;OFFLINE;0;0
2026-06-09 14:04:55;Cepheus-1-108Q;ONLINE;0;0
2026-06-09 14:04:55;Garnet;ONLINE;0;0
2026-06-09 14:04:55;Forte 1;OFFLINE;0;0
2026-06-09 15:05:00;Cepheus-1-108Q;ONLINE;1;0
2026-06-09 15:05:00;Garnet;ONLINE;0;0
2026-06-09 15:05:00;Forte 1;OFFLINE;0;0
2026-06-09 16:05:05;Cepheus-1-108Q;ONLINE;2;0
2026-06-09 16:05:05;Garnet;ONLINE;8;0
2026-06-09 16:05:05;Forte 1;OFFLINE;0;0
2026-06-09 17:05:10;Cepheus-1-108Q;ONLINE;0;0
2026-06-09 17:05:10;Garnet;ONLINE;9;0
2026-06-09 17:05:10;Forte 1;OFFLINE;0;0
2026-06-09 18:05:16;Cepheus-1-108Q;ONLINE;0;0
2026-06-09 18:05:16;Garnet;ONLINE;0;0
2026-06-09 18:05:16;Forte 1;OFFLINE;0;0
2026-06-09 19:05:21;Cepheus-1-108Q;ONLINE;2;0
2026-06-09 19:05:21;Garnet;ONLINE;0;0
2026-06-09 19:05:21;Forte 1;OFFLINE;0;0
2026-06-09 20:05:27;Cepheus-1-108Q;ONLINE;2;0
2026-06-09 20:05:27;Garnet;ONLINE;0;0
2026-06-09 20:05:27;Forte 1;OFFLINE;0;0
2026-06-09 21:05:33;Cepheus-1-108Q;ONLINE;0;0
2026-06-09 21:05:33;Garnet;ONLINE;0;0
2026-06-09 21:05:33;Forte 1;OFFLINE;0;0
2026-06-09 22:05:38;Cepheus-1-108Q;ONLINE;0;0
2026-06-09 22:05:38;Garnet;ONLINE;0;0
2026-06-09 22:05:38;Forte 1;OFFLINE;0;0
2026-06-09 23:05:43;Cepheus-1-108Q;ONLINE;0;0
2026-06-09 23:05:43;Garnet;ONLINE;0;0
2026-06-09 23:05:43;Forte 1;OFFLINE;0;0
2026-06-10 00:05:49;Cepheus-1-108Q;ONLINE;0;0
2026-06-10 00:05:49;Garnet;ONLINE;0;0
2026-06-10 00:05:49;Forte 1;OFFLINE;0;0
2026-06-10 01:05:54;Cepheus-1-108Q;ONLINE;0;0
2026-06-10 01:05:54;Garnet;ONLINE;0;0
2026-06-10 01:05:54;Forte 1;OFFLINE;0;0
2026-06-10 02:05:59;Cepheus-1-108Q;ONLINE;0;0
2026-06-10 02:05:59;Garnet;ONLINE;2;0
2026-06-10 02:05:59;Forte 1;OFFLINE;0;0
2026-06-10 03:06:05;Cepheus-1-108Q;ONLINE;0;0
2026-06-10 03:06:05;Garnet;ONLINE;2;0
2026-06-10 03:06:05;Forte 1;OFFLINE;0;0
2026-06-10 04:06:10;Cepheus-1-108Q;ONLINE;0;0
2026-06-10 04:06:10;Garnet;ONLINE;0;0
2026-06-10 04:06:10;Forte 1;OFFLINE;0;0
2026-06-10 05:06:15;Cepheus-1-108Q;ONLINE;0;0
2026-06-10 05:06:15;Garnet;ONLINE;0;0
2026-06-10 05:06:15;Forte 1;OFFLINE;0;0
2026-06-10 06:06:21;Cepheus-1-108Q;ONLINE;0;0
2026-06-10 06:06:21;Garnet;ONLINE;0;0
2026-06-10 06:06:21;Forte 1;OFFLINE;0;0
2026-06-10 07:06:26;Cepheus-1-108Q;ONLINE;0;0
2026-06-10 07:06:26;Garnet;ONLINE;0;0
2026-06-10 07:06:26;Forte 1;OFFLINE;0;0
2026-06-10 08:06:31;Cepheus-1-108Q;ONLINE;74;0
2026-06-10 08:06:31;Garnet;ONLINE;0;0
2026-06-10 08:06:31;Forte 1;OFFLINE;0;0
2026-06-10 09:06:36;Cepheus-1-108Q;ONLINE;39;0
2026-06-10 09:06:36;Garnet;ONLINE;0;0
2026-06-10 09:06:36;Forte 1;OFFLINE;0;0
2026-06-10 10:06:41;Cepheus-1-108Q;ONLINE;3;0
2026-06-10 10:06:41;Garnet;ONLINE;0;0
2026-06-10 10:06:41;Forte 1;OFFLINE;0;0
2026-06-10 11:06:46;Cepheus-1-108Q;ONLINE;4;0
2026-06-10 11:06:46;Garnet;ONLINE;0;0
2026-06-10 11:06:46;Forte 1;OFFLINE;0;0
2026-06-10 12:06:52;Cepheus-1-108Q;ONLINE;87;0
2026-06-10 12:06:52;Garnet;ONLINE;0;0
2026-06-10 12:06:52;Forte 1;OFFLINE;0;0
2026-06-10 13:06:57;Cepheus-1-108Q;ONLINE;87;0
2026-06-10 13:06:57;Garnet;ONLINE;0;0
2026-06-10 13:06:57;Forte 1;OFFLINE;0;0
2026-06-10 14:07:02;Cepheus-1-108Q;ONLINE;88;0
2026-06-10 14:07:02;Garnet;ONLINE;0;0
2026-06-10 14:07:02;Forte 1;OFFLINE;0;0
2026-06-10 15:07:07;Cepheus-1-108Q;ONLINE;91;0
2026-06-10 15:07:07;Garnet;ONLINE;0;0
2026-06-10 15:07:07;Forte 1;OFFLINE;0;0
2026-06-10 16:07:13;Cepheus-1-108Q;ONLINE;0;0
2026-06-10 16:07:13;Garnet;ONLINE;6;0
2026-06-10 16:07:13;Forte 1;OFFLINE;0;0
2026-06-10 17:07:18;Cepheus-1-108Q;ONLINE;0;0
2026-06-10 17:07:18;Garnet;ONLINE;6;0
2026-06-10 17:07:18;Forte 1;OFFLINE;0;0
2026-06-10 18:07:23;Cepheus-1-108Q;ONLINE;0;0
2026-06-10 18:07:23;Garnet;ONLINE;0;0
2026-06-10 18:07:23;Forte 1;OFFLINE;0;0
2026-06-10 19:07:29;Cepheus-1-108Q;ONLINE;156;0
2026-06-10 19:07:29;Garnet;ONLINE;0;0
2026-06-10 19:07:29;Forte 1;OFFLINE;0;0
2026-06-10 20:07:34;Cepheus-1-108Q;ONLINE;488;0
2026-06-10 20:07:34;Garnet;ONLINE;0;0
2026-06-10 20:07:34;Forte 1;OFFLINE;0;0
2026-06-10 21:07:39;Cepheus-1-108Q;ONLINE;0;0
2026-06-10 21:07:39;Garnet;ONLINE;0;0
2026-06-10 21:07:39;Forte 1;OFFLINE;0;0
2026-06-10 22:07:45;Cepheus-1-108Q;ONLINE;0;0
2026-06-10 22:07:45;Garnet;ONLINE;0;0
2026-06-10 22:07:45;Forte 1;OFFLINE;0;0
2026-06-10 23:07:50;Cepheus-1-108Q;ONLINE;0;0
2026-06-10 23:07:50;Garnet;ONLINE;0;0
2026-06-10 23:07:50;Forte 1;OFFLINE;0;0
2026-06-11 00:07:55;Cepheus-1-108Q;ONLINE;6;0
2026-06-11 00:07:55;Garnet;ONLINE;0;0
2026-06-11 00:07:55;Forte 1;OFFLINE;0;0
2026-06-11 01:08:00;Cepheus-1-108Q;ONLINE;2;0
2026-06-11 01:08:00;Garnet;ONLINE;0;0
2026-06-11 01:08:00;Forte 1;OFFLINE;0;0
2026-06-11 02:08:06;Cepheus-1-108Q;ONLINE;0;0
2026-06-11 02:08:06;Garnet;ONLINE;10;0
2026-06-11 02:08:06;Forte 1;OFFLINE;0;0
2026-06-11 03:08:11;Cepheus-1-108Q;ONLINE;0;0
2026-06-11 03:08:11;Garnet;ONLINE;25;0
2026-06-11 03:08:11;Forte 1;OFFLINE;0;0
2026-06-11 04:08:16;Cepheus-1-108Q;ONLINE;0;0
2026-06-11 04:08:16;Garnet;ONLINE;0;0
2026-06-11 04:08:16;Forte 1;OFFLINE;0;0
2026-06-11 05:08:21;Cepheus-1-108Q;ONLINE;1;0
2026-06-11 05:08:21;Garnet;ONLINE;0;0
2026-06-11 05:08:21;Forte 1;OFFLINE;0;0
2026-06-11 06:08:27;Cepheus-1-108Q;ONLINE;0;0
2026-06-11 06:08:27;Garnet;ONLINE;0;0
2026-06-11 06:08:27;Forte 1;OFFLINE;0;0
2026-06-11 07:08:32;Cepheus-1-108Q;ONLINE;0;0
2026-06-11 07:08:32;Garnet;ONLINE;0;0
2026-06-11 07:08:32;Forte 1;OFFLINE;0;0
2026-06-11 08:08:37;Cepheus-1-108Q;ONLINE;0;0
2026-06-11 08:08:37;Garnet;ONLINE;0;0
2026-06-11 08:08:37;Forte 1;OFFLINE;0;0
2026-06-11 09:08:42;Cepheus-1-108Q;ONLINE;0;0
2026-06-11 09:08:42;Garnet;ONLINE;0;0
2026-06-11 09:08:42;Forte 1;OFFLINE;0;0
2026-06-11 10:08:48;Cepheus-1-108Q;ONLINE;0;0
2026-06-11 10:08:48;Garnet;ONLINE;0;0
2026-06-11 10:08:48;Forte 1;OFFLINE;0;0
2026-06-11 11:08:53;Cepheus-1-108Q;ONLINE;1;0
2026-06-11 11:08:53;Garnet;ONLINE;0;0
2026-06-11 11:08:53;Forte 1;OFFLINE;0;0
2026-06-11 12:08:58;Cepheus-1-108Q;ONLINE;1;0
2026-06-11 12:08:58;Garnet;ONLINE;0;0
2026-06-11 12:08:58;Forte 1;OFFLINE;0;0
2026-06-11 13:09:04;Cepheus-1-108Q;ONLINE;1;0
2026-06-11 13:09:04;Garnet;ONLINE;0;0
2026-06-11 13:09:04;Forte 1;OFFLINE;0;0
2026-06-11 14:09:09;Cepheus-1-108Q;ONLINE;0;0
2026-06-11 14:09:09;Garnet;ONLINE;0;0
2026-06-11 14:09:09;Forte 1;OFFLINE;0;0
2026-06-11 15:09:15;Cepheus-1-108Q;ONLINE;1;0
2026-06-11 15:09:15;Garnet;ONLINE;0;0
2026-06-11 15:09:15;Forte 1;OFFLINE;0;0
2026-06-11 16:09:20;Cepheus-1-108Q;ONLINE;11;0
2026-06-11 16:09:20;Garnet;ONLINE;6;0
2026-06-11 16:09:20;Forte 1;OFFLINE;0;0
2026-06-11 17:09:25;Cepheus-1-108Q;ONLINE;20;0
2026-06-11 17:09:25;Garnet;ONLINE;6;0
2026-06-11 17:09:25;Forte 1;OFFLINE;0;0
2026-06-11 18:09:31;Cepheus-1-108Q;ONLINE;0;0
2026-06-11 18:09:31;Garnet;ONLINE;0;0
2026-06-11 18:09:31;Forte 1;OFFLINE;0;0
2026-06-11 19:09:36;Cepheus-1-108Q;ONLINE;1;0
2026-06-11 19:09:36;Garnet;ONLINE;0;0
2026-06-11 19:09:36;Forte 1;OFFLINE;0;0
2026-06-11 20:09:41;Cepheus-1-108Q;ONLINE;2;0
2026-06-11 20:09:41;Garnet;ONLINE;0;0
2026-06-11 20:09:41;Forte 1;OFFLINE;0;0
2026-06-11 21:09:46;Cepheus-1-108Q;ONLINE;4;0
2026-06-11 21:09:46;Garnet;ONLINE;0;0
2026-06-11 21:09:46;Forte 1;OFFLINE;0;0
2026-06-11 22:09:51;Cepheus-1-108Q;ONLINE;4;0
2026-06-11 22:09:51;Garnet;ONLINE;0;0
2026-06-11 22:09:51;Forte 1;OFFLINE;0;0
2026-06-11 23:09:57;Cepheus-1-108Q;ONLINE;3;0
2026-06-11 23:09:57;Garnet;ONLINE;0;0
2026-06-11 23:09:57;Forte 1;OFFLINE;0;0
2026-06-12 00:10:02;Cepheus-1-108Q;ONLINE;0;0
2026-06-12 00:10:02;Garnet;ONLINE;0;0
2026-06-12 00:10:02;Forte 1;OFFLINE;0;0
2026-06-12 01:10:08;Cepheus-1-108Q;ONLINE;0;0
2026-06-12 01:10:08;Garnet;ONLINE;0;0
2026-06-12 01:10:08;Forte 1;OFFLINE;0;0
2026-06-12 02:10:13;Cepheus-1-108Q;ONLINE;0;0
2026-06-12 02:10:13;Garnet;ONLINE;1;0
2026-06-12 02:10:13;Forte 1;OFFLINE;0;0
2026-06-12 03:10:18;Cepheus-1-108Q;ONLINE;1;0
2026-06-12 03:10:18;Garnet;ONLINE;2;0
2026-06-12 03:10:18;Forte 1;OFFLINE;0;0
2026-06-12 04:10:23;Cepheus-1-108Q;ONLINE;0;0
2026-06-12 04:10:23;Garnet;ONLINE;0;0
2026-06-12 04:10:23;Forte 1;OFFLINE;0;0
2026-06-12 05:10:28;Cepheus-1-108Q;ONLINE;0;0
2026-06-12 05:10:28;Garnet;ONLINE;0;0
2026-06-12 05:10:28;Forte 1;OFFLINE;0;0
2026-06-12 06:10:34;Cepheus-1-108Q;ONLINE;0;0
2026-06-12 06:10:34;Garnet;ONLINE;0;0
2026-06-12 06:10:34;Forte 1;OFFLINE;0;0
2026-06-12 07:10:39;Cepheus-1-108Q;ONLINE;69;0
2026-06-12 07:10:39;Garnet;ONLINE;0;0
2026-06-12 07:10:39;Forte 1;OFFLINE;0;0
2026-06-12 08:10:45;Cepheus-1-108Q;ONLINE;69;0
2026-06-12 08:10:45;Garnet;ONLINE;0;0
2026-06-12 08:10:45;Forte 1;OFFLINE;0;0
2026-06-12 09:10:50;Cepheus-1-108Q;ONLINE;0;0
2026-06-12 09:10:50;Garnet;ONLINE;0;0
2026-06-12 09:10:50;Forte 1;OFFLINE;0;0
2026-06-12 10:10:56;Cepheus-1-108Q;ONLINE;0;0
2026-06-12 10:10:56;Garnet;ONLINE;0;0
2026-06-12 10:10:56;Forte 1;OFFLINE;0;0
2026-06-12 11:11:02;Cepheus-1-108Q;ONLINE;0;0
2026-06-12 11:11:02;Garnet;ONLINE;0;0
2026-06-12 11:11:02;Forte 1;OFFLINE;0;0
2026-06-12 12:11:07;Cepheus-1-108Q;ONLINE;0;0
2026-06-12 12:11:07;Garnet;ONLINE;0;0
2026-06-12 12:11:07;Forte 1;OFFLINE;0;0
2026-06-12 13:11:12;Cepheus-1-108Q;ONLINE;0;0
2026-06-12 13:11:12;Garnet;ONLINE;0;0
2026-06-12 13:11:12;Forte 1;OFFLINE;0;0
2026-06-12 14:11:17;Cepheus-1-108Q;ONLINE;0;0
2026-06-12 14:11:17;Garnet;ONLINE;0;0
2026-06-12 14:11:17;Forte 1;OFFLINE;0;0
2026-06-12 15:11:23;Cepheus-1-108Q;ONLINE;0;0
2026-06-12 15:11:23;Garnet;ONLINE;0;0
2026-06-12 15:11:23;Forte 1;OFFLINE;0;0
2026-06-12 16:11:28;Cepheus-1-108Q;ONLINE;0;0
2026-06-12 16:11:28;Garnet;ONLINE;6;0
2026-06-12 16:11:28;Forte 1;OFFLINE;0;0
2026-06-12 17:11:33;Cepheus-1-108Q;ONLINE;0;0
2026-06-12 17:11:33;Garnet;ONLINE;6;0
2026-06-12 17:11:33;Forte 1;OFFLINE;0;0
2026-06-12 18:11:39;Cepheus-1-108Q;ONLINE;0;0
2026-06-12 18:11:39;Garnet;ONLINE;0;0
2026-06-12 18:11:39;Forte 1;OFFLINE;0;0
2026-06-12 19:11:44;Cepheus-1-108Q;ONLINE;0;0
2026-06-12 19:11:44;Garnet;ONLINE;0;0
2026-06-12 19:11:44;Forte 1;OFFLINE;0;0
2026-06-12 20:11:49;Cepheus-1-108Q;ONLINE;2;0
2026-06-12 20:11:49;Garnet;ONLINE;0;0
2026-06-12 20:11:49;Forte 1;OFFLINE;0;0
2026-06-12 21:11:55;Cepheus-1-108Q;ONLINE;0;0
2026-06-12 21:11:55;Garnet;ONLINE;0;0
2026-06-12 21:11:55;Forte 1;OFFLINE;0;0
2026-06-12 22:12:00;Cepheus-1-108Q;ONLINE;0;0
2026-06-12 22:12:00;Garnet;ONLINE;0;0
2026-06-12 22:12:00;Forte 1;OFFLINE;0;0
2026-06-12 23:12:05;Cepheus-1-108Q;ONLINE;0;0
2026-06-12 23:12:05;Garnet;ONLINE;0;0
2026-06-12 23:12:05;Forte 1;OFFLINE;0;0
2026-06-13 00:12:10;Cepheus-1-108Q;ONLINE;0;0
2026-06-13 00:12:10;Garnet;ONLINE;1;0
2026-06-13 00:12:10;Forte 1;OFFLINE;0;0
2026-06-13 01:12:15;Cepheus-1-108Q;ONLINE;0;0
2026-06-13 01:12:15;Garnet;ONLINE;2;0
2026-06-13 01:12:15;Forte 1;OFFLINE;0;0
2026-06-13 02:12:20;Cepheus-1-108Q;ONLINE;2;0
2026-06-13 02:12:20;Garnet;ONLINE;2;0
2026-06-13 02:12:20;Forte 1;OFFLINE;0;0
2026-06-13 03:12:25;Cepheus-1-108Q;ONLINE;0;0
2026-06-13 03:12:25;Garnet;ONLINE;2;0
2026-06-13 03:12:25;Forte 1;OFFLINE;0;0
2026-06-13 04:12:31;Cepheus-1-108Q;ONLINE;0;0
2026-06-13 04:12:31;Garnet;ONLINE;2;0
2026-06-13 04:12:31;Forte 1;OFFLINE;0;0
2026-06-13 05:12:36;Cepheus-1-108Q;ONLINE;0;0
2026-06-13 05:12:36;Garnet;ONLINE;15;0
2026-06-13 05:12:36;Forte 1;OFFLINE;0;0
2026-06-13 06:12:41;Cepheus-1-108Q;ONLINE;0;0
2026-06-13 06:12:41;Garnet;ONLINE;15;0
2026-06-13 06:12:41;Forte 1;OFFLINE;0;0
2026-06-13 07:12:46;Cepheus-1-108Q;ONLINE;0;0
2026-06-13 07:12:46;Garnet;ONLINE;15;0
2026-06-13 07:12:46;Forte 1;OFFLINE;0;0
2026-06-13 08:12:51;Cepheus-1-108Q;ONLINE;0;0
2026-06-13 08:12:51;Garnet;ONLINE;15;0
2026-06-13 08:12:51;Forte 1;OFFLINE;0;0
2026-06-13 09:12:56;Cepheus-1-108Q;ONLINE;0;0
2026-06-13 09:12:56;Garnet;ONLINE;15;0
2026-06-13 09:12:56;Forte 1;OFFLINE;0;0
2026-06-13 10:13:02;Cepheus-1-108Q;ONLINE;0;0
2026-06-13 10:13:02;Garnet;ONLINE;15;0
2026-06-13 10:13:02;Forte 1;OFFLINE;0;0
2026-06-13 11:13:08;Cepheus-1-108Q;ONLINE;0;0
2026-06-13 11:13:08;Garnet;ONLINE;15;0
2026-06-13 11:13:08;Forte 1;OFFLINE;0;0
2026-06-13 12:13:13;Cepheus-1-108Q;ONLINE;0;0
2026-06-13 12:13:13;Garnet;ONLINE;15;0
2026-06-13 12:13:13;Forte 1;OFFLINE;0;0
2026-06-13 13:13:18;Cepheus-1-108Q;ONLINE;0;0
2026-06-13 13:13:18;Garnet;ONLINE;15;0
2026-06-13 13:13:18;Forte 1;OFFLINE;0;0
2026-06-13 14:13:24;Cepheus-1-108Q;ONLINE;0;0
2026-06-13 14:13:24;Garnet;ONLINE;15;0
2026-06-13 14:13:24;Forte 1;OFFLINE;0;0
2026-06-13 15:13:29;Cepheus-1-108Q;ONLINE;0;0
2026-06-13 15:13:29;Garnet;ONLINE;15;0
2026-06-13 15:13:29;Forte 1;OFFLINE;0;0
2026-06-13 16:13:34;Cepheus-1-108Q;ONLINE;0;0
2026-06-13 16:13:34;Garnet;ONLINE;15;0
2026-06-13 16:13:34;Forte 1;OFFLINE;0;0
2026-06-13 17:13:40;Cepheus-1-108Q;ONLINE;0;0
2026-06-13 17:13:40;Garnet;ONLINE;15;0
2026-06-13 17:13:40;Forte 1;OFFLINE;0;0
2026-06-13 18:13:45;Cepheus-1-108Q;ONLINE;0;0
2026-06-13 18:13:45;Garnet;ONLINE;15;0
2026-06-13 18:13:45;Forte 1;OFFLINE;0;0
2026-06-13 19:13:50;Cepheus-1-108Q;ONLINE;0;0
2026-06-13 19:13:50;Garnet;ONLINE;15;0
2026-06-13 19:13:50;Forte 1;OFFLINE;0;0
2026-06-13 20:13:55;Cepheus-1-108Q;ONLINE;0;0
2026-06-13 20:13:55;Garnet;ONLINE;15;0
2026-06-13 20:13:55;Forte 1;OFFLINE;0;0
2026-06-13 21:14:01;Cepheus-1-108Q;ONLINE;0;0
2026-06-13 21:14:01;Garnet;ONLINE;15;0
2026-06-13 21:14:01;Forte 1;OFFLINE;0;0
2026-06-13 22:14:06;Cepheus-1-108Q;ONLINE;0;0
2026-06-13 22:14:06;Garnet;ONLINE;15;0
2026-06-13 22:14:06;Forte 1;OFFLINE;0;0
2026-06-13 23:14:11;Cepheus-1-108Q;ONLINE;0;0
2026-06-13 23:14:11;Garnet;ONLINE;15;0
2026-06-13 23:14:11;Forte 1;OFFLINE;0;0
2026-06-14 00:14:16;Cepheus-1-108Q;ONLINE;0;0
2026-06-14 00:14:16;Garnet;ONLINE;15;0
2026-06-14 00:14:16;Forte 1;OFFLINE;0;0
2026-06-14 01:14:21;Cepheus-1-108Q;ONLINE;0;0
2026-06-14 01:14:21;Garnet;ONLINE;15;0
2026-06-14 01:14:21;Forte 1;OFFLINE;0;0
2026-06-14 02:14:26;Cepheus-1-108Q;ONLINE;0;0
2026-06-14 02:14:26;Garnet;ONLINE;15;0
2026-06-14 02:14:26;Forte 1;OFFLINE;0;0
2026-06-14 03:14:32;Cepheus-1-108Q;ONLINE;20;0
2026-06-14 03:14:32;Garnet;ONLINE;15;0
2026-06-14 03:14:32;Forte 1;OFFLINE;0;0
2026-06-14 04:14:37;Cepheus-1-108Q;ONLINE;0;0
2026-06-14 04:14:37;Garnet;ONLINE;15;0
2026-06-14 04:14:37;Forte 1;OFFLINE;0;0
2026-06-14 05:14:42;Cepheus-1-108Q;ONLINE;0;0
2026-06-14 05:14:42;Garnet;ONLINE;15;0
2026-06-14 05:14:42;Forte 1;OFFLINE;0;0
2026-06-14 06:14:47;Cepheus-1-108Q;ONLINE;0;0
2026-06-14 06:14:47;Garnet;ONLINE;15;0
2026-06-14 06:14:47;Forte 1;OFFLINE;0;0
2026-06-14 07:14:52;Cepheus-1-108Q;ONLINE;0;0
2026-06-14 07:14:52;Garnet;ONLINE;15;0
2026-06-14 07:14:52;Forte 1;OFFLINE;0;0
2026-06-14 08:14:57;Cepheus-1-108Q;ONLINE;0;0
2026-06-14 08:14:57;Garnet;ONLINE;15;0
2026-06-14 08:14:57;Forte 1;OFFLINE;0;0
2026-06-14 09:15:02;Cepheus-1-108Q;ONLINE;0;0
2026-06-14 09:15:02;Garnet;ONLINE;15;0
2026-06-14 09:15:02;Forte 1;OFFLINE;0;0
2026-06-14 10:15:08;Cepheus-1-108Q;ONLINE;0;0
2026-06-14 10:15:08;Garnet;ONLINE;15;0
2026-06-14 10:15:08;Forte 1;OFFLINE;0;0
2026-06-14 11:15:14;Cepheus-1-108Q;ONLINE;0;0
2026-06-14 11:15:14;Garnet;ONLINE;15;0
2026-06-14 11:15:14;Forte 1;OFFLINE;0;0
2026-06-14 12:15:19;Cepheus-1-108Q;ONLINE;0;0
2026-06-14 12:15:19;Garnet;ONLINE;15;0
2026-06-14 12:15:19;Forte 1;OFFLINE;0;0
2026-06-14 13:15:24;Cepheus-1-108Q;ONLINE;1;0
2026-06-14 13:15:24;Garnet;ONLINE;15;0
2026-06-14 13:15:24;Forte 1;OFFLINE;0;0
2026-06-14 14:15:29;Cepheus-1-108Q;ONLINE;0;0
2026-06-14 14:15:29;Garnet;ONLINE;15;0
2026-06-14 14:15:29;Forte 1;OFFLINE;0;0
2026-06-14 15:15:34;Cepheus-1-108Q;ONLINE;0;0
2026-06-14 15:15:34;Garnet;ONLINE;15;0
2026-06-14 15:15:34;Forte 1;OFFLINE;0;0
2026-06-14 16:15:40;Cepheus-1-108Q;ONLINE;0;0
2026-06-14 16:15:40;Garnet;ONLINE;15;0
2026-06-14 16:15:40;Forte 1;OFFLINE;0;0
2026-06-14 17:15:45;Cepheus-1-108Q;ONLINE;0;0
2026-06-14 17:15:45;Garnet;ONLINE;15;0
2026-06-14 17:15:45;Forte 1;OFFLINE;0;0
2026-06-14 18:15:50;Cepheus-1-108Q;ONLINE;0;0
2026-06-14 18:15:50;Garnet;ONLINE;15;0
2026-06-14 18:15:50;Forte 1;OFFLINE;0;0
2026-06-14 19:15:56;Cepheus-1-108Q;ONLINE;0;0
2026-06-14 19:15:56;Garnet;ONLINE;15;0
2026-06-14 19:15:56;Forte 1;OFFLINE;0;0
2026-06-14 20:16:01;Cepheus-1-108Q;ONLINE;0;0
2026-06-14 20:16:01;Garnet;ONLINE;15;0
2026-06-14 20:16:01;Forte 1;OFFLINE;0;0
2026-06-14 21:16:06;Cepheus-1-108Q;ONLINE;0;0
2026-06-14 21:16:06;Garnet;ONLINE;15;0
2026-06-14 21:16:06;Forte 1;OFFLINE;0;0
2026-06-14 22:16:12;Cepheus-1-108Q;ONLINE;0;0
2026-06-14 22:16:12;Garnet;ONLINE;15;0
2026-06-14 22:16:12;Forte 1;OFFLINE;0;0
2026-06-14 23:16:17;Cepheus-1-108Q;ONLINE;0;0
2026-06-14 23:16:17;Garnet;ONLINE;15;0
2026-06-14 23:16:17;Forte 1;OFFLINE;0;0
2026-06-15 00:16:22;Cepheus-1-108Q;ONLINE;0;0
2026-06-15 00:16:22;Garnet;ONLINE;0;0
2026-06-15 00:16:22;Forte 1;OFFLINE;0;0
2026-06-15 01:16:28;Cepheus-1-108Q;ONLINE;0;0
2026-06-15 01:16:28;Garnet;ONLINE;0;0
2026-06-15 01:16:28;Forte 1;OFFLINE;0;0
2026-06-15 02:16:34;Cepheus-1-108Q;ONLINE;0;0
2026-06-15 02:16:34;Garnet;ONLINE;1;0
2026-06-15 02:16:34;Forte 1;OFFLINE;0;0
2026-06-15 03:16:39;Cepheus-1-108Q;ONLINE;0;0
2026-06-15 03:16:39;Garnet;ONLINE;0;0
2026-06-15 03:16:39;Forte 1;OFFLINE;0;0
2026-06-15 04:16:44;Cepheus-1-108Q;ONLINE;0;0
2026-06-15 04:16:44;Garnet;ONLINE;0;0
2026-06-15 04:16:44;Forte 1;OFFLINE;0;0
2026-06-15 05:16:49;Cepheus-1-108Q;ONLINE;0;0
2026-06-15 05:16:49;Garnet;ONLINE;0;0
2026-06-15 05:16:49;Forte 1;OFFLINE;0;0
2026-06-15 06:16:54;Cepheus-1-108Q;ONLINE;0;0
2026-06-15 06:16:54;Garnet;ONLINE;0;0
2026-06-15 06:16:54;Forte 1;OFFLINE;0;0
2026-06-15 07:17:00;Cepheus-1-108Q;ONLINE;0;0
2026-06-15 07:17:00;Garnet;ONLINE;0;0
2026-06-15 07:17:00;Forte 1;OFFLINE;0;0
2026-06-15 08:17:05;Cepheus-1-108Q;ONLINE;0;0
2026-06-15 08:17:05;Garnet;ONLINE;0;0
2026-06-15 08:17:05;Forte 1;OFFLINE;0;0
2026-06-15 09:17:11;Cepheus-1-108Q;ONLINE;0;0
2026-06-15 09:17:11;Garnet;ONLINE;0;0
2026-06-15 09:17:11;Forte 1;OFFLINE;0;0
2026-06-15 10:17:16;Cepheus-1-108Q;ONLINE;0;0
2026-06-15 10:17:16;Garnet;ONLINE;0;0
2026-06-15 10:17:16;Forte 1;OFFLINE;0;0
2026-06-15 11:17:22;Cepheus-1-108Q;ONLINE;0;0
2026-06-15 11:17:22;Garnet;ONLINE;0;0
2026-06-15 11:17:22;Forte 1;OFFLINE;0;0
2026-06-15 12:17:27;Cepheus-1-108Q;ONLINE;0;0
2026-06-15 12:17:27;Garnet;ONLINE;0;0
2026-06-15 12:17:27;Forte 1;OFFLINE;0;0
2026-06-15 13:17:33;Cepheus-1-108Q;ONLINE;0;0
2026-06-15 13:17:33;Garnet;ONLINE;0;0
2026-06-15 13:17:33;Forte 1;OFFLINE;0;0
2026-06-15 14:17:38;Cepheus-1-108Q;ONLINE;0;0
2026-06-15 14:17:38;Garnet;ONLINE;0;0
2026-06-15 14:17:38;Forte 1;OFFLINE;0;0
2026-06-15 15:17:43;Cepheus-1-108Q;ONLINE;0;0
2026-06-15 15:17:43;Garnet;ONLINE;0;0 (1 prioritized hybrid job running)
2026-06-15 15:17:43;Forte 1;OFFLINE;0;0
2026-06-15 16:17:48;Cepheus-1-108Q;ONLINE;0;0
2026-06-15 16:17:48;Garnet;ONLINE;6;0 (1 prioritized hybrid job running)
2026-06-15 16:17:48;Forte 1;OFFLINE;0;0
2026-06-15 17:17:54;Cepheus-1-108Q;ONLINE;0;0
2026-06-15 17:17:54;Garnet;ONLINE;0;0
2026-06-15 17:17:54;Forte 1;OFFLINE;0;0
2026-06-15 18:17:59;Cepheus-1-108Q;ONLINE;0;0
2026-06-15 18:17:59;Garnet;ONLINE;0;0
2026-06-15 18:17:59;Forte 1;OFFLINE;0;0
2026-06-15 19:18:05;Cepheus-1-108Q;ONLINE;1;0
2026-06-15 19:18:05;Garnet;ONLINE;0;0
2026-06-15 19:18:05;Forte 1;OFFLINE;0;0
2026-06-15 20:18:10;Cepheus-1-108Q;ONLINE;0;0
2026-06-15 20:18:10;Garnet;ONLINE;0;0
2026-06-15 20:18:10;Forte 1;OFFLINE;0;0
2026-06-15 21:18:15;Cepheus-1-108Q;ONLINE;0;0
2026-06-15 21:18:15;Garnet;ONLINE;0;0
2026-06-15 21:18:15;Forte 1;OFFLINE;0;0
2026-06-15 22:18:20;Cepheus-1-108Q;ONLINE;0;0
2026-06-15 22:18:20;Garnet;ONLINE;0;0
2026-06-15 22:18:20;Forte 1;OFFLINE;0;0
2026-06-15 23:18:26;Cepheus-1-108Q;ONLINE;0;0
2026-06-15 23:18:26;Garnet;ONLINE;0;0
2026-06-15 23:18:26;Forte 1;OFFLINE;0;0
2026-06-16 00:18:31;Cepheus-1-108Q;ONLINE;0;0
2026-06-16 00:18:31;Garnet;ONLINE;0;0
2026-06-16 00:18:31;Forte 1;OFFLINE;0;0
2026-06-16 01:18:36;Cepheus-1-108Q;ONLINE;0;0
2026-06-16 01:18:36;Garnet;ONLINE;1;0
2026-06-16 01:18:36;Forte 1;OFFLINE;0;0
2026-06-16 02:18:41;Cepheus-1-108Q;ONLINE;1;0
2026-06-16 02:18:41;Garnet;ONLINE;1;0
2026-06-16 02:18:41;Forte 1;OFFLINE;0;0
2026-06-16 03:18:47;Cepheus-1-108Q;ONLINE;1;0
2026-06-16 03:18:47;Garnet;ONLINE;0;0
2026-06-16 03:18:47;Forte 1;OFFLINE;0;0
2026-06-16 04:18:52;Cepheus-1-108Q;ONLINE;0;0
2026-06-16 04:18:52;Garnet;ONLINE;0;0
2026-06-16 04:18:52;Forte 1;OFFLINE;0;0
2026-06-16 05:18:57;Cepheus-1-108Q;ONLINE;0;0
2026-06-16 05:18:57;Garnet;ONLINE;0;0
2026-06-16 05:18:57;Forte 1;OFFLINE;0;0
2026-06-16 06:19:03;Cepheus-1-108Q;ONLINE;0;0
2026-06-16 06:19:03;Garnet;ONLINE;0;0
2026-06-16 06:19:03;Forte 1;OFFLINE;0;0
2026-06-16 07:19:08;Cepheus-1-108Q;ONLINE;0;0
2026-06-16 07:19:08;Garnet;ONLINE;0;1
2026-06-16 07:19:08;Forte 1;OFFLINE;0;0
2026-06-16 08:19:13;Cepheus-1-108Q;ONLINE;1;2
2026-06-16 08:19:13;Garnet;ONLINE;0;0 (1 prioritized hybrid job running)
2026-06-16 08:19:13;Forte 1;OFFLINE;0;0
2026-06-16 09:19:17;Cepheus-1-108Q;ONLINE;0;0 (1 prioritized hybrid job running)
2026-06-16 09:19:17;Garnet;ONLINE;0;0
2026-06-16 09:19:17;Forte 1;OFFLINE;0;0
2026-06-16 10:19:23;Cepheus-1-108Q;ONLINE;0;0 (1 prioritized hybrid job running)
2026-06-16 10:19:23;Garnet;ONLINE;0;0
2026-06-16 10:19:23;Forte 1;OFFLINE;0;0
2026-06-16 11:19:28;Cepheus-1-108Q;ONLINE;0;0
2026-06-16 11:19:28;Garnet;ONLINE;0;0
2026-06-16 11:19:28;Forte 1;OFFLINE;0;0
2026-06-16 12:19:34;Cepheus-1-108Q;ONLINE;0;0
2026-06-16 12:19:34;Garnet;ONLINE;0;0
2026-06-16 12:19:34;Forte 1;OFFLINE;0;0
2026-06-16 13:19:39;Cepheus-1-108Q;ONLINE;2;0
2026-06-16 13:19:39;Garnet;ONLINE;0;0
2026-06-16 13:19:39;Forte 1;OFFLINE;0;0
2026-06-16 14:19:45;Cepheus-1-108Q;ONLINE;1;0
2026-06-16 14:19:45;Garnet;ONLINE;0;0
2026-06-16 14:19:45;Forte 1;OFFLINE;0;0
2026-06-16 15:19:50;Cepheus-1-108Q;ONLINE;6;0
2026-06-16 15:19:50;Garnet;ONLINE;0;0
2026-06-16 15:19:50;Forte 1;OFFLINE;0;0
2026-06-16 16:19:55;Cepheus-1-108Q;ONLINE;0;0
2026-06-16 16:19:55;Garnet;ONLINE;8;0
2026-06-16 16:19:55;Forte 1;OFFLINE;0;0
2026-06-16 17:20:01;Cepheus-1-108Q;ONLINE;0;0
2026-06-16 17:20:01;Garnet;ONLINE;0;0
2026-06-16 17:20:01;Forte 1;OFFLINE;0;0
2026-06-16 18:20:07;Cepheus-1-108Q;ONLINE;3;0
2026-06-16 18:20:07;Garnet;ONLINE;0;0
2026-06-16 18:20:07;Forte 1;OFFLINE;0;0
2026-06-16 19:20:12;Cepheus-1-108Q;ONLINE;2;0
2026-06-16 19:20:12;Garnet;ONLINE;0;0
2026-06-16 19:20:12;Forte 1;OFFLINE;0;0
2026-06-16 20:20:18;Cepheus-1-108Q;ONLINE;2;0
2026-06-16 20:20:18;Garnet;ONLINE;0;0
2026-06-16 20:20:18;Forte 1;OFFLINE;0;0
2026-06-16 21:20:23;Cepheus-1-108Q;ONLINE;0;0
2026-06-16 21:20:23;Garnet;ONLINE;0;0
2026-06-16 21:20:23;Forte 1;OFFLINE;0;0
2026-06-16 22:20:28;Cepheus-1-108Q;ONLINE;0;0
2026-06-16 22:20:28;Garnet;ONLINE;0;0
2026-06-16 22:20:28;Forte 1;OFFLINE;0;0
2026-06-16 23:20:34;Cepheus-1-108Q;ONLINE;0;0
2026-06-16 23:20:34;Garnet;ONLINE;0;0
2026-06-16 23:20:34;Forte 1;OFFLINE;0;0
2026-06-17 00:20:39;Cepheus-1-108Q;ONLINE;1;2
2026-06-17 00:20:39;Garnet;ONLINE;0;0
2026-06-17 00:20:39;Forte 1;OFFLINE;0;0
2026-06-17 01:20:45;Cepheus-1-108Q;ONLINE;1;1
2026-06-17 01:20:45;Garnet;ONLINE;0;0
2026-06-17 01:20:45;Forte 1;OFFLINE;0;0
2026-06-17 02:20:50;Cepheus-1-108Q;ONLINE;3;2
2026-06-17 02:20:50;Garnet;ONLINE;1;0
2026-06-17 02:20:50;Forte 1;OFFLINE;0;0
2026-06-17 03:20:55;Cepheus-1-108Q;ONLINE;4;2
2026-06-17 03:20:55;Garnet;ONLINE;1;0
2026-06-17 03:20:55;Forte 1;OFFLINE;0;0
2026-06-17 04:21:01;Cepheus-1-108Q;ONLINE;0;0 (1 prioritized hybrid job running)
2026-06-17 04:21:01;Garnet;ONLINE;7;0
2026-06-17 04:21:01;Forte 1;OFFLINE;0;0
2026-06-17 05:21:06;Cepheus-1-108Q;ONLINE;0;0
2026-06-17 05:21:06;Garnet;ONLINE;7;0
2026-06-17 05:21:06;Forte 1;OFFLINE;0;0
2026-06-17 06:21:11;Cepheus-1-108Q;ONLINE;0;0
2026-06-17 06:21:11;Garnet;ONLINE;14;0
2026-06-17 06:21:11;Forte 1;OFFLINE;0;0
2026-06-17 07:21:16;Cepheus-1-108Q;ONLINE;1;0
2026-06-17 07:21:16;Garnet;ONLINE;17;0
2026-06-17 07:21:16;Forte 1;OFFLINE;0;0
2026-06-17 08:21:22;Cepheus-1-108Q;ONLINE;3;0
2026-06-17 08:21:22;Garnet;ONLINE;21;0
2026-06-17 08:21:22;Forte 1;OFFLINE;0;0
2026-06-17 09:21:27;Cepheus-1-108Q;ONLINE;1;0
2026-06-17 09:21:27;Garnet;ONLINE;27;1
2026-06-17 09:21:27;Forte 1;OFFLINE;0;0
2026-06-17 10:21:32;Cepheus-1-108Q;ONLINE;3;0 (1 prioritized hybrid job running)
2026-06-17 10:21:32;Garnet;ONLINE;29;2
2026-06-17 10:21:32;Forte 1;OFFLINE;0;0
2026-06-17 11:21:37;Cepheus-1-108Q;ONLINE;0;0
2026-06-17 11:21:37;Garnet;ONLINE;35;2
2026-06-17 11:21:37;Forte 1;OFFLINE;0;0
2026-06-17 12:21:43;Cepheus-1-108Q;ONLINE;0;0
2026-06-17 12:21:43;Garnet;ONLINE;45;0 (1 prioritized hybrid job running)
2026-06-17 12:21:43;Forte 1;OFFLINE;0;0
2026-06-17 13:21:48;Cepheus-1-108Q;ONLINE;0;0
2026-06-17 13:21:48;Garnet;ONLINE;45;0 (1 prioritized hybrid job running)
2026-06-17 13:21:48;Forte 1;OFFLINE;0;0
2026-06-17 14:21:54;Cepheus-1-108Q;ONLINE;0;0
2026-06-17 14:21:54;Garnet;ONLINE;52;0 (1 prioritized hybrid job running)
2026-06-17 14:21:54;Forte 1;OFFLINE;0;0
2026-06-17 15:21:59;Cepheus-1-108Q;ONLINE;1;0
2026-06-17 15:21:59;Garnet;ONLINE;52;0 (1 prioritized hybrid job running)
2026-06-17 15:21:59;Forte 1;OFFLINE;0;0
2026-06-17 16:22:04;Cepheus-1-108Q;ONLINE;0;0
2026-06-17 16:22:04;Garnet;ONLINE;58;0 (1 prioritized hybrid job running)
2026-06-17 16:22:04;Forte 1;OFFLINE;0;0
2026-06-17 17:22:09;Cepheus-1-108Q;ONLINE;0;0
2026-06-17 17:22:09;Garnet;ONLINE;44;0 (1 prioritized hybrid job running)
2026-06-17 17:22:09;Forte 1;OFFLINE;0;0
2026-06-17 18:22:15;Cepheus-1-108Q;ONLINE;0;0
2026-06-17 18:22:15;Garnet;ONLINE;0;0
2026-06-17 18:22:15;Forte 1;OFFLINE;0;0
2026-06-17 19:22:20;Cepheus-1-108Q;ONLINE;0;0
2026-06-17 19:22:20;Garnet;ONLINE;0;0
2026-06-17 19:22:20;Forte 1;OFFLINE;0;0
2026-06-17 20:22:25;Cepheus-1-108Q;ONLINE;6;0
2026-06-17 20:22:25;Garnet;ONLINE;0;0
2026-06-17 20:22:25;Forte 1;OFFLINE;0;0
2026-06-17 21:22:31;Cepheus-1-108Q;ONLINE;0;0
2026-06-17 21:22:31;Garnet;ONLINE;0;0
2026-06-17 21:22:31;Forte 1;OFFLINE;0;0
2026-06-17 22:22:36;Cepheus-1-108Q;ONLINE;0;0
2026-06-17 22:22:36;Garnet;ONLINE;0;0
2026-06-17 22:22:36;Forte 1;OFFLINE;0;0
2026-06-17 23:22:41;Cepheus-1-108Q;ONLINE;0;0
2026-06-17 23:22:41;Garnet;ONLINE;0;0
2026-06-17 23:22:41;Forte 1;OFFLINE;0;0
2026-06-18 00:22:46;Cepheus-1-108Q;ONLINE;0;0
2026-06-18 00:22:46;Garnet;ONLINE;0;0
2026-06-18 00:22:46;Forte 1;OFFLINE;0;0
2026-06-18 01:22:52;Cepheus-1-108Q;ONLINE;0;0
2026-06-18 01:22:52;Garnet;ONLINE;0;0
2026-06-18 01:22:52;Forte 1;OFFLINE;0;0
2026-06-18 02:22:57;Cepheus-1-108Q;ONLINE;205;0
2026-06-18 02:22:57;Garnet;ONLINE;1;0
2026-06-18 02:22:57;Forte 1;OFFLINE;0;0
2026-06-18 03:23:03;Cepheus-1-108Q;ONLINE;186;0
2026-06-18 03:23:03;Garnet;ONLINE;0;0
2026-06-18 03:23:03;Forte 1;OFFLINE;0;0
2026-06-18 04:23:08;Cepheus-1-108Q;ONLINE;0;0
2026-06-18 04:23:08;Garnet;ONLINE;0;0
2026-06-18 04:23:08;Forte 1;OFFLINE;0;0
2026-06-18 05:23:13;Cepheus-1-108Q;ONLINE;2;0
2026-06-18 05:23:13;Garnet;ONLINE;0;0
2026-06-18 05:23:13;Forte 1;OFFLINE;0;0
2026-06-18 06:23:19;Cepheus-1-108Q;ONLINE;0;0
2026-06-18 06:23:19;Garnet;ONLINE;0;0
2026-06-18 06:23:19;Forte 1;OFFLINE;0;0
2026-06-18 07:23:24;Cepheus-1-108Q;ONLINE;1;0
2026-06-18 07:23:24;Garnet;ONLINE;0;0
2026-06-18 07:23:24;Forte 1;OFFLINE;0;0
2026-06-18 08:23:30;Cepheus-1-108Q;ONLINE;29;0
2026-06-18 08:23:30;Garnet;ONLINE;0;0
2026-06-18 08:23:30;Forte 1;OFFLINE;0;0
2026-06-18 09:23:35;Cepheus-1-108Q;ONLINE;0;0
2026-06-18 09:23:35;Garnet;ONLINE;0;0
2026-06-18 09:23:35;Forte 1;OFFLINE;0;0
2026-06-18 10:23:40;Cepheus-1-108Q;ONLINE;0;0
2026-06-18 10:23:40;Garnet;ONLINE;0;0
2026-06-18 10:23:40;Forte 1;OFFLINE;0;0
2026-06-18 11:23:45;Cepheus-1-108Q;ONLINE;0;0
2026-06-18 11:23:45;Garnet;ONLINE;0;0
2026-06-18 11:23:45;Forte 1;OFFLINE;0;0
2026-06-18 12:23:50;Cepheus-1-108Q;ONLINE;0;0
2026-06-18 12:23:50;Garnet;ONLINE;0;0
2026-06-18 12:23:50;Forte 1;OFFLINE;0;0
2026-06-18 13:23:55;Cepheus-1-108Q;ONLINE;0;0
2026-06-18 13:23:55;Garnet;ONLINE;1;0
2026-06-18 13:23:55;Forte 1;OFFLINE;0;0
2026-06-18 14:24:00;Cepheus-1-108Q;ONLINE;5;0
2026-06-18 14:24:00;Garnet;ONLINE;0;0
2026-06-18 14:24:00;Forte 1;OFFLINE;0;0
2026-06-18 15:24:05;Cepheus-1-108Q;ONLINE;1;0
2026-06-18 15:24:05;Garnet;ONLINE;5;0
2026-06-18 15:24:05;Forte 1;OFFLINE;0;0
2026-06-18 16:24:11;Cepheus-1-108Q;ONLINE;1;0
2026-06-18 16:24:11;Garnet;ONLINE;17;0
2026-06-18 16:24:11;Forte 1;OFFLINE;0;0
2026-06-18 17:24:16;Cepheus-1-108Q;ONLINE;1;0
2026-06-18 17:24:16;Garnet;ONLINE;0;0
2026-06-18 17:24:16;Forte 1;OFFLINE;0;0
2026-06-18 18:24:22;Cepheus-1-108Q;ONLINE;0;0
2026-06-18 18:24:22;Garnet;ONLINE;4;0
2026-06-18 18:24:22;Forte 1;OFFLINE;0;0
2026-06-18 19:24:27;Cepheus-1-108Q;ONLINE;1;0
2026-06-18 19:24:27;Garnet;ONLINE;0;0
2026-06-18 19:24:27;Forte 1;OFFLINE;0;0
2026-06-18 20:24:32;Cepheus-1-108Q;ONLINE;1;0
2026-06-18 20:24:32;Garnet;ONLINE;0;0
2026-06-18 20:24:32;Forte 1;OFFLINE;0;0
2026-06-18 21:24:37;Cepheus-1-108Q;ONLINE;0;0
2026-06-18 21:24:37;Garnet;ONLINE;0;0
2026-06-18 21:24:37;Forte 1;OFFLINE;0;0
2026-06-18 22:24:43;Cepheus-1-108Q;ONLINE;0;0
2026-06-18 22:24:43;Garnet;ONLINE;5;0
2026-06-18 22:24:43;Forte 1;OFFLINE;0;0
2026-06-18 23:24:48;Cepheus-1-108Q;ONLINE;0;0
2026-06-18 23:24:48;Garnet;ONLINE;0;0
2026-06-18 23:24:48;Forte 1;OFFLINE;0;0
2026-06-19 00:24:53;Cepheus-1-108Q;ONLINE;0;2
2026-06-19 00:24:53;Garnet;ONLINE;0;0
2026-06-19 00:24:53;Forte 1;OFFLINE;0;0
2026-06-19 01:24:59;Cepheus-1-108Q;ONLINE;20;2
2026-06-19 01:24:59;Garnet;ONLINE;0;0
2026-06-19 01:24:59;Forte 1;OFFLINE;0;0
2026-06-19 02:25:04;Cepheus-1-108Q;ONLINE;18;0
2026-06-19 02:25:04;Garnet;ONLINE;1;0
2026-06-19 02:25:04;Forte 1;OFFLINE;0;0
2026-06-19 03:25:09;Cepheus-1-108Q;ONLINE;13;0
2026-06-19 03:25:09;Garnet;ONLINE;0;0
2026-06-19 03:25:09;Forte 1;OFFLINE;0;0
2026-06-19 04:25:14;Cepheus-1-108Q;ONLINE;0;0
2026-06-19 04:25:14;Garnet;ONLINE;0;0
2026-06-19 04:25:14;Forte 1;OFFLINE;0;0
2026-06-19 05:25:20;Cepheus-1-108Q;ONLINE;0;0
2026-06-19 05:25:20;Garnet;ONLINE;0;0
2026-06-19 05:25:20;Forte 1;OFFLINE;0;0
2026-06-19 06:25:25;Cepheus-1-108Q;ONLINE;1;0
2026-06-19 06:25:25;Garnet;ONLINE;0;0
2026-06-19 06:25:25;Forte 1;OFFLINE;0;0
2026-06-19 07:25:30;Cepheus-1-108Q;ONLINE;1;0
2026-06-19 07:25:30;Garnet;ONLINE;0;0
2026-06-19 07:25:30;Forte 1;OFFLINE;0;0
2026-06-19 08:25:35;Cepheus-1-108Q;ONLINE;2;1
2026-06-19 08:25:35;Garnet;ONLINE;0;0
2026-06-19 08:25:35;Forte 1;OFFLINE;0;0
2026-06-19 09:25:40;Cepheus-1-108Q;ONLINE;0;0
2026-06-19 09:25:40;Garnet;ONLINE;0;0
2026-06-19 09:25:40;Forte 1;OFFLINE;0;0
2026-06-19 10:25:45;Cepheus-1-108Q;ONLINE;0;0
2026-06-19 10:25:45;Garnet;ONLINE;0;0
2026-06-19 10:25:45;Forte 1;OFFLINE;0;0
2026-06-19 11:25:51;Cepheus-1-108Q;ONLINE;0;0
2026-06-19 11:25:51;Garnet;ONLINE;0;0
2026-06-19 11:25:51;Forte 1;OFFLINE;0;0
2026-06-19 12:25:56;Cepheus-1-108Q;ONLINE;0;0
2026-06-19 12:25:56;Garnet;ONLINE;0;0
2026-06-19 12:25:56;Forte 1;OFFLINE;0;0
2026-06-19 13:26:02;Cepheus-1-108Q;ONLINE;0;0
2026-06-19 13:26:02;Garnet;ONLINE;0;0
2026-06-19 13:26:02;Forte 1;OFFLINE;0;0
2026-06-19 14:26:08;Cepheus-1-108Q;ONLINE;3;0
2026-06-19 14:26:08;Garnet;ONLINE;0;0
2026-06-19 14:26:08;Forte 1;OFFLINE;0;0
2026-06-19 15:26:14;Cepheus-1-108Q;ONLINE;8;0
2026-06-19 15:26:14;Garnet;ONLINE;0;0
2026-06-19 15:26:14;Forte 1;OFFLINE;0;0
2026-06-19 16:26:19;Cepheus-1-108Q;ONLINE;0;0
2026-06-19 16:26:19;Garnet;ONLINE;8;0
2026-06-19 16:26:19;Forte 1;OFFLINE;0;0
2026-06-19 17:26:24;Cepheus-1-108Q;ONLINE;0;0
2026-06-19 17:26:24;Garnet;ONLINE;0;0
2026-06-19 17:26:24;Forte 1;OFFLINE;0;0
2026-06-19 18:26:30;Cepheus-1-108Q;ONLINE;0;0
2026-06-19 18:26:30;Garnet;ONLINE;0;0
2026-06-19 18:26:30;Forte 1;OFFLINE;0;0
2026-06-19 19:26:35;Cepheus-1-108Q;ONLINE;2;0
2026-06-19 19:26:35;Garnet;ONLINE;0;0
2026-06-19 19:26:35;Forte 1;OFFLINE;0;0
2026-06-19 20:26:41;Cepheus-1-108Q;ONLINE;2;0
2026-06-19 20:26:41;Garnet;ONLINE;0;0
2026-06-19 20:26:41;Forte 1;OFFLINE;0;0
2026-06-19 21:26:46;Cepheus-1-108Q;ONLINE;0;0
2026-06-19 21:26:46;Garnet;ONLINE;0;0
2026-06-19 21:26:46;Forte 1;OFFLINE;0;0
2026-06-19 22:26:51;Cepheus-1-108Q;ONLINE;0;0
2026-06-19 22:26:51;Garnet;ONLINE;0;0
2026-06-19 22:26:51;Forte 1;OFFLINE;0;0
2026-06-19 23:26:56;Cepheus-1-108Q;ONLINE;0;0
2026-06-19 23:26:56;Garnet;ONLINE;0;0
2026-06-19 23:26:56;Forte 1;OFFLINE;0;0
2026-06-20 00:27:00;Cepheus-1-108Q;ONLINE;0;0
2026-06-20 00:27:00;Garnet;ONLINE;1;0
2026-06-20 00:27:00;Forte 1;OFFLINE;0;0
2026-06-20 01:27:06;Cepheus-1-108Q;ONLINE;0;0
2026-06-20 01:27:06;Garnet;ONLINE;1;0
2026-06-20 01:27:06;Forte 1;OFFLINE;0;0
2026-06-20 02:27:11;Cepheus-1-108Q;ONLINE;0;0
2026-06-20 02:27:11;Garnet;ONLINE;1;0
2026-06-20 02:27:11;Forte 1;OFFLINE;0;0
2026-06-20 03:27:16;Cepheus-1-108Q;ONLINE;2;0
2026-06-20 03:27:16;Garnet;ONLINE;1;0
2026-06-20 03:27:16;Forte 1;OFFLINE;0;0
2026-06-20 04:27:21;Cepheus-1-108Q;ONLINE;0;0
2026-06-20 04:27:21;Garnet;ONLINE;1;0
2026-06-20 04:27:21;Forte 1;OFFLINE;0;0
2026-06-20 05:27:26;Cepheus-1-108Q;ONLINE;0;0
2026-06-20 05:27:26;Garnet;ONLINE;1;0
2026-06-20 05:27:26;Forte 1;OFFLINE;0;0
2026-06-20 06:27:32;Cepheus-1-108Q;ONLINE;0;0
2026-06-20 06:27:32;Garnet;ONLINE;1;0
2026-06-20 06:27:32;Forte 1;OFFLINE;0;0
2026-06-20 07:27:37;Cepheus-1-108Q;ONLINE;0;0
2026-06-20 07:27:37;Garnet;ONLINE;1;0
2026-06-20 07:27:37;Forte 1;OFFLINE;0;0
2026-06-20 08:27:42;Cepheus-1-108Q;ONLINE;0;0
2026-06-20 08:27:42;Garnet;ONLINE;1;0
2026-06-20 08:27:42;Forte 1;OFFLINE;0;0
2026-06-20 09:27:47;Cepheus-1-108Q;ONLINE;0;0
2026-06-20 09:27:47;Garnet;ONLINE;1;0
2026-06-20 09:27:47;Forte 1;OFFLINE;0;0
2026-06-20 10:27:52;Cepheus-1-108Q;ONLINE;0;0
2026-06-20 10:27:52;Garnet;ONLINE;1;0
2026-06-20 10:27:52;Forte 1;OFFLINE;0;0
2026-06-20 11:27:58;Cepheus-1-108Q;ONLINE;0;0
2026-06-20 11:27:58;Garnet;ONLINE;1;0
2026-06-20 11:27:58;Forte 1;OFFLINE;0;0
2026-06-20 12:28:03;Cepheus-1-108Q;ONLINE;0;0
2026-06-20 12:28:03;Garnet;ONLINE;1;0
2026-06-20 12:28:03;Forte 1;OFFLINE;0;0
2026-06-20 13:28:08;Cepheus-1-108Q;ONLINE;0;0
2026-06-20 13:28:08;Garnet;ONLINE;1;0
2026-06-20 13:28:08;Forte 1;OFFLINE;0;0
2026-06-20 14:28:14;Cepheus-1-108Q;ONLINE;0;0
2026-06-20 14:28:14;Garnet;ONLINE;1;0
2026-06-20 14:28:14;Forte 1;OFFLINE;0;0
2026-06-20 15:28:19;Cepheus-1-108Q;ONLINE;2;0
2026-06-20 15:28:19;Garnet;ONLINE;1;0
2026-06-20 15:28:19;Forte 1;OFFLINE;0;0
2026-06-20 16:28:24;Cepheus-1-108Q;ONLINE;0;0
2026-06-20 16:28:24;Garnet;ONLINE;1;0
2026-06-20 16:28:24;Forte 1;OFFLINE;0;0
2026-06-20 17:28:29;Cepheus-1-108Q;ONLINE;0;0
2026-06-20 17:28:29;Garnet;ONLINE;1;0
2026-06-20 17:28:29;Forte 1;OFFLINE;0;0
2026-06-20 18:28:34;Cepheus-1-108Q;ONLINE;0;0
2026-06-20 18:28:34;Garnet;ONLINE;1;0
2026-06-20 18:28:34;Forte 1;OFFLINE;0;0
2026-06-20 19:28:40;Cepheus-1-108Q;ONLINE;2;0
2026-06-20 19:28:40;Garnet;ONLINE;1;0
2026-06-20 19:28:40;Forte 1;OFFLINE;0;0
2026-06-20 20:28:45;Cepheus-1-108Q;ONLINE;10;0
2026-06-20 20:28:45;Garnet;ONLINE;1;0
2026-06-20 20:28:45;Forte 1;OFFLINE;0;0
2026-06-20 21:28:50;Cepheus-1-108Q;ONLINE;0;0
2026-06-20 21:28:50;Garnet;ONLINE;1;0
2026-06-20 21:28:50;Forte 1;OFFLINE;0;0
2026-06-20 22:28:55;Cepheus-1-108Q;ONLINE;0;0
2026-06-20 22:28:55;Garnet;ONLINE;1;0
2026-06-20 22:28:55;Forte 1;OFFLINE;0;0
2026-06-20 23:29:00;Cepheus-1-108Q;ONLINE;0;0
2026-06-20 23:29:00;Garnet;ONLINE;1;0
2026-06-20 23:29:00;Forte 1;OFFLINE;0;0
2026-06-21 00:29:05;Cepheus-1-108Q;ONLINE;1;0
2026-06-21 00:29:05;Garnet;ONLINE;1;0
2026-06-21 00:29:05;Forte 1;OFFLINE;0;0
2026-06-21 01:29:10;Cepheus-1-108Q;ONLINE;0;0
2026-06-21 01:29:10;Garnet;ONLINE;1;0
2026-06-21 01:29:10;Forte 1;OFFLINE;0;0
2026-06-21 02:29:16;Cepheus-1-108Q;ONLINE;1;0
2026-06-21 02:29:16;Garnet;ONLINE;1;0
2026-06-21 02:29:16;Forte 1;OFFLINE;0;0
2026-06-21 03:29:21;Cepheus-1-108Q;ONLINE;0;0
2026-06-21 03:29:21;Garnet;ONLINE;1;0
2026-06-21 03:29:21;Forte 1;OFFLINE;0;0
2026-06-21 04:29:26;Cepheus-1-108Q;ONLINE;0;0
2026-06-21 04:29:26;Garnet;ONLINE;1;0
2026-06-21 04:29:26;Forte 1;OFFLINE;0;0
2026-06-21 05:29:32;Cepheus-1-108Q;ONLINE;0;0
2026-06-21 05:29:32;Garnet;ONLINE;1;0
2026-06-21 05:29:32;Forte 1;OFFLINE;0;0
2026-06-21 06:29:37;Cepheus-1-108Q;ONLINE;0;0
2026-06-21 06:29:37;Garnet;ONLINE;1;0
2026-06-21 06:29:37;Forte 1;OFFLINE;0;0
2026-06-21 07:29:42;Cepheus-1-108Q;ONLINE;0;0
2026-06-21 07:29:42;Garnet;ONLINE;1;0
2026-06-21 07:29:42;Forte 1;OFFLINE;0;0
2026-06-21 08:29:47;Cepheus-1-108Q;ONLINE;0;0
2026-06-21 08:29:47;Garnet;ONLINE;1;0
2026-06-21 08:29:47;Forte 1;OFFLINE;0;0
2026-06-21 09:29:53;Cepheus-1-108Q;ONLINE;0;0
2026-06-21 09:29:53;Garnet;ONLINE;1;0
2026-06-21 09:29:53;Forte 1;OFFLINE;0;0
2026-06-21 10:29:58;Cepheus-1-108Q;ONLINE;0;0
2026-06-21 10:29:58;Garnet;ONLINE;1;0
2026-06-21 10:29:58;Forte 1;OFFLINE;0;0
2026-06-21 11:30:03;Cepheus-1-108Q;ONLINE;0;0
2026-06-21 11:30:03;Garnet;ONLINE;1;0
2026-06-21 11:30:03;Forte 1;OFFLINE;0;0
2026-06-21 12:30:08;Cepheus-1-108Q;ONLINE;0;0
2026-06-21 12:30:08;Garnet;ONLINE;1;0
2026-06-21 12:30:08;Forte 1;OFFLINE;0;0
2026-06-21 13:30:13;Cepheus-1-108Q;ONLINE;0;0
2026-06-21 13:30:13;Garnet;ONLINE;1;0
2026-06-21 13:30:13;Forte 1;OFFLINE;0;0
2026-06-21 14:30:18;Cepheus-1-108Q;ONLINE;0;0
2026-06-21 14:30:18;Garnet;ONLINE;1;0
2026-06-21 14:30:18;Forte 1;OFFLINE;0;0
2026-06-21 15:30:23;Cepheus-1-108Q;ONLINE;1;0
2026-06-21 15:30:23;Garnet;ONLINE;1;0
2026-06-21 15:30:23;Forte 1;OFFLINE;0;0
2026-06-21 16:30:28;Cepheus-1-108Q;ONLINE;0;0
2026-06-21 16:30:28;Garnet;ONLINE;1;0
2026-06-21 16:30:28;Forte 1;OFFLINE;0;0
2026-06-21 17:30:33;Cepheus-1-108Q;ONLINE;0;0
2026-06-21 17:30:33;Garnet;ONLINE;1;0
2026-06-21 17:30:33;Forte 1;OFFLINE;0;0
2026-06-21 18:30:39;Cepheus-1-108Q;ONLINE;0;0
2026-06-21 18:30:39;Garnet;ONLINE;1;0
2026-06-21 18:30:39;Forte 1;OFFLINE;0;0
2026-06-21 19:30:44;Cepheus-1-108Q;ONLINE;0;0
2026-06-21 19:30:44;Garnet;ONLINE;1;0
2026-06-21 19:30:44;Forte 1;OFFLINE;0;0
2026-06-21 20:30:50;Cepheus-1-108Q;ONLINE;2;0
2026-06-21 20:30:50;Garnet;ONLINE;1;0
2026-06-21 20:30:50;Forte 1;OFFLINE;0;0
2026-06-21 21:30:55;Cepheus-1-108Q;ONLINE;0;0
2026-06-21 21:30:55;Garnet;ONLINE;1;0
2026-06-21 21:30:55;Forte 1;OFFLINE;0;0
2026-06-21 22:31:00;Cepheus-1-108Q;ONLINE;0;0
2026-06-21 22:31:00;Garnet;ONLINE;1;0
2026-06-21 22:31:00;Forte 1;OFFLINE;0;0
2026-06-21 23:31:05;Cepheus-1-108Q;ONLINE;0;0
2026-06-21 23:31:05;Garnet;ONLINE;1;0
2026-06-21 23:31:05;Forte 1;OFFLINE;0;0
2026-06-22 00:31:11;Cepheus-1-108Q;ONLINE;0;0
2026-06-22 00:31:11;Garnet;ONLINE;3;0
2026-06-22 00:31:11;Forte 1;OFFLINE;0;0
2026-06-22 01:31:17;Cepheus-1-108Q;ONLINE;0;0
2026-06-22 01:31:17;Garnet;ONLINE;0;0
2026-06-22 01:31:17;Forte 1;OFFLINE;0;0
2026-06-22 02:31:22;Cepheus-1-108Q;ONLINE;0;0
2026-06-22 02:31:22;Garnet;ONLINE;1;0
2026-06-22 02:31:22;Forte 1;OFFLINE;0;0
2026-06-22 03:31:27;Cepheus-1-108Q;ONLINE;1;0
2026-06-22 03:31:27;Garnet;ONLINE;3;0
2026-06-22 03:31:27;Forte 1;OFFLINE;0;0
2026-06-22 04:31:33;Cepheus-1-108Q;ONLINE;0;0
2026-06-22 04:31:33;Garnet;ONLINE;0;0
2026-06-22 04:31:33;Forte 1;OFFLINE;0;0
2026-06-22 05:31:38;Cepheus-1-108Q;ONLINE;1;0
2026-06-22 05:31:38;Garnet;ONLINE;3;0
2026-06-22 05:31:38;Forte 1;OFFLINE;0;0
2026-06-22 06:31:43;Cepheus-1-108Q;ONLINE;0;0
2026-06-22 06:31:43;Garnet;ONLINE;0;0
2026-06-22 06:31:43;Forte 1;OFFLINE;0;0
2026-06-22 07:31:48;Cepheus-1-108Q;ONLINE;3;0
2026-06-22 07:31:48;Garnet;ONLINE;0;0
2026-06-22 07:31:48;Forte 1;OFFLINE;0;0
2026-06-22 08:31:53;Cepheus-1-108Q;ONLINE;6;0
2026-06-22 08:31:53;Garnet;ONLINE;6;0
2026-06-22 08:31:53;Forte 1;OFFLINE;0;0
2026-06-22 09:31:59;Cepheus-1-108Q;ONLINE;0;0
2026-06-22 09:31:59;Garnet;ONLINE;1;0
2026-06-22 09:31:59;Forte 1;OFFLINE;0;0
2026-06-22 10:32:04;Cepheus-1-108Q;ONLINE;1;0
2026-06-22 10:32:04;Garnet;ONLINE;7;0
2026-06-22 10:32:04;Forte 1;OFFLINE;0;0
2026-06-22 11:32:10;Cepheus-1-108Q;ONLINE;8;0
2026-06-22 11:32:10;Garnet;ONLINE;0;0
2026-06-22 11:32:10;Forte 1;OFFLINE;0;0
2026-06-22 12:32:15;Cepheus-1-108Q;ONLINE;0;0
2026-06-22 12:32:15;Garnet;ONLINE;0;0
2026-06-22 12:32:15;Forte 1;OFFLINE;0;0
2026-06-22 13:32:20;Cepheus-1-108Q;ONLINE;0;0
2026-06-22 13:32:20;Garnet;ONLINE;0;0
2026-06-22 13:32:20;Forte 1;OFFLINE;0;0
2026-06-22 14:32:26;Cepheus-1-108Q;ONLINE;0;0
2026-06-22 14:32:26;Garnet;ONLINE;0;0
2026-06-22 14:32:26;Forte 1;OFFLINE;0;0
2026-06-22 15:32:31;Cepheus-1-108Q;ONLINE;1;0
2026-06-22 15:32:31;Garnet;ONLINE;6;0
2026-06-22 15:32:31;Forte 1;OFFLINE;0;0
2026-06-22 16:32:36;Cepheus-1-108Q;ONLINE;0;0
2026-06-22 16:32:36;Garnet;ONLINE;7;0
2026-06-22 16:32:36;Forte 1;OFFLINE;0;0
2026-06-22 17:32:42;Cepheus-1-108Q;ONLINE;0;0
2026-06-22 17:32:42;Garnet;ONLINE;1;0
2026-06-22 17:32:42;Forte 1;OFFLINE;0;0
2026-06-22 18:32:47;Cepheus-1-108Q;ONLINE;0;0
2026-06-22 18:32:47;Garnet;ONLINE;0;0
2026-06-22 18:32:47;Forte 1;OFFLINE;0;0
2026-06-22 19:32:52;Cepheus-1-108Q;ONLINE;3;0
2026-06-22 19:32:52;Garnet;ONLINE;0;0
2026-06-22 19:32:52;Forte 1;OFFLINE;0;0
2026-06-22 20:32:58;Cepheus-1-108Q;ONLINE;4;0
2026-06-22 20:32:58;Garnet;ONLINE;0;0
2026-06-22 20:32:58;Forte 1;OFFLINE;0;0
2026-06-22 21:33:03;Cepheus-1-108Q;ONLINE;0;0
2026-06-22 21:33:03;Garnet;ONLINE;0;0
2026-06-22 21:33:03;Forte 1;OFFLINE;0;0
2026-06-22 22:33:08;Cepheus-1-108Q;ONLINE;0;0
2026-06-22 22:33:08;Garnet;ONLINE;1;0
2026-06-22 22:33:08;Forte 1;OFFLINE;0;0
2026-06-22 23:33:13;Cepheus-1-108Q;ONLINE;1;0
2026-06-22 23:33:13;Garnet;ONLINE;0;0
2026-06-22 23:33:13;Forte 1;OFFLINE;0;0
2026-06-23 00:33:19;Cepheus-1-108Q;ONLINE;0;0
2026-06-23 00:33:19;Garnet;ONLINE;0;0
2026-06-23 00:33:19;Forte 1;OFFLINE;0;0
2026-06-23 01:33:24;Cepheus-1-108Q;ONLINE;1;0
2026-06-23 01:33:24;Garnet;ONLINE;0;0
2026-06-23 01:33:24;Forte 1;OFFLINE;0;0
2026-06-23 02:33:29;Cepheus-1-108Q;ONLINE;0;0
2026-06-23 02:33:29;Garnet;ONLINE;1;0
2026-06-23 02:33:29;Forte 1;OFFLINE;0;0
2026-06-23 03:33:34;Cepheus-1-108Q;ONLINE;2;0
2026-06-23 03:33:34;Garnet;ONLINE;0;0
2026-06-23 03:33:34;Forte 1;OFFLINE;0;0
2026-06-23 04:33:40;Cepheus-1-108Q;ONLINE;0;0
2026-06-23 04:33:40;Garnet;ONLINE;0;0
2026-06-23 04:33:40;Forte 1;OFFLINE;0;0
2026-06-23 05:33:45;Cepheus-1-108Q;ONLINE;0;0
2026-06-23 05:33:45;Garnet;ONLINE;2;0
2026-06-23 05:33:45;Forte 1;OFFLINE;0;0
2026-06-23 06:33:51;Cepheus-1-108Q;ONLINE;1;0
2026-06-23 06:33:51;Garnet;ONLINE;0;0
2026-06-23 06:33:51;Forte 1;OFFLINE;0;0
2026-06-23 07:33:56;Cepheus-1-108Q;ONLINE;1;0
2026-06-23 07:33:56;Garnet;ONLINE;0;0
2026-06-23 07:33:56;Forte 1;OFFLINE;0;0
2026-06-23 08:34:02;Cepheus-1-108Q;ONLINE;2;0
2026-06-23 08:34:02;Garnet;ONLINE;5;0
2026-06-23 08:34:02;Forte 1;OFFLINE;0;0
2026-06-23 09:34:08;Cepheus-1-108Q;ONLINE;3;0
2026-06-23 09:34:08;Garnet;ONLINE;0;0
2026-06-23 09:34:08;Forte 1;OFFLINE;0;0
2026-06-23 10:34:14;Cepheus-1-108Q;ONLINE;9;0
2026-06-23 10:34:14;Garnet;ONLINE;0;0
2026-06-23 10:34:14;Forte 1;OFFLINE;0;0
2026-06-23 11:34:19;Cepheus-1-108Q;ONLINE;9;0
2026-06-23 11:34:19;Garnet;ONLINE;0;0
2026-06-23 11:34:19;Forte 1;OFFLINE;0;0
2026-06-23 12:34:24;Cepheus-1-108Q;ONLINE;0;0
2026-06-23 12:34:24;Garnet;ONLINE;2;0
2026-06-23 12:34:24;Forte 1;OFFLINE;0;0
2026-06-23 13:34:30;Cepheus-1-108Q;ONLINE;2;0
2026-06-23 13:34:30;Garnet;ONLINE;23;0
2026-06-23 13:34:30;Forte 1;OFFLINE;0;0
2026-06-23 14:34:35;Cepheus-1-108Q;ONLINE;13;0
2026-06-23 14:34:35;Garnet;ONLINE;21;0
2026-06-23 14:34:35;Forte 1;OFFLINE;0;0
2026-06-23 15:34:40;Cepheus-1-108Q;ONLINE;14;0
2026-06-23 15:34:40;Garnet;ONLINE;6;0
2026-06-23 15:34:40;Forte 1;OFFLINE;0;0
2026-06-23 16:34:45;Cepheus-1-108Q;ONLINE;1;0
2026-06-23 16:34:45;Garnet;ONLINE;8;0
2026-06-23 16:34:45;Forte 1;OFFLINE;0;0
2026-06-23 17:34:51;Cepheus-1-108Q;ONLINE;0;0
2026-06-23 17:34:51;Garnet;ONLINE;0;0
2026-06-23 17:34:51;Forte 1;OFFLINE;0;0
2026-06-23 18:34:56;Cepheus-1-108Q;ONLINE;0;0
2026-06-23 18:34:56;Garnet;ONLINE;0;0
2026-06-23 18:34:56;Forte 1;OFFLINE;0;0
2026-06-23 19:35:02;Cepheus-1-108Q;ONLINE;4;0
2026-06-23 19:35:02;Garnet;ONLINE;0;0
2026-06-23 19:35:02;Forte 1;ONLINE;2;0
2026-06-23 20:35:07;Cepheus-1-108Q;ONLINE;4;0
2026-06-23 20:35:07;Garnet;ONLINE;0;0
2026-06-23 20:35:07;Forte 1;ONLINE;1;0
2026-06-23 21:35:13;Cepheus-1-108Q;ONLINE;2;0
2026-06-23 21:35:13;Garnet;ONLINE;0;0
2026-06-23 21:35:13;Forte 1;ONLINE;1;0
2026-06-23 22:35:18;Cepheus-1-108Q;ONLINE;0;0
2026-06-23 22:35:18;Garnet;ONLINE;0;0
2026-06-23 22:35:18;Forte 1;ONLINE;2;0
2026-06-23 23:35:23;Cepheus-1-108Q;ONLINE;2;0
2026-06-23 23:35:23;Garnet;ONLINE;0;0
2026-06-23 23:35:23;Forte 1;ONLINE;2;0
2026-06-24 00:35:28;Cepheus-1-108Q;ONLINE;0;0
2026-06-24 00:35:28;Garnet;ONLINE;0;0
2026-06-24 00:35:28;Forte 1;ONLINE;0;0
2026-06-24 01:35:34;Cepheus-1-108Q;ONLINE;0;0
2026-06-24 01:35:34;Garnet;ONLINE;0;0
2026-06-24 01:35:34;Forte 1;ONLINE;0;0
2026-06-24 02:35:40;Cepheus-1-108Q;ONLINE;0;0
2026-06-24 02:35:40;Garnet;ONLINE;1;0
2026-06-24 02:35:40;Forte 1;ONLINE;0;0
2026-06-24 03:35:45;Cepheus-1-108Q;ONLINE;1;0
2026-06-24 03:35:45;Garnet;ONLINE;0;0
2026-06-24 03:35:45;Forte 1;ONLINE;0;0
2026-06-24 04:35:51;Cepheus-1-108Q;ONLINE;0;0
2026-06-24 04:35:51;Garnet;ONLINE;0;0
2026-06-24 04:35:51;Forte 1;ONLINE;0;0
2026-06-24 05:35:56;Cepheus-1-108Q;ONLINE;0;0
2026-06-24 05:35:56;Garnet;ONLINE;0;0
2026-06-24 05:35:56;Forte 1;ONLINE;0;0
2026-06-24 06:36:02;Cepheus-1-108Q;ONLINE;0;0
2026-06-24 06:36:02;Garnet;ONLINE;1;0
2026-06-24 06:36:02;Forte 1;ONLINE;0;0
2026-06-24 07:36:07;Cepheus-1-108Q;ONLINE;0;0
2026-06-24 07:36:07;Garnet;ONLINE;0;0
2026-06-24 07:36:07;Forte 1;ONLINE;1;0
2026-06-24 08:36:12;Cepheus-1-108Q;ONLINE;2;0
2026-06-24 08:36:12;Garnet;ONLINE;0;0
2026-06-24 08:36:12;Forte 1;ONLINE;0;0
2026-06-24 09:36:18;Cepheus-1-108Q;ONLINE;0;0
2026-06-24 09:36:18;Garnet;ONLINE;0;0
2026-06-24 09:36:18;Forte 1;ONLINE;0;0
2026-06-24 10:36:23;Cepheus-1-108Q;ONLINE;1;0
2026-06-24 10:36:23;Garnet;ONLINE;1;0
2026-06-24 10:36:23;Forte 1;ONLINE;0;0
2026-06-24 11:36:29;Cepheus-1-108Q;ONLINE;0;0
2026-06-24 11:36:29;Garnet;ONLINE;0;0
2026-06-24 11:36:29;Forte 1;ONLINE;0;0
2026-06-24 12:36:34;Cepheus-1-108Q;ONLINE;0;0
2026-06-24 12:36:34;Garnet;ONLINE;0;0
2026-06-24 12:36:34;Forte 1;ONLINE;0;0
2026-06-24 13:36:39;Cepheus-1-108Q;ONLINE;0;0
2026-06-24 13:36:39;Garnet;ONLINE;0;0
2026-06-24 13:36:39;Forte 1;ONLINE;0;0
2026-06-24 14:36:44;Cepheus-1-108Q;ONLINE;0;0
2026-06-24 14:36:44;Garnet;ONLINE;0;0
2026-06-24 14:36:44;Forte 1;ONLINE;0;0
2026-06-24 15:36:49;Cepheus-1-108Q;ONLINE;1;0
2026-06-24 15:36:49;Garnet;ONLINE;6;0
2026-06-24 15:36:49;Forte 1;ONLINE;0;0
2026-06-24 16:36:54;Cepheus-1-108Q;ONLINE;0;0
2026-06-24 16:36:54;Garnet;ONLINE;6;0
2026-06-24 16:36:54;Forte 1;ONLINE;0;0
2026-06-24 17:37:00;Cepheus-1-108Q;ONLINE;0;0
2026-06-24 17:37:00;Garnet;ONLINE;0;0
2026-06-24 17:37:00;Forte 1;ONLINE;0;0
2026-06-24 18:37:05;Cepheus-1-108Q;ONLINE;0;0
2026-06-24 18:37:05;Garnet;ONLINE;0;0
2026-06-24 18:37:05;Forte 1;ONLINE;1;0
2026-06-24 19:37:10;Cepheus-1-108Q;ONLINE;2;0
2026-06-24 19:37:10;Garnet;ONLINE;1;0
2026-06-24 19:37:10;Forte 1;ONLINE;1;0
2026-06-24 20:37:16;Cepheus-1-108Q;ONLINE;1;0
2026-06-24 20:37:16;Garnet;ONLINE;2;0
2026-06-24 20:37:16;Forte 1;ONLINE;1;0
2026-06-24 21:37:21;Cepheus-1-108Q;ONLINE;0;0
2026-06-24 21:37:21;Garnet;ONLINE;8;0
2026-06-24 21:37:21;Forte 1;ONLINE;1;0
2026-06-24 22:37:26;Cepheus-1-108Q;ONLINE;0;0
2026-06-24 22:37:26;Garnet;ONLINE;8;0
2026-06-24 22:37:26;Forte 1;ONLINE;1;0
2026-06-24 23:37:31;Cepheus-1-108Q;ONLINE;0;0
2026-06-24 23:37:31;Garnet;ONLINE;9;0
2026-06-24 23:37:31;Forte 1;ONLINE;1;0
2026-06-25 00:37:37;Cepheus-1-108Q;ONLINE;0;0
2026-06-25 00:37:37;Garnet;ONLINE;0;0
2026-06-25 00:37:37;Forte 1;ONLINE;1;0
2026-06-25 01:37:42;Cepheus-1-108Q;ONLINE;0;0
2026-06-25 01:37:42;Garnet;ONLINE;0;0
2026-06-25 01:37:42;Forte 1;ONLINE;0;0
2026-06-25 02:37:48;Cepheus-1-108Q;ONLINE;0;0
2026-06-25 02:37:48;Garnet;ONLINE;1;0
2026-06-25 02:37:48;Forte 1;ONLINE;0;0
2026-06-25 03:37:53;Cepheus-1-108Q;ONLINE;1;0
2026-06-25 03:37:53;Garnet;ONLINE;0;0
2026-06-25 03:37:53;Forte 1;ONLINE;0;0
2026-06-25 04:37:58;Cepheus-1-108Q;ONLINE;0;0
2026-06-25 04:37:58;Garnet;ONLINE;0;0
2026-06-25 04:37:58;Forte 1;ONLINE;0;0
2026-06-25 05:38:04;Cepheus-1-108Q;ONLINE;0;0
2026-06-25 05:38:04;Garnet;ONLINE;0;0
2026-06-25 05:38:04;Forte 1;ONLINE;1;0
2026-06-25 06:38:10;Cepheus-1-108Q;ONLINE;0;0
2026-06-25 06:38:10;Garnet;ONLINE;0;0
2026-06-25 06:38:10;Forte 1;ONLINE;0;0
2026-06-25 07:38:16;Cepheus-1-108Q;ONLINE;4;0
2026-06-25 07:38:16;Garnet;ONLINE;0;0
2026-06-25 07:38:16;Forte 1;ONLINE;0;0
2026-06-25 08:38:21;Cepheus-1-108Q;ONLINE;4;0
2026-06-25 08:38:21;Garnet;ONLINE;0;0
2026-06-25 08:38:21;Forte 1;ONLINE;0;0
2026-06-25 09:38:26;Cepheus-1-108Q;ONLINE;0;0
2026-06-25 09:38:26;Garnet;ONLINE;0;0
2026-06-25 09:38:26;Forte 1;ONLINE;0;0
2026-06-25 10:38:31;Cepheus-1-108Q;ONLINE;72;0
2026-06-25 10:38:31;Garnet;ONLINE;0;0
2026-06-25 10:38:31;Forte 1;ONLINE;0;0
2026-06-25 11:38:37;Cepheus-1-108Q;ONLINE;1;0
2026-06-25 11:38:37;Garnet;ONLINE;0;0
2026-06-25 11:38:37;Forte 1;ONLINE;0;0
2026-06-25 12:38:42;Cepheus-1-108Q;ONLINE;0;0
2026-06-25 12:38:42;Garnet;ONLINE;0;0
2026-06-25 12:38:42;Forte 1;ONLINE;0;0
2026-06-25 13:38:47;Cepheus-1-108Q;ONLINE;0;0
2026-06-25 13:38:47;Garnet;ONLINE;0;0
2026-06-25 13:38:47;Forte 1;ONLINE;0;0
2026-06-25 14:38:53;Cepheus-1-108Q;ONLINE;0;0
2026-06-25 14:38:53;Garnet;ONLINE;2;0
2026-06-25 14:38:53;Forte 1;ONLINE;0;0
2026-06-25 15:38:58;Cepheus-1-108Q;ONLINE;0;0
2026-06-25 15:38:58;Garnet;ONLINE;9;0
2026-06-25 15:38:58;Forte 1;ONLINE;0;0
2026-06-25 16:39:03;Cepheus-1-108Q;ONLINE;0;0
2026-06-25 16:39:03;Garnet;ONLINE;9;0
2026-06-25 16:39:03;Forte 1;ONLINE;1;0
2026-06-25 17:39:09;Cepheus-1-108Q;ONLINE;0;0
2026-06-25 17:39:09;Garnet;ONLINE;9;0
2026-06-25 17:39:09;Forte 1;ONLINE;1;0
2026-06-25 18:39:15;Cepheus-1-108Q;ONLINE;0;0
2026-06-25 18:39:15;Garnet;ONLINE;0;0
2026-06-25 18:39:15;Forte 1;ONLINE;1;0
2026-06-25 19:39:20;Cepheus-1-108Q;ONLINE;1;0
2026-06-25 19:39:20;Garnet;ONLINE;0;0
2026-06-25 19:39:20;Forte 1;ONLINE;2;0
2026-06-25 20:39:26;Cepheus-1-108Q;ONLINE;1;0
2026-06-25 20:39:26;Garnet;ONLINE;0;0
2026-06-25 20:39:26;Forte 1;ONLINE;2;0
2026-06-25 21:39:31;Cepheus-1-108Q;ONLINE;0;0
2026-06-25 21:39:31;Garnet;ONLINE;5;0
2026-06-25 21:39:31;Forte 1;ONLINE;0;0
2026-06-25 22:39:36;Cepheus-1-108Q;ONLINE;0;0
2026-06-25 22:39:36;Garnet;ONLINE;0;0
2026-06-25 22:39:36;Forte 1;ONLINE;0;0
2026-06-25 23:39:41;Cepheus-1-108Q;ONLINE;0;0
2026-06-25 23:39:41;Garnet;ONLINE;0;0
2026-06-25 23:39:41;Forte 1;ONLINE;0;0
2026-06-26 00:39:46;Cepheus-1-108Q;ONLINE;0;0
2026-06-26 00:39:46;Garnet;ONLINE;0;0
2026-06-26 00:39:46;Forte 1;ONLINE;1;0
2026-06-26 01:39:51;Cepheus-1-108Q;ONLINE;0;0
2026-06-26 01:39:51;Garnet;ONLINE;0;0
2026-06-26 01:39:51;Forte 1;OFFLINE;1;0
2026-06-26 02:39:57;Cepheus-1-108Q;ONLINE;0;0
2026-06-26 02:39:57;Garnet;ONLINE;1;0
2026-06-26 02:39:57;Forte 1;OFFLINE;0;0
2026-06-26 03:40:02;Cepheus-1-108Q;ONLINE;1;0
2026-06-26 03:40:02;Garnet;ONLINE;0;0
2026-06-26 03:40:02;Forte 1;OFFLINE;0;0
2026-06-26 04:40:08;Cepheus-1-108Q;ONLINE;0;0
2026-06-26 04:40:08;Garnet;ONLINE;0;0
2026-06-26 04:40:08;Forte 1;OFFLINE;0;0
2026-06-26 05:40:13;Cepheus-1-108Q;ONLINE;1;0
2026-06-26 05:40:13;Garnet;ONLINE;0;0
2026-06-26 05:40:13;Forte 1;OFFLINE;0;0
2026-06-26 06:40:19;Cepheus-1-108Q;ONLINE;10;0
2026-06-26 06:40:19;Garnet;ONLINE;3;0
2026-06-26 06:40:19;Forte 1;OFFLINE;0;0
2026-06-26 07:40:24;Cepheus-1-108Q;ONLINE;2;0
2026-06-26 07:40:24;Garnet;ONLINE;0;0
2026-06-26 07:40:24;Forte 1;OFFLINE;0;0
2026-06-26 08:40:29;Cepheus-1-108Q;ONLINE;503;0
2026-06-26 08:40:29;Garnet;ONLINE;0;0
2026-06-26 08:40:29;Forte 1;OFFLINE;0;0
2026-06-26 09:40:34;Cepheus-1-108Q;ONLINE;0;0
2026-06-26 09:40:34;Garnet;ONLINE;0;0
2026-06-26 09:40:34;Forte 1;OFFLINE;0;0
2026-06-26 10:40:40;Cepheus-1-108Q;ONLINE;0;0
2026-06-26 10:40:40;Garnet;ONLINE;0;0
2026-06-26 10:40:40;Forte 1;OFFLINE;0;0
2026-06-26 11:40:45;Cepheus-1-108Q;ONLINE;1;0
2026-06-26 11:40:45;Garnet;ONLINE;1;0
2026-06-26 11:40:45;Forte 1;OFFLINE;0;0
2026-06-26 12:40:50;Cepheus-1-108Q;ONLINE;0;0
2026-06-26 12:40:50;Garnet;ONLINE;2;0
2026-06-26 12:40:50;Forte 1;OFFLINE;0;0
2026-06-26 13:40:55;Cepheus-1-108Q;ONLINE;0;0
2026-06-26 13:40:55;Garnet;ONLINE;0;0
2026-06-26 13:40:55;Forte 1;OFFLINE;0;0
2026-06-26 14:41:01;Cepheus-1-108Q;ONLINE;0;0
2026-06-26 14:41:01;Garnet;ONLINE;0;0
2026-06-26 14:41:01;Forte 1;OFFLINE;0;0
2026-06-26 15:41:06;Cepheus-1-108Q;ONLINE;1;0
2026-06-26 15:41:06;Garnet;ONLINE;6;0
2026-06-26 15:41:06;Forte 1;OFFLINE;0;0
2026-06-26 16:41:11;Cepheus-1-108Q;ONLINE;0;0
2026-06-26 16:41:11;Garnet;ONLINE;6;0
2026-06-26 16:41:11;Forte 1;OFFLINE;0;0
2026-06-26 17:41:17;Cepheus-1-108Q;ONLINE;0;0
2026-06-26 17:41:17;Garnet;ONLINE;0;0
2026-06-26 17:41:17;Forte 1;ONLINE;0;0
2026-06-26 18:41:22;Cepheus-1-108Q;ONLINE;0;0
2026-06-26 18:41:22;Garnet;ONLINE;1;0
2026-06-26 18:41:22;Forte 1;ONLINE;0;0
2026-06-26 19:41:27;Cepheus-1-108Q;ONLINE;0;0
2026-06-26 19:41:27;Garnet;ONLINE;0;0
2026-06-26 19:41:27;Forte 1;ONLINE;0;0
2026-06-26 20:41:32;Cepheus-1-108Q;ONLINE;0;0
2026-06-26 20:41:32;Garnet;ONLINE;0;0
2026-06-26 20:41:32;Forte 1;ONLINE;0;0
2026-06-26 21:41:38;Cepheus-1-108Q;ONLINE;0;0
2026-06-26 21:41:38;Garnet;ONLINE;0;0
2026-06-26 21:41:38;Forte 1;ONLINE;0;0
2026-06-26 22:41:43;Cepheus-1-108Q;ONLINE;0;0
2026-06-26 22:41:43;Garnet;ONLINE;0;0
2026-06-26 22:41:43;Forte 1;ONLINE;0;0
2026-06-26 23:41:49;Cepheus-1-108Q;ONLINE;0;0
2026-06-26 23:41:49;Garnet;ONLINE;0;0
2026-06-26 23:41:49;Forte 1;ONLINE;0;0
2026-06-27 00:41:54;Cepheus-1-108Q;ONLINE;0;0
2026-06-27 00:41:54;Garnet;ONLINE;1;0
2026-06-27 00:41:54;Forte 1;ONLINE;0;0
2026-06-27 01:41:59;Cepheus-1-108Q;ONLINE;0;0
2026-06-27 01:41:59;Garnet;ONLINE;1;0
2026-06-27 01:41:59;Forte 1;ONLINE;0;0
2026-06-27 02:42:04;Cepheus-1-108Q;ONLINE;0;0
2026-06-27 02:42:04;Garnet;ONLINE;1;0
2026-06-27 02:42:04;Forte 1;ONLINE;0;0
2026-06-27 03:42:09;Cepheus-1-108Q;ONLINE;0;0
2026-06-27 03:42:09;Garnet;ONLINE;1;0
2026-06-27 03:42:09;Forte 1;ONLINE;0;0
2026-06-27 04:42:14;Cepheus-1-108Q;ONLINE;0;0
2026-06-27 04:42:14;Garnet;ONLINE;1;0
2026-06-27 04:42:14;Forte 1;ONLINE;0;0
2026-06-27 05:42:20;Cepheus-1-108Q;ONLINE;0;0
2026-06-27 05:42:20;Garnet;ONLINE;1;0
2026-06-27 05:42:20;Forte 1;ONLINE;0;0
2026-06-27 06:42:25;Cepheus-1-108Q;ONLINE;0;0
2026-06-27 06:42:25;Garnet;ONLINE;1;0
2026-06-27 06:42:25;Forte 1;ONLINE;0;0
2026-06-27 07:42:30;Cepheus-1-108Q;ONLINE;0;0
2026-06-27 07:42:30;Garnet;ONLINE;1;0
2026-06-27 07:42:30;Forte 1;ONLINE;0;0
2026-06-27 08:42:35;Cepheus-1-108Q;ONLINE;2;0
2026-06-27 08:42:35;Garnet;ONLINE;1;0
2026-06-27 08:42:35;Forte 1;ONLINE;0;0
2026-06-27 09:42:41;Cepheus-1-108Q;ONLINE;0;0
2026-06-27 09:42:41;Garnet;ONLINE;1;0
2026-06-27 09:42:41;Forte 1;ONLINE;0;0
2026-06-27 10:42:46;Cepheus-1-108Q;ONLINE;0;0
2026-06-27 10:42:46;Garnet;ONLINE;1;0
2026-06-27 10:42:46;Forte 1;ONLINE;0;0
2026-06-27 11:42:51;Cepheus-1-108Q;ONLINE;0;0
2026-06-27 11:42:51;Garnet;ONLINE;1;0
2026-06-27 11:42:51;Forte 1;ONLINE;0;0
2026-06-27 12:42:57;Cepheus-1-108Q;ONLINE;0;0
2026-06-27 12:42:57;Garnet;ONLINE;1;0
2026-06-27 12:42:57;Forte 1;ONLINE;0;0
2026-06-27 13:43:02;Cepheus-1-108Q;ONLINE;0;0
2026-06-27 13:43:02;Garnet;ONLINE;5;0
2026-06-27 13:43:02;Forte 1;ONLINE;1;0
2026-06-27 14:43:07;Cepheus-1-108Q;ONLINE;0;0
2026-06-27 14:43:07;Garnet;ONLINE;5;0
2026-06-27 14:43:07;Forte 1;ONLINE;1;0
2026-06-27 15:43:13;Cepheus-1-108Q;ONLINE;1;0
2026-06-27 15:43:13;Garnet;ONLINE;5;0
2026-06-27 15:43:13;Forte 1;ONLINE;1;0
2026-06-27 16:43:18;Cepheus-1-108Q;ONLINE;0;0
2026-06-27 16:43:18;Garnet;ONLINE;6;0
2026-06-27 16:43:18;Forte 1;ONLINE;0;0
2026-06-27 17:43:24;Cepheus-1-108Q;ONLINE;0;0
2026-06-27 17:43:24;Garnet;ONLINE;6;0
2026-06-27 17:43:24;Forte 1;ONLINE;0;0
2026-06-27 18:43:29;Cepheus-1-108Q;ONLINE;0;0
2026-06-27 18:43:29;Garnet;ONLINE;6;0
2026-06-27 18:43:29;Forte 1;ONLINE;0;0
2026-06-27 19:43:35;Cepheus-1-108Q;ONLINE;1;0
2026-06-27 19:43:35;Garnet;ONLINE;8;0
2026-06-27 19:43:35;Forte 1;ONLINE;0;0
2026-06-27 20:43:40;Cepheus-1-108Q;ONLINE;3;1
2026-06-27 20:43:40;Garnet;ONLINE;8;0
2026-06-27 20:43:40;Forte 1;ONLINE;0;0
2026-06-27 21:43:46;Cepheus-1-108Q;ONLINE;0;0
2026-06-27 21:43:46;Garnet;ONLINE;8;0
2026-06-27 21:43:46;Forte 1;ONLINE;0;0
2026-06-27 22:43:51;Cepheus-1-108Q;ONLINE;0;0
2026-06-27 22:43:51;Garnet;ONLINE;12;0
2026-06-27 22:43:51;Forte 1;ONLINE;0;0
2026-06-27 23:43:56;Cepheus-1-108Q;ONLINE;0;0
2026-06-27 23:43:56;Garnet;ONLINE;17;0
2026-06-27 23:43:56;Forte 1;ONLINE;0;0
2026-06-28 00:44:02;Cepheus-1-108Q;ONLINE;0;0
2026-06-28 00:44:02;Garnet;ONLINE;17;0
2026-06-28 00:44:02;Forte 1;ONLINE;0;0
2026-06-28 01:44:07;Cepheus-1-108Q;ONLINE;1;0
2026-06-28 01:44:07;Garnet;ONLINE;23;0
2026-06-28 01:44:07;Forte 1;ONLINE;0;0
2026-06-28 02:44:13;Cepheus-1-108Q;ONLINE;3;0
2026-06-28 02:44:13;Garnet;ONLINE;23;0
2026-06-28 02:44:13;Forte 1;ONLINE;0;0
2026-06-28 03:44:18;Cepheus-1-108Q;ONLINE;1;0
2026-06-28 03:44:18;Garnet;ONLINE;24;0
2026-06-28 03:44:18;Forte 1;ONLINE;0;0
2026-06-28 04:44:24;Cepheus-1-108Q;ONLINE;0;0
2026-06-28 04:44:24;Garnet;ONLINE;24;0
2026-06-28 04:44:24;Forte 1;ONLINE;0;0
2026-06-28 05:44:29;Cepheus-1-108Q;ONLINE;0;0
2026-06-28 05:44:29;Garnet;ONLINE;24;0
2026-06-28 05:44:29;Forte 1;ONLINE;0;0
2026-06-28 06:44:34;Cepheus-1-108Q;ONLINE;0;0
2026-06-28 06:44:34;Garnet;ONLINE;24;0
2026-06-28 06:44:34;Forte 1;ONLINE;0;0
2026-06-28 07:44:40;Cepheus-1-108Q;ONLINE;0;0
2026-06-28 07:44:40;Garnet;ONLINE;24;0
2026-06-28 07:44:40;Forte 1;ONLINE;0;0
2026-06-28 08:44:45;Cepheus-1-108Q;ONLINE;0;0
2026-06-28 08:44:45;Garnet;ONLINE;24;0
2026-06-28 08:44:45;Forte 1;ONLINE;0;0
2026-06-28 09:44:50;Cepheus-1-108Q;ONLINE;1;0
2026-06-28 09:44:50;Garnet;ONLINE;24;0
2026-06-28 09:44:50;Forte 1;ONLINE;0;0
2026-06-28 10:44:55;Cepheus-1-108Q;ONLINE;1;0
2026-06-28 10:44:55;Garnet;ONLINE;24;0
2026-06-28 10:44:55;Forte 1;ONLINE;0;0
2026-06-28 11:45:00;Cepheus-1-108Q;ONLINE;1;0
2026-06-28 11:45:00;Garnet;ONLINE;24;0
2026-06-28 11:45:00;Forte 1;ONLINE;0;0
2026-06-28 12:45:06;Cepheus-1-108Q;ONLINE;0;0
2026-06-28 12:45:06;Garnet;ONLINE;24;0
2026-06-28 12:45:06;Forte 1;ONLINE;0;0
2026-06-28 13:45:12;Cepheus-1-108Q;ONLINE;1;0
2026-06-28 13:45:12;Garnet;ONLINE;24;0
2026-06-28 13:45:12;Forte 1;ONLINE;1;0
2026-06-28 14:45:18;Cepheus-1-108Q;ONLINE;1;0
2026-06-28 14:45:18;Garnet;ONLINE;24;0
2026-06-28 14:45:18;Forte 1;ONLINE;0;0
2026-06-28 15:45:23;Cepheus-1-108Q;ONLINE;1;0
2026-06-28 15:45:23;Garnet;ONLINE;24;0
2026-06-28 15:45:23;Forte 1;ONLINE;0;0
2026-06-28 16:45:28;Cepheus-1-108Q;ONLINE;0;0
2026-06-28 16:45:28;Garnet;ONLINE;24;0
2026-06-28 16:45:28;Forte 1;ONLINE;0;0
2026-06-28 17:45:34;Cepheus-1-108Q;ONLINE;0;0
2026-06-28 17:45:34;Garnet;ONLINE;24;0
2026-06-28 17:45:34;Forte 1;ONLINE;0;0
2026-06-28 18:45:40;Cepheus-1-108Q;ONLINE;0;0
2026-06-28 18:45:40;Garnet;ONLINE;24;0
2026-06-28 18:45:40;Forte 1;ONLINE;0;0
2026-06-28 19:45:45;Cepheus-1-108Q;ONLINE;4;0
2026-06-28 19:45:45;Garnet;ONLINE;24;0
2026-06-28 19:45:45;Forte 1;ONLINE;0;0
2026-06-28 20:45:50;Cepheus-1-108Q;ONLINE;12;0
2026-06-28 20:45:50;Garnet;ONLINE;24;0
2026-06-28 20:45:50;Forte 1;ONLINE;1;0
2026-06-28 21:45:55;Cepheus-1-108Q;ONLINE;0;0
2026-06-28 21:45:55;Garnet;ONLINE;24;0
2026-06-28 21:45:55;Forte 1;ONLINE;1;0
2026-06-28 22:46:00;Cepheus-1-108Q;ONLINE;0;0
2026-06-28 22:46:00;Garnet;ONLINE;24;0
2026-06-28 22:46:00;Forte 1;ONLINE;0;0
2026-06-28 23:46:05;Cepheus-1-108Q;ONLINE;0;0
2026-06-28 23:46:05;Garnet;ONLINE;25;0
2026-06-28 23:46:05;Forte 1;ONLINE;0;0
2026-06-29 00:46:11;Cepheus-1-108Q;ONLINE;0;0
2026-06-29 00:46:11;Garnet;ONLINE;0;0
2026-06-29 00:46:11;Forte 1;ONLINE;0;0
2026-06-29 01:46:16;Cepheus-1-108Q;ONLINE;0;0
2026-06-29 01:46:16;Garnet;ONLINE;0;0
2026-06-29 01:46:16;Forte 1;ONLINE;0;0
2026-06-29 02:46:21;Cepheus-1-108Q;ONLINE;0;0
2026-06-29 02:46:21;Garnet;ONLINE;1;0
2026-06-29 02:46:21;Forte 1;ONLINE;0;0
2026-06-29 03:46:26;Cepheus-1-108Q;ONLINE;1;0
2026-06-29 03:46:26;Garnet;ONLINE;0;0
2026-06-29 03:46:26;Forte 1;ONLINE;0;0
2026-06-29 04:46:31;Cepheus-1-108Q;ONLINE;1;0
2026-06-29 04:46:31;Garnet;ONLINE;0;0
2026-06-29 04:46:31;Forte 1;ONLINE;0;0
2026-06-29 05:46:36;Cepheus-1-108Q;ONLINE;0;0
2026-06-29 05:46:36;Garnet;ONLINE;0;0
2026-06-29 05:46:36;Forte 1;ONLINE;0;0
2026-06-29 06:46:42;Cepheus-1-108Q;ONLINE;0;0
2026-06-29 06:46:42;Garnet;ONLINE;0;0
2026-06-29 06:46:42;Forte 1;ONLINE;0;0
2026-06-29 07:46:47;Cepheus-1-108Q;ONLINE;5;0
2026-06-29 07:46:47;Garnet;ONLINE;0;0
2026-06-29 07:46:47;Forte 1;ONLINE;2;0
2026-06-29 08:46:52;Cepheus-1-108Q;ONLINE;15;0
2026-06-29 08:46:52;Garnet;ONLINE;0;0
2026-06-29 08:46:52;Forte 1;ONLINE;0;0
2026-06-29 09:46:57;Cepheus-1-108Q;ONLINE;1;0
2026-06-29 09:46:57;Garnet;ONLINE;0;0
2026-06-29 09:46:57;Forte 1;ONLINE;0;0
2026-06-29 10:47:03;Cepheus-1-108Q;ONLINE;0;0
2026-06-29 10:47:03;Garnet;ONLINE;0;0
2026-06-29 10:47:03;Forte 1;ONLINE;0;0
2026-06-29 11:47:08;Cepheus-1-108Q;ONLINE;0;0
2026-06-29 11:47:08;Garnet;ONLINE;0;0
2026-06-29 11:47:08;Forte 1;ONLINE;0;0
2026-06-29 12:47:13;Cepheus-1-108Q;ONLINE;1;0
2026-06-29 12:47:13;Garnet;ONLINE;0;0
2026-06-29 12:47:13;Forte 1;ONLINE;0;0
2026-06-29 13:47:19;Cepheus-1-108Q;ONLINE;1;0
2026-06-29 13:47:19;Garnet;ONLINE;0;0
2026-06-29 13:47:19;Forte 1;ONLINE;0;0
2026-06-29 14:47:24;Cepheus-1-108Q;ONLINE;0;0
2026-06-29 14:47:24;Garnet;ONLINE;0;0
2026-06-29 14:47:24;Forte 1;ONLINE;0;0
2026-06-29 15:47:30;Cepheus-1-108Q;ONLINE;0;0
2026-06-29 15:47:30;Garnet;ONLINE;6;0
2026-06-29 15:47:30;Forte 1;ONLINE;0;0
2026-06-29 16:47:35;Cepheus-1-108Q;ONLINE;0;0
2026-06-29 16:47:35;Garnet;ONLINE;6;0
2026-06-29 16:47:35;Forte 1;ONLINE;0;0
2026-06-29 17:47:40;Cepheus-1-108Q;ONLINE;1;0
2026-06-29 17:47:40;Garnet;ONLINE;0;0
2026-06-29 17:47:40;Forte 1;ONLINE;1;0
2026-06-29 18:47:45;Cepheus-1-108Q;ONLINE;1;0
2026-06-29 18:47:45;Garnet;ONLINE;0;0
2026-06-29 18:47:45;Forte 1;ONLINE;1;0
2026-06-29 19:47:51;Cepheus-1-108Q;ONLINE;1;0
2026-06-29 19:47:51;Garnet;ONLINE;0;0
2026-06-29 19:47:51;Forte 1;ONLINE;2;0
2026-06-29 20:47:56;Cepheus-1-108Q;ONLINE;2;0
2026-06-29 20:47:56;Garnet;ONLINE;0;0
2026-06-29 20:47:56;Forte 1;ONLINE;0;0
2026-06-29 21:48:01;Cepheus-1-108Q;ONLINE;0;0
2026-06-29 21:48:01;Garnet;ONLINE;0;0
2026-06-29 21:48:01;Forte 1;ONLINE;0;0
2026-06-29 22:48:06;Cepheus-1-108Q;ONLINE;0;0
2026-06-29 22:48:06;Garnet;ONLINE;0;0
2026-06-29 22:48:06;Forte 1;ONLINE;0;0
2026-06-29 23:48:11;Cepheus-1-108Q;ONLINE;0;0
2026-06-29 23:48:11;Garnet;ONLINE;0;0
2026-06-29 23:48:11;Forte 1;ONLINE;0;0
2026-06-30 00:48:17;Cepheus-1-108Q;ONLINE;0;0
2026-06-30 00:48:17;Garnet;ONLINE;0;0
2026-06-30 00:48:17;Forte 1;ONLINE;0;0
2026-06-30 01:48:22;Cepheus-1-108Q;ONLINE;0;0
2026-06-30 01:48:22;Garnet;ONLINE;2;0
2026-06-30 01:48:22;Forte 1;ONLINE;0;0
2026-06-30 02:48:27;Cepheus-1-108Q;ONLINE;0;0
2026-06-30 02:48:27;Garnet;ONLINE;2;0
2026-06-30 02:48:27;Forte 1;ONLINE;0;0
2026-06-30 03:48:33;Cepheus-1-108Q;ONLINE;0;0
2026-06-30 03:48:33;Garnet;ONLINE;0;0
2026-06-30 03:48:33;Forte 1;ONLINE;0;0
2026-06-30 04:48:38;Cepheus-1-108Q;ONLINE;1;0
2026-06-30 04:48:38;Garnet;ONLINE;0;0
2026-06-30 04:48:38;Forte 1;ONLINE;0;0
2026-06-30 05:48:44;Cepheus-1-108Q;ONLINE;0;0
2026-06-30 05:48:44;Garnet;ONLINE;0;0
2026-06-30 05:48:44;Forte 1;ONLINE;0;0
2026-06-30 06:48:49;Cepheus-1-108Q;ONLINE;0;0
2026-06-30 06:48:49;Garnet;ONLINE;0;0
2026-06-30 06:48:49;Forte 1;ONLINE;0;0
2026-06-30 07:48:54;Cepheus-1-108Q;ONLINE;1;0
2026-06-30 07:48:54;Garnet;ONLINE;0;0
2026-06-30 07:48:54;Forte 1;ONLINE;0;0
2026-06-30 08:48:59;Cepheus-1-108Q;ONLINE;2;0
2026-06-30 08:48:59;Garnet;ONLINE;0;0
2026-06-30 08:48:59;Forte 1;ONLINE;0;0
2026-06-30 09:49:05;Cepheus-1-108Q;ONLINE;0;0
2026-06-30 09:49:05;Garnet;ONLINE;1;0
2026-06-30 09:49:05;Forte 1;ONLINE;0;0
2026-06-30 10:49:10;Cepheus-1-108Q;ONLINE;0;0
2026-06-30 10:49:10;Garnet;ONLINE;0;0
2026-06-30 10:49:10;Forte 1;ONLINE;0;0
2026-06-30 11:49:15;Cepheus-1-108Q;ONLINE;0;0 (1 prioritized hybrid job running)
2026-06-30 11:49:15;Garnet;ONLINE;0;0
2026-06-30 11:49:15;Forte 1;ONLINE;0;0
2026-06-30 12:49:20;Cepheus-1-108Q;ONLINE;0;0
2026-06-30 12:49:20;Garnet;ONLINE;0;0
2026-06-30 12:49:20;Forte 1;ONLINE;5;0
2026-06-30 13:49:26;Cepheus-1-108Q;ONLINE;0;0
2026-06-30 13:49:26;Garnet;ONLINE;0;0
2026-06-30 13:49:26;Forte 1;ONLINE;10;0
2026-06-30 14:49:31;Cepheus-1-108Q;ONLINE;0;0
2026-06-30 14:49:31;Garnet;ONLINE;0;0
2026-06-30 14:49:31;Forte 1;ONLINE;10;0
2026-06-30 15:49:36;Cepheus-1-108Q;ONLINE;0;0
2026-06-30 15:49:36;Garnet;ONLINE;6;0
2026-06-30 15:49:36;Forte 1;ONLINE;11;0
2026-06-30 16:49:41;Cepheus-1-108Q;ONLINE;0;0
2026-06-30 16:49:41;Garnet;ONLINE;6;0
2026-06-30 16:49:41;Forte 1;ONLINE;13;0
2026-06-30 17:49:47;Cepheus-1-108Q;ONLINE;0;0
2026-06-30 17:49:47;Garnet;ONLINE;0;0
2026-06-30 17:49:47;Forte 1;OFFLINE;14;0
2026-06-30 18:49:52;Cepheus-1-108Q;ONLINE;0;0
2026-06-30 18:49:52;Garnet;ONLINE;0;0
2026-06-30 18:49:52;Forte 1;OFFLINE;14;0
2026-06-30 19:49:57;Cepheus-1-108Q;ONLINE;3;0
2026-06-30 19:49:57;Garnet;ONLINE;0;0
2026-06-30 19:49:57;Forte 1;OFFLINE;14;0
2026-06-30 20:50:03;Cepheus-1-108Q;ONLINE;4;0
2026-06-30 20:50:03;Garnet;ONLINE;0;0
2026-06-30 20:50:03;Forte 1;OFFLINE;14;0
2026-06-30 21:50:08;Cepheus-1-108Q;ONLINE;0;0
2026-06-30 21:50:08;Garnet;ONLINE;0;0
2026-06-30 21:50:08;Forte 1;OFFLINE;14;0
2026-06-30 22:50:13;Cepheus-1-108Q;ONLINE;0;0
2026-06-30 22:50:13;Garnet;ONLINE;0;0
2026-06-30 22:50:13;Forte 1;ONLINE;14;0
2026-06-30 23:50:18;Cepheus-1-108Q;ONLINE;0;0
2026-06-30 23:50:18;Garnet;ONLINE;0;0
2026-06-30 23:50:18;Forte 1;ONLINE;0;0
2026-07-01 00:50:23;Cepheus-1-108Q;ONLINE;184;0
2026-07-01 00:50:23;Garnet;ONLINE;0;0
2026-07-01 00:50:23;Forte 1;ONLINE;0;0
2026-07-01 01:50:29;Cepheus-1-108Q;ONLINE;189;0
2026-07-01 01:50:29;Garnet;ONLINE;0;0
2026-07-01 01:50:29;Forte 1;ONLINE;0;0
2026-07-01 02:50:34;Cepheus-1-108Q;ONLINE;2;0
2026-07-01 02:50:34;Garnet;ONLINE;0;0
2026-07-01 02:50:34;Forte 1;ONLINE;0;0
2026-07-01 03:50:40;Cepheus-1-108Q;ONLINE;0;0
2026-07-01 03:50:40;Garnet;ONLINE;1;0
2026-07-01 03:50:40;Forte 1;ONLINE;0;0
2026-07-01 04:50:45;Cepheus-1-108Q;ONLINE;0;0
2026-07-01 04:50:45;Garnet;ONLINE;0;0
2026-07-01 04:50:45;Forte 1;ONLINE;0;0
2026-07-01 05:50:51;Cepheus-1-108Q;ONLINE;0;0
2026-07-01 05:50:51;Garnet;ONLINE;0;0
2026-07-01 05:50:51;Forte 1;ONLINE;0;0
2026-07-01 06:50:56;Cepheus-1-108Q;ONLINE;0;0
2026-07-01 06:50:56;Garnet;OFFLINE;0;0
2026-07-01 06:50:56;Forte 1;ONLINE;0;0
2026-07-01 07:51:01;Cepheus-1-108Q;ONLINE;0;0
2026-07-01 07:51:01;Garnet;OFFLINE;0;0
2026-07-01 07:51:01;Forte 1;ONLINE;1;0
2026-07-01 08:51:06;Cepheus-1-108Q;ONLINE;1;0
2026-07-01 08:51:06;Garnet;OFFLINE;0;0
2026-07-01 08:51:06;Forte 1;ONLINE;0;0
2026-07-01 09:51:12;Cepheus-1-108Q;ONLINE;0;0
2026-07-01 09:51:12;Garnet;OFFLINE;0;0
2026-07-01 09:51:12;Forte 1;ONLINE;0;0
2026-07-01 10:51:16;Cepheus-1-108Q;ONLINE;0;0
2026-07-01 10:51:16;Garnet;OFFLINE;0;0
2026-07-01 10:51:16;Forte 1;ONLINE;0;0
2026-07-01 11:51:21;Cepheus-1-108Q;ONLINE;1;0
2026-07-01 11:51:21;Garnet;OFFLINE;0;0
2026-07-01 11:51:21;Forte 1;ONLINE;0;0
2026-07-01 12:51:27;Cepheus-1-108Q;ONLINE;0;0
2026-07-01 12:51:27;Garnet;OFFLINE;0;0
2026-07-01 12:51:27;Forte 1;ONLINE;0;0
2026-07-01 13:51:31;Cepheus-1-108Q;ONLINE;0;0
2026-07-01 13:51:31;Garnet;OFFLINE;0;0
2026-07-01 13:51:31;Forte 1;ONLINE;0;0
2026-07-01 14:51:37;Cepheus-1-108Q;ONLINE;0;0 (1 prioritized hybrid job running)
2026-07-01 14:51:37;Garnet;OFFLINE;0;0
2026-07-01 14:51:37;Forte 1;ONLINE;0;0
2026-07-01 15:51:41;Cepheus-1-108Q;ONLINE;0;0
2026-07-01 15:51:41;Garnet;OFFLINE;0;0
2026-07-01 15:51:41;Forte 1;ONLINE;1;0
2026-07-01 16:51:46;Cepheus-1-108Q;ONLINE;0;0
2026-07-01 16:51:46;Garnet;OFFLINE;0;0
2026-07-01 16:51:46;Forte 1;ONLINE;0;0
2026-07-01 17:51:51;Cepheus-1-108Q;ONLINE;0;0 (1 prioritized hybrid job running)
2026-07-01 17:51:51;Garnet;OFFLINE;0;0
2026-07-01 17:51:51;Forte 1;ONLINE;5;0
2026-07-01 18:51:56;Cepheus-1-108Q;ONLINE;0;0
2026-07-01 18:51:56;Garnet;OFFLINE;0;0
2026-07-01 18:51:56;Forte 1;ONLINE;5;0
2026-07-01 19:52:00;Cepheus-1-108Q;ONLINE;6;0
2026-07-01 19:52:00;Garnet;OFFLINE;0;0
2026-07-01 19:52:00;Forte 1;ONLINE;6;0
2026-07-01 20:52:05;Cepheus-1-108Q;ONLINE;7;0
2026-07-01 20:52:05;Garnet;OFFLINE;0;0
2026-07-01 20:52:05;Forte 1;ONLINE;5;0
2026-07-01 21:52:10;Cepheus-1-108Q;ONLINE;0;0
2026-07-01 21:52:10;Garnet;OFFLINE;0;0
2026-07-01 21:52:10;Forte 1;ONLINE;7;0
2026-07-01 22:52:16;Cepheus-1-108Q;ONLINE;0;0
2026-07-01 22:52:16;Garnet;OFFLINE;0;0
2026-07-01 22:52:16;Forte 1;ONLINE;0;0
2026-07-01 23:52:21;Cepheus-1-108Q;ONLINE;0;0
2026-07-01 23:52:21;Garnet;OFFLINE;0;0
2026-07-01 23:52:21;Forte 1;ONLINE;0;0
2026-07-02 00:52:26;Cepheus-1-108Q;ONLINE;0;0
2026-07-02 00:52:26;Garnet;OFFLINE;0;0
2026-07-02 00:52:26;Forte 1;ONLINE;0;0
2026-07-02 01:52:31;Cepheus-1-108Q;ONLINE;0;0
2026-07-02 01:52:31;Garnet;OFFLINE;0;0
2026-07-02 01:52:31;Forte 1;ONLINE;0;0
2026-07-02 02:52:36;Cepheus-1-108Q;ONLINE;0;0
2026-07-02 02:52:36;Garnet;OFFLINE;0;0
2026-07-02 02:52:36;Forte 1;ONLINE;0;0
2026-07-02 03:52:42;Cepheus-1-108Q;ONLINE;0;0
2026-07-02 03:52:42;Garnet;OFFLINE;0;0
2026-07-02 03:52:42;Forte 1;ONLINE;0;0
2026-07-02 04:52:47;Cepheus-1-108Q;ONLINE;0;0
2026-07-02 04:52:47;Garnet;OFFLINE;0;0
2026-07-02 04:52:47;Forte 1;ONLINE;0;0
2026-07-02 05:52:51;Cepheus-1-108Q;ONLINE;0;0
2026-07-02 05:52:51;Garnet;OFFLINE;0;0
2026-07-02 05:52:51;Forte 1;ONLINE;0;0
2026-07-02 06:52:56;Cepheus-1-108Q;ONLINE;0;0
2026-07-02 06:52:56;Garnet;OFFLINE;0;0
2026-07-02 06:52:56;Forte 1;ONLINE;1;0
2026-07-02 07:53:01;Cepheus-1-108Q;ONLINE;0;0
2026-07-02 07:53:01;Garnet;OFFLINE;0;0
2026-07-02 07:53:01;Forte 1;ONLINE;4;0
2026-07-02 08:53:07;Cepheus-1-108Q;ONLINE;0;0
2026-07-02 08:53:07;Garnet;OFFLINE;0;0
2026-07-02 08:53:07;Forte 1;ONLINE;0;0
2026-07-02 09:53:12;Cepheus-1-108Q;ONLINE;0;0
2026-07-02 09:53:12;Garnet;OFFLINE;0;0
2026-07-02 09:53:12;Forte 1;ONLINE;0;0
2026-07-02 10:53:17;Cepheus-1-108Q;ONLINE;1;0
2026-07-02 10:53:17;Garnet;OFFLINE;0;0
2026-07-02 10:53:17;Forte 1;ONLINE;0;0
2026-07-02 11:53:22;Cepheus-1-108Q;ONLINE;0;0
2026-07-02 11:53:22;Garnet;OFFLINE;0;0
2026-07-02 11:53:22;Forte 1;ONLINE;0;0
2026-07-02 12:53:28;Cepheus-1-108Q;ONLINE;1;0
2026-07-02 12:53:28;Garnet;OFFLINE;0;0
2026-07-02 12:53:28;Forte 1;ONLINE;0;0
2026-07-02 13:53:34;Cepheus-1-108Q;ONLINE;0;0
2026-07-02 13:53:34;Garnet;OFFLINE;0;0
2026-07-02 13:53:34;Forte 1;ONLINE;0;0
2026-07-02 14:53:40;Cepheus-1-108Q;ONLINE;0;0
2026-07-02 14:53:40;Garnet;OFFLINE;0;0
2026-07-02 14:53:40;Forte 1;ONLINE;3;0
2026-07-02 15:53:45;Cepheus-1-108Q;ONLINE;0;0
2026-07-02 15:53:45;Garnet;OFFLINE;0;0
2026-07-02 15:53:45;Forte 1;ONLINE;14;0
2026-07-02 16:53:50;Cepheus-1-108Q;ONLINE;0;0
2026-07-02 16:53:50;Garnet;OFFLINE;0;0
2026-07-02 16:53:50;Forte 1;ONLINE;1;0
2026-07-02 17:53:55;Cepheus-1-108Q;ONLINE;0;0
2026-07-02 17:53:55;Garnet;OFFLINE;0;0
2026-07-02 17:53:55;Forte 1;ONLINE;2;0
2026-07-02 18:54:00;Cepheus-1-108Q;ONLINE;0;0
2026-07-02 18:54:00;Garnet;ONLINE;0;0
2026-07-02 18:54:00;Forte 1;ONLINE;3;0
2026-07-02 19:54:05;Cepheus-1-108Q;ONLINE;0;0
2026-07-02 19:54:05;Garnet;ONLINE;0;0
2026-07-02 19:54:05;Forte 1;ONLINE;4;0
2026-07-02 20:54:10;Cepheus-1-108Q;ONLINE;5;0
2026-07-02 20:54:10;Garnet;ONLINE;0;0
2026-07-02 20:54:10;Forte 1;ONLINE;0;0
2026-07-02 21:54:15;Cepheus-1-108Q;ONLINE;0;0
2026-07-02 21:54:15;Garnet;ONLINE;0;0
2026-07-02 21:54:15;Forte 1;ONLINE;0;0
2026-07-02 22:54:20;Cepheus-1-108Q;ONLINE;0;0
2026-07-02 22:54:20;Garnet;ONLINE;0;0
2026-07-02 22:54:20;Forte 1;ONLINE;0;0
2026-07-02 23:54:25;Cepheus-1-108Q;ONLINE;0;0
2026-07-02 23:54:25;Garnet;ONLINE;0;0
2026-07-02 23:54:25;Forte 1;ONLINE;0;0
2026-07-03 00:54:30;Cepheus-1-108Q;ONLINE;0;0
2026-07-03 00:54:30;Garnet;ONLINE;0;0
2026-07-03 00:54:30;Forte 1;ONLINE;0;0
2026-07-03 01:54:35;Cepheus-1-108Q;ONLINE;0;0
2026-07-03 01:54:35;Garnet;ONLINE;1;0
2026-07-03 01:54:35;Forte 1;ONLINE;0;0
2026-07-03 02:54:40;Cepheus-1-108Q;ONLINE;0;0
2026-07-03 02:54:40;Garnet;ONLINE;2;0
2026-07-03 02:54:40;Forte 1;ONLINE;0;0
2026-07-03 03:54:45;Cepheus-1-108Q;ONLINE;0;0
2026-07-03 03:54:45;Garnet;ONLINE;0;0
2026-07-03 03:54:45;Forte 1;ONLINE;0;0
2026-07-03 04:54:50;Cepheus-1-108Q;ONLINE;0;0
2026-07-03 04:54:50;Garnet;ONLINE;0;0
2026-07-03 04:54:50;Forte 1;ONLINE;0;0
2026-07-03 05:54:55;Cepheus-1-108Q;ONLINE;0;0
2026-07-03 05:54:55;Garnet;ONLINE;0;0
2026-07-03 05:54:55;Forte 1;ONLINE;0;0 (1 prioritized hybrid job running)
2026-07-03 06:55:00;Cepheus-1-108Q;ONLINE;0;0
2026-07-03 06:55:00;Garnet;ONLINE;0;0
2026-07-03 06:55:00;Forte 1;ONLINE;0;0
2026-07-03 07:55:06;Cepheus-1-108Q;ONLINE;6;0
2026-07-03 07:55:06;Garnet;ONLINE;0;0
2026-07-03 07:55:06;Forte 1;ONLINE;0;0
2026-07-03 08:55:11;Cepheus-1-108Q;ONLINE;10;0
2026-07-03 08:55:11;Garnet;ONLINE;0;0
2026-07-03 08:55:11;Forte 1;ONLINE;0;0
2026-07-03 09:55:17;Cepheus-1-108Q;ONLINE;0;0
2026-07-03 09:55:17;Garnet;ONLINE;0;0
2026-07-03 09:55:17;Forte 1;ONLINE;0;0
2026-07-03 10:55:22;Cepheus-1-108Q;ONLINE;0;0
2026-07-03 10:55:22;Garnet;ONLINE;0;0
2026-07-03 10:55:22;Forte 1;ONLINE;1;0
2026-07-03 11:55:26;Cepheus-1-108Q;ONLINE;0;0
2026-07-03 11:55:26;Garnet;ONLINE;0;0
2026-07-03 11:55:26;Forte 1;ONLINE;1;0
2026-07-03 12:55:32;Cepheus-1-108Q;ONLINE;0;0
2026-07-03 12:55:32;Garnet;ONLINE;0;0
2026-07-03 12:55:32;Forte 1;ONLINE;1;0
2026-07-03 13:55:37;Cepheus-1-108Q;ONLINE;0;0
2026-07-03 13:55:37;Garnet;ONLINE;0;0
2026-07-03 13:55:37;Forte 1;ONLINE;1;0
2026-07-03 14:55:42;Cepheus-1-108Q;ONLINE;0;0
2026-07-03 14:55:42;Garnet;ONLINE;0;0
2026-07-03 14:55:42;Forte 1;ONLINE;0;0
2026-07-03 15:55:47;Cepheus-1-108Q;ONLINE;0;0
2026-07-03 15:55:47;Garnet;ONLINE;6;0
2026-07-03 15:55:47;Forte 1;ONLINE;0;0
2026-07-03 16:55:52;Cepheus-1-108Q;ONLINE;0;0
2026-07-03 16:55:52;Garnet;ONLINE;6;0
2026-07-03 16:55:52;Forte 1;ONLINE;0;0
2026-07-03 17:55:57;Cepheus-1-108Q;ONLINE;0;0
2026-07-03 17:55:57;Garnet;ONLINE;0;0
2026-07-03 17:55:57;Forte 1;ONLINE;0;0
2026-07-03 18:56:03;Cepheus-1-108Q;ONLINE;0;0
2026-07-03 18:56:03;Garnet;ONLINE;0;0
2026-07-03 18:56:03;Forte 1;ONLINE;0;0
2026-07-03 19:56:09;Cepheus-1-108Q;ONLINE;0;0
2026-07-03 19:56:09;Garnet;ONLINE;0;0
2026-07-03 19:56:09;Forte 1;ONLINE;1;0
2026-07-03 20:56:14;Cepheus-1-108Q;ONLINE;1;0
2026-07-03 20:56:14;Garnet;ONLINE;0;0
2026-07-03 20:56:14;Forte 1;ONLINE;0;0
2026-07-03 21:56:19;Cepheus-1-108Q;ONLINE;0;0
2026-07-03 21:56:19;Garnet;ONLINE;0;0
2026-07-03 21:56:19;Forte 1;ONLINE;0;0
2026-07-03 22:56:24;Cepheus-1-108Q;ONLINE;0;0
2026-07-03 22:56:24;Garnet;ONLINE;0;0
2026-07-03 22:56:24;Forte 1;ONLINE;0;0
2026-07-03 23:56:30;Cepheus-1-108Q;ONLINE;0;0
2026-07-03 23:56:30;Garnet;ONLINE;0;0
2026-07-03 23:56:30;Forte 1;ONLINE;0;0
2026-07-04 00:56:35;Cepheus-1-108Q;ONLINE;0;0
2026-07-04 00:56:35;Garnet;ONLINE;1;0
2026-07-04 00:56:35;Forte 1;ONLINE;0;0
2026-07-04 01:56:40;Cepheus-1-108Q;ONLINE;0;0
2026-07-04 01:56:40;Garnet;ONLINE;1;0
2026-07-04 01:56:40;Forte 1;ONLINE;0;0
2026-07-04 02:56:45;Cepheus-1-108Q;ONLINE;0;0
2026-07-04 02:56:45;Garnet;ONLINE;1;0
2026-07-04 02:56:45;Forte 1;ONLINE;0;0
2026-07-04 03:56:50;Cepheus-1-108Q;ONLINE;0;0
2026-07-04 03:56:50;Garnet;ONLINE;1;0
2026-07-04 03:56:50;Forte 1;ONLINE;0;0
2026-07-04 04:56:55;Cepheus-1-108Q;ONLINE;0;0
2026-07-04 04:56:55;Garnet;ONLINE;1;0
2026-07-04 04:56:55;Forte 1;ONLINE;0;0
2026-07-04 05:57:00;Cepheus-1-108Q;ONLINE;0;0
2026-07-04 05:57:00;Garnet;ONLINE;2;0
2026-07-04 05:57:00;Forte 1;ONLINE;0;0
2026-07-04 06:57:05;Cepheus-1-108Q;ONLINE;0;0
2026-07-04 06:57:05;Garnet;ONLINE;2;0
2026-07-04 06:57:05;Forte 1;ONLINE;0;0
2026-07-04 07:57:10;Cepheus-1-108Q;ONLINE;0;0
2026-07-04 07:57:10;Garnet;ONLINE;2;0
2026-07-04 07:57:10;Forte 1;ONLINE;0;0
2026-07-04 08:57:16;Cepheus-1-108Q;ONLINE;0;0
2026-07-04 08:57:16;Garnet;ONLINE;2;0
2026-07-04 08:57:16;Forte 1;ONLINE;0;0
2026-07-04 09:57:21;Cepheus-1-108Q;ONLINE;0;0
2026-07-04 09:57:21;Garnet;ONLINE;2;0
2026-07-04 09:57:21;Forte 1;ONLINE;1;0
2026-07-04 10:57:26;Cepheus-1-108Q;ONLINE;0;0
2026-07-04 10:57:26;Garnet;ONLINE;2;0
2026-07-04 10:57:26;Forte 1;ONLINE;0;0
2026-07-04 11:57:32;Cepheus-1-108Q;ONLINE;0;0
2026-07-04 11:57:32;Garnet;ONLINE;2;0
2026-07-04 11:57:32;Forte 1;ONLINE;0;0
2026-07-04 12:57:36;Cepheus-1-108Q;ONLINE;0;0
2026-07-04 12:57:36;Garnet;ONLINE;2;0
2026-07-04 12:57:36;Forte 1;ONLINE;0;0
2026-07-04 13:57:41;Cepheus-1-108Q;ONLINE;0;0
2026-07-04 13:57:41;Garnet;ONLINE;3;0
2026-07-04 13:57:41;Forte 1;ONLINE;0;0
2026-07-04 14:57:47;Cepheus-1-108Q;ONLINE;1;0
2026-07-04 14:57:47;Garnet;ONLINE;3;0
2026-07-04 14:57:47;Forte 1;ONLINE;0;0
2026-07-04 15:57:52;Cepheus-1-108Q;ONLINE;0;0
2026-07-04 15:57:52;Garnet;ONLINE;3;0
2026-07-04 15:57:52;Forte 1;ONLINE;0;0
2026-07-04 16:57:58;Cepheus-1-108Q;ONLINE;0;0
2026-07-04 16:57:58;Garnet;ONLINE;3;0
2026-07-04 16:57:58;Forte 1;ONLINE;0;0
2026-07-04 17:58:03;Cepheus-1-108Q;ONLINE;0;0
2026-07-04 17:58:03;Garnet;ONLINE;3;0
2026-07-04 17:58:03;Forte 1;ONLINE;0;0
2026-07-04 18:58:08;Cepheus-1-108Q;ONLINE;0;0
2026-07-04 18:58:08;Garnet;ONLINE;3;0
2026-07-04 18:58:08;Forte 1;ONLINE;0;0
2026-07-04 19:58:14;Cepheus-1-108Q;ONLINE;1;0
2026-07-04 19:58:14;Garnet;ONLINE;3;0
2026-07-04 19:58:14;Forte 1;ONLINE;0;0
2026-07-04 20:58:19;Cepheus-1-108Q;ONLINE;2;0
2026-07-04 20:58:19;Garnet;ONLINE;3;0
2026-07-04 20:58:19;Forte 1;ONLINE;0;0
2026-07-04 21:58:24;Cepheus-1-108Q;ONLINE;0;0
2026-07-04 21:58:24;Garnet;ONLINE;3;0
2026-07-04 21:58:24;Forte 1;ONLINE;0;0
2026-07-04 22:58:29;Cepheus-1-108Q;ONLINE;0;0
2026-07-04 22:58:29;Garnet;ONLINE;3;0
2026-07-04 22:58:29;Forte 1;ONLINE;0;0
2026-07-04 23:58:35;Cepheus-1-108Q;ONLINE;0;0
2026-07-04 23:58:35;Garnet;ONLINE;4;0
2026-07-04 23:58:35;Forte 1;ONLINE;0;0
2026-07-05 00:58:40;Cepheus-1-108Q;ONLINE;0;0
2026-07-05 00:58:40;Garnet;ONLINE;4;0
2026-07-05 00:58:40;Forte 1;ONLINE;0;0
2026-07-05 01:58:45;Cepheus-1-108Q;ONLINE;0;0
2026-07-05 01:58:45;Garnet;ONLINE;4;0
2026-07-05 01:58:45;Forte 1;ONLINE;5;0
2026-07-05 02:58:50;Cepheus-1-108Q;ONLINE;0;0
2026-07-05 02:58:50;Garnet;ONLINE;4;0
2026-07-05 02:58:50;Forte 1;ONLINE;10;0
2026-07-05 03:58:55;Cepheus-1-108Q;ONLINE;0;0
2026-07-05 03:58:55;Garnet;ONLINE;4;0
2026-07-05 03:58:55;Forte 1;ONLINE;0;0
2026-07-05 04:59:00;Cepheus-1-108Q;ONLINE;0;0
2026-07-05 04:59:00;Garnet;ONLINE;4;0
2026-07-05 04:59:00;Forte 1;ONLINE;0;0
2026-07-05 05:59:06;Cepheus-1-108Q;ONLINE;0;0
2026-07-05 05:59:06;Garnet;ONLINE;4;0
2026-07-05 05:59:06;Forte 1;ONLINE;0;0
2026-07-05 06:59:11;Cepheus-1-108Q;ONLINE;0;0
2026-07-05 06:59:11;Garnet;ONLINE;4;0
2026-07-05 06:59:11;Forte 1;ONLINE;0;0
2026-07-05 07:59:17;Cepheus-1-108Q;ONLINE;0;0
2026-07-05 07:59:17;Garnet;ONLINE;4;0
2026-07-05 07:59:17;Forte 1;ONLINE;0;0
2026-07-05 08:59:22;Cepheus-1-108Q;ONLINE;1;1
2026-07-05 08:59:22;Garnet;ONLINE;4;0
2026-07-05 08:59:22;Forte 1;ONLINE;0;0
2026-07-05 09:59:27;Cepheus-1-108Q;ONLINE;0;0
2026-07-05 09:59:27;Garnet;ONLINE;4;0
2026-07-05 09:59:27;Forte 1;ONLINE;4;0
2026-07-05 10:59:32;Cepheus-1-108Q;ONLINE;0;0
2026-07-05 10:59:32;Garnet;ONLINE;4;0
2026-07-05 10:59:32;Forte 1;ONLINE;0;0
2026-07-05 11:59:38;Cepheus-1-108Q;ONLINE;0;0
2026-07-05 11:59:38;Garnet;ONLINE;4;0
2026-07-05 11:59:38;Forte 1;ONLINE;0;0
2026-07-05 12:59:43;Cepheus-1-108Q;ONLINE;0;0
2026-07-05 12:59:43;Garnet;ONLINE;4;0
2026-07-05 12:59:43;Forte 1;ONLINE;0;0
2026-07-05 13:59:48;Cepheus-1-108Q;ONLINE;0;0
2026-07-05 13:59:48;Garnet;ONLINE;4;0
2026-07-05 13:59:48;Forte 1;ONLINE;1;0
2026-07-05 14:59:53;Cepheus-1-108Q;ONLINE;0;0
2026-07-05 14:59:53;Garnet;ONLINE;4;0
2026-07-05 14:59:53;Forte 1;ONLINE;0;0
2026-07-05 15:59:58;Cepheus-1-108Q;ONLINE;0;0
2026-07-05 15:59:58;Garnet;ONLINE;4;0
2026-07-05 15:59:58;Forte 1;ONLINE;0;0
2026-07-05 17:00:04;Cepheus-1-108Q;ONLINE;0;0
2026-07-05 17:00:04;Garnet;ONLINE;4;0
2026-07-05 17:00:04;Forte 1;ONLINE;0;0
2026-07-05 18:00:09;Cepheus-1-108Q;ONLINE;0;0
2026-07-05 18:00:09;Garnet;ONLINE;5;0
2026-07-05 18:00:09;Forte 1;ONLINE;0;0
2026-07-05 19:00:14;Cepheus-1-108Q;ONLINE;0;0
2026-07-05 19:00:14;Garnet;ONLINE;5;0
2026-07-05 19:00:14;Forte 1;ONLINE;0;0
2026-07-05 20:00:19;Cepheus-1-108Q;ONLINE;0;0
2026-07-05 20:00:19;Garnet;ONLINE;5;0
2026-07-05 20:00:19;Forte 1;ONLINE;0;0
2026-07-05 21:00:25;Cepheus-1-108Q;ONLINE;0;0
2026-07-05 21:00:25;Garnet;ONLINE;5;0
2026-07-05 21:00:25;Forte 1;ONLINE;0;0
2026-07-05 22:00:30;Cepheus-1-108Q;ONLINE;0;0
2026-07-05 22:00:30;Garnet;ONLINE;5;0
2026-07-05 22:00:30;Forte 1;ONLINE;0;0
2026-07-05 23:00:35;Cepheus-1-108Q;ONLINE;0;0
2026-07-05 23:00:35;Garnet;ONLINE;5;0
2026-07-05 23:00:35;Forte 1;ONLINE;0;0
2026-07-06 00:00:41;Cepheus-1-108Q;ONLINE;0;0
2026-07-06 00:00:41;Garnet;ONLINE;5;0
2026-07-06 00:00:41;Forte 1;ONLINE;0;0
2026-07-06 01:00:46;Cepheus-1-108Q;ONLINE;0;0
2026-07-06 01:00:46;Garnet;ONLINE;0;0
2026-07-06 01:00:46;Forte 1;ONLINE;0;0
2026-07-06 02:00:51;Cepheus-1-108Q;ONLINE;1;0
2026-07-06 02:00:51;Garnet;ONLINE;1;0
2026-07-06 02:00:51;Forte 1;ONLINE;0;0
2026-07-06 03:00:56;Cepheus-1-108Q;ONLINE;2;0
2026-07-06 03:00:56;Garnet;ONLINE;1;0
2026-07-06 03:00:56;Forte 1;ONLINE;0;0
2026-07-06 04:01:02;Cepheus-1-108Q;ONLINE;1;0
2026-07-06 04:01:02;Garnet;ONLINE;0;0
2026-07-06 04:01:02;Forte 1;ONLINE;0;0
2026-07-06 05:01:07;Cepheus-1-108Q;ONLINE;1;0
2026-07-06 05:01:07;Garnet;ONLINE;1;0
2026-07-06 05:01:07;Forte 1;ONLINE;0;0
2026-07-06 06:01:12;Cepheus-1-108Q;ONLINE;0;0
2026-07-06 06:01:12;Garnet;ONLINE;7;0
2026-07-06 06:01:12;Forte 1;ONLINE;0;0
2026-07-06 07:01:17;Cepheus-1-108Q;ONLINE;0;0
2026-07-06 07:01:17;Garnet;ONLINE;2;0
2026-07-06 07:01:17;Forte 1;ONLINE;0;0
2026-07-06 08:01:22;Cepheus-1-108Q;ONLINE;1;0
2026-07-06 08:01:22;Garnet;ONLINE;0;0
2026-07-06 08:01:22;Forte 1;ONLINE;0;0
2026-07-06 09:01:27;Cepheus-1-108Q;ONLINE;0;0
2026-07-06 09:01:27;Garnet;ONLINE;0;0
2026-07-06 09:01:27;Forte 1;ONLINE;0;0
2026-07-06 10:01:32;Cepheus-1-108Q;ONLINE;0;0
2026-07-06 10:01:32;Garnet;ONLINE;0;0
2026-07-06 10:01:32;Forte 1;ONLINE;0;0
2026-07-06 11:01:37;Cepheus-1-108Q;ONLINE;1;0
2026-07-06 11:01:37;Garnet;ONLINE;0;0
2026-07-06 11:01:37;Forte 1;ONLINE;0;0
2026-07-06 12:01:42;Cepheus-1-108Q;ONLINE;0;0
2026-07-06 12:01:42;Garnet;ONLINE;0;0
2026-07-06 12:01:42;Forte 1;ONLINE;0;0
2026-07-06 13:01:48;Cepheus-1-108Q;ONLINE;0;0
2026-07-06 13:01:48;Garnet;ONLINE;0;0
2026-07-06 13:01:48;Forte 1;ONLINE;0;0
2026-07-06 14:01:54;Cepheus-1-108Q;ONLINE;0;0
2026-07-06 14:01:54;Garnet;ONLINE;0;0
2026-07-06 14:01:54;Forte 1;ONLINE;0;0
2026-07-06 15:01:59;Cepheus-1-108Q;ONLINE;3;0
2026-07-06 15:01:59;Garnet;ONLINE;0;0
2026-07-06 15:01:59;Forte 1;ONLINE;0;0
2026-07-06 16:02:04;Cepheus-1-108Q;ONLINE;0;0
2026-07-06 16:02:04;Garnet;ONLINE;6;0
2026-07-06 16:02:04;Forte 1;ONLINE;0;0
2026-07-06 17:02:10;Cepheus-1-108Q;ONLINE;1;0
2026-07-06 17:02:10;Garnet;ONLINE;6;0
2026-07-06 17:02:10;Forte 1;ONLINE;0;0
2026-07-06 18:02:16;Cepheus-1-108Q;ONLINE;1;0
2026-07-06 18:02:16;Garnet;ONLINE;0;0
2026-07-06 18:02:16;Forte 1;ONLINE;0;0
2026-07-06 19:02:21;Cepheus-1-108Q;ONLINE;0;0
2026-07-06 19:02:21;Garnet;ONLINE;0;0
2026-07-06 19:02:21;Forte 1;ONLINE;0;0
2026-07-06 20:02:26;Cepheus-1-108Q;ONLINE;1;1
2026-07-06 20:02:26;Garnet;ONLINE;0;0
2026-07-06 20:02:26;Forte 1;ONLINE;0;0
2026-07-06 21:02:31;Cepheus-1-108Q;ONLINE;3;0 (1 prioritized hybrid job running)
2026-07-06 21:02:31;Garnet;ONLINE;0;0
2026-07-06 21:02:31;Forte 1;ONLINE;0;0
2026-07-06 22:02:36;Cepheus-1-108Q;ONLINE;0;0
2026-07-06 22:02:36;Garnet;ONLINE;1;0
2026-07-06 22:02:36;Forte 1;ONLINE;0;0
2026-07-06 23:02:42;Cepheus-1-108Q;ONLINE;3;0
2026-07-06 23:02:42;Garnet;ONLINE;0;0
2026-07-06 23:02:42;Forte 1;ONLINE;0;0
2026-07-07 00:02:47;Cepheus-1-108Q;ONLINE;0;0
2026-07-07 00:02:47;Garnet;ONLINE;0;0
2026-07-07 00:02:47;Forte 1;ONLINE;0;0
2026-07-07 01:02:53;Cepheus-1-108Q;ONLINE;0;0
2026-07-07 01:02:53;Garnet;ONLINE;0;0
2026-07-07 01:02:53;Forte 1;ONLINE;0;0
2026-07-07 02:02:58;Cepheus-1-108Q;ONLINE;1;0
2026-07-07 02:02:58;Garnet;ONLINE;0;0
2026-07-07 02:02:58;Forte 1;ONLINE;4;0
2026-07-07 03:03:04;Cepheus-1-108Q;ONLINE;5;0
2026-07-07 03:03:04;Garnet;ONLINE;0;0
2026-07-07 03:03:04;Forte 1;ONLINE;1;0
2026-07-07 04:03:09;Cepheus-1-108Q;ONLINE;0;0
2026-07-07 04:03:09;Garnet;ONLINE;0;0
2026-07-07 04:03:09;Forte 1;ONLINE;2;0
2026-07-07 05:03:14;Cepheus-1-108Q;ONLINE;5;0
2026-07-07 05:03:14;Garnet;ONLINE;0;0
2026-07-07 05:03:14;Forte 1;ONLINE;0;0
2026-07-07 06:03:19;Cepheus-1-108Q;ONLINE;1;0
2026-07-07 06:03:19;Garnet;ONLINE;0;0
2026-07-07 06:03:19;Forte 1;ONLINE;2;0
2026-07-07 07:03:25;Cepheus-1-108Q;ONLINE;2;0
2026-07-07 07:03:25;Garnet;ONLINE;0;0
2026-07-07 07:03:25;Forte 1;ONLINE;0;0
2026-07-07 08:03:30;Cepheus-1-108Q;ONLINE;2;0
2026-07-07 08:03:30;Garnet;ONLINE;0;0
2026-07-07 08:03:30;Forte 1;ONLINE;1;0
2026-07-07 09:03:36;Cepheus-1-108Q;ONLINE;0;0 (1 prioritized hybrid job running)
2026-07-07 09:03:36;Garnet;ONLINE;0;0
2026-07-07 09:03:36;Forte 1;ONLINE;0;0
2026-07-07 10:03:41;Cepheus-1-108Q;ONLINE;0;0
2026-07-07 10:03:41;Garnet;ONLINE;0;0
2026-07-07 10:03:41;Forte 1;ONLINE;0;0
2026-07-07 11:03:46;Cepheus-1-108Q;ONLINE;0;0
2026-07-07 11:03:46;Garnet;ONLINE;0;0
2026-07-07 11:03:46;Forte 1;ONLINE;0;0
2026-07-07 12:03:52;Cepheus-1-108Q;ONLINE;1;0
2026-07-07 12:03:52;Garnet;ONLINE;0;0
2026-07-07 12:03:52;Forte 1;ONLINE;0;0
2026-07-07 13:03:58;Cepheus-1-108Q;ONLINE;102;0
2026-07-07 13:03:58;Garnet;ONLINE;0;0
2026-07-07 13:03:58;Forte 1;ONLINE;0;0
2026-07-07 14:04:03;Cepheus-1-108Q;ONLINE;0;0
2026-07-07 14:04:03;Garnet;ONLINE;0;0
2026-07-07 14:04:03;Forte 1;ONLINE;0;0
2026-07-07 15:04:09;Cepheus-1-108Q;ONLINE;70;0 (1 prioritized hybrid job running)
2026-07-07 15:04:09;Garnet;ONLINE;0;0
2026-07-07 15:04:09;Forte 1;ONLINE;0;0
2026-07-07 16:04:14;Cepheus-1-108Q;ONLINE;3;0 (1 prioritized hybrid job running)
2026-07-07 16:04:14;Garnet;ONLINE;6;0
2026-07-07 16:04:14;Forte 1;ONLINE;0;0
2026-07-07 17:04:20;Cepheus-1-108Q;ONLINE;23;0 (1 prioritized hybrid job running)
2026-07-07 17:04:20;Garnet;ONLINE;6;0
2026-07-07 17:04:20;Forte 1;ONLINE;0;0
2026-07-07 18:04:25;Cepheus-1-108Q;ONLINE;1;0 (1 prioritized hybrid job running)
2026-07-07 18:04:25;Garnet;ONLINE;0;0
2026-07-07 18:04:25;Forte 1;OFFLINE;0;0
2026-07-07 19:04:30;Cepheus-1-108Q;ONLINE;1;0
2026-07-07 19:04:30;Garnet;ONLINE;0;0
2026-07-07 19:04:30;Forte 1;OFFLINE;0;0
2026-07-07 20:04:36;Cepheus-1-108Q;ONLINE;1;1
2026-07-07 20:04:36;Garnet;ONLINE;0;0
2026-07-07 20:04:36;Forte 1;OFFLINE;0;0
2026-07-07 21:04:41;Cepheus-1-108Q;ONLINE;1;0 (1 prioritized hybrid job running)
2026-07-07 21:04:41;Garnet;ONLINE;0;0
2026-07-07 21:04:41;Forte 1;OFFLINE;0;0
2026-07-07 22:04:47;Cepheus-1-108Q;ONLINE;2;0
2026-07-07 22:04:47;Garnet;ONLINE;0;0
2026-07-07 22:04:47;Forte 1;OFFLINE;0;0
2026-07-07 23:04:52;Cepheus-1-108Q;ONLINE;0;0
2026-07-07 23:04:52;Garnet;ONLINE;0;0
2026-07-07 23:04:52;Forte 1;OFFLINE;0;0
2026-07-08 00:04:57;Cepheus-1-108Q;ONLINE;0;0
2026-07-08 00:04:57;Garnet;ONLINE;0;0
2026-07-08 00:04:57;Forte 1;OFFLINE;0;0
2026-07-08 01:05:03;Cepheus-1-108Q;ONLINE;0;0
2026-07-08 01:05:03;Garnet;ONLINE;0;0
2026-07-08 01:05:03;Forte 1;OFFLINE;0;0
2026-07-08 02:05:08;Cepheus-1-108Q;ONLINE;0;0
2026-07-08 02:05:08;Garnet;ONLINE;1;0
2026-07-08 02:05:08;Forte 1;OFFLINE;0;0
2026-07-08 03:05:14;Cepheus-1-108Q;ONLINE;10;0
2026-07-08 03:05:14;Garnet;ONLINE;1;0
2026-07-08 03:05:14;Forte 1;OFFLINE;0;0
2026-07-08 04:05:19;Cepheus-1-108Q;ONLINE;0;0
2026-07-08 04:05:19;Garnet;ONLINE;0;0
2026-07-08 04:05:19;Forte 1;OFFLINE;0;0
2026-07-08 05:05:24;Cepheus-1-108Q;ONLINE;9;0 (1 prioritized hybrid job running)
2026-07-08 05:05:24;Garnet;ONLINE;0;0
2026-07-08 05:05:24;Forte 1;OFFLINE;0;0
2026-07-08 06:05:29;Cepheus-1-108Q;ONLINE;0;0
2026-07-08 06:05:29;Garnet;ONLINE;0;0
2026-07-08 06:05:29;Forte 1;OFFLINE;0;0
2026-07-08 07:05:34;Cepheus-1-108Q;ONLINE;5;0
2026-07-08 07:05:34;Garnet;ONLINE;0;0
2026-07-08 07:05:34;Forte 1;OFFLINE;0;0
2026-07-08 08:05:39;Cepheus-1-108Q;ONLINE;13;1
2026-07-08 08:05:39;Garnet;ONLINE;0;0
2026-07-08 08:05:39;Forte 1;OFFLINE;0;0
2026-07-08 09:05:45;Cepheus-1-108Q;ONLINE;1;0 (1 prioritized hybrid job running)
2026-07-08 09:05:45;Garnet;ONLINE;0;0
2026-07-08 09:05:45;Forte 1;OFFLINE;0;0
2026-07-08 10:05:50;Cepheus-1-108Q;ONLINE;0;0
2026-07-08 10:05:50;Garnet;ONLINE;0;0
2026-07-08 10:05:50;Forte 1;ONLINE;0;0
2026-07-08 11:05:55;Cepheus-1-108Q;ONLINE;0;0
2026-07-08 11:05:55;Garnet;ONLINE;6;0
2026-07-08 11:05:55;Forte 1;ONLINE;0;0
2026-07-08 12:06:00;Cepheus-1-108Q;ONLINE;0;0
2026-07-08 12:06:00;Garnet;ONLINE;0;0
2026-07-08 12:06:00;Forte 1;ONLINE;0;0
2026-07-08 13:06:05;Cepheus-1-108Q;ONLINE;0;0
2026-07-08 13:06:05;Garnet;ONLINE;0;0
2026-07-08 13:06:05;Forte 1;ONLINE;0;0
2026-07-08 14:06:11;Cepheus-1-108Q;ONLINE;1;0
2026-07-08 14:06:11;Garnet;ONLINE;0;0
2026-07-08 14:06:11;Forte 1;ONLINE;0;0
2026-07-08 15:06:16;Cepheus-1-108Q;ONLINE;5;0
2026-07-08 15:06:16;Garnet;ONLINE;0;0
2026-07-08 15:06:16;Forte 1;ONLINE;4;0
2026-07-08 16:06:22;Cepheus-1-108Q;ONLINE;0;0
2026-07-08 16:06:22;Garnet;ONLINE;6;0
2026-07-08 16:06:22;Forte 1;ONLINE;0;0
2026-07-08 17:06:27;Cepheus-1-108Q;ONLINE;0;0
2026-07-08 17:06:27;Garnet;ONLINE;8;0
2026-07-08 17:06:27;Forte 1;ONLINE;4;0
2026-07-08 18:06:32;Cepheus-1-108Q;ONLINE;1;0
2026-07-08 18:06:32;Garnet;ONLINE;0;0
2026-07-08 18:06:32;Forte 1;ONLINE;4;0
2026-07-08 19:06:37;Cepheus-1-108Q;ONLINE;0;0
2026-07-08 19:06:37;Garnet;ONLINE;0;0
2026-07-08 19:06:37;Forte 1;ONLINE;4;0
2026-07-08 20:06:43;Cepheus-1-108Q;ONLINE;1;0
2026-07-08 20:06:43;Garnet;ONLINE;0;0
2026-07-08 20:06:43;Forte 1;ONLINE;5;0
2026-07-08 21:06:48;Cepheus-1-108Q;ONLINE;0;0
2026-07-08 21:06:48;Garnet;ONLINE;0;0
2026-07-08 21:06:48;Forte 1;ONLINE;6;0
2026-07-08 22:06:54;Cepheus-1-108Q;ONLINE;0;0
2026-07-08 22:06:54;Garnet;ONLINE;0;0
2026-07-08 22:06:54;Forte 1;ONLINE;9;0
2026-07-08 23:06:59;Cepheus-1-108Q;ONLINE;0;0
2026-07-08 23:06:59;Garnet;ONLINE;0;0
2026-07-08 23:06:59;Forte 1;ONLINE;9;0
2026-07-09 00:07:05;Cepheus-1-108Q;ONLINE;0;0
2026-07-09 00:07:05;Garnet;ONLINE;0;0
2026-07-09 00:07:05;Forte 1;ONLINE;9;0
2026-07-09 01:07:09;Cepheus-1-108Q;ONLINE;0;0
2026-07-09 01:07:09;Garnet;ONLINE;0;0
2026-07-09 01:07:09;Forte 1;ONLINE;0;0
2026-07-09 02:07:14;Cepheus-1-108Q;ONLINE;0;0
2026-07-09 02:07:14;Garnet;ONLINE;1;0
2026-07-09 02:07:14;Forte 1;ONLINE;0;0
2026-07-09 03:07:19;Cepheus-1-108Q;ONLINE;1;0
2026-07-09 03:07:19;Garnet;ONLINE;1;0
2026-07-09 03:07:19;Forte 1;ONLINE;0;0
2026-07-09 04:07:25;Cepheus-1-108Q;ONLINE;0;0
2026-07-09 04:07:25;Garnet;ONLINE;0;0
2026-07-09 04:07:25;Forte 1;ONLINE;0;0
2026-07-09 05:07:30;Cepheus-1-108Q;ONLINE;0;0
2026-07-09 05:07:30;Garnet;ONLINE;0;0
2026-07-09 05:07:30;Forte 1;ONLINE;0;0
2026-07-09 06:07:35;Cepheus-1-108Q;ONLINE;0;0
2026-07-09 06:07:35;Garnet;ONLINE;0;0
2026-07-09 06:07:35;Forte 1;ONLINE;0;0
2026-07-09 07:07:40;Cepheus-1-108Q;ONLINE;0;0
2026-07-09 07:07:40;Garnet;ONLINE;0;0
2026-07-09 07:07:40;Forte 1;ONLINE;0;0
2026-07-09 08:07:45;Cepheus-1-108Q;ONLINE;105;0
2026-07-09 08:07:45;Garnet;ONLINE;0;0
2026-07-09 08:07:45;Forte 1;ONLINE;0;0
2026-07-09 09:07:50;Cepheus-1-108Q;ONLINE;0;0
2026-07-09 09:07:50;Garnet;ONLINE;0;0
2026-07-09 09:07:50;Forte 1;ONLINE;1;0
2026-07-09 10:07:55;Cepheus-1-108Q;ONLINE;0;0
2026-07-09 10:07:55;Garnet;ONLINE;0;0
2026-07-09 10:07:55;Forte 1;ONLINE;0;0
2026-07-09 11:08:01;Cepheus-1-108Q;ONLINE;0;0
2026-07-09 11:08:01;Garnet;ONLINE;0;0
2026-07-09 11:08:01;Forte 1;ONLINE;0;0
2026-07-09 12:08:06;Cepheus-1-108Q;ONLINE;0;0
2026-07-09 12:08:06;Garnet;ONLINE;0;0
2026-07-09 12:08:06;Forte 1;ONLINE;0;0
2026-07-09 13:08:12;Cepheus-1-108Q;ONLINE;1;0
2026-07-09 13:08:12;Garnet;ONLINE;0;0
2026-07-09 13:08:12;Forte 1;ONLINE;2;0
2026-07-09 14:08:17;Cepheus-1-108Q;ONLINE;0;0
2026-07-09 14:08:17;Garnet;ONLINE;0;0
2026-07-09 14:08:17;Forte 1;ONLINE;1;0
2026-07-09 15:08:22;Cepheus-1-108Q;ONLINE;0;0
2026-07-09 15:08:22;Garnet;ONLINE;0;0
2026-07-09 15:08:22;Forte 1;ONLINE;2;0
2026-07-09 16:08:27;Cepheus-1-108Q;ONLINE;8;0
2026-07-09 16:08:27;Garnet;ONLINE;6;0
2026-07-09 16:08:27;Forte 1;ONLINE;0;0
2026-07-09 17:08:33;Cepheus-1-108Q;ONLINE;12;0
2026-07-09 17:08:33;Garnet;ONLINE;6;0
2026-07-09 17:08:33;Forte 1;ONLINE;0;0
2026-07-09 18:08:38;Cepheus-1-108Q;ONLINE;0;0
2026-07-09 18:08:38;Garnet;ONLINE;0;0
2026-07-09 18:08:38;Forte 1;ONLINE;0;0
2026-07-09 19:08:43;Cepheus-1-108Q;ONLINE;0;0
2026-07-09 19:08:43;Garnet;ONLINE;1;0
2026-07-09 19:08:43;Forte 1;ONLINE;4;0
2026-07-09 20:08:49;Cepheus-1-108Q;ONLINE;2;0
2026-07-09 20:08:49;Garnet;ONLINE;0;0
2026-07-09 20:08:49;Forte 1;ONLINE;0;0
2026-07-09 21:08:55;Cepheus-1-108Q;ONLINE;0;0
2026-07-09 21:08:55;Garnet;ONLINE;0;0
2026-07-09 21:08:55;Forte 1;ONLINE;0;0
2026-07-09 22:09:00;Cepheus-1-108Q;ONLINE;0;0
2026-07-09 22:09:00;Garnet;ONLINE;0;0
2026-07-09 22:09:00;Forte 1;ONLINE;3;0
2026-07-09 23:09:06;Cepheus-1-108Q;ONLINE;0;0
2026-07-09 23:09:06;Garnet;ONLINE;0;0
2026-07-09 23:09:06;Forte 1;ONLINE;2;0
2026-07-10 00:09:11;Cepheus-1-108Q;ONLINE;0;0
2026-07-10 00:09:11;Garnet;ONLINE;0;0
2026-07-10 00:09:11;Forte 1;ONLINE;0;0
2026-07-10 01:09:16;Cepheus-1-108Q;ONLINE;0;0
2026-07-10 01:09:16;Garnet;ONLINE;0;0
2026-07-10 01:09:16;Forte 1;ONLINE;0;0
2026-07-10 02:09:22;Cepheus-1-108Q;ONLINE;0;0
2026-07-10 02:09:22;Garnet;ONLINE;1;0
2026-07-10 02:09:22;Forte 1;ONLINE;0;0
2026-07-10 03:09:27;Cepheus-1-108Q;ONLINE;0;0
2026-07-10 03:09:27;Garnet;ONLINE;1;0
2026-07-10 03:09:27;Forte 1;ONLINE;1;0
2026-07-10 04:09:32;Cepheus-1-108Q;ONLINE;0;0
2026-07-10 04:09:32;Garnet;ONLINE;0;0
2026-07-10 04:09:32;Forte 1;ONLINE;0;0
2026-07-10 05:09:38;Cepheus-1-108Q;ONLINE;0;0
2026-07-10 05:09:38;Garnet;ONLINE;0;0
2026-07-10 05:09:38;Forte 1;ONLINE;0;0
2026-07-10 06:09:43;Cepheus-1-108Q;ONLINE;0;0
2026-07-10 06:09:43;Garnet;ONLINE;0;0
2026-07-10 06:09:43;Forte 1;ONLINE;0;0
2026-07-10 07:09:49;Cepheus-1-108Q;ONLINE;1;0
2026-07-10 07:09:49;Garnet;ONLINE;0;0
2026-07-10 07:09:49;Forte 1;ONLINE;0;0
2026-07-10 08:09:54;Cepheus-1-108Q;ONLINE;6;0
2026-07-10 08:09:54;Garnet;ONLINE;0;0
2026-07-10 08:09:54;Forte 1;ONLINE;1;0
2026-07-10 09:09:59;Cepheus-1-108Q;ONLINE;0;0
2026-07-10 09:09:59;Garnet;ONLINE;0;0
2026-07-10 09:09:59;Forte 1;ONLINE;1;0
2026-07-10 10:10:05;Cepheus-1-108Q;ONLINE;6;0
2026-07-10 10:10:05;Garnet;ONLINE;0;0
2026-07-10 10:10:05;Forte 1;ONLINE;0;0
2026-07-10 11:10:10;Cepheus-1-108Q;ONLINE;0;0
2026-07-10 11:10:10;Garnet;ONLINE;1;0
2026-07-10 11:10:10;Forte 1;ONLINE;0;0
2026-07-10 12:10:16;Cepheus-1-108Q;ONLINE;1;0
2026-07-10 12:10:16;Garnet;ONLINE;0;0
2026-07-10 12:10:16;Forte 1;ONLINE;0;0
2026-07-10 13:10:20;Cepheus-1-108Q;ONLINE;0;0
2026-07-10 13:10:20;Garnet;ONLINE;0;0
2026-07-10 13:10:20;Forte 1;ONLINE;0;0
2026-07-10 14:10:25;Cepheus-1-108Q;ONLINE;1;0
2026-07-10 14:10:25;Garnet;ONLINE;0;0
2026-07-10 14:10:25;Forte 1;ONLINE;16;0
2026-07-10 15:10:31;Cepheus-1-108Q;ONLINE;0;0
2026-07-10 15:10:31;Garnet;ONLINE;0;0
2026-07-10 15:10:31;Forte 1;ONLINE;2;0
2026-07-10 16:10:36;Cepheus-1-108Q;ONLINE;2;0 (1 prioritized hybrid job running)
2026-07-10 16:10:36;Garnet;ONLINE;6;0
2026-07-10 16:10:36;Forte 1;ONLINE;0;0
2026-07-10 17:10:42;Cepheus-1-108Q;ONLINE;3;0 (1 prioritized hybrid job running)
2026-07-10 17:10:42;Garnet;ONLINE;7;0
2026-07-10 17:10:42;Forte 1;ONLINE;0;0
2026-07-10 18:10:47;Cepheus-1-108Q;ONLINE;1;0 (1 prioritized hybrid job running)
2026-07-10 18:10:47;Garnet;ONLINE;0;0
2026-07-10 18:10:47;Forte 1;ONLINE;0;0
2026-07-10 19:10:53;Cepheus-1-108Q;ONLINE;2;0 (1 prioritized hybrid job running)
2026-07-10 19:10:53;Garnet;ONLINE;0;0
2026-07-10 19:10:53;Forte 1;ONLINE;0;0
2026-07-10 20:10:58;Cepheus-1-108Q;ONLINE;8;0 (1 prioritized hybrid job running)
2026-07-10 20:10:58;Garnet;ONLINE;0;0
2026-07-10 20:10:58;Forte 1;ONLINE;0;0
2026-07-10 21:11:03;Cepheus-1-108Q;ONLINE;2;0 (1 prioritized hybrid job running)
2026-07-10 21:11:03;Garnet;ONLINE;0;0
2026-07-10 21:11:03;Forte 1;ONLINE;0;0
2026-07-10 22:11:09;Cepheus-1-108Q;ONLINE;1;0 (1 prioritized hybrid job running)
2026-07-10 22:11:09;Garnet;ONLINE;0;0
2026-07-10 22:11:09;Forte 1;ONLINE;11;0
2026-07-10 23:11:14;Cepheus-1-108Q;ONLINE;9;0 (1 prioritized hybrid job running)
2026-07-10 23:11:14;Garnet;ONLINE;0;0
2026-07-10 23:11:14;Forte 1;ONLINE;0;0
2026-07-11 00:11:19;Cepheus-1-108Q;ONLINE;15;0 (1 prioritized hybrid job running)
2026-07-11 00:11:19;Garnet;ONLINE;0;0
2026-07-11 00:11:19;Forte 1;ONLINE;0;0
2026-07-11 01:11:24;Cepheus-1-108Q;ONLINE;21;0 (1 prioritized hybrid job running)
2026-07-11 01:11:24;Garnet;ONLINE;1;0
2026-07-11 01:11:24;Forte 1;ONLINE;0;0
2026-07-11 02:11:29;Cepheus-1-108Q;ONLINE;33;0 (1 prioritized hybrid job running)
2026-07-11 02:11:29;Garnet;ONLINE;1;0
2026-07-11 02:11:29;Forte 1;ONLINE;0;0
2026-07-11 03:11:35;Cepheus-1-108Q;ONLINE;39;0 (1 prioritized hybrid job running)
2026-07-11 03:11:35;Garnet;ONLINE;1;0
2026-07-11 03:11:35;Forte 1;ONLINE;0;0
2026-07-11 04:11:40;Cepheus-1-108Q;ONLINE;4;0 (1 prioritized hybrid job running)
2026-07-11 04:11:40;Garnet;ONLINE;1;0
2026-07-11 04:11:40;Forte 1;ONLINE;0;0
2026-07-11 05:11:45;Cepheus-1-108Q;ONLINE;22;0 (1 prioritized hybrid job running)
2026-07-11 05:11:45;Garnet;ONLINE;1;0
2026-07-11 05:11:45;Forte 1;ONLINE;2;0
2026-07-11 06:11:51;Cepheus-1-108Q;ONLINE;30;0 (1 prioritized hybrid job running)
2026-07-11 06:11:51;Garnet;ONLINE;1;0
2026-07-11 06:11:51;Forte 1;ONLINE;0;0 (1 prioritized hybrid job running)
2026-07-11 07:11:56;Cepheus-1-108Q;ONLINE;3;0
2026-07-11 07:11:56;Garnet;ONLINE;1;0
2026-07-11 07:11:56;Forte 1;ONLINE;0;0 (1 prioritized hybrid job running)
2026-07-11 08:12:01;Cepheus-1-108Q;ONLINE;4;0
2026-07-11 08:12:01;Garnet;ONLINE;1;0
2026-07-11 08:12:01;Forte 1;ONLINE;22;0 (1 prioritized hybrid job running)
2026-07-11 09:12:06;Cepheus-1-108Q;ONLINE;0;0
2026-07-11 09:12:06;Garnet;ONLINE;1;0
2026-07-11 09:12:06;Forte 1;ONLINE;1;0
2026-07-11 10:12:11;Cepheus-1-108Q;ONLINE;0;0
2026-07-11 10:12:11;Garnet;ONLINE;1;0
2026-07-11 10:12:11;Forte 1;ONLINE;0;0
2026-07-11 11:12:16;Cepheus-1-108Q;ONLINE;0;0
2026-07-11 11:12:16;Garnet;ONLINE;1;0
2026-07-11 11:12:16;Forte 1;ONLINE;0;0
2026-07-11 12:12:22;Cepheus-1-108Q;ONLINE;0;0
2026-07-11 12:12:22;Garnet;ONLINE;1;0
2026-07-11 12:12:22;Forte 1;ONLINE;0;0
2026-07-11 13:12:27;Cepheus-1-108Q;ONLINE;0;0
2026-07-11 13:12:27;Garnet;ONLINE;1;0
2026-07-11 13:12:27;Forte 1;ONLINE;0;0
2026-07-11 14:12:33;Cepheus-1-108Q;ONLINE;0;0
2026-07-11 14:12:33;Garnet;ONLINE;1;0
2026-07-11 14:12:33;Forte 1;ONLINE;29;0
2026-07-11 15:12:39;Cepheus-1-108Q;ONLINE;0;0
2026-07-11 15:12:39;Garnet;ONLINE;1;0
2026-07-11 15:12:39;Forte 1;ONLINE;0;0
2026-07-11 16:12:44;Cepheus-1-108Q;ONLINE;1;0
2026-07-11 16:12:44;Garnet;ONLINE;1;0
2026-07-11 16:12:44;Forte 1;ONLINE;0;0
2026-07-11 17:12:49;Cepheus-1-108Q;ONLINE;0;0
2026-07-11 17:12:49;Garnet;ONLINE;1;0
2026-07-11 17:12:49;Forte 1;ONLINE;0;0
2026-07-11 18:12:54;Cepheus-1-108Q;ONLINE;0;0
2026-07-11 18:12:54;Garnet;ONLINE;2;0
2026-07-11 18:12:54;Forte 1;ONLINE;0;0
2026-07-11 19:13:00;Cepheus-1-108Q;ONLINE;0;0
2026-07-11 19:13:00;Garnet;ONLINE;2;0
2026-07-11 19:13:00;Forte 1;ONLINE;0;0
2026-07-11 20:13:06;Cepheus-1-108Q;ONLINE;1;0
2026-07-11 20:13:06;Garnet;ONLINE;2;0
2026-07-11 20:13:06;Forte 1;ONLINE;0;0
2026-07-11 21:13:11;Cepheus-1-108Q;ONLINE;0;0
2026-07-11 21:13:11;Garnet;ONLINE;2;0
2026-07-11 21:13:11;Forte 1;ONLINE;0;0
2026-07-11 22:13:15;Cepheus-1-108Q;ONLINE;0;0
2026-07-11 22:13:15;Garnet;ONLINE;2;0
2026-07-11 22:13:15;Forte 1;ONLINE;0;0
2026-07-11 23:13:21;Cepheus-1-108Q;ONLINE;0;0
2026-07-11 23:13:21;Garnet;ONLINE;2;0
2026-07-11 23:13:21;Forte 1;ONLINE;0;0
2026-07-12 00:13:26;Cepheus-1-108Q;ONLINE;0;0
2026-07-12 00:13:26;Garnet;ONLINE;2;0
2026-07-12 00:13:26;Forte 1;ONLINE;0;0
2026-07-12 01:13:32;Cepheus-1-108Q;ONLINE;0;0
2026-07-12 01:13:32;Garnet;ONLINE;2;0
2026-07-12 01:13:32;Forte 1;ONLINE;0;0
2026-07-12 02:13:37;Cepheus-1-108Q;ONLINE;0;0
2026-07-12 02:13:37;Garnet;ONLINE;2;0
2026-07-12 02:13:37;Forte 1;ONLINE;0;0
2026-07-12 03:13:42;Cepheus-1-108Q;ONLINE;0;0
2026-07-12 03:13:42;Garnet;ONLINE;2;0
2026-07-12 03:13:42;Forte 1;ONLINE;0;0
2026-07-12 04:13:47;Cepheus-1-108Q;ONLINE;0;0
2026-07-12 04:13:47;Garnet;ONLINE;2;0
2026-07-12 04:13:47;Forte 1;ONLINE;0;0
2026-07-12 05:13:53;Cepheus-1-108Q;ONLINE;0;0
2026-07-12 05:13:53;Garnet;ONLINE;2;0
2026-07-12 05:13:53;Forte 1;ONLINE;6;0
2026-07-12 06:13:58;Cepheus-1-108Q;ONLINE;0;0
2026-07-12 06:13:58;Garnet;ONLINE;2;0
2026-07-12 06:13:58;Forte 1;ONLINE;0;0
2026-07-12 07:14:03;Cepheus-1-108Q;ONLINE;0;0
2026-07-12 07:14:03;Garnet;ONLINE;2;0
2026-07-12 07:14:03;Forte 1;ONLINE;0;0
2026-07-12 08:14:08;Cepheus-1-108Q;ONLINE;0;0
2026-07-12 08:14:08;Garnet;ONLINE;2;0
2026-07-12 08:14:08;Forte 1;ONLINE;0;0
2026-07-12 09:14:14;Cepheus-1-108Q;ONLINE;0;0
2026-07-12 09:14:14;Garnet;ONLINE;2;0
2026-07-12 09:14:14;Forte 1;ONLINE;0;0
2026-07-12 10:14:19;Cepheus-1-108Q;ONLINE;0;0
2026-07-12 10:14:19;Garnet;ONLINE;2;0
2026-07-12 10:14:19;Forte 1;ONLINE;0;0
2026-07-12 11:14:24;Cepheus-1-108Q;ONLINE;0;0
2026-07-12 11:14:24;Garnet;ONLINE;2;0
2026-07-12 11:14:24;Forte 1;ONLINE;0;0
2026-07-12 12:14:29;Cepheus-1-108Q;ONLINE;0;0
2026-07-12 12:14:29;Garnet;ONLINE;2;0
2026-07-12 12:14:29;Forte 1;ONLINE;0;0
2026-07-12 13:14:35;Cepheus-1-108Q;ONLINE;0;0
2026-07-12 13:14:35;Garnet;ONLINE;2;0
2026-07-12 13:14:35;Forte 1;ONLINE;0;0
2026-07-12 14:14:40;Cepheus-1-108Q;ONLINE;0;0
2026-07-12 14:14:40;Garnet;ONLINE;2;0
2026-07-12 14:14:40;Forte 1;ONLINE;0;0
2026-07-12 15:14:45;Cepheus-1-108Q;ONLINE;0;0
2026-07-12 15:14:45;Garnet;ONLINE;2;0
2026-07-12 15:14:45;Forte 1;ONLINE;1;0
2026-07-12 16:14:50;Cepheus-1-108Q;ONLINE;0;0
2026-07-12 16:14:50;Garnet;ONLINE;2;0
2026-07-12 16:14:50;Forte 1;ONLINE;0;0
2026-07-12 17:14:55;Cepheus-1-108Q;ONLINE;0;0
2026-07-12 17:14:55;Garnet;ONLINE;2;0
2026-07-12 17:14:55;Forte 1;ONLINE;0;0
2026-07-12 18:15:01;Cepheus-1-108Q;ONLINE;0;0
2026-07-12 18:15:01;Garnet;ONLINE;3;0
2026-07-12 18:15:01;Forte 1;ONLINE;1;0
2026-07-12 19:15:06;Cepheus-1-108Q;ONLINE;0;0
2026-07-12 19:15:06;Garnet;ONLINE;3;0
2026-07-12 19:15:06;Forte 1;ONLINE;1;0
2026-07-12 20:15:12;Cepheus-1-108Q;ONLINE;2;0
2026-07-12 20:15:12;Garnet;ONLINE;53;0
2026-07-12 20:15:12;Forte 1;ONLINE;0;0
2026-07-12 21:15:17;Cepheus-1-108Q;ONLINE;0;0
2026-07-12 21:15:17;Garnet;ONLINE;53;0
2026-07-12 21:15:17;Forte 1;ONLINE;0;0
2026-07-12 22:15:22;Cepheus-1-108Q;ONLINE;0;0
2026-07-12 22:15:22;Garnet;ONLINE;53;0
2026-07-12 22:15:22;Forte 1;ONLINE;0;0
2026-07-12 23:15:28;Cepheus-1-108Q;ONLINE;0;0
2026-07-12 23:15:28;Garnet;ONLINE;53;0
2026-07-12 23:15:28;Forte 1;ONLINE;0;0
2026-07-13 00:15:34;Cepheus-1-108Q;ONLINE;0;0
2026-07-13 00:15:34;Garnet;ONLINE;0;0
2026-07-13 00:15:34;Forte 1;ONLINE;0;0
2026-07-13 01:15:39;Cepheus-1-108Q;ONLINE;0;0
2026-07-13 01:15:39;Garnet;ONLINE;0;0
2026-07-13 01:15:39;Forte 1;ONLINE;0;0
2026-07-13 02:15:44;Cepheus-1-108Q;ONLINE;0;0
2026-07-13 02:15:44;Garnet;ONLINE;1;0
2026-07-13 02:15:44;Forte 1;ONLINE;0;0
2026-07-13 03:15:49;Cepheus-1-108Q;ONLINE;0;0
2026-07-13 03:15:49;Garnet;ONLINE;1;0
2026-07-13 03:15:49;Forte 1;ONLINE;0;0
2026-07-13 04:15:55;Cepheus-1-108Q;ONLINE;0;0
2026-07-13 04:15:55;Garnet;ONLINE;0;0
2026-07-13 04:15:55;Forte 1;ONLINE;1;0
2026-07-13 05:16:00;Cepheus-1-108Q;ONLINE;0;0
2026-07-13 05:16:00;Garnet;ONLINE;0;0
2026-07-13 05:16:00;Forte 1;ONLINE;5;0
2026-07-13 06:16:05;Cepheus-1-108Q;ONLINE;0;0
2026-07-13 06:16:05;Garnet;ONLINE;0;0
2026-07-13 06:16:05;Forte 1;ONLINE;0;0
2026-07-13 07:16:10;Cepheus-1-108Q;ONLINE;2;0
2026-07-13 07:16:10;Garnet;ONLINE;0;0
2026-07-13 07:16:10;Forte 1;ONLINE;0;0
2026-07-13 08:16:16;Cepheus-1-108Q;ONLINE;1;0
2026-07-13 08:16:16;Garnet;ONLINE;0;0
2026-07-13 08:16:16;Forte 1;ONLINE;0;0
2026-07-13 09:16:21;Cepheus-1-108Q;ONLINE;0;0
2026-07-13 09:16:21;Garnet;ONLINE;0;0
2026-07-13 09:16:21;Forte 1;ONLINE;1;0
2026-07-13 10:16:26;Cepheus-1-108Q;ONLINE;0;0
2026-07-13 10:16:26;Garnet;ONLINE;0;0
2026-07-13 10:16:26;Forte 1;ONLINE;4;0
2026-07-13 11:16:31;Cepheus-1-108Q;ONLINE;0;0
2026-07-13 11:16:31;Garnet;ONLINE;0;0
2026-07-13 11:16:31;Forte 1;ONLINE;1;0
2026-07-13 12:16:37;Cepheus-1-108Q;ONLINE;0;0
2026-07-13 12:16:37;Garnet;ONLINE;0;0
2026-07-13 12:16:37;Forte 1;ONLINE;1;0
2026-07-13 13:16:42;Cepheus-1-108Q;ONLINE;0;0
2026-07-13 13:16:42;Garnet;ONLINE;0;0
2026-07-13 13:16:42;Forte 1;ONLINE;0;0
2026-07-13 14:16:48;Cepheus-1-108Q;ONLINE;0;0
2026-07-13 14:16:48;Garnet;ONLINE;0;0
2026-07-13 14:16:48;Forte 1;ONLINE;0;0
2026-07-13 15:16:53;Cepheus-1-108Q;ONLINE;0;0
2026-07-13 15:16:53;Garnet;ONLINE;0;0
2026-07-13 15:16:53;Forte 1;ONLINE;0;0
2026-07-13 16:16:59;Cepheus-1-108Q;ONLINE;0;0
2026-07-13 16:16:59;Garnet;ONLINE;6;0
2026-07-13 16:16:59;Forte 1;ONLINE;0;0
2026-07-13 17:17:04;Cepheus-1-108Q;ONLINE;0;0
2026-07-13 17:17:04;Garnet;ONLINE;0;0
2026-07-13 17:17:04;Forte 1;ONLINE;0;0
2026-07-13 18:17:09;Cepheus-1-108Q;ONLINE;1;0
2026-07-13 18:17:09;Garnet;ONLINE;0;0
2026-07-13 18:17:09;Forte 1;ONLINE;0;0
2026-07-13 19:17:15;Cepheus-1-108Q;ONLINE;6;0
2026-07-13 19:17:15;Garnet;ONLINE;0;0
2026-07-13 19:17:15;Forte 1;ONLINE;1;0
2026-07-13 20:17:20;Cepheus-1-108Q;ONLINE;6;0
2026-07-13 20:17:20;Garnet;ONLINE;0;0
2026-07-13 20:17:20;Forte 1;ONLINE;2;0
2026-07-13 21:17:25;Cepheus-1-108Q;ONLINE;7;0
2026-07-13 21:17:25;Garnet;ONLINE;0;0
2026-07-13 21:17:25;Forte 1;ONLINE;2;0
2026-07-13 22:17:30;Cepheus-1-108Q;ONLINE;0;0
2026-07-13 22:17:30;Garnet;ONLINE;10;0
2026-07-13 22:17:30;Forte 1;ONLINE;2;0
2026-07-13 23:17:35;Cepheus-1-108Q;ONLINE;4;0
2026-07-13 23:17:35;Garnet;ONLINE;0;0
2026-07-13 23:17:35;Forte 1;OFFLINE;2;0
2026-07-14 00:17:40;Cepheus-1-108Q;ONLINE;0;0
2026-07-14 00:17:40;Garnet;ONLINE;0;0
2026-07-14 00:17:40;Forte 1;OFFLINE;2;0
2026-07-14 01:17:46;Cepheus-1-108Q;ONLINE;5;0
2026-07-14 01:17:46;Garnet;ONLINE;0;0
2026-07-14 01:17:46;Forte 1;OFFLINE;2;0
2026-07-14 02:17:51;Cepheus-1-108Q;ONLINE;1;0
2026-07-14 02:17:51;Garnet;ONLINE;1;0
2026-07-14 02:17:51;Forte 1;OFFLINE;2;0
2026-07-14 03:17:56;Cepheus-1-108Q;ONLINE;0;0
2026-07-14 03:17:56;Garnet;ONLINE;0;0
2026-07-14 03:17:56;Forte 1;OFFLINE;2;0
2026-07-14 04:18:01;Cepheus-1-108Q;ONLINE;0;0
2026-07-14 04:18:01;Garnet;ONLINE;0;0
2026-07-14 04:18:01;Forte 1;OFFLINE;2;0
2026-07-14 05:18:07;Cepheus-1-108Q;ONLINE;0;0
2026-07-14 05:18:07;Garnet;ONLINE;0;0
2026-07-14 05:18:07;Forte 1;OFFLINE;2;0
2026-07-14 06:18:13;Cepheus-1-108Q;ONLINE;0;0
2026-07-14 06:18:13;Garnet;ONLINE;0;0
2026-07-14 06:18:13;Forte 1;OFFLINE;2;0
2026-07-14 07:18:18;Cepheus-1-108Q;ONLINE;0;0
2026-07-14 07:18:18;Garnet;ONLINE;0;0
2026-07-14 07:18:18;Forte 1;OFFLINE;2;0
2026-07-14 08:18:23;Cepheus-1-108Q;ONLINE;0;0
2026-07-14 08:18:23;Garnet;ONLINE;0;0
2026-07-14 08:18:23;Forte 1;OFFLINE;2;0
2026-07-14 09:18:28;Cepheus-1-108Q;ONLINE;0;0
2026-07-14 09:18:28;Garnet;ONLINE;0;0
2026-07-14 09:18:28;Forte 1;OFFLINE;2;0
2026-07-14 10:18:34;Cepheus-1-108Q;ONLINE;6;0
2026-07-14 10:18:34;Garnet;ONLINE;0;0
2026-07-14 10:18:34;Forte 1;OFFLINE;2;0
2026-07-14 11:18:39;Cepheus-1-108Q;ONLINE;0;0
2026-07-14 11:18:39;Garnet;ONLINE;0;0
2026-07-14 11:18:39;Forte 1;OFFLINE;2;0
2026-07-14 12:18:44;Cepheus-1-108Q;ONLINE;0;0
2026-07-14 12:18:44;Garnet;ONLINE;0;0
2026-07-14 12:18:44;Forte 1;OFFLINE;2;0
2026-07-14 13:18:49;Cepheus-1-108Q;ONLINE;0;0
2026-07-14 13:18:49;Garnet;ONLINE;0;0
2026-07-14 13:18:49;Forte 1;OFFLINE;2;0
2026-07-14 14:18:54;Cepheus-1-108Q;ONLINE;0;0
2026-07-14 14:18:54;Garnet;ONLINE;0;0
2026-07-14 14:18:54;Forte 1;OFFLINE;2;0
2026-07-14 15:18:59;Cepheus-1-108Q;ONLINE;1;0
2026-07-14 15:18:59;Garnet;ONLINE;0;0
2026-07-14 15:18:59;Forte 1;OFFLINE;2;0
2026-07-14 16:19:05;Cepheus-1-108Q;ONLINE;0;0
2026-07-14 16:19:05;Garnet;ONLINE;6;0
2026-07-14 16:19:05;Forte 1;OFFLINE;2;0
2026-07-14 17:19:10;Cepheus-1-108Q;ONLINE;0;0
2026-07-14 17:19:10;Garnet;ONLINE;0;0
2026-07-14 17:19:10;Forte 1;OFFLINE;2;0
2026-07-14 18:19:15;Cepheus-1-108Q;ONLINE;0;0
2026-07-14 18:19:15;Garnet;ONLINE;1;0
2026-07-14 18:19:15;Forte 1;OFFLINE;2;0
2026-07-14 19:19:20;Cepheus-1-108Q;ONLINE;1;0
2026-07-14 19:19:20;Garnet;ONLINE;0;0
2026-07-14 19:19:20;Forte 1;OFFLINE;2;0
2026-07-14 20:19:25;Cepheus-1-108Q;ONLINE;2;0
2026-07-14 20:19:25;Garnet;ONLINE;0;0
2026-07-14 20:19:25;Forte 1;OFFLINE;2;0
2026-07-14 21:19:30;Cepheus-1-108Q;ONLINE;0;0
2026-07-14 21:19:30;Garnet;ONLINE;0;0
2026-07-14 21:19:30;Forte 1;OFFLINE;2;0
2026-07-14 22:19:36;Cepheus-1-108Q;ONLINE;0;0
2026-07-14 22:19:36;Garnet;ONLINE;0;0
2026-07-14 22:19:36;Forte 1;OFFLINE;2;0
2026-07-14 23:19:41;Cepheus-1-108Q;ONLINE;0;0
2026-07-14 23:19:41;Garnet;ONLINE;3;0
2026-07-14 23:19:41;Forte 1;OFFLINE;2;0
2026-07-15 00:19:46;Cepheus-1-108Q;ONLINE;1;0
2026-07-15 00:19:46;Garnet;ONLINE;3;0
2026-07-15 00:19:46;Forte 1;OFFLINE;2;0
2026-07-15 01:19:51;Cepheus-1-108Q;ONLINE;0;0
2026-07-15 01:19:51;Garnet;ONLINE;9;0
2026-07-15 01:19:51;Forte 1;OFFLINE;2;0
2026-07-15 02:19:57;Cepheus-1-108Q;ONLINE;1;0
2026-07-15 02:19:57;Garnet;ONLINE;10;0
2026-07-15 02:19:57;Forte 1;OFFLINE;2;0
2026-07-15 03:20:02;Cepheus-1-108Q;ONLINE;1;0
2026-07-15 03:20:02;Garnet;ONLINE;0;0
2026-07-15 03:20:02;Forte 1;OFFLINE;2;0
2026-07-15 04:20:08;Cepheus-1-108Q;ONLINE;0;0
2026-07-15 04:20:08;Garnet;ONLINE;0;0
2026-07-15 04:20:08;Forte 1;OFFLINE;2;0
2026-07-15 05:20:13;Cepheus-1-108Q;ONLINE;0;0
2026-07-15 05:20:13;Garnet;ONLINE;0;0
2026-07-15 05:20:13;Forte 1;OFFLINE;2;0
2026-07-15 06:20:18;Cepheus-1-108Q;ONLINE;0;0
2026-07-15 06:20:18;Garnet;ONLINE;0;0
2026-07-15 06:20:18;Forte 1;OFFLINE;2;0
2026-07-15 07:20:23;Cepheus-1-108Q;ONLINE;1;0
2026-07-15 07:20:23;Garnet;ONLINE;0;0
2026-07-15 07:20:23;Forte 1;OFFLINE;2;0
2026-07-15 08:20:29;Cepheus-1-108Q;ONLINE;1;0
2026-07-15 08:20:29;Garnet;ONLINE;0;0
2026-07-15 08:20:29;Forte 1;OFFLINE;2;0
2026-07-15 09:20:34;Cepheus-1-108Q;ONLINE;0;0
2026-07-15 09:20:34;Garnet;ONLINE;0;0
2026-07-15 09:20:34;Forte 1;OFFLINE;2;0
2026-07-15 10:20:39;Cepheus-1-108Q;ONLINE;0;0
2026-07-15 10:20:39;Garnet;ONLINE;0;0
2026-07-15 10:20:39;Forte 1;OFFLINE;2;0
2026-07-15 11:20:45;Cepheus-1-108Q;ONLINE;0;0
2026-07-15 11:20:45;Garnet;ONLINE;0;0
2026-07-15 11:20:45;Forte 1;OFFLINE;2;0
2026-07-15 12:20:49;Cepheus-1-108Q;ONLINE;0;0
2026-07-15 12:20:49;Garnet;ONLINE;0;0
2026-07-15 12:20:49;Forte 1;OFFLINE;2;0
2026-07-15 13:20:54;Cepheus-1-108Q;ONLINE;0;0
2026-07-15 13:20:54;Garnet;ONLINE;0;0
2026-07-15 13:20:54;Forte 1;OFFLINE;2;0
2026-07-15 14:21:00;Cepheus-1-108Q;ONLINE;0;0
2026-07-15 14:21:00;Garnet;ONLINE;0;0
2026-07-15 14:21:00;Forte 1;OFFLINE;2;0
2026-07-15 15:21:05;Cepheus-1-108Q;ONLINE;0;0
2026-07-15 15:21:05;Garnet;ONLINE;0;0
2026-07-15 15:21:05;Forte 1;OFFLINE;2;0
2026-07-15 16:21:10;Cepheus-1-108Q;ONLINE;0;0
2026-07-15 16:21:10;Garnet;ONLINE;6;0
2026-07-15 16:21:10;Forte 1;OFFLINE;2;0
2026-07-15 17:21:16;Cepheus-1-108Q;ONLINE;0;0
2026-07-15 17:21:16;Garnet;ONLINE;0;0
2026-07-15 17:21:16;Forte 1;OFFLINE;2;0
2026-07-15 18:21:20;Cepheus-1-108Q;ONLINE;0;0
2026-07-15 18:21:20;Garnet;ONLINE;0;0
2026-07-15 18:21:20;Forte 1;OFFLINE;2;0
2026-07-15 19:21:26;Cepheus-1-108Q;ONLINE;1;0
2026-07-15 19:21:26;Garnet;ONLINE;0;0
2026-07-15 19:21:26;Forte 1;OFFLINE;2;0
2026-07-15 20:21:31;Cepheus-1-108Q;ONLINE;42;0
2026-07-15 20:21:31;Garnet;ONLINE;0;0
2026-07-15 20:21:31;Forte 1;OFFLINE;2;0
2026-07-15 21:21:36;Cepheus-1-108Q;ONLINE;0;0
2026-07-15 21:21:36;Garnet;ONLINE;0;0
2026-07-15 21:21:36;Forte 1;OFFLINE;2;0
2026-07-15 22:21:41;Cepheus-1-108Q;ONLINE;0;0
2026-07-15 22:21:41;Garnet;ONLINE;0;0
2026-07-15 22:21:41;Forte 1;OFFLINE;2;0
2026-07-15 23:21:47;Cepheus-1-108Q;ONLINE;2;0
2026-07-15 23:21:47;Garnet;ONLINE;0;0
2026-07-15 23:21:47;Forte 1;OFFLINE;2;0
2026-07-16 00:21:53;Cepheus-1-108Q;ONLINE;0;0
2026-07-16 00:21:53;Garnet;ONLINE;0;0
2026-07-16 00:21:53;Forte 1;OFFLINE;2;0
2026-07-16 01:21:58;Cepheus-1-108Q;ONLINE;0;0
2026-07-16 01:21:58;Garnet;ONLINE;0;0
2026-07-16 01:21:58;Forte 1;OFFLINE;2;0
2026-07-16 02:22:04;Cepheus-1-108Q;ONLINE;0;0
2026-07-16 02:22:04;Garnet;ONLINE;1;0
2026-07-16 02:22:04;Forte 1;OFFLINE;2;0
2026-07-16 03:22:10;Cepheus-1-108Q;ONLINE;0;0
2026-07-16 03:22:10;Garnet;ONLINE;0;0
2026-07-16 03:22:10;Forte 1;ONLINE;2;0
2026-07-16 04:22:15;Cepheus-1-108Q;ONLINE;0;0
2026-07-16 04:22:15;Garnet;ONLINE;0;0
2026-07-16 04:22:15;Forte 1;ONLINE;2;0
2026-07-16 05:22:21;Cepheus-1-108Q;ONLINE;0;0
2026-07-16 05:22:21;Garnet;ONLINE;0;0
2026-07-16 05:22:21;Forte 1;ONLINE;3;0
2026-07-16 06:22:27;Cepheus-1-108Q;ONLINE;0;0
2026-07-16 06:22:27;Garnet;ONLINE;0;0
2026-07-16 06:22:27;Forte 1;ONLINE;4;0
2026-07-16 07:22:32;Cepheus-1-108Q;ONLINE;1;0
2026-07-16 07:22:32;Garnet;ONLINE;0;0
2026-07-16 07:22:32;Forte 1;ONLINE;2;0
2026-07-16 08:22:38;Cepheus-1-108Q;ONLINE;1;0
2026-07-16 08:22:38;Garnet;ONLINE;0;0
2026-07-16 08:22:38;Forte 1;ONLINE;2;0
2026-07-16 09:22:44;Cepheus-1-108Q;ONLINE;0;0
2026-07-16 09:22:44;Garnet;ONLINE;0;0
2026-07-16 09:22:44;Forte 1;ONLINE;2;0
2026-07-16 10:22:49;Cepheus-1-108Q;ONLINE;0;0
2026-07-16 10:22:49;Garnet;ONLINE;0;0
2026-07-16 10:22:49;Forte 1;ONLINE;2;0
2026-07-16 11:22:55;Cepheus-1-108Q;ONLINE;0;0
2026-07-16 11:22:55;Garnet;ONLINE;0;0
2026-07-16 11:22:55;Forte 1;ONLINE;2;0
2026-07-16 12:23:01;Cepheus-1-108Q;ONLINE;0;0
2026-07-16 12:23:01;Garnet;ONLINE;0;0
2026-07-16 12:23:01;Forte 1;ONLINE;3;0
2026-07-16 13:23:07;Cepheus-1-108Q;ONLINE;0;0
2026-07-16 13:23:07;Garnet;ONLINE;0;0
2026-07-16 13:23:07;Forte 1;ONLINE;2;0
2026-07-16 14:23:12;Cepheus-1-108Q;ONLINE;1;0
2026-07-16 14:23:12;Garnet;ONLINE;0;0
2026-07-16 14:23:12;Forte 1;ONLINE;12;0
2026-07-16 15:23:18;Cepheus-1-108Q;ONLINE;0;0
2026-07-16 15:23:18;Garnet;ONLINE;0;0
2026-07-16 15:23:18;Forte 1;ONLINE;3;0
2026-07-16 16:23:24;Cepheus-1-108Q;ONLINE;0;0
2026-07-16 16:23:24;Garnet;ONLINE;6;0
2026-07-16 16:23:24;Forte 1;ONLINE;2;0
2026-07-16 17:23:30;Cepheus-1-108Q;ONLINE;0;0
2026-07-16 17:23:30;Garnet;ONLINE;0;0
2026-07-16 17:23:30;Forte 1;ONLINE;2;0
2026-07-16 18:23:36;Cepheus-1-108Q;ONLINE;0;0
2026-07-16 18:23:36;Garnet;ONLINE;0;0
2026-07-16 18:23:36;Forte 1;ONLINE;6;0
2026-07-16 19:23:42;Cepheus-1-108Q;ONLINE;0;0 (1 prioritized hybrid job running)
2026-07-16 19:23:42;Garnet;ONLINE;0;0
2026-07-16 19:23:42;Forte 1;ONLINE;7;0
2026-07-16 20:23:47;Cepheus-1-108Q;ONLINE;0;0
2026-07-16 20:23:47;Garnet;ONLINE;0;0
2026-07-16 20:23:47;Forte 1;ONLINE;9;0
2026-07-16 21:23:53;Cepheus-1-108Q;ONLINE;0;0
2026-07-16 21:23:53;Garnet;ONLINE;0;0
2026-07-16 21:23:53;Forte 1;ONLINE;11;0
2026-07-16 22:23:58;Cepheus-1-108Q;ONLINE;0;0
2026-07-16 22:23:58;Garnet;ONLINE;0;0
2026-07-16 22:23:58;Forte 1;ONLINE;13;0
2026-07-16 23:24:04;Cepheus-1-108Q;ONLINE;0;0
2026-07-16 23:24:04;Garnet;ONLINE;0;0
2026-07-16 23:24:04;Forte 1;ONLINE;13;0
2026-07-17 00:24:10;Cepheus-1-108Q;ONLINE;0;0
2026-07-17 00:24:10;Garnet;ONLINE;0;0
2026-07-17 00:24:10;Forte 1;ONLINE;13;0
2026-07-17 01:24:16;Cepheus-1-108Q;ONLINE;0;0
2026-07-17 01:24:16;Garnet;ONLINE;0;0
2026-07-17 01:24:16;Forte 1;ONLINE;13;0
2026-07-17 02:24:22;Cepheus-1-108Q;ONLINE;0;0
2026-07-17 02:24:22;Garnet;ONLINE;1;0
2026-07-17 02:24:22;Forte 1;ONLINE;1;0
2026-07-17 03:24:27;Cepheus-1-108Q;ONLINE;2;0
2026-07-17 03:24:27;Garnet;ONLINE;0;0
2026-07-17 03:24:27;Forte 1;ONLINE;0;0
2026-07-17 04:24:33;Cepheus-1-108Q;ONLINE;0;0
2026-07-17 04:24:33;Garnet;ONLINE;0;0
2026-07-17 04:24:33;Forte 1;ONLINE;0;0
2026-07-17 05:24:39;Cepheus-1-108Q;ONLINE;0;0
2026-07-17 05:24:39;Garnet;ONLINE;0;0
2026-07-17 05:24:39;Forte 1;ONLINE;0;0
2026-07-17 06:24:45;Cepheus-1-108Q;ONLINE;0;0
2026-07-17 06:24:45;Garnet;ONLINE;0;0
2026-07-17 06:24:45;Forte 1;ONLINE;0;0
2026-07-17 07:24:51;Cepheus-1-108Q;ONLINE;1;0
2026-07-17 07:24:51;Garnet;ONLINE;0;0
2026-07-17 07:24:51;Forte 1;ONLINE;1;0
2026-07-17 08:24:57;Cepheus-1-108Q;ONLINE;1;0
2026-07-17 08:24:57;Garnet;ONLINE;0;0
2026-07-17 08:24:57;Forte 1;ONLINE;0;0
2026-07-17 09:25:03;Cepheus-1-108Q;ONLINE;3;0
2026-07-17 09:25:03;Garnet;ONLINE;0;0
2026-07-17 09:25:03;Forte 1;ONLINE;3;0
2026-07-17 10:25:10;Cepheus-1-108Q;ONLINE;0;0
2026-07-17 10:25:10;Garnet;ONLINE;0;0
2026-07-17 10:25:10;Forte 1;ONLINE;0;0
2026-07-17 11:25:16;Cepheus-1-108Q;ONLINE;0;0
2026-07-17 11:25:16;Garnet;ONLINE;0;0
2026-07-17 11:25:16;Forte 1;ONLINE;0;0
2026-07-17 12:25:22;Cepheus-1-108Q;ONLINE;0;0
2026-07-17 12:25:22;Garnet;ONLINE;0;0
2026-07-17 12:25:22;Forte 1;ONLINE;1;0
2026-07-17 13:25:28;Cepheus-1-108Q;ONLINE;0;0
2026-07-17 13:25:28;Garnet;ONLINE;0;0
2026-07-17 13:25:28;Forte 1;ONLINE;1;0
2026-07-17 14:25:34;Cepheus-1-108Q;ONLINE;5;0
2026-07-17 14:25:34;Garnet;ONLINE;0;0
2026-07-17 14:25:34;Forte 1;ONLINE;1;0
2026-07-17 15:25:40;Cepheus-1-108Q;ONLINE;1;0 (1 prioritized hybrid job running)
2026-07-17 15:25:40;Garnet;ONLINE;0;0
2026-07-17 15:25:40;Forte 1;ONLINE;1;0
2026-07-17 16:25:46;Cepheus-1-108Q;ONLINE;0;0
2026-07-17 16:25:46;Garnet;ONLINE;7;0
2026-07-17 16:25:46;Forte 1;ONLINE;1;0
2026-07-17 17:25:52;Cepheus-1-108Q;ONLINE;0;0
2026-07-17 17:25:52;Garnet;ONLINE;0;0
2026-07-17 17:25:52;Forte 1;ONLINE;0;0
2026-07-17 18:25:58;Cepheus-1-108Q;ONLINE;0;0
2026-07-17 18:25:58;Garnet;ONLINE;0;0
2026-07-17 18:25:58;Forte 1;ONLINE;1;0
2026-07-17 19:26:04;Cepheus-1-108Q;ONLINE;0;0
2026-07-17 19:26:04;Garnet;ONLINE;0;0
2026-07-17 19:26:04;Forte 1;ONLINE;0;0
2026-07-17 20:26:10;Cepheus-1-108Q;ONLINE;0;0
2026-07-17 20:26:10;Garnet;ONLINE;0;0
2026-07-17 20:26:10;Forte 1;ONLINE;0;0
2026-07-17 21:26:16;Cepheus-1-108Q;ONLINE;0;0
2026-07-17 21:26:16;Garnet;ONLINE;0;0
2026-07-17 21:26:16;Forte 1;ONLINE;0;0
2026-07-17 22:26:22;Cepheus-1-108Q;ONLINE;0;0
2026-07-17 22:26:22;Garnet;ONLINE;0;0
2026-07-17 22:26:22;Forte 1;ONLINE;0;0
2026-07-17 23:26:27;Cepheus-1-108Q;ONLINE;0;0
2026-07-17 23:26:27;Garnet;ONLINE;0;0
2026-07-17 23:26:27;Forte 1;ONLINE;18;0
2026-07-18 00:26:33;Cepheus-1-108Q;ONLINE;0;0
2026-07-18 00:26:33;Garnet;ONLINE;1;0
2026-07-18 00:26:33;Forte 1;ONLINE;0;0
2026-07-18 01:26:39;Cepheus-1-108Q;ONLINE;0;0
2026-07-18 01:26:39;Garnet;ONLINE;1;0
2026-07-18 01:26:39;Forte 1;ONLINE;0;0
2026-07-18 02:26:44;Cepheus-1-108Q;ONLINE;0;0
2026-07-18 02:26:44;Garnet;ONLINE;1;0
2026-07-18 02:26:44;Forte 1;ONLINE;0;0
2026-07-18 03:26:50;Cepheus-1-108Q;ONLINE;1;0
2026-07-18 03:26:50;Garnet;ONLINE;1;0
2026-07-18 03:26:50;Forte 1;ONLINE;0;0
2026-07-18 04:26:56;Cepheus-1-108Q;ONLINE;0;0
2026-07-18 04:26:56;Garnet;ONLINE;1;0
2026-07-18 04:26:56;Forte 1;ONLINE;0;0
2026-07-18 05:27:01;Cepheus-1-108Q;ONLINE;0;0
2026-07-18 05:27:01;Garnet;ONLINE;1;0
2026-07-18 05:27:01;Forte 1;ONLINE;4;0
2026-07-18 06:27:07;Cepheus-1-108Q;ONLINE;0;0
2026-07-18 06:27:07;Garnet;ONLINE;12;0
2026-07-18 06:27:07;Forte 1;ONLINE;4;0
2026-07-18 07:27:13;Cepheus-1-108Q;ONLINE;1;0
2026-07-18 07:27:13;Garnet;ONLINE;14;0
2026-07-18 07:27:13;Forte 1;ONLINE;4;0
2026-07-18 08:27:19;Cepheus-1-108Q;ONLINE;2;0
2026-07-18 08:27:19;Garnet;ONLINE;15;0
2026-07-18 08:27:19;Forte 1;ONLINE;4;0
2026-07-18 09:27:24;Cepheus-1-108Q;ONLINE;0;0
2026-07-18 09:27:24;Garnet;ONLINE;15;0
2026-07-18 09:27:24;Forte 1;ONLINE;5;0
2026-07-18 10:27:30;Cepheus-1-108Q;ONLINE;0;0
2026-07-18 10:27:30;Garnet;ONLINE;15;0
2026-07-18 10:27:30;Forte 1;ONLINE;1;0
2026-07-18 11:27:35;Cepheus-1-108Q;ONLINE;0;0
2026-07-18 11:27:35;Garnet;ONLINE;15;0
2026-07-18 11:27:35;Forte 1;ONLINE;1;0
2026-07-18 12:27:41;Cepheus-1-108Q;ONLINE;0;0
2026-07-18 12:27:41;Garnet;ONLINE;15;0
2026-07-18 12:27:41;Forte 1;ONLINE;1;0
2026-07-18 13:27:46;Cepheus-1-108Q;ONLINE;0;0
2026-07-18 13:27:46;Garnet;ONLINE;15;0
2026-07-18 13:27:46;Forte 1;ONLINE;1;0
2026-07-18 14:27:52;Cepheus-1-108Q;ONLINE;0;0
2026-07-18 14:27:52;Garnet;ONLINE;15;0
2026-07-18 14:27:52;Forte 1;ONLINE;1;0
2026-07-18 15:27:58;Cepheus-1-108Q;ONLINE;0;0
2026-07-18 15:27:58;Garnet;ONLINE;15;0
2026-07-18 15:27:58;Forte 1;ONLINE;1;0
2026-07-18 16:28:04;Cepheus-1-108Q;ONLINE;0;0
2026-07-18 16:28:04;Garnet;ONLINE;16;0
2026-07-18 16:28:04;Forte 1;ONLINE;1;0
2026-07-18 17:28:10;Cepheus-1-108Q;ONLINE;0;0
2026-07-18 17:28:10;Garnet;ONLINE;18;0
2026-07-18 17:28:10;Forte 1;ONLINE;1;0
2026-07-18 18:28:15;Cepheus-1-108Q;ONLINE;0;0
2026-07-18 18:28:15;Garnet;ONLINE;18;0
2026-07-18 18:28:15;Forte 1;ONLINE;1;0
2026-07-18 19:28:21;Cepheus-1-108Q;ONLINE;0;0
2026-07-18 19:28:21;Garnet;ONLINE;19;0
2026-07-18 19:28:21;Forte 1;OFFLINE;1;0
2026-07-18 20:28:26;Cepheus-1-108Q;ONLINE;1;0
2026-07-18 20:28:26;Garnet;ONLINE;20;0
2026-07-18 20:28:26;Forte 1;OFFLINE;1;0
2026-07-18 21:28:32;Cepheus-1-108Q;ONLINE;0;0
2026-07-18 21:28:32;Garnet;ONLINE;20;0
2026-07-18 21:28:32;Forte 1;ONLINE;1;0
2026-07-18 22:28:37;Cepheus-1-108Q;ONLINE;0;0
2026-07-18 22:28:37;Garnet;ONLINE;20;0
2026-07-18 22:28:37;Forte 1;ONLINE;1;0
2026-07-18 23:28:42;Cepheus-1-108Q;ONLINE;0;0
2026-07-18 23:28:42;Garnet;ONLINE;20;0
2026-07-18 23:28:42;Forte 1;ONLINE;2;0
2026-07-19 00:28:48;Cepheus-1-108Q;ONLINE;0;0
2026-07-19 00:28:48;Garnet;ONLINE;22;0
2026-07-19 00:28:48;Forte 1;ONLINE;2;0
2026-07-19 01:28:54;Cepheus-1-108Q;ONLINE;0;0
2026-07-19 01:28:54;Garnet;ONLINE;22;0
2026-07-19 01:28:54;Forte 1;ONLINE;2;0
2026-07-19 02:28:59;Cepheus-1-108Q;ONLINE;18;0 (1 prioritized hybrid job running)
2026-07-19 02:28:59;Garnet;ONLINE;22;0
2026-07-19 02:28:59;Forte 1;ONLINE;1;0
2026-07-19 03:29:05;Cepheus-1-108Q;ONLINE;2;1
2026-07-19 03:29:05;Garnet;ONLINE;22;0
2026-07-19 03:29:05;Forte 1;ONLINE;0;0
2026-07-19 04:29:12;Cepheus-1-108Q;ONLINE;1;0
2026-07-19 04:29:12;Garnet;ONLINE;22;0
2026-07-19 04:29:12;Forte 1;ONLINE;0;0
2026-07-19 05:29:18;Cepheus-1-108Q;ONLINE;0;0
2026-07-19 05:29:18;Garnet;ONLINE;22;0
2026-07-19 05:29:18;Forte 1;ONLINE;4;0
2026-07-19 06:29:23;Cepheus-1-108Q;ONLINE;0;0
2026-07-19 06:29:23;Garnet;ONLINE;32;0
2026-07-19 06:29:23;Forte 1;ONLINE;0;0
2026-07-19 07:29:29;Cepheus-1-108Q;ONLINE;1;0
2026-07-19 07:29:29;Garnet;ONLINE;32;0
2026-07-19 07:29:29;Forte 1;ONLINE;0;0
2026-07-19 08:29:35;Cepheus-1-108Q;ONLINE;1;0
2026-07-19 08:29:35;Garnet;ONLINE;34;0
2026-07-19 08:29:35;Forte 1;ONLINE;0;0
2026-07-19 09:29:40;Cepheus-1-108Q;ONLINE;0;0
2026-07-19 09:29:40;Garnet;ONLINE;36;0
2026-07-19 09:29:40;Forte 1;ONLINE;0;0
2026-07-19 10:29:46;Cepheus-1-108Q;ONLINE;0;0
2026-07-19 10:29:46;Garnet;ONLINE;36;0
2026-07-19 10:29:46;Forte 1;ONLINE;0;0
2026-07-19 11:29:52;Cepheus-1-108Q;ONLINE;0;0
2026-07-19 11:29:52;Garnet;ONLINE;36;0
2026-07-19 11:29:52;Forte 1;ONLINE;0;0
2026-07-19 12:29:57;Cepheus-1-108Q;ONLINE;0;0
2026-07-19 12:29:57;Garnet;ONLINE;36;0
2026-07-19 12:29:57;Forte 1;ONLINE;0;0
2026-07-19 13:30:04;Cepheus-1-108Q;ONLINE;0;0
2026-07-19 13:30:04;Garnet;ONLINE;36;0
2026-07-19 13:30:04;Forte 1;ONLINE;0;0
2026-07-19 14:30:09;Cepheus-1-108Q;ONLINE;10;0
2026-07-19 14:30:09;Garnet;ONLINE;35;0
2026-07-19 14:30:09;Forte 1;ONLINE;0;0
2026-07-19 15:30:15;Cepheus-1-108Q;ONLINE;0;0
2026-07-19 15:30:15;Garnet;ONLINE;35;0
2026-07-19 15:30:15;Forte 1;ONLINE;0;0
2026-07-19 16:30:21;Cepheus-1-108Q;ONLINE;35;0
2026-07-19 16:30:21;Garnet;ONLINE;53;0
2026-07-19 16:30:21;Forte 1;ONLINE;0;0
2026-07-19 17:30:27;Cepheus-1-108Q;ONLINE;0;0
2026-07-19 17:30:27;Garnet;ONLINE;53;0
2026-07-19 17:30:27;Forte 1;ONLINE;0;0
2026-07-19 18:30:32;Cepheus-1-108Q;ONLINE;0;0
2026-07-19 18:30:32;Garnet;ONLINE;129;0
2026-07-19 18:30:32;Forte 1;ONLINE;0;0
2026-07-19 19:30:38;Cepheus-1-108Q;ONLINE;1;0
2026-07-19 19:30:38;Garnet;ONLINE;129;0
2026-07-19 19:30:38;Forte 1;ONLINE;8;0
2026-07-19 20:30:44;Cepheus-1-108Q;ONLINE;1;0
2026-07-19 20:30:44;Garnet;ONLINE;129;0
2026-07-19 20:30:44;Forte 1;ONLINE;8;0
2026-07-19 21:30:50;Cepheus-1-108Q;ONLINE;1;0
2026-07-19 21:30:50;Garnet;ONLINE;129;0
2026-07-19 21:30:50;Forte 1;ONLINE;8;0
2026-07-19 22:30:55;Cepheus-1-108Q;ONLINE;0;0
2026-07-19 22:30:55;Garnet;ONLINE;129;0
2026-07-19 22:30:55;Forte 1;ONLINE;9;0
2026-07-19 23:31:01;Cepheus-1-108Q;ONLINE;0;0
2026-07-19 23:31:01;Garnet;ONLINE;129;0
2026-07-19 23:31:01;Forte 1;ONLINE;9;0
2026-07-20 00:31:07;Cepheus-1-108Q;ONLINE;1;0
2026-07-20 00:31:07;Garnet;ONLINE;0;0
2026-07-20 00:31:07;Forte 1;OFFLINE;9;0
2026-07-20 01:31:14;Cepheus-1-108Q;ONLINE;2;0
2026-07-20 01:31:14;Garnet;ONLINE;0;0
2026-07-20 01:31:14;Forte 1;OFFLINE;9;0
2026-07-20 02:31:19;Cepheus-1-108Q;ONLINE;1;0
2026-07-20 02:31:19;Garnet;ONLINE;1;0
2026-07-20 02:31:19;Forte 1;ONLINE;8;0
2026-07-20 03:31:25;Cepheus-1-108Q;ONLINE;0;0
2026-07-20 03:31:25;Garnet;ONLINE;0;0
2026-07-20 03:31:25;Forte 1;ONLINE;2;0
2026-07-20 04:31:31;Cepheus-1-108Q;ONLINE;0;0
2026-07-20 04:31:31;Garnet;ONLINE;0;0
2026-07-20 04:31:31;Forte 1;ONLINE;2;0
2026-07-20 05:31:37;Cepheus-1-108Q;ONLINE;2;0
2026-07-20 05:31:37;Garnet;ONLINE;0;0
2026-07-20 05:31:37;Forte 1;ONLINE;2;0
2026-07-20 06:31:42;Cepheus-1-108Q;ONLINE;1;0
2026-07-20 06:31:42;Garnet;ONLINE;0;0
2026-07-20 06:31:42;Forte 1;ONLINE;2;0
2026-07-20 07:31:48;Cepheus-1-108Q;ONLINE;2;0
2026-07-20 07:31:48;Garnet;ONLINE;0;0
2026-07-20 07:31:48;Forte 1;ONLINE;2;0
2026-07-20 08:31:54;Cepheus-1-108Q;ONLINE;5;0
2026-07-20 08:31:54;Garnet;ONLINE;7;0
2026-07-20 08:31:54;Forte 1;ONLINE;2;0
2026-07-20 09:32:00;Cepheus-1-108Q;ONLINE;1;0
2026-07-20 09:32:00;Garnet;ONLINE;29;0
2026-07-20 09:32:00;Forte 1;ONLINE;2;0
2026-07-20 10:32:06;Cepheus-1-108Q;ONLINE;2;0
2026-07-20 10:32:06;Garnet;ONLINE;40;0
2026-07-20 10:32:06;Forte 1;ONLINE;1;0
2026-07-20 11:32:12;Cepheus-1-108Q;ONLINE;1;0
2026-07-20 11:32:12;Garnet;ONLINE;40;0
2026-07-20 11:32:12;Forte 1;ONLINE;1;0
2026-07-20 12:32:18;Cepheus-1-108Q;ONLINE;0;0
2026-07-20 12:32:18;Garnet;ONLINE;41;0
2026-07-20 12:32:18;Forte 1;ONLINE;2;0
2026-07-20 13:32:23;Cepheus-1-108Q;ONLINE;0;0
2026-07-20 13:32:23;Garnet;ONLINE;47;0
2026-07-20 13:32:23;Forte 1;ONLINE;2;0
2026-07-20 14:32:29;Cepheus-1-108Q;ONLINE;2;0
2026-07-20 14:32:29;Garnet;ONLINE;49;0
2026-07-20 14:32:29;Forte 1;ONLINE;2;0
2026-07-20 15:32:35;Cepheus-1-108Q;ONLINE;29;0
2026-07-20 15:32:35;Garnet;ONLINE;83;0
2026-07-20 15:32:35;Forte 1;ONLINE;9;0
2026-07-20 16:32:41;Cepheus-1-108Q;ONLINE;1;0
2026-07-20 16:32:41;Garnet;ONLINE;83;0
2026-07-20 16:32:41;Forte 1;ONLINE;0;0
2026-07-20 17:32:46;Cepheus-1-108Q;ONLINE;1;0
2026-07-20 17:32:46;Garnet;OFFLINE;83;0
2026-07-20 17:32:46;Forte 1;ONLINE;2;0
2026-07-20 18:32:53;Cepheus-1-108Q;ONLINE;0;0
2026-07-20 18:32:53;Garnet;ONLINE;81;0
2026-07-20 18:32:53;Forte 1;ONLINE;0;0
2026-07-20 19:32:59;Cepheus-1-108Q;ONLINE;6;0
2026-07-20 19:32:59;Garnet;ONLINE;81;0
2026-07-20 19:32:59;Forte 1;ONLINE;1;0
2026-07-20 20:33:05;Cepheus-1-108Q;ONLINE;6;0
2026-07-20 20:33:05;Garnet;ONLINE;81;0
2026-07-20 20:33:05;Forte 1;ONLINE;0;0
2026-07-20 21:33:11;Cepheus-1-108Q;ONLINE;1;0
2026-07-20 21:33:11;Garnet;ONLINE;69;0
2026-07-20 21:33:11;Forte 1;ONLINE;0;0
2026-07-20 22:33:17;Cepheus-1-108Q;ONLINE;0;0
2026-07-20 22:33:17;Garnet;ONLINE;43;0
2026-07-20 22:33:17;Forte 1;ONLINE;0;0
2026-07-20 23:33:23;Cepheus-1-108Q;ONLINE;0;0
2026-07-20 23:33:23;Garnet;ONLINE;43;0
2026-07-20 23:33:23;Forte 1;ONLINE;1;0
2026-07-21 00:33:28;Cepheus-1-108Q;ONLINE;2;0
2026-07-21 00:33:28;Garnet;ONLINE;43;0
2026-07-21 00:33:28;Forte 1;ONLINE;0;0
2026-07-21 01:33:34;Cepheus-1-108Q;ONLINE;0;0
2026-07-21 01:33:34;Garnet;ONLINE;43;0
2026-07-21 01:33:34;Forte 1;ONLINE;0;0
2026-07-21 02:33:40;Cepheus-1-108Q;ONLINE;1;0
2026-07-21 02:33:40;Garnet;ONLINE;44;0
2026-07-21 02:33:40;Forte 1;ONLINE;0;0
2026-07-21 03:33:45;Cepheus-1-108Q;ONLINE;1;0
2026-07-21 03:33:45;Garnet;ONLINE;0;0
2026-07-21 03:33:45;Forte 1;ONLINE;0;0
2026-07-21 04:33:51;Cepheus-1-108Q;ONLINE;0;0
2026-07-21 04:33:51;Garnet;ONLINE;0;0
2026-07-21 04:33:51;Forte 1;ONLINE;0;0
2026-07-21 05:33:57;Cepheus-1-108Q;ONLINE;0;0
2026-07-21 05:33:57;Garnet;ONLINE;0;0
2026-07-21 05:33:57;Forte 1;ONLINE;0;0
2026-07-21 06:34:03;Cepheus-1-108Q;ONLINE;0;0
2026-07-21 06:34:03;Garnet;ONLINE;0;0
2026-07-21 06:34:03;Forte 1;ONLINE;0;0
2026-07-21 07:34:09;Cepheus-1-108Q;ONLINE;1;0
2026-07-21 07:34:09;Garnet;ONLINE;0;0
2026-07-21 07:34:09;Forte 1;ONLINE;3;0
2026-07-21 08:34:15;Cepheus-1-108Q;ONLINE;51;0
2026-07-21 08:34:15;Garnet;ONLINE;0;0
2026-07-21 08:34:15;Forte 1;ONLINE;1;0
2026-07-21 09:34:21;Cepheus-1-108Q;ONLINE;0;0
2026-07-21 09:34:21;Garnet;ONLINE;0;0
2026-07-21 09:34:21;Forte 1;ONLINE;0;0
2026-07-21 10:34:27;Cepheus-1-108Q;ONLINE;0;0
2026-07-21 10:34:27;Garnet;ONLINE;0;0
2026-07-21 10:34:27;Forte 1;ONLINE;1;0
2026-07-21 11:34:32;Cepheus-1-108Q;ONLINE;0;0
2026-07-21 11:34:32;Garnet;ONLINE;0;0
2026-07-21 11:34:32;Forte 1;ONLINE;1;0
2026-07-21 12:34:38;Cepheus-1-108Q;ONLINE;0;0
2026-07-21 12:34:38;Garnet;ONLINE;0;0
2026-07-21 12:34:38;Forte 1;ONLINE;1;0
2026-07-21 13:34:44;Cepheus-1-108Q;ONLINE;3;0
2026-07-21 13:34:44;Garnet;ONLINE;0;0
2026-07-21 13:34:44;Forte 1;ONLINE;1;0
2026-07-21 14:34:50;Cepheus-1-108Q;ONLINE;0;0
2026-07-21 14:34:50;Garnet;ONLINE;0;0
2026-07-21 14:34:50;Forte 1;ONLINE;1;0
2026-07-21 15:34:56;Cepheus-1-108Q;ONLINE;2;0
2026-07-21 15:34:56;Garnet;ONLINE;6;0
2026-07-21 15:34:56;Forte 1;ONLINE;1;0
2026-07-21 16:35:02;Cepheus-1-108Q;ONLINE;0;0
2026-07-21 16:35:02;Garnet;ONLINE;13;0
2026-07-21 16:35:02;Forte 1;ONLINE;1;0
2026-07-21 17:35:07;Cepheus-1-108Q;ONLINE;2;0
2026-07-21 17:35:07;Garnet;ONLINE;0;0
2026-07-21 17:35:07;Forte 1;ONLINE;1;0
2026-07-21 18:35:14;Cepheus-1-108Q;ONLINE;0;0
2026-07-21 18:35:14;Garnet;ONLINE;0;0
2026-07-21 18:35:14;Forte 1;ONLINE;1;0
2026-07-21 19:35:20;Cepheus-1-108Q;ONLINE;2;0
2026-07-21 19:35:20;Garnet;ONLINE;0;0
2026-07-21 19:35:20;Forte 1;ONLINE;1;0
2026-07-21 20:35:26;Cepheus-1-108Q;ONLINE;13;0
2026-07-21 20:35:26;Garnet;ONLINE;0;0
2026-07-21 20:35:26;Forte 1;ONLINE;1;0
2026-07-21 21:35:31;Cepheus-1-108Q;ONLINE;0;0
2026-07-21 21:35:31;Garnet;ONLINE;0;0
2026-07-21 21:35:31;Forte 1;ONLINE;2;0
2026-07-21 22:35:37;Cepheus-1-108Q;ONLINE;0;0
2026-07-21 22:35:37;Garnet;ONLINE;0;0
2026-07-21 22:35:37;Forte 1;OFFLINE;2;0
2026-07-21 23:35:43;Cepheus-1-108Q;ONLINE;0;0
2026-07-21 23:35:43;Garnet;ONLINE;0;0
2026-07-21 23:35:43;Forte 1;OFFLINE;2;0
2026-07-22 00:35:48;Cepheus-1-108Q;ONLINE;0;0
2026-07-22 00:35:48;Garnet;ONLINE;0;0
2026-07-22 00:35:48;Forte 1;OFFLINE;2;0
2026-07-22 01:35:54;Cepheus-1-108Q;ONLINE;1;0
2026-07-22 01:35:54;Garnet;ONLINE;0;0
2026-07-22 01:35:54;Forte 1;ONLINE;2;0
2026-07-22 02:36:00;Cepheus-1-108Q;ONLINE;1;0
2026-07-22 02:36:00;Garnet;ONLINE;8;0
2026-07-22 02:36:00;Forte 1;ONLINE;0;0
2026-07-22 03:36:05;Cepheus-1-108Q;ONLINE;2;0
2026-07-22 03:36:05;Garnet;ONLINE;0;0
2026-07-22 03:36:05;Forte 1;ONLINE;0;0
2026-07-22 04:36:11;Cepheus-1-108Q;ONLINE;0;0
2026-07-22 04:36:11;Garnet;ONLINE;0;0
2026-07-22 04:36:11;Forte 1;ONLINE;0;0
2026-07-22 05:36:17;Cepheus-1-108Q;ONLINE;0;0
2026-07-22 05:36:17;Garnet;ONLINE;0;0
2026-07-22 05:36:17;Forte 1;ONLINE;0;0
2026-07-22 06:36:22;Cepheus-1-108Q;ONLINE;0;0
2026-07-22 06:36:22;Garnet;ONLINE;0;0
2026-07-22 06:36:22;Forte 1;ONLINE;0;0
2026-07-22 07:36:28;Cepheus-1-108Q;ONLINE;3;0
2026-07-22 07:36:28;Garnet;ONLINE;0;0
2026-07-22 07:36:28;Forte 1;ONLINE;0;0
2026-07-22 08:36:35;Cepheus-1-108Q;ONLINE;4;0
2026-07-22 08:36:35;Garnet;ONLINE;0;0
2026-07-22 08:36:35;Forte 1;ONLINE;0;0
2026-07-22 09:36:40;Cepheus-1-108Q;ONLINE;2;0
2026-07-22 09:36:40;Garnet;ONLINE;0;0
2026-07-22 09:36:40;Forte 1;ONLINE;0;0
2026-07-22 10:36:46;Cepheus-1-108Q;ONLINE;2;0
2026-07-22 10:36:46;Garnet;ONLINE;0;0
2026-07-22 10:36:46;Forte 1;ONLINE;0;0
2026-07-22 11:36:52;Cepheus-1-108Q;ONLINE;3;0
2026-07-22 11:36:52;Garnet;ONLINE;0;0
2026-07-22 11:36:52;Forte 1;ONLINE;0;0
2026-07-22 12:36:57;Cepheus-1-108Q;ONLINE;27;0
2026-07-22 12:36:57;Garnet;ONLINE;0;0
2026-07-22 12:36:57;Forte 1;ONLINE;0;0
2026-07-22 13:37:03;Cepheus-1-108Q;ONLINE;1;0
2026-07-22 13:37:03;Garnet;ONLINE;0;0
2026-07-22 13:37:03;Forte 1;ONLINE;0;0
2026-07-22 14:37:09;Cepheus-1-108Q;ONLINE;0;0
2026-07-22 14:37:09;Garnet;ONLINE;0;0
2026-07-22 14:37:09;Forte 1;ONLINE;0;0
2026-07-22 15:37:15;Cepheus-1-108Q;ONLINE;2;0
2026-07-22 15:37:15;Garnet;ONLINE;6;0
2026-07-22 15:37:15;Forte 1;ONLINE;0;0
2026-07-22 16:37:21;Cepheus-1-108Q;ONLINE;1;0
2026-07-22 16:37:21;Garnet;ONLINE;6;0
2026-07-22 16:37:21;Forte 1;ONLINE;0;0
2026-07-22 17:37:27;Cepheus-1-108Q;ONLINE;0;0
2026-07-22 17:37:27;Garnet;ONLINE;0;0
2026-07-22 17:37:27;Forte 1;ONLINE;1;0
2026-07-22 18:37:33;Cepheus-1-108Q;ONLINE;0;0
2026-07-22 18:37:33;Garnet;ONLINE;0;0
2026-07-22 18:37:33;Forte 1;ONLINE;1;0
2026-07-22 19:37:40;Cepheus-1-108Q;ONLINE;1;0
2026-07-22 19:37:40;Garnet;ONLINE;0;0
2026-07-22 19:37:40;Forte 1;ONLINE;1;0
2026-07-22 20:37:45;Cepheus-1-108Q;ONLINE;9;0
2026-07-22 20:37:45;Garnet;ONLINE;0;0
2026-07-22 20:37:45;Forte 1;ONLINE;1;0
2026-07-22 21:37:52;Cepheus-1-108Q;ONLINE;0;0
2026-07-22 21:37:52;Garnet;ONLINE;0;0
2026-07-22 21:37:52;Forte 1;ONLINE;2;0
2026-07-22 22:37:58;Cepheus-1-108Q;ONLINE;0;0
2026-07-22 22:37:58;Garnet;ONLINE;0;0
2026-07-22 22:37:58;Forte 1;ONLINE;2;0
2026-07-22 23:38:04;Cepheus-1-108Q;ONLINE;0;0
2026-07-22 23:38:04;Garnet;ONLINE;0;0
2026-07-22 23:38:04;Forte 1;ONLINE;2;0
2026-07-23 00:38:10;Cepheus-1-108Q;ONLINE;0;0
2026-07-23 00:38:10;Garnet;ONLINE;0;0
2026-07-23 00:38:10;Forte 1;ONLINE;3;0
2026-07-23 01:38:16;Cepheus-1-108Q;ONLINE;0;0
2026-07-23 01:38:16;Garnet;ONLINE;1;0
2026-07-23 01:38:16;Forte 1;ONLINE;0;0
2026-07-23 02:38:22;Cepheus-1-108Q;ONLINE;0;0
2026-07-23 02:38:22;Garnet;ONLINE;14;0
2026-07-23 02:38:22;Forte 1;ONLINE;0;0
2026-07-23 03:38:27;Cepheus-1-108Q;ONLINE;16;0
2026-07-23 03:38:27;Garnet;ONLINE;0;0
2026-07-23 03:38:27;Forte 1;ONLINE;0;0
2026-07-23 04:38:33;Cepheus-1-108Q;ONLINE;0;0
2026-07-23 04:38:33;Garnet;ONLINE;0;0
2026-07-23 04:38:33;Forte 1;ONLINE;0;0
2026-07-23 05:38:39;Cepheus-1-108Q;ONLINE;1;0
2026-07-23 05:38:39;Garnet;ONLINE;0;0
2026-07-23 05:38:39;Forte 1;ONLINE;0;0
2026-07-23 06:38:45;Cepheus-1-108Q;ONLINE;1;0
2026-07-23 06:38:45;Garnet;ONLINE;0;0
2026-07-23 06:38:45;Forte 1;ONLINE;0;0
2026-07-23 07:38:50;Cepheus-1-108Q;ONLINE;1;0
2026-07-23 07:38:50;Garnet;ONLINE;0;0
2026-07-23 07:38:50;Forte 1;ONLINE;0;0
2026-07-23 08:38:56;Cepheus-1-108Q;ONLINE;2;0
2026-07-23 08:38:56;Garnet;ONLINE;0;0
2026-07-23 08:38:56;Forte 1;ONLINE;0;0
2026-07-23 09:39:02;Cepheus-1-108Q;ONLINE;1;0
2026-07-23 09:39:02;Garnet;ONLINE;6;0
2026-07-23 09:39:02;Forte 1;ONLINE;0;0
2026-07-23 10:39:08;Cepheus-1-108Q;ONLINE;2;0
2026-07-23 10:39:08;Garnet;ONLINE;0;0
2026-07-23 10:39:08;Forte 1;ONLINE;0;0
2026-07-23 11:39:14;Cepheus-1-108Q;ONLINE;3;0
2026-07-23 11:39:14;Garnet;ONLINE;0;0
2026-07-23 11:39:14;Forte 1;ONLINE;1;0
2026-07-23 12:39:20;Cepheus-1-108Q;ONLINE;1;0
2026-07-23 12:39:20;Garnet;ONLINE;0;0
2026-07-23 12:39:20;Forte 1;ONLINE;2;0
2026-07-23 13:39:25;Cepheus-1-108Q;ONLINE;1;0
2026-07-23 13:39:25;Garnet;ONLINE;0;0
2026-07-23 13:39:25;Forte 1;ONLINE;6;0
2026-07-23 14:39:31;Cepheus-1-108Q;ONLINE;0;0
2026-07-23 14:39:31;Garnet;ONLINE;0;0
2026-07-23 14:39:31;Forte 1;ONLINE;6;0
2026-07-23 15:39:37;Cepheus-1-108Q;ONLINE;1;0
2026-07-23 15:39:37;Garnet;ONLINE;6;0
2026-07-23 15:39:37;Forte 1;ONLINE;6;0
2026-07-23 16:39:42;Cepheus-1-108Q;ONLINE;0;0
2026-07-23 16:39:42;Garnet;ONLINE;34;0
2026-07-23 16:39:42;Forte 1;OFFLINE;6;0
2026-07-23 17:39:48;Cepheus-1-108Q;ONLINE;0;0
2026-07-23 17:39:48;Garnet;ONLINE;0;0
2026-07-23 17:39:48;Forte 1;OFFLINE;6;0
2026-07-23 18:39:53;Cepheus-1-108Q;ONLINE;0;0
2026-07-23 18:39:53;Garnet;ONLINE;10;0
2026-07-23 18:39:53;Forte 1;OFFLINE;6;0
2026-07-23 19:39:59;Cepheus-1-108Q;ONLINE;1;0
2026-07-23 19:39:59;Garnet;ONLINE;0;0
2026-07-23 19:39:59;Forte 1;OFFLINE;6;0
2026-07-23 20:40:06;Cepheus-1-108Q;ONLINE;12;0
2026-07-23 20:40:06;Garnet;ONLINE;0;0
2026-07-23 20:40:06;Forte 1;OFFLINE;6;0
2026-07-23 21:40:11;Cepheus-1-108Q;ONLINE;0;0
2026-07-23 21:40:11;Garnet;ONLINE;0;0
2026-07-23 21:40:11;Forte 1;OFFLINE;6;0
2026-07-23 22:40:17;Cepheus-1-108Q;ONLINE;0;0
2026-07-23 22:40:17;Garnet;ONLINE;0;0
2026-07-23 22:40:17;Forte 1;OFFLINE;6;0
2026-07-23 23:40:22;Cepheus-1-108Q;ONLINE;1;0
2026-07-23 23:40:22;Garnet;ONLINE;0;0
2026-07-23 23:40:22;Forte 1;OFFLINE;6;0
2026-07-24 00:40:29;Cepheus-1-108Q;ONLINE;1;0
2026-07-24 00:40:29;Garnet;ONLINE;0;0
2026-07-24 00:40:29;Forte 1;OFFLINE;6;0
2026-07-24 01:40:35;Cepheus-1-108Q;ONLINE;0;0
2026-07-24 01:40:35;Garnet;ONLINE;0;0
2026-07-24 01:40:35;Forte 1;OFFLINE;6;0
2026-07-24 02:40:40;Cepheus-1-108Q;ONLINE;1;0
2026-07-24 02:40:40;Garnet;ONLINE;1;0
2026-07-24 02:40:40;Forte 1;OFFLINE;6;0
2026-07-24 03:40:45;Cepheus-1-108Q;ONLINE;2;0
2026-07-24 03:40:45;Garnet;ONLINE;0;0
2026-07-24 03:40:45;Forte 1;OFFLINE;6;0
2026-07-24 04:40:51;Cepheus-1-108Q;ONLINE;0;0
2026-07-24 04:40:51;Garnet;ONLINE;0;0
2026-07-24 04:40:51;Forte 1;OFFLINE;6;0
2026-07-24 05:40:56;Cepheus-1-108Q;ONLINE;0;0
2026-07-24 05:40:56;Garnet;ONLINE;0;0
2026-07-24 05:40:56;Forte 1;OFFLINE;6;0
2026-07-24 06:41:01;Cepheus-1-108Q;ONLINE;1;0
2026-07-24 06:41:01;Garnet;ONLINE;0;0
2026-07-24 06:41:01;Forte 1;OFFLINE;6;0
2026-07-24 07:41:07;Cepheus-1-108Q;ONLINE;2;0
2026-07-24 07:41:07;Garnet;ONLINE;0;0
2026-07-24 07:41:07;Forte 1;OFFLINE;6;0
2026-07-24 08:41:12;Cepheus-1-108Q;ONLINE;10;0
2026-07-24 08:41:12;Garnet;ONLINE;0;0
2026-07-24 08:41:12;Forte 1;OFFLINE;6;0
2026-07-24 09:41:17;Cepheus-1-108Q;ONLINE;1;0
2026-07-24 09:41:17;Garnet;ONLINE;0;0
2026-07-24 09:41:17;Forte 1;OFFLINE;6;0
2026-07-24 10:41:23;Cepheus-1-108Q;ONLINE;0;0
2026-07-24 10:41:23;Garnet;ONLINE;0;0
2026-07-24 10:41:23;Forte 1;OFFLINE;6;0
2026-07-24 11:41:29;Cepheus-1-108Q;ONLINE;0;0
2026-07-24 11:41:29;Garnet;ONLINE;0;0
2026-07-24 11:41:29;Forte 1;OFFLINE;6;0
2026-07-24 12:41:35;Cepheus-1-108Q;ONLINE;0;0
2026-07-24 12:41:35;Garnet;ONLINE;0;1
2026-07-24 12:41:35;Forte 1;OFFLINE;6;0
2026-07-24 13:41:40;Cepheus-1-108Q;ONLINE;0;0
2026-07-24 13:41:40;Garnet;ONLINE;0;0
2026-07-24 13:41:40;Forte 1;OFFLINE;6;0
2026-07-24 14:41:46;Cepheus-1-108Q;ONLINE;9;0
2026-07-24 14:41:46;Garnet;ONLINE;0;0
2026-07-24 14:41:46;Forte 1;OFFLINE;6;0
2026-07-24 15:41:51;Cepheus-1-108Q;ONLINE;53;0
2026-07-24 15:41:51;Garnet;ONLINE;6;0
2026-07-24 15:41:51;Forte 1;OFFLINE;6;0
2026-07-24 16:41:57;Cepheus-1-108Q;ONLINE;0;0
2026-07-24 16:41:57;Garnet;ONLINE;44;0
2026-07-24 16:41:57;Forte 1;OFFLINE;6;0
2026-07-24 17:42:03;Cepheus-1-108Q;ONLINE;0;0
2026-07-24 17:42:03;Garnet;ONLINE;0;0
2026-07-24 17:42:03;Forte 1;OFFLINE;6;0
2026-07-24 18:42:09;Cepheus-1-108Q;ONLINE;0;0
2026-07-24 18:42:09;Garnet;ONLINE;0;0
2026-07-24 18:42:09;Forte 1;OFFLINE;6;0
2026-07-24 19:42:14;Cepheus-1-108Q;ONLINE;0;0
2026-07-24 19:42:14;Garnet;ONLINE;0;0
2026-07-24 19:42:14;Forte 1;OFFLINE;6;0
2026-07-24 20:42:19;Cepheus-1-108Q;ONLINE;0;0
2026-07-24 20:42:19;Garnet;ONLINE;0;0
2026-07-24 20:42:19;Forte 1;OFFLINE;6;0
2026-07-24 21:42:25;Cepheus-1-108Q;ONLINE;0;0
2026-07-24 21:42:25;Garnet;ONLINE;0;0
2026-07-24 21:42:25;Forte 1;OFFLINE;6;0
2026-07-24 22:42:31;Cepheus-1-108Q;ONLINE;0;0
2026-07-24 22:42:31;Garnet;ONLINE;1;0
2026-07-24 22:42:31;Forte 1;OFFLINE;6;0
2026-07-24 23:42:36;Cepheus-1-108Q;ONLINE;0;0
2026-07-24 23:42:36;Garnet;ONLINE;0;0
2026-07-24 23:42:36;Forte 1;OFFLINE;6;0
2026-07-25 00:42:41;Cepheus-1-108Q;ONLINE;2;0
2026-07-25 00:42:41;Garnet;ONLINE;2;0
2026-07-25 00:42:41;Forte 1;OFFLINE;6;0
2026-07-25 01:42:47;Cepheus-1-108Q;ONLINE;0;0
2026-07-25 01:42:47;Garnet;ONLINE;6;0
2026-07-25 01:42:47;Forte 1;OFFLINE;6;0
2026-07-25 02:42:53;Cepheus-1-108Q;ONLINE;0;0
2026-07-25 02:42:53;Garnet;ONLINE;9;0
2026-07-25 02:42:53;Forte 1;OFFLINE;6;0
2026-07-25 03:42:59;Cepheus-1-108Q;ONLINE;16;0
2026-07-25 03:42:59;Garnet;ONLINE;9;0
2026-07-25 03:42:59;Forte 1;OFFLINE;6;0
2026-07-25 04:43:04;Cepheus-1-108Q;ONLINE;0;0
2026-07-25 04:43:04;Garnet;ONLINE;30;0
2026-07-25 04:43:04;Forte 1;OFFLINE;6;0
2026-07-25 05:43:10;Cepheus-1-108Q;ONLINE;0;0
2026-07-25 05:43:10;Garnet;ONLINE;32;0
2026-07-25 05:43:10;Forte 1;OFFLINE;6;0
2026-07-25 06:43:16;Cepheus-1-108Q;ONLINE;0;0
2026-07-25 06:43:16;Garnet;ONLINE;54;0
2026-07-25 06:43:16;Forte 1;OFFLINE;6;0
2026-07-25 07:43:21;Cepheus-1-108Q;ONLINE;19;0
2026-07-25 07:43:21;Garnet;ONLINE;64;0
2026-07-25 07:43:21;Forte 1;OFFLINE;6;0
2026-07-25 08:43:26;Cepheus-1-108Q;ONLINE;19;0
2026-07-25 08:43:26;Garnet;ONLINE;64;0
2026-07-25 08:43:26;Forte 1;OFFLINE;6;0
2026-07-25 09:43:31;Cepheus-1-108Q;ONLINE;0;0
2026-07-25 09:43:31;Garnet;ONLINE;64;0
2026-07-25 09:43:31;Forte 1;OFFLINE;6;0
2026-07-25 10:43:37;Cepheus-1-108Q;ONLINE;0;0
2026-07-25 10:43:37;Garnet;ONLINE;64;0
2026-07-25 10:43:37;Forte 1;OFFLINE;6;0
2026-07-25 11:43:42;Cepheus-1-108Q;ONLINE;0;0
2026-07-25 11:43:42;Garnet;ONLINE;137;0
2026-07-25 11:43:42;Forte 1;OFFLINE;6;0
2026-07-25 12:43:47;Cepheus-1-108Q;ONLINE;0;0
2026-07-25 12:43:47;Garnet;ONLINE;279;0
2026-07-25 12:43:47;Forte 1;OFFLINE;6;0
2026-07-25 13:43:52;Cepheus-1-108Q;ONLINE;1;0
2026-07-25 13:43:52;Garnet;ONLINE;421;0
2026-07-25 13:43:52;Forte 1;OFFLINE;6;0
2026-07-25 14:43:58;Cepheus-1-108Q;ONLINE;0;0
2026-07-25 14:43:58;Garnet;ONLINE;496;0
2026-07-25 14:43:58;Forte 1;OFFLINE;6;0
2026-07-25 15:44:03;Cepheus-1-108Q;ONLINE;130;0
2026-07-25 15:44:03;Garnet;ONLINE;508;0
2026-07-25 15:44:03;Forte 1;OFFLINE;6;0
2026-07-25 16:44:09;Cepheus-1-108Q;ONLINE;0;0
2026-07-25 16:44:09;Garnet;ONLINE;647;0
2026-07-25 16:44:09;Forte 1;OFFLINE;6;0
2026-07-25 17:44:15;Cepheus-1-108Q;ONLINE;0;0
2026-07-25 17:44:15;Garnet;ONLINE;772;0
2026-07-25 17:44:15;Forte 1;OFFLINE;6;0
2026-07-25 18:44:20;Cepheus-1-108Q;ONLINE;64;0
2026-07-25 18:44:20;Garnet;ONLINE;827;0
2026-07-25 18:44:20;Forte 1;OFFLINE;6;0
2026-07-25 19:44:26;Cepheus-1-108Q;ONLINE;65;0
2026-07-25 19:44:26;Garnet;ONLINE;827;0
2026-07-25 19:44:26;Forte 1;OFFLINE;6;0
2026-07-25 20:44:31;Cepheus-1-108Q;ONLINE;65;0
2026-07-25 20:44:31;Garnet;ONLINE;827;0
2026-07-25 20:44:31;Forte 1;OFFLINE;6;0
2026-07-25 21:44:36;Cepheus-1-108Q;ONLINE;23;0
2026-07-25 21:44:36;Garnet;ONLINE;841;0
2026-07-25 21:44:36;Forte 1;OFFLINE;6;0
2026-07-25 22:44:42;Cepheus-1-108Q;ONLINE;0;0
2026-07-25 22:44:42;Garnet;ONLINE;841;0
2026-07-25 22:44:42;Forte 1;OFFLINE;6;0
2026-07-25 23:44:47;Cepheus-1-108Q;ONLINE;0;0
2026-07-25 23:44:47;Garnet;ONLINE;855;0
2026-07-25 23:44:47;Forte 1;OFFLINE;6;0
2026-07-26 00:44:53;Cepheus-1-108Q;ONLINE;0;0
2026-07-26 00:44:53;Garnet;ONLINE;855;0
2026-07-26 00:44:53;Forte 1;OFFLINE;6;0
2026-07-26 01:44:59;Cepheus-1-108Q;ONLINE;0;0
2026-07-26 01:44:59;Garnet;ONLINE;855;0
2026-07-26 01:44:59;Forte 1;OFFLINE;6;0
2026-07-26 02:45:04;Cepheus-1-108Q;ONLINE;0;0
2026-07-26 02:45:04;Garnet;ONLINE;855;0
2026-07-26 02:45:04;Forte 1;OFFLINE;6;0
2026-07-26 03:45:09;Cepheus-1-108Q;ONLINE;0;0
2026-07-26 03:45:09;Garnet;ONLINE;855;0
2026-07-26 03:45:09;Forte 1;OFFLINE;6;0
2026-07-26 04:45:15;Cepheus-1-108Q;ONLINE;0;0
2026-07-26 04:45:15;Garnet;ONLINE;855;0
2026-07-26 04:45:15;Forte 1;OFFLINE;6;0
2026-07-26 05:45:21;Cepheus-1-108Q;ONLINE;0;0
2026-07-26 05:45:21;Garnet;ONLINE;855;0
2026-07-26 05:45:21;Forte 1;OFFLINE;6;0
2026-07-26 06:45:26;Cepheus-1-108Q;ONLINE;0;0
2026-07-26 06:45:26;Garnet;ONLINE;855;0
2026-07-26 06:45:26;Forte 1;OFFLINE;6;0
2026-07-26 07:45:32;Cepheus-1-108Q;ONLINE;2;0
2026-07-26 07:45:32;Garnet;ONLINE;855;0
2026-07-26 07:45:32;Forte 1;OFFLINE;6;0
2026-07-26 08:45:37;Cepheus-1-108Q;ONLINE;9;0
2026-07-26 08:45:37;Garnet;ONLINE;856;0
2026-07-26 08:45:37;Forte 1;OFFLINE;6;0
2026-07-26 09:45:43;Cepheus-1-108Q;ONLINE;1;0
2026-07-26 09:45:43;Garnet;ONLINE;856;0
2026-07-26 09:45:43;Forte 1;OFFLINE;6;0
2026-07-26 10:45:48;Cepheus-1-108Q;ONLINE;0;0
2026-07-26 10:45:48;Garnet;ONLINE;856;0
2026-07-26 10:45:48;Forte 1;OFFLINE;6;0
2026-07-26 11:45:53;Cepheus-1-108Q;ONLINE;0;0
2026-07-26 11:45:53;Garnet;ONLINE;856;0
2026-07-26 11:45:53;Forte 1;OFFLINE;6;0
2026-07-26 12:45:59;Cepheus-1-108Q;ONLINE;0;0
2026-07-26 12:45:59;Garnet;ONLINE;856;0
2026-07-26 12:45:59;Forte 1;OFFLINE;6;0
2026-07-26 13:46:04;Cepheus-1-108Q;ONLINE;1;0
2026-07-26 13:46:04;Garnet;ONLINE;856;0
2026-07-26 13:46:04;Forte 1;OFFLINE;6;0
2026-07-26 14:46:10;Cepheus-1-108Q;ONLINE;1;0
2026-07-26 14:46:10;Garnet;ONLINE;856;0
2026-07-26 14:46:10;Forte 1;OFFLINE;6;0
2026-07-26 15:46:15;Cepheus-1-108Q;ONLINE;2;0 (1 prioritized hybrid job running)
2026-07-26 15:46:15;Garnet;ONLINE;856;0
2026-07-26 15:46:15;Forte 1;OFFLINE;6;0
2026-07-26 16:46:21;Cepheus-1-108Q;ONLINE;2;0 (1 prioritized hybrid job running)
2026-07-26 16:46:21;Garnet;ONLINE;856;0
2026-07-26 16:46:21;Forte 1;OFFLINE;6;0
2026-07-26 17:46:26;Cepheus-1-108Q;ONLINE;1;0
2026-07-26 17:46:26;Garnet;ONLINE;856;0
2026-07-26 17:46:26;Forte 1;OFFLINE;6;0
2026-07-26 18:46:32;Cepheus-1-108Q;ONLINE;0;0
2026-07-26 18:46:32;Garnet;ONLINE;857;0
2026-07-26 18:46:32;Forte 1;OFFLINE;6;0
2026-07-26 19:46:37;Cepheus-1-108Q;ONLINE;1;0
2026-07-26 19:46:37;Garnet;ONLINE;857;0
2026-07-26 19:46:37;Forte 1;OFFLINE;6;0
2026-07-26 20:46:42;Cepheus-1-108Q;ONLINE;1;1
2026-07-26 20:46:42;Garnet;ONLINE;857;0
2026-07-26 20:46:42;Forte 1;OFFLINE;6;0
2026-07-26 21:46:47;Cepheus-1-108Q;ONLINE;1;0 (1 prioritized hybrid job running)
2026-07-26 21:46:47;Garnet;ONLINE;857;0
2026-07-26 21:46:47;Forte 1;OFFLINE;6;0
2026-07-26 22:46:53;Cepheus-1-108Q;ONLINE;4;0 (1 prioritized hybrid job running)
2026-07-26 22:46:53;Garnet;ONLINE;857;0
2026-07-26 22:46:53;Forte 1;OFFLINE;6;0
2026-07-26 23:46:58;Cepheus-1-108Q;ONLINE;0;0
2026-07-26 23:46:58;Garnet;ONLINE;857;0
2026-07-26 23:46:58;Forte 1;OFFLINE;6;0
2026-07-27 00:47:03;Cepheus-1-108Q;ONLINE;0;0
2026-07-27 00:47:03;Garnet;ONLINE;0;0
2026-07-27 00:47:03;Forte 1;OFFLINE;6;0
2026-07-27 01:47:09;Cepheus-1-108Q;ONLINE;0;0
2026-07-27 01:47:09;Garnet;ONLINE;1;0
2026-07-27 01:47:09;Forte 1;OFFLINE;6;0
2026-07-27 02:47:14;Cepheus-1-108Q;ONLINE;0;0
2026-07-27 02:47:14;Garnet;ONLINE;1;0
2026-07-27 02:47:14;Forte 1;OFFLINE;6;0
2026-07-27 03:47:19;Cepheus-1-108Q;ONLINE;0;0
2026-07-27 03:47:19;Garnet;ONLINE;0;0
2026-07-27 03:47:19;Forte 1;OFFLINE;6;0
2026-07-27 04:47:25;Cepheus-1-108Q;ONLINE;0;0
2026-07-27 04:47:25;Garnet;ONLINE;0;0
2026-07-27 04:47:25;Forte 1;OFFLINE;6;0
2026-07-27 05:47:30;Cepheus-1-108Q;ONLINE;0;0
2026-07-27 05:47:30;Garnet;ONLINE;0;0
2026-07-27 05:47:30;Forte 1;OFFLINE;6;0
2026-07-27 06:47:35;Cepheus-1-108Q;ONLINE;0;0
2026-07-27 06:47:35;Garnet;ONLINE;0;0
2026-07-27 06:47:35;Forte 1;OFFLINE;6;0
2026-07-27 07:47:40;Cepheus-1-108Q;ONLINE;6;0
2026-07-27 07:47:40;Garnet;ONLINE;0;0
2026-07-27 07:47:40;Forte 1;OFFLINE;6;0
2026-07-27 08:47:46;Cepheus-1-108Q;ONLINE;8;0
2026-07-27 08:47:46;Garnet;ONLINE;0;0
2026-07-27 08:47:46;Forte 1;OFFLINE;6;0
2026-07-27 09:47:51;Cepheus-1-108Q;ONLINE;0;0
2026-07-27 09:47:51;Garnet;ONLINE;0;0
2026-07-27 09:47:51;Forte 1;OFFLINE;6;0
2026-07-27 10:47:57;Cepheus-1-108Q;ONLINE;0;0
2026-07-27 10:47:57;Garnet;ONLINE;0;0
2026-07-27 10:47:57;Forte 1;OFFLINE;6;0
2026-07-27 11:48:02;Cepheus-1-108Q;ONLINE;2;0
2026-07-27 11:48:02;Garnet;ONLINE;0;0
2026-07-27 11:48:02;Forte 1;OFFLINE;6;0
2026-07-27 12:48:07;Cepheus-1-108Q;ONLINE;0;0
2026-07-27 12:48:07;Garnet;ONLINE;0;0
2026-07-27 12:48:07;Forte 1;OFFLINE;6;0
2026-07-27 13:48:12;Cepheus-1-108Q;ONLINE;0;0
2026-07-27 13:48:12;Garnet;ONLINE;0;0
2026-07-27 13:48:12;Forte 1;OFFLINE;6;0
2026-07-27 14:48:18;Cepheus-1-108Q;ONLINE;0;0
2026-07-27 14:48:18;Garnet;ONLINE;0;0
2026-07-27 14:48:18;Forte 1;OFFLINE;6;0
2026-07-27 15:48:23;Cepheus-1-108Q;ONLINE;0;0
2026-07-27 15:48:23;Garnet;ONLINE;6;0
2026-07-27 15:48:23;Forte 1;OFFLINE;6;0
2026-07-27 16:48:28;Cepheus-1-108Q;ONLINE;0;0
2026-07-27 16:48:28;Garnet;ONLINE;7;0
2026-07-27 16:48:28;Forte 1;OFFLINE;6;0
2026-07-27 17:48:33;Cepheus-1-108Q;ONLINE;0;0
2026-07-27 17:48:33;Garnet;ONLINE;0;0
2026-07-27 17:48:33;Forte 1;OFFLINE;6;0
2026-07-27 18:48:39;Cepheus-1-108Q;ONLINE;0;0
2026-07-27 18:48:39;Garnet;ONLINE;0;0
2026-07-27 18:48:39;Forte 1;OFFLINE;6;0
2026-07-27 19:48:44;Cepheus-1-108Q;ONLINE;1;0
2026-07-27 19:48:44;Garnet;ONLINE;0;0
2026-07-27 19:48:44;Forte 1;OFFLINE;6;0
2026-07-27 20:48:50;Cepheus-1-108Q;ONLINE;2;0
2026-07-27 20:48:50;Garnet;ONLINE;0;0
2026-07-27 20:48:50;Forte 1;OFFLINE;6;0
2026-07-27 21:48:55;Cepheus-1-108Q;ONLINE;0;0
2026-07-27 21:48:55;Garnet;ONLINE;0;0
2026-07-27 21:48:55;Forte 1;OFFLINE;6;0
2026-07-27 22:49:00;Cepheus-1-108Q;ONLINE;0;0
2026-07-27 22:49:00;Garnet;ONLINE;0;0
2026-07-27 22:49:00;Forte 1;OFFLINE;6;0
2026-07-27 23:49:06;Cepheus-1-108Q;ONLINE;0;0
2026-07-27 23:49:06;Garnet;ONLINE;0;0
2026-07-27 23:49:06;Forte 1;OFFLINE;6;0
2026-07-28 00:49:11;Cepheus-1-108Q;ONLINE;0;0
2026-07-28 00:49:11;Garnet;ONLINE;0;0
2026-07-28 00:49:11;Forte 1;OFFLINE;6;0
2026-07-28 01:49:16;Cepheus-1-108Q;ONLINE;0;0
2026-07-28 01:49:16;Garnet;ONLINE;1;0
2026-07-28 01:49:16;Forte 1;OFFLINE;6;0
2026-07-28 02:49:21;Cepheus-1-108Q;ONLINE;0;0
2026-07-28 02:49:21;Garnet;ONLINE;1;0
2026-07-28 02:49:21;Forte 1;OFFLINE;6;0
2026-07-28 03:49:27;Cepheus-1-108Q;ONLINE;0;0
2026-07-28 03:49:27;Garnet;ONLINE;0;0
2026-07-28 03:49:27;Forte 1;OFFLINE;6;0
2026-07-28 04:49:32;Cepheus-1-108Q;ONLINE;0;0
2026-07-28 04:49:32;Garnet;ONLINE;0;0
2026-07-28 04:49:32;Forte 1;OFFLINE;6;0
2026-07-28 05:49:37;Cepheus-1-108Q;ONLINE;0;0
2026-07-28 05:49:37;Garnet;ONLINE;0;0
2026-07-28 05:49:37;Forte 1;OFFLINE;6;0
2026-07-28 06:49:42;Cepheus-1-108Q;ONLINE;0;0
2026-07-28 06:49:42;Garnet;ONLINE;0;0
2026-07-28 06:49:42;Forte 1;OFFLINE;6;0
2026-07-28 07:49:48;Cepheus-1-108Q;ONLINE;0;0
2026-07-28 07:49:48;Garnet;ONLINE;1;0
2026-07-28 07:49:48;Forte 1;OFFLINE;6;0
2026-07-28 08:49:53;Cepheus-1-108Q;ONLINE;0;0
2026-07-28 08:49:53;Garnet;ONLINE;0;0
2026-07-28 08:49:53;Forte 1;OFFLINE;6;0
2026-07-28 09:49:59;Cepheus-1-108Q;ONLINE;0;0
2026-07-28 09:49:59;Garnet;ONLINE;1;0
2026-07-28 09:49:59;Forte 1;OFFLINE;6;0
2026-07-28 10:50:05;Cepheus-1-108Q;ONLINE;0;0 (1 prioritized hybrid job running)
2026-07-28 10:50:05;Garnet;ONLINE;0;0
2026-07-28 10:50:05;Forte 1;OFFLINE;6;0
2026-07-28 11:50:10;Cepheus-1-108Q;ONLINE;0;0 (1 prioritized hybrid job running)
2026-07-28 11:50:10;Garnet;ONLINE;0;0
2026-07-28 11:50:10;Forte 1;OFFLINE;6;0
2026-07-28 12:50:15;Cepheus-1-108Q;ONLINE;0;0 (1 prioritized hybrid job running)
2026-07-28 12:50:15;Garnet;ONLINE;0;0
2026-07-28 12:50:15;Forte 1;OFFLINE;6;0
2026-07-28 13:50:21;Cepheus-1-108Q;ONLINE;0;0
2026-07-28 13:50:21;Garnet;ONLINE;0;0
2026-07-28 13:50:21;Forte 1;OFFLINE;6;0
2026-07-28 14:50:26;Cepheus-1-108Q;ONLINE;119;0
2026-07-28 14:50:26;Garnet;ONLINE;0;0
2026-07-28 14:50:26;Forte 1;OFFLINE;6;0
2026-07-28 15:50:32;Cepheus-1-108Q;ONLINE;0;0
2026-07-28 15:50:32;Garnet;ONLINE;7;0
2026-07-28 15:50:32;Forte 1;OFFLINE;6;0
2026-07-28 16:50:37;Cepheus-1-108Q;ONLINE;0;0
2026-07-28 16:50:37;Garnet;ONLINE;7;0
2026-07-28 16:50:37;Forte 1;OFFLINE;6;0
2026-07-28 17:50:42;Cepheus-1-108Q;ONLINE;0;0
2026-07-28 17:50:42;Garnet;ONLINE;0;0
2026-07-28 17:50:42;Forte 1;OFFLINE;6;0
2026-07-28 18:50:47;Cepheus-1-108Q;ONLINE;0;0
2026-07-28 18:50:47;Garnet;ONLINE;0;0
2026-07-28 18:50:47;Forte 1;OFFLINE;6;0
2026-07-28 19:50:52;Cepheus-1-108Q;ONLINE;0;0
2026-07-28 19:50:52;Garnet;ONLINE;0;0
2026-07-28 19:50:52;Forte 1;OFFLINE;6;0
2026-07-28 20:50:58;Cepheus-1-108Q;ONLINE;0;0
2026-07-28 20:50:58;Garnet;ONLINE;0;0
2026-07-28 20:50:58;Forte 1;OFFLINE;6;0
2026-07-28 21:51:04;Cepheus-1-108Q;ONLINE;0;0
2026-07-28 21:51:04;Garnet;ONLINE;0;0
2026-07-28 21:51:04;Forte 1;OFFLINE;6;0
2026-07-28 22:51:09;Cepheus-1-108Q;ONLINE;0;0
2026-07-28 22:51:09;Garnet;ONLINE;0;0
2026-07-28 22:51:09;Forte 1;OFFLINE;6;0
2026-07-28 23:51:14;Cepheus-1-108Q;ONLINE;0;0 (1 prioritized hybrid job running)
2026-07-28 23:51:14;Garnet;ONLINE;0;0
2026-07-28 23:51:14;Forte 1;OFFLINE;6;0
2026-07-29 00:51:19;Cepheus-1-108Q;ONLINE;0;0
2026-07-29 00:51:19;Garnet;ONLINE;0;0
2026-07-29 00:51:19;Forte 1;OFFLINE;6;0
2026-07-29 01:51:24;Cepheus-1-108Q;ONLINE;0;0
2026-07-29 01:51:24;Garnet;ONLINE;1;0
2026-07-29 01:51:24;Forte 1;OFFLINE;6;0
2026-07-29 02:51:30;Cepheus-1-108Q;ONLINE;0;0
2026-07-29 02:51:30;Garnet;ONLINE;11;0
2026-07-29 02:51:30;Forte 1;OFFLINE;6;0
2026-07-29 03:51:35;Cepheus-1-108Q;ONLINE;0;0
2026-07-29 03:51:35;Garnet;ONLINE;0;0
2026-07-29 03:51:35;Forte 1;OFFLINE;6;0
2026-07-29 04:51:40;Cepheus-1-108Q;ONLINE;0;0
2026-07-29 04:51:40;Garnet;ONLINE;0;0
2026-07-29 04:51:40;Forte 1;OFFLINE;6;0
2026-07-29 05:51:45;Cepheus-1-108Q;ONLINE;0;0
2026-07-29 05:51:45;Garnet;ONLINE;0;0
2026-07-29 05:51:45;Forte 1;OFFLINE;6;0
2026-07-29 06:51:50;Cepheus-1-108Q;ONLINE;0;0
2026-07-29 06:51:50;Garnet;ONLINE;0;0
2026-07-29 06:51:50;Forte 1;OFFLINE;6;0
2026-07-29 07:51:55;Cepheus-1-108Q;ONLINE;0;0
2026-07-29 07:51:55;Garnet;ONLINE;0;0
2026-07-29 07:51:55;Forte 1;OFFLINE;6;0
2026-07-29 08:52:01;Cepheus-1-108Q;ONLINE;2;0
2026-07-29 08:52:01;Garnet;ONLINE;0;0
2026-07-29 08:52:01;Forte 1;OFFLINE;6;0
2026-07-29 09:52:06;Cepheus-1-108Q;ONLINE;0;0
2026-07-29 09:52:06;Garnet;ONLINE;0;0
2026-07-29 09:52:06;Forte 1;OFFLINE;6;0
2026-07-29 10:52:11;Cepheus-1-108Q;ONLINE;0;0
2026-07-29 10:52:11;Garnet;ONLINE;0;0
2026-07-29 10:52:11;Forte 1;OFFLINE;6;0
2026-07-29 11:52:16;Cepheus-1-108Q;ONLINE;0;0
2026-07-29 11:52:16;Garnet;ONLINE;0;0
2026-07-29 11:52:16;Forte 1;OFFLINE;6;0
2026-07-29 12:52:21;Cepheus-1-108Q;ONLINE;0;0
2026-07-29 12:52:21;Garnet;ONLINE;0;0
2026-07-29 12:52:21;Forte 1;OFFLINE;6;0
2026-07-29 13:52:27;Cepheus-1-108Q;ONLINE;1;0
2026-07-29 13:52:27;Garnet;ONLINE;0;0
2026-07-29 13:52:27;Forte 1;OFFLINE;6;0
2026-07-29 14:52:32;Cepheus-1-108Q;ONLINE;6;0
2026-07-29 14:52:32;Garnet;ONLINE;0;0
2026-07-29 14:52:32;Forte 1;OFFLINE;6;0
2026-07-29 15:52:38;Cepheus-1-108Q;ONLINE;0;0
2026-07-29 15:52:38;Garnet;ONLINE;6;0
2026-07-29 15:52:38;Forte 1;OFFLINE;6;0
2026-07-29 16:52:43;Cepheus-1-108Q;ONLINE;0;0
2026-07-29 16:52:43;Garnet;ONLINE;6;0
2026-07-29 16:52:43;Forte 1;OFFLINE;6;0
2026-07-29 17:52:48;Cepheus-1-108Q;ONLINE;2;0
2026-07-29 17:52:48;Garnet;ONLINE;0;0
2026-07-29 17:52:48;Forte 1;OFFLINE;6;0
2026-07-29 18:52:54;Cepheus-1-108Q;ONLINE;0;0
2026-07-29 18:52:54;Garnet;ONLINE;0;0
2026-07-29 18:52:54;Forte 1;OFFLINE;6;0
2026-07-29 19:52:59;Cepheus-1-108Q;ONLINE;2;0
2026-07-29 19:52:59;Garnet;ONLINE;0;0
2026-07-29 19:52:59;Forte 1;OFFLINE;6;0
2026-07-29 20:53:04;Cepheus-1-108Q;ONLINE;3;1
2026-07-29 20:53:04;Garnet;ONLINE;0;0
2026-07-29 20:53:04;Forte 1;OFFLINE;6;0
2026-07-29 21:53:09;Cepheus-1-108Q;ONLINE;0;0
2026-07-29 21:53:09;Garnet;ONLINE;0;0
2026-07-29 21:53:09;Forte 1;OFFLINE;6;0
2026-07-29 22:53:15;Cepheus-1-108Q;ONLINE;0;0
2026-07-29 22:53:15;Garnet;ONLINE;0;0
2026-07-29 22:53:15;Forte 1;OFFLINE;6;0
2026-07-29 23:53:20;Cepheus-1-108Q;ONLINE;0;0
2026-07-29 23:53:20;Garnet;ONLINE;0;0
2026-07-29 23:53:20;Forte 1;OFFLINE;6;0
2026-07-30 00:53:25;Cepheus-1-108Q;ONLINE;0;0
2026-07-30 00:53:25;Garnet;ONLINE;0;0
2026-07-30 00:53:25;Forte 1;OFFLINE;6;0
2026-07-30 01:53:31;Cepheus-1-108Q;ONLINE;0;0
2026-07-30 01:53:31;Garnet;ONLINE;1;0
2026-07-30 01:53:31;Forte 1;OFFLINE;6;0
2026-07-30 02:53:36;Cepheus-1-108Q;ONLINE;1;0
2026-07-30 02:53:36;Garnet;ONLINE;2;0
2026-07-30 02:53:36;Forte 1;OFFLINE;6;0
2026-07-30 03:53:41;Cepheus-1-108Q;ONLINE;0;0
2026-07-30 03:53:41;Garnet;ONLINE;0;0
2026-07-30 03:53:41;Forte 1;OFFLINE;6;0
2026-07-30 04:53:46;Cepheus-1-108Q;ONLINE;1;0
2026-07-30 04:53:46;Garnet;ONLINE;0;0
2026-07-30 04:53:46;Forte 1;OFFLINE;6;0
2026-07-30 05:53:51;Cepheus-1-108Q;ONLINE;0;0
2026-07-30 05:53:51;Garnet;ONLINE;0;0
2026-07-30 05:53:51;Forte 1;OFFLINE;6;0
2026-07-30 06:53:57;Cepheus-1-108Q;ONLINE;0;0
2026-07-30 06:53:57;Garnet;ONLINE;0;0
2026-07-30 06:53:57;Forte 1;OFFLINE;6;0
2026-07-30 07:54:02;Cepheus-1-108Q;ONLINE;4;0
2026-07-30 07:54:02;Garnet;ONLINE;0;0
2026-07-30 07:54:02;Forte 1;OFFLINE;6;0
2026-07-30 08:54:08;Cepheus-1-108Q;ONLINE;7;0
2026-07-30 08:54:08;Garnet;ONLINE;1;0
2026-07-30 08:54:08;Forte 1;OFFLINE;6;0
2026-07-30 09:54:14;Cepheus-1-108Q;ONLINE;2;0
2026-07-30 09:54:14;Garnet;ONLINE;0;0
2026-07-30 09:54:14;Forte 1;OFFLINE;6;0
2026-07-30 10:54:19;Cepheus-1-108Q;ONLINE;0;0
2026-07-30 10:54:19;Garnet;ONLINE;0;0
2026-07-30 10:54:19;Forte 1;OFFLINE;6;0
2026-07-30 11:54:24;Cepheus-1-108Q;ONLINE;0;0
2026-07-30 11:54:24;Garnet;ONLINE;0;0
2026-07-30 11:54:24;Forte 1;OFFLINE;6;0
2026-07-30 12:54:30;Cepheus-1-108Q;ONLINE;0;0
2026-07-30 12:54:30;Garnet;ONLINE;0;0
2026-07-30 12:54:30;Forte 1;OFFLINE;6;0
2026-07-30 13:54:35;Cepheus-1-108Q;ONLINE;0;0
2026-07-30 13:54:35;Garnet;ONLINE;0;0
2026-07-30 13:54:35;Forte 1;OFFLINE;6;0
2026-07-30 14:54:40;Cepheus-1-108Q;ONLINE;2;0
2026-07-30 14:54:40;Garnet;ONLINE;0;0
2026-07-30 14:54:40;Forte 1;OFFLINE;6;0
2026-07-30 15:54:46;Cepheus-1-108Q;ONLINE;0;0
2026-07-30 15:54:46;Garnet;ONLINE;6;0
2026-07-30 15:54:46;Forte 1;OFFLINE;6;0
2026-07-30 16:54:51;Cepheus-1-108Q;ONLINE;0;0
2026-07-30 16:54:51;Garnet;ONLINE;8;0
2026-07-30 16:54:51;Forte 1;OFFLINE;6;0
2026-07-30 17:54:56;Cepheus-1-108Q;ONLINE;0;0
2026-07-30 17:54:56;Garnet;ONLINE;0;0
2026-07-30 17:54:56;Forte 1;OFFLINE;6;0
2026-07-30 18:55:02;Cepheus-1-108Q;ONLINE;0;0
2026-07-30 18:55:02;Garnet;ONLINE;0;0
2026-07-30 18:55:02;Forte 1;OFFLINE;6;0
2026-07-30 19:55:07;Cepheus-1-108Q;ONLINE;0;0
2026-07-30 19:55:07;Garnet;ONLINE;0;0
2026-07-30 19:55:07;Forte 1;OFFLINE;6;0
2026-07-30 20:55:13;Cepheus-1-108Q;ONLINE;4;0
2026-07-30 20:55:13;Garnet;ONLINE;0;0
2026-07-30 20:55:13;Forte 1;OFFLINE;6;0
2026-07-30 21:55:18;Cepheus-1-108Q;ONLINE;0;0
2026-07-30 21:55:18;Garnet;ONLINE;0;0
2026-07-30 21:55:18;Forte 1;OFFLINE;6;0
2026-07-30 22:55:23;Cepheus-1-108Q;ONLINE;0;0
2026-07-30 22:55:23;Garnet;ONLINE;0;0
2026-07-30 22:55:23;Forte 1;OFFLINE;6;0
2026-07-30 23:55:28;Cepheus-1-108Q;ONLINE;0;0
2026-07-30 23:55:28;Garnet;ONLINE;0;0
2026-07-30 23:55:28;Forte 1;OFFLINE;6;0
2026-07-31 00:55:34;Cepheus-1-108Q;ONLINE;0;0
2026-07-31 00:55:34;Garnet;ONLINE;0;0
2026-07-31 00:55:34;Forte 1;OFFLINE;6;0
2026-07-31 01:55:40;Cepheus-1-108Q;ONLINE;0;0
2026-07-31 01:55:40;Garnet;ONLINE;2;0
2026-07-31 01:55:40;Forte 1;OFFLINE;6;0
2026-07-31 02:55:45;Cepheus-1-108Q;ONLINE;0;0
2026-07-31 02:55:45;Garnet;ONLINE;2;0
2026-07-31 02:55:45;Forte 1;OFFLINE;6;0
2026-07-31 03:55:50;Cepheus-1-108Q;ONLINE;0;0
2026-07-31 03:55:50;Garnet;ONLINE;0;0
2026-07-31 03:55:50;Forte 1;OFFLINE;6;0
2026-07-31 04:55:55;Cepheus-1-108Q;ONLINE;0;0
2026-07-31 04:55:55;Garnet;ONLINE;0;0
2026-07-31 04:55:55;Forte 1;OFFLINE;6;0
2026-07-31 05:56:01;Cepheus-1-108Q;ONLINE;0;0
2026-07-31 05:56:01;Garnet;ONLINE;0;0
2026-07-31 05:56:01;Forte 1;OFFLINE;6;0
2026-07-31 06:56:06;Cepheus-1-108Q;ONLINE;0;0
2026-07-31 06:56:06;Garnet;ONLINE;0;0
2026-07-31 06:56:06;Forte 1;OFFLINE;6;0
2026-07-31 07:56:12;Cepheus-1-108Q;ONLINE;3;0
2026-07-31 07:56:12;Garnet;ONLINE;0;0
2026-07-31 07:56:12;Forte 1;OFFLINE;6;0
2026-07-31 08:56:18;Cepheus-1-108Q;ONLINE;11;0
2026-07-31 08:56:18;Garnet;ONLINE;0;0
2026-07-31 08:56:18;Forte 1;OFFLINE;6;0
2026-07-31 09:56:23;Cepheus-1-108Q;ONLINE;114;0
2026-07-31 09:56:23;Garnet;ONLINE;0;0
2026-07-31 09:56:23;Forte 1;OFFLINE;6;0
2026-07-31 10:56:29;Cepheus-1-108Q;ONLINE;124;0
2026-07-31 10:56:29;Garnet;ONLINE;0;0
2026-07-31 10:56:29;Forte 1;OFFLINE;6;0
2026-07-31 11:56:35;Cepheus-1-108Q;ONLINE;114;0
2026-07-31 11:56:35;Garnet;ONLINE;1;0
2026-07-31 11:56:35;Forte 1;OFFLINE;6;0
2026-07-31 12:56:40;Cepheus-1-108Q;ONLINE;115;0
2026-07-31 12:56:40;Garnet;ONLINE;0;0
2026-07-31 12:56:40;Forte 1;OFFLINE;6;0
2026-07-31 13:56:45;Cepheus-1-108Q;ONLINE;0;0
2026-07-31 13:56:45;Garnet;ONLINE;0;0
2026-07-31 13:56:45;Forte 1;OFFLINE;6;0
2026-07-31 14:56:50;Cepheus-1-108Q;ONLINE;0;0
2026-07-31 14:56:50;Garnet;ONLINE;0;0
2026-07-31 14:56:50;Forte 1;OFFLINE;6;0
2026-07-31 15:56:56;Cepheus-1-108Q;ONLINE;0;0
2026-07-31 15:56:56;Garnet;ONLINE;6;0
2026-07-31 15:56:56;Forte 1;OFFLINE;6;0
2026-07-31 16:57:02;Cepheus-1-108Q;ONLINE;0;0
2026-07-31 16:57:02;Garnet;ONLINE;8;1
2026-07-31 16:57:02;Forte 1;OFFLINE;6;0
2026-07-31 17:57:07;Cepheus-1-108Q;ONLINE;0;0
2026-07-31 17:57:07;Garnet;ONLINE;0;0
2026-07-31 17:57:07;Forte 1;OFFLINE;6;0
2026-07-31 18:57:13;Cepheus-1-108Q;ONLINE;0;0
2026-07-31 18:57:13;Garnet;ONLINE;0;0
2026-07-31 18:57:13;Forte 1;OFFLINE;6;0
2026-07-31 19:57:18;Cepheus-1-108Q;ONLINE;3;0
2026-07-31 19:57:18;Garnet;ONLINE;0;0
2026-07-31 19:57:18;Forte 1;OFFLINE;6;0
2026-07-31 20:57:23;Cepheus-1-108Q;ONLINE;3;0
2026-07-31 20:57:23;Garnet;ONLINE;0;0
2026-07-31 20:57:23;Forte 1;OFFLINE;6;0
2026-07-31 21:57:29;Cepheus-1-108Q;ONLINE;0;0
2026-07-31 21:57:29;Garnet;ONLINE;0;0
2026-07-31 21:57:29;Forte 1;OFFLINE;6;0
2026-07-31 22:57:34;Cepheus-1-108Q;ONLINE;0;0
2026-07-31 22:57:34;Garnet;ONLINE;0;0
2026-07-31 22:57:34;Forte 1;OFFLINE;6;0
2026-07-31 23:57:39;Cepheus-1-108Q;ONLINE;0;0
2026-07-31 23:57:39;Garnet;ONLINE;0;0
2026-07-31 23:57:39;Forte 1;OFFLINE;6;0
2026-08-01 00:57:45;Cepheus-1-108Q;ONLINE;0;0
2026-08-01 00:57:45;Garnet;ONLINE;4;0
2026-08-01 00:57:45;Forte 1;OFFLINE;6;0
2026-08-01 01:57:50;Cepheus-1-108Q;ONLINE;0;0
2026-08-01 01:57:50;Garnet;ONLINE;6;0
2026-08-01 01:57:50;Forte 1;OFFLINE;6;0
2026-08-01 02:57:56;Cepheus-1-108Q;ONLINE;0;0
2026-08-01 02:57:56;Garnet;ONLINE;9;0
2026-08-01 02:57:56;Forte 1;OFFLINE;6;0
2026-08-01 03:58:01;Cepheus-1-108Q;ONLINE;0;0
2026-08-01 03:58:01;Garnet;ONLINE;9;0
2026-08-01 03:58:01;Forte 1;OFFLINE;6;0
2026-08-01 04:58:06;Cepheus-1-108Q;ONLINE;0;0
2026-08-01 04:58:06;Garnet;ONLINE;10;0
2026-08-01 04:58:06;Forte 1;OFFLINE;6;0
2026-08-01 05:58:12;Cepheus-1-108Q;ONLINE;0;0
2026-08-01 05:58:12;Garnet;ONLINE;10;0
2026-08-01 05:58:12;Forte 1;OFFLINE;6;0
2026-08-01 06:58:17;Cepheus-1-108Q;ONLINE;0;0
2026-08-01 06:58:17;Garnet;ONLINE;35;0
2026-08-01 06:58:17;Forte 1;OFFLINE;6;0
2026-08-01 07:58:22;Cepheus-1-108Q;ONLINE;0;0
2026-08-01 07:58:22;Garnet;ONLINE;35;0
2026-08-01 07:58:22;Forte 1;OFFLINE;6;0
2026-08-01 08:58:28;Cepheus-1-108Q;ONLINE;1;0
2026-08-01 08:58:28;Garnet;ONLINE;35;0
2026-08-01 08:58:28;Forte 1;OFFLINE;6;0
2026-08-01 09:58:34;Cepheus-1-108Q;ONLINE;0;0
2026-08-01 09:58:34;Garnet;ONLINE;38;0
2026-08-01 09:58:34;Forte 1;OFFLINE;6;0
2026-08-01 10:58:39;Cepheus-1-108Q;ONLINE;0;0
2026-08-01 10:58:39;Garnet;ONLINE;38;0
2026-08-01 10:58:39;Forte 1;OFFLINE;6;0
2026-08-01 11:58:44;Cepheus-1-108Q;ONLINE;0;0
2026-08-01 11:58:44;Garnet;ONLINE;38;0
2026-08-01 11:58:44;Forte 1;OFFLINE;6;0
2026-08-01 12:58:49;Cepheus-1-108Q;ONLINE;0;0
2026-08-01 12:58:49;Garnet;ONLINE;38;0
2026-08-01 12:58:49;Forte 1;OFFLINE;6;0
2026-08-01 13:58:54;Cepheus-1-108Q;ONLINE;0;0
2026-08-01 13:58:54;Garnet;ONLINE;40;0
2026-08-01 13:58:54;Forte 1;OFFLINE;6;0
2026-08-01 14:58:59;Cepheus-1-108Q;ONLINE;2;0
2026-08-01 14:58:59;Garnet;ONLINE;41;0
2026-08-01 14:58:59;Forte 1;OFFLINE;6;0
2026-08-01 15:59:05;Cepheus-1-108Q;ONLINE;0;0
2026-08-01 15:59:05;Garnet;ONLINE;41;0
2026-08-01 15:59:05;Forte 1;OFFLINE;6;0
2026-08-01 16:59:11;Cepheus-1-108Q;ONLINE;0;0
2026-08-01 16:59:11;Garnet;ONLINE;42;0
2026-08-01 16:59:11;Forte 1;OFFLINE;6;0
2026-08-01 17:59:17;Cepheus-1-108Q;ONLINE;0;0
2026-08-01 17:59:17;Garnet;ONLINE;45;0
2026-08-01 17:59:17;Forte 1;OFFLINE;6;0
2026-08-01 18:59:22;Cepheus-1-108Q;ONLINE;0;0
2026-08-01 18:59:22;Garnet;ONLINE;47;0
2026-08-01 18:59:22;Forte 1;OFFLINE;6;0
2026-08-01 19:59:28;Cepheus-1-108Q;ONLINE;0;0
2026-08-01 19:59:28;Garnet;ONLINE;47;0
2026-08-01 19:59:28;Forte 1;OFFLINE;6;0
2026-08-01 20:59:33;Cepheus-1-108Q;ONLINE;0;0
2026-08-01 20:59:33;Garnet;ONLINE;47;0
2026-08-01 20:59:33;Forte 1;OFFLINE;6;0
2026-08-01 21:59:38;Cepheus-1-108Q;ONLINE;0;0
2026-08-01 21:59:38;Garnet;ONLINE;47;0
2026-08-01 21:59:38;Forte 1;OFFLINE;6;0
2026-08-01 22:59:44;Cepheus-1-108Q;ONLINE;0;0
2026-08-01 22:59:44;Garnet;ONLINE;47;0
2026-08-01 22:59:44;Forte 1;OFFLINE;6;0
2026-08-01 23:59:49;Cepheus-1-108Q;ONLINE;0;0
2026-08-01 23:59:49;Garnet;ONLINE;47;0
2026-08-01 23:59:49;Forte 1;OFFLINE;6;0
2026-08-02 00:59:54;Cepheus-1-108Q;ONLINE;0;0
2026-08-02 00:59:54;Garnet;ONLINE;54;0
2026-08-02 00:59:54;Forte 1;OFFLINE;6;0
2026-08-02 01:59:59;Cepheus-1-108Q;ONLINE;0;0
2026-08-02 01:59:59;Garnet;ONLINE;54;0
2026-08-02 01:59:59;Forte 1;OFFLINE;6;0
2026-08-02 03:00:04;Cepheus-1-108Q;ONLINE;0;0
2026-08-02 03:00:04;Garnet;ONLINE;54;0
2026-08-02 03:00:04;Forte 1;OFFLINE;6;0
2026-08-02 04:00:10;Cepheus-1-108Q;ONLINE;0;0
2026-08-02 04:00:10;Garnet;ONLINE;55;0
2026-08-02 04:00:10;Forte 1;OFFLINE;6;0
2026-08-02 05:00:15;Cepheus-1-108Q;ONLINE;0;0
2026-08-02 05:00:15;Garnet;ONLINE;54;0
2026-08-02 05:00:15;Forte 1;OFFLINE;6;0
2026-08-02 06:00:20;Cepheus-1-108Q;ONLINE;0;0
2026-08-02 06:00:20;Garnet;ONLINE;54;0
2026-08-02 06:00:20;Forte 1;OFFLINE;6;0
2026-08-02 07:00:25;Cepheus-1-108Q;ONLINE;0;0
2026-08-02 07:00:25;Garnet;ONLINE;54;0
2026-08-02 07:00:25;Forte 1;OFFLINE;6;0
2026-08-02 08:00:30;Cepheus-1-108Q;ONLINE;0;0
2026-08-02 08:00:30;Garnet;ONLINE;54;0
2026-08-02 08:00:30;Forte 1;OFFLINE;6;0
2026-08-02 09:00:35;Cepheus-1-108Q;ONLINE;0;0
2026-08-02 09:00:35;Garnet;ONLINE;55;0
2026-08-02 09:00:35;Forte 1;OFFLINE;6;0
2026-08-02 10:00:41;Cepheus-1-108Q;ONLINE;0;0
2026-08-02 10:00:41;Garnet;ONLINE;55;0
2026-08-02 10:00:41;Forte 1;OFFLINE;6;0
2026-08-02 11:00:46;Cepheus-1-108Q;ONLINE;0;0
2026-08-02 11:00:46;Garnet;ONLINE;55;0
2026-08-02 11:00:46;Forte 1;OFFLINE;6;0
2026-08-02 12:00:51;Cepheus-1-108Q;ONLINE;0;0
2026-08-02 12:00:51;Garnet;ONLINE;55;0
2026-08-02 12:00:51;Forte 1;OFFLINE;6;0
2026-08-02 13:00:57;Cepheus-1-108Q;ONLINE;0;0
2026-08-02 13:00:57;Garnet;ONLINE;55;0
2026-08-02 13:00:57;Forte 1;OFFLINE;6;0
2026-08-02 14:01:02;Cepheus-1-108Q;ONLINE;0;0
2026-08-02 14:01:02;Garnet;ONLINE;55;0
2026-08-02 14:01:02;Forte 1;OFFLINE;6;0
2026-08-02 15:01:08;Cepheus-1-108Q;ONLINE;0;0
2026-08-02 15:01:08;Garnet;ONLINE;55;0
2026-08-02 15:01:08;Forte 1;OFFLINE;6;0
2026-08-02 16:01:13;Cepheus-1-108Q;ONLINE;0;0
2026-08-02 16:01:13;Garnet;ONLINE;55;0
2026-08-02 16:01:13;Forte 1;OFFLINE;6;0
2026-08-02 17:01:18;Cepheus-1-108Q;ONLINE;0;0
2026-08-02 17:01:18;Garnet;ONLINE;55;0
2026-08-02 17:01:18;Forte 1;OFFLINE;6;0
2026-08-02 18:01:24;Cepheus-1-108Q;ONLINE;0;0
2026-08-02 18:01:24;Garnet;ONLINE;56;0
2026-08-02 18:01:24;Forte 1;OFFLINE;6;0
2026-08-02 19:01:29;Cepheus-1-108Q;ONLINE;0;0
2026-08-02 19:01:29;Garnet;ONLINE;56;0
2026-08-02 19:01:29;Forte 1;OFFLINE;6;0
2026-08-02 20:01:36;Cepheus-1-108Q;ONLINE;0;0
2026-08-02 20:01:36;Garnet;ONLINE;56;0
2026-08-02 20:01:36;Forte 1;OFFLINE;6;0
2026-08-02 21:01:41;Cepheus-1-108Q;ONLINE;0;0
2026-08-02 21:01:41;Garnet;ONLINE;56;0
2026-08-02 21:01:41;Forte 1;OFFLINE;6;0
2026-08-02 22:01:46;Cepheus-1-108Q;ONLINE;0;0
2026-08-02 22:01:46;Garnet;ONLINE;56;0
2026-08-02 22:01:46;Forte 1;OFFLINE;6;0
2026-08-02 23:01:51;Cepheus-1-108Q;ONLINE;0;0
2026-08-02 23:01:51;Garnet;ONLINE;56;0
2026-08-02 23:01:51;Forte 1;OFFLINE;6;0
2026-08-03 00:01:57;Cepheus-1-108Q;ONLINE;0;0
2026-08-03 00:01:57;Garnet;ONLINE;0;0
2026-08-03 00:01:57;Forte 1;OFFLINE;6;0
2026-08-03 01:02:02;Cepheus-1-108Q;ONLINE;0;0
2026-08-03 01:02:02;Garnet;ONLINE;0;0
2026-08-03 01:02:02;Forte 1;OFFLINE;6;0
2026-08-03 02:02:08;Cepheus-1-108Q;ONLINE;0;0
2026-08-03 02:02:08;Garnet;ONLINE;1;0
2026-08-03 02:02:08;Forte 1;OFFLINE;6;0
2026-08-03 03:02:13;Cepheus-1-108Q;ONLINE;0;0
2026-08-03 03:02:13;Garnet;ONLINE;5;0
2026-08-03 03:02:13;Forte 1;OFFLINE;6;0
2026-08-03 04:02:19;Cepheus-1-108Q;ONLINE;0;0
2026-08-03 04:02:19;Garnet;ONLINE;0;0
2026-08-03 04:02:19;Forte 1;OFFLINE;6;0
2026-08-03 05:02:24;Cepheus-1-108Q;ONLINE;0;0
2026-08-03 05:02:24;Garnet;ONLINE;0;0
2026-08-03 05:02:24;Forte 1;OFFLINE;6;0
2026-08-03 06:02:30;Cepheus-1-108Q;ONLINE;0;0
2026-08-03 06:02:30;Garnet;ONLINE;0;0
2026-08-03 06:02:30;Forte 1;OFFLINE;6;0
2026-08-03 07:02:35;Cepheus-1-108Q;ONLINE;1;0
2026-08-03 07:02:35;Garnet;ONLINE;0;0
2026-08-03 07:02:35;Forte 1;OFFLINE;6;0
2026-08-03 08:02:40;Cepheus-1-108Q;ONLINE;2;0
2026-08-03 08:02:40;Garnet;ONLINE;0;0
2026-08-03 08:02:40;Forte 1;OFFLINE;6;0
2026-08-03 09:02:45;Cepheus-1-108Q;ONLINE;3;0
2026-08-03 09:02:45;Garnet;ONLINE;0;0
2026-08-03 09:02:45;Forte 1;OFFLINE;6;0
2026-08-03 10:02:50;Cepheus-1-108Q;ONLINE;3;0
2026-08-03 10:02:50;Garnet;ONLINE;0;0
2026-08-03 10:02:50;Forte 1;OFFLINE;6;0
2026-08-03 11:02:56;Cepheus-1-108Q;ONLINE;0;0
2026-08-03 11:02:56;Garnet;ONLINE;0;0
2026-08-03 11:02:56;Forte 1;OFFLINE;6;0
2026-08-03 12:03:01;Cepheus-1-108Q;ONLINE;0;0
2026-08-03 12:03:01;Garnet;ONLINE;0;0
2026-08-03 12:03:01;Forte 1;OFFLINE;6;0
2026-08-03 13:03:06;Cepheus-1-108Q;ONLINE;0;0
2026-08-03 13:03:06;Garnet;ONLINE;0;0
2026-08-03 13:03:06;Forte 1;OFFLINE;6;0
2026-08-03 14:03:11;Cepheus-1-108Q;ONLINE;0;0
2026-08-03 14:03:11;Garnet;ONLINE;0;0
2026-08-03 14:03:11;Forte 1;OFFLINE;6;0
2026-08-03 15:03:17;Cepheus-1-108Q;ONLINE;4;0
2026-08-03 15:03:17;Garnet;ONLINE;0;0
2026-08-03 15:03:17;Forte 1;OFFLINE;6;0
2026-08-03 16:03:22;Cepheus-1-108Q;ONLINE;0;0
2026-08-03 16:03:22;Garnet;ONLINE;6;0
2026-08-03 16:03:22;Forte 1;OFFLINE;6;0
2026-08-03 17:03:28;Cepheus-1-108Q;ONLINE;1;0
2026-08-03 17:03:28;Garnet;ONLINE;11;0
2026-08-03 17:03:28;Forte 1;OFFLINE;6;0
2026-08-03 18:03:33;Cepheus-1-108Q;ONLINE;0;0
2026-08-03 18:03:33;Garnet;ONLINE;0;0
2026-08-03 18:03:33;Forte 1;OFFLINE;6;0
2026-08-03 19:03:38;Cepheus-1-108Q;ONLINE;0;0
2026-08-03 19:03:38;Garnet;ONLINE;0;0
2026-08-03 19:03:38;Forte 1;OFFLINE;6;0
2026-08-03 20:03:43;Cepheus-1-108Q;ONLINE;3;0
2026-08-03 20:03:43;Garnet;ONLINE;0;0
2026-08-03 20:03:43;Forte 1;OFFLINE;6;0
2026-08-03 21:03:49;Cepheus-1-108Q;ONLINE;95;0
2026-08-03 21:03:49;Garnet;ONLINE;0;0
2026-08-03 21:03:49;Forte 1;OFFLINE;6;0
2026-08-03 22:03:55;Cepheus-1-108Q;ONLINE;99;0
2026-08-03 22:03:55;Garnet;ONLINE;0;0
2026-08-03 22:03:55;Forte 1;OFFLINE;6;0
2026-08-03 23:04:00;Cepheus-1-108Q;ONLINE;99;0
2026-08-03 23:04:00;Garnet;ONLINE;0;0
2026-08-03 23:04:00;Forte 1;OFFLINE;6;0
2026-08-04 00:04:05;Cepheus-1-108Q;ONLINE;99;0
2026-08-04 00:04:05;Garnet;ONLINE;0;0
2026-08-04 00:04:05;Forte 1;OFFLINE;6;0
2026-08-04 01:04:11;Cepheus-1-108Q;ONLINE;127;0
2026-08-04 01:04:11;Garnet;ONLINE;0;0
2026-08-04 01:04:11;Forte 1;OFFLINE;6;0
2026-08-04 02:04:17;Cepheus-1-108Q;ONLINE;128;0
2026-08-04 02:04:17;Garnet;ONLINE;1;0
2026-08-04 02:04:17;Forte 1;OFFLINE;6;0
2026-08-04 03:04:22;Cepheus-1-108Q;ONLINE;128;0
2026-08-04 03:04:22;Garnet;ONLINE;1;0
2026-08-04 03:04:22;Forte 1;OFFLINE;6;0
2026-08-04 04:04:27;Cepheus-1-108Q;ONLINE;1;0
2026-08-04 04:04:27;Garnet;ONLINE;0;0
2026-08-04 04:04:27;Forte 1;OFFLINE;6;0
2026-08-04 05:04:33;Cepheus-1-108Q;ONLINE;0;0
2026-08-04 05:04:33;Garnet;ONLINE;0;0
2026-08-04 05:04:33;Forte 1;OFFLINE;6;0
2026-08-04 06:04:39;Cepheus-1-108Q;ONLINE;0;0
2026-08-04 06:04:39;Garnet;ONLINE;0;0
2026-08-04 06:04:39;Forte 1;OFFLINE;6;0
2026-08-04 07:04:43;Cepheus-1-108Q;ONLINE;0;0
2026-08-04 07:04:43;Garnet;ONLINE;0;0
2026-08-04 07:04:43;Forte 1;OFFLINE;6;0
2026-08-04 08:04:49;Cepheus-1-108Q;ONLINE;1;0
2026-08-04 08:04:49;Garnet;ONLINE;0;0
2026-08-04 08:04:49;Forte 1;OFFLINE;6;0
2026-08-04 09:04:54;Cepheus-1-108Q;ONLINE;1;0
2026-08-04 09:04:54;Garnet;ONLINE;0;0
2026-08-04 09:04:54;Forte 1;OFFLINE;6;0
2026-08-04 10:04:59;Cepheus-1-108Q;ONLINE;1;0
2026-08-04 10:04:59;Garnet;ONLINE;1;0
2026-08-04 10:04:59;Forte 1;OFFLINE;6;0
2026-08-04 11:05:05;Cepheus-1-108Q;ONLINE;0;0
2026-08-04 11:05:05;Garnet;ONLINE;0;0
2026-08-04 11:05:05;Forte 1;OFFLINE;6;0
2026-08-04 12:05:10;Cepheus-1-108Q;ONLINE;2;0
2026-08-04 12:05:10;Garnet;ONLINE;0;0
2026-08-04 12:05:10;Forte 1;OFFLINE;6;0
2026-08-04 13:05:15;Cepheus-1-108Q;ONLINE;0;0
2026-08-04 13:05:15;Garnet;ONLINE;0;0
2026-08-04 13:05:15;Forte 1;OFFLINE;6;0
2026-08-04 14:05:21;Cepheus-1-108Q;ONLINE;0;0
2026-08-04 14:05:21;Garnet;ONLINE;0;0
2026-08-04 14:05:21;Forte 1;OFFLINE;6;0
2026-08-04 15:05:26;Cepheus-1-108Q;ONLINE;32;0
2026-08-04 15:05:26;Garnet;ONLINE;0;0
2026-08-04 15:05:26;Forte 1;OFFLINE;6;0
2026-08-04 16:05:31;Cepheus-1-108Q;ONLINE;0;0
2026-08-04 16:05:31;Garnet;ONLINE;12;0
2026-08-04 16:05:31;Forte 1;OFFLINE;6;0
2026-08-04 17:05:36;Cepheus-1-108Q;ONLINE;0;0
2026-08-04 17:05:36;Garnet;ONLINE;12;1
2026-08-04 17:05:36;Forte 1;OFFLINE;6;0
2026-08-04 18:05:42;Cepheus-1-108Q;ONLINE;0;0
2026-08-04 18:05:42;Garnet;ONLINE;0;0
2026-08-04 18:05:42;Forte 1;OFFLINE;6;0
2026-08-04 19:05:48;Cepheus-1-108Q;ONLINE;0;0
2026-08-04 19:05:48;Garnet;ONLINE;0;0
2026-08-04 19:05:48;Forte 1;OFFLINE;6;0
2026-08-04 20:05:53;Cepheus-1-108Q;ONLINE;1;0
2026-08-04 20:05:53;Garnet;ONLINE;0;0
2026-08-04 20:05:53;Forte 1;OFFLINE;6;0
2026-08-04 21:05:58;Cepheus-1-108Q;ONLINE;0;0
2026-08-04 21:05:58;Garnet;ONLINE;0;0
2026-08-04 21:05:58;Forte 1;OFFLINE;6;0
2026-08-04 22:06:04;Cepheus-1-108Q;ONLINE;1;0
2026-08-04 22:06:04;Garnet;ONLINE;0;0
2026-08-04 22:06:04;Forte 1;OFFLINE;6;0
2026-08-04 23:06:09;Cepheus-1-108Q;ONLINE;0;0
2026-08-04 23:06:09;Garnet;ONLINE;0;0
2026-08-04 23:06:09;Forte 1;OFFLINE;6;0
2026-08-05 00:06:14;Cepheus-1-108Q;ONLINE;0;0
2026-08-05 00:06:14;Garnet;ONLINE;0;0
2026-08-05 00:06:14;Forte 1;OFFLINE;6;0
2026-08-05 01:06:20;Cepheus-1-108Q;ONLINE;0;0
2026-08-05 01:06:20;Garnet;ONLINE;0;0
2026-08-05 01:06:20;Forte 1;OFFLINE;6;0
2026-08-05 02:06:25;Cepheus-1-108Q;ONLINE;0;0
2026-08-05 02:06:25;Garnet;ONLINE;2;0
2026-08-05 02:06:25;Forte 1;OFFLINE;6;0
2026-08-05 03:06:30;Cepheus-1-108Q;ONLINE;0;0
2026-08-05 03:06:30;Garnet;ONLINE;2;0
2026-08-05 03:06:30;Forte 1;OFFLINE;6;0
2026-08-05 04:06:35;Cepheus-1-108Q;ONLINE;0;0
2026-08-05 04:06:35;Garnet;ONLINE;8;0
2026-08-05 04:06:35;Forte 1;OFFLINE;6;0
2026-08-05 05:06:41;Cepheus-1-108Q;ONLINE;0;0
2026-08-05 05:06:41;Garnet;ONLINE;8;0
2026-08-05 05:06:41;Forte 1;OFFLINE;6;0
2026-08-05 06:06:47;Cepheus-1-108Q;ONLINE;0;0
2026-08-05 06:06:47;Garnet;ONLINE;45;0
2026-08-05 06:06:47;Forte 1;OFFLINE;6;0
2026-08-05 07:06:52;Cepheus-1-108Q;ONLINE;1;0
2026-08-05 07:06:52;Garnet;ONLINE;0;0
2026-08-05 07:06:52;Forte 1;OFFLINE;6;0
2026-08-05 08:06:58;Cepheus-1-108Q;ONLINE;17;0
2026-08-05 08:06:58;Garnet;ONLINE;0;0
2026-08-05 08:06:58;Forte 1;OFFLINE;6;0
2026-08-05 09:07:03;Cepheus-1-108Q;ONLINE;0;0
2026-08-05 09:07:03;Garnet;ONLINE;0;0
2026-08-05 09:07:03;Forte 1;OFFLINE;6;0
2026-08-05 10:07:08;Cepheus-1-108Q;ONLINE;0;0
2026-08-05 10:07:08;Garnet;ONLINE;0;0
2026-08-05 10:07:08;Forte 1;OFFLINE;6;0
2026-08-05 11:07:14;Cepheus-1-108Q;ONLINE;0;0
2026-08-05 11:07:14;Garnet;ONLINE;0;0
2026-08-05 11:07:14;Forte 1;OFFLINE;6;0
2026-08-05 12:07:19;Cepheus-1-108Q;ONLINE;0;0
2026-08-05 12:07:19;Garnet;ONLINE;0;0
2026-08-05 12:07:19;Forte 1;OFFLINE;6;0
2026-08-05 13:07:24;Cepheus-1-108Q;ONLINE;1;0
2026-08-05 13:07:24;Garnet;ONLINE;0;0
2026-08-05 13:07:24;Forte 1;OFFLINE;6;0
2026-08-05 14:07:31;Cepheus-1-108Q;ONLINE;2;0 (1 prioritized hybrid job running)
2026-08-05 14:07:31;Garnet;ONLINE;0;0
2026-08-05 14:07:31;Forte 1;OFFLINE;6;0
2026-08-05 15:07:36;Cepheus-1-108Q;ONLINE;1;0
2026-08-05 15:07:36;Garnet;ONLINE;0;0
2026-08-05 15:07:36;Forte 1;OFFLINE;6;0
2026-08-05 16:07:42;Cepheus-1-108Q;ONLINE;0;0
2026-08-05 16:07:42;Garnet;ONLINE;6;0
2026-08-05 16:07:42;Forte 1;OFFLINE;6;0
2026-08-05 17:07:47;Cepheus-1-108Q;ONLINE;0;0
2026-08-05 17:07:47;Garnet;ONLINE;7;0
2026-08-05 17:07:47;Forte 1;OFFLINE;6;0
2026-08-05 18:07:52;Cepheus-1-108Q;ONLINE;0;0
2026-08-05 18:07:52;Garnet;ONLINE;2;0
2026-08-05 18:07:52;Forte 1;OFFLINE;6;0
2026-08-05 19:07:57;Cepheus-1-108Q;ONLINE;0;0
2026-08-05 19:07:57;Garnet;ONLINE;0;0
2026-08-05 19:07:57;Forte 1;OFFLINE;6;0
2026-08-05 20:08:03;Cepheus-1-108Q;ONLINE;3;0
2026-08-05 20:08:03;Garnet;ONLINE;0;0
2026-08-05 20:08:03;Forte 1;OFFLINE;6;0
2026-08-05 21:08:08;Cepheus-1-108Q;ONLINE;0;0
2026-08-05 21:08:08;Garnet;ONLINE;0;0
2026-08-05 21:08:08;Forte 1;OFFLINE;6;0
2026-08-05 22:08:14;Cepheus-1-108Q;ONLINE;0;0
2026-08-05 22:08:14;Garnet;ONLINE;0;0
2026-08-05 22:08:14;Forte 1;OFFLINE;6;0
2026-08-05 23:08:20;Cepheus-1-108Q;ONLINE;0;0
2026-08-05 23:08:20;Garnet;ONLINE;0;0
2026-08-05 23:08:20;Forte 1;OFFLINE;6;0
2026-08-06 00:08:25;Cepheus-1-108Q;ONLINE;0;0
2026-08-06 00:08:25;Garnet;ONLINE;0;0
2026-08-06 00:08:25;Forte 1;OFFLINE;6;0
2026-08-06 01:08:30;Cepheus-1-108Q;ONLINE;1;0
2026-08-06 01:08:30;Garnet;ONLINE;0;0
2026-08-06 01:08:30;Forte 1;OFFLINE;6;0
2026-08-06 02:08:36;Cepheus-1-108Q;ONLINE;0;0
2026-08-06 02:08:36;Garnet;ONLINE;1;0
2026-08-06 02:08:36;Forte 1;OFFLINE;6;0
2026-08-06 03:08:41;Cepheus-1-108Q;ONLINE;0;0
2026-08-06 03:08:41;Garnet;ONLINE;1;0
2026-08-06 03:08:41;Forte 1;OFFLINE;6;0
2026-08-06 04:08:46;Cepheus-1-108Q;ONLINE;0;0
2026-08-06 04:08:46;Garnet;ONLINE;0;0
2026-08-06 04:08:46;Forte 1;OFFLINE;6;0
2026-08-06 05:08:51;Cepheus-1-108Q;ONLINE;0;0
2026-08-06 05:08:51;Garnet;ONLINE;0;0
2026-08-06 05:08:51;Forte 1;OFFLINE;6;0
2026-08-06 06:08:56;Cepheus-1-108Q;ONLINE;11;0
2026-08-06 06:08:56;Garnet;ONLINE;0;0
2026-08-06 06:08:56;Forte 1;OFFLINE;6;0
2026-08-06 07:09:01;Cepheus-1-108Q;ONLINE;0;0
2026-08-06 07:09:01;Garnet;ONLINE;0;0
2026-08-06 07:09:01;Forte 1;OFFLINE;6;0
2026-08-06 08:09:06;Cepheus-1-108Q;ONLINE;0;0
2026-08-06 08:09:06;Garnet;ONLINE;0;0
2026-08-06 08:09:06;Forte 1;OFFLINE;6;0
2026-08-06 09:09:11;Cepheus-1-108Q;ONLINE;0;0
2026-08-06 09:09:11;Garnet;ONLINE;0;0
2026-08-06 09:09:11;Forte 1;OFFLINE;6;0
2026-08-06 10:09:16;Cepheus-1-108Q;ONLINE;0;0
2026-08-06 10:09:16;Garnet;ONLINE;0;0
2026-08-06 10:09:16;Forte 1;OFFLINE;6;0
2026-08-06 11:09:21;Cepheus-1-108Q;ONLINE;0;0
2026-08-06 11:09:21;Garnet;ONLINE;0;0
2026-08-06 11:09:21;Forte 1;OFFLINE;6;0
2026-08-06 12:09:27;Cepheus-1-108Q;ONLINE;1;0
2026-08-06 12:09:27;Garnet;ONLINE;0;0
2026-08-06 12:09:27;Forte 1;OFFLINE;6;0
2026-08-06 13:09:32;Cepheus-1-108Q;ONLINE;16;0
2026-08-06 13:09:32;Garnet;ONLINE;0;0
2026-08-06 13:09:32;Forte 1;OFFLINE;6;0
2026-08-06 14:09:38;Cepheus-1-108Q;ONLINE;0;0
2026-08-06 14:09:38;Garnet;ONLINE;0;0
2026-08-06 14:09:38;Forte 1;OFFLINE;6;0
2026-08-06 15:09:43;Cepheus-1-108Q;ONLINE;1;0
2026-08-06 15:09:43;Garnet;ONLINE;0;0
2026-08-06 15:09:43;Forte 1;OFFLINE;6;0
2026-08-06 16:09:48;Cepheus-1-108Q;ONLINE;0;0
2026-08-06 16:09:48;Garnet;ONLINE;8;0
2026-08-06 16:09:48;Forte 1;OFFLINE;6;0
2026-08-06 17:09:54;Cepheus-1-108Q;ONLINE;0;0
2026-08-06 17:09:54;Garnet;ONLINE;8;0
2026-08-06 17:09:54;Forte 1;OFFLINE;6;0
2026-08-06 18:09:59;Cepheus-1-108Q;ONLINE;0;0
2026-08-06 18:09:59;Garnet;ONLINE;0;0
2026-08-06 18:09:59;Forte 1;OFFLINE;6;0
2026-08-06 19:10:04;Cepheus-1-108Q;ONLINE;2;0
2026-08-06 19:10:04;Garnet;ONLINE;0;0
2026-08-06 19:10:04;Forte 1;OFFLINE;6;0
2026-08-06 20:10:10;Cepheus-1-108Q;ONLINE;2;0
2026-08-06 20:10:10;Garnet;ONLINE;0;0
2026-08-06 20:10:10;Forte 1;OFFLINE;6;0
2026-08-06 21:10:15;Cepheus-1-108Q;ONLINE;0;0
2026-08-06 21:10:15;Garnet;ONLINE;0;0
2026-08-06 21:10:15;Forte 1;OFFLINE;6;0
2026-08-06 22:10:20;Cepheus-1-108Q;ONLINE;0;0
2026-08-06 22:10:20;Garnet;ONLINE;0;0
2026-08-06 22:10:20;Forte 1;OFFLINE;6;0
2026-08-06 23:10:25;Cepheus-1-108Q;ONLINE;0;0
2026-08-06 23:10:25;Garnet;ONLINE;0;0
2026-08-06 23:10:25;Forte 1;OFFLINE;6;0
2026-08-07 00:10:30;Cepheus-1-108Q;ONLINE;0;0
2026-08-07 00:10:30;Garnet;ONLINE;0;0
2026-08-07 00:10:30;Forte 1;OFFLINE;6;0
2026-08-07 01:10:35;Cepheus-1-108Q;ONLINE;0;0
2026-08-07 01:10:35;Garnet;ONLINE;0;0
2026-08-07 01:10:35;Forte 1;OFFLINE;6;0
2026-08-07 02:10:40;Cepheus-1-108Q;ONLINE;0;0
2026-08-07 02:10:40;Garnet;ONLINE;2;0
2026-08-07 02:10:40;Forte 1;OFFLINE;6;0
2026-08-07 03:10:45;Cepheus-1-108Q;ONLINE;0;0
2026-08-07 03:10:45;Garnet;ONLINE;2;0
2026-08-07 03:10:45;Forte 1;OFFLINE;6;0
2026-08-07 04:10:50;Cepheus-1-108Q;ONLINE;0;0
2026-08-07 04:10:50;Garnet;ONLINE;0;0
2026-08-07 04:10:50;Forte 1;OFFLINE;6;0
2026-08-07 05:10:55;Cepheus-1-108Q;ONLINE;0;0
2026-08-07 05:10:55;Garnet;ONLINE;0;0
2026-08-07 05:10:55;Forte 1;OFFLINE;6;0
2026-08-07 06:11:00;Cepheus-1-108Q;ONLINE;0;0
2026-08-07 06:11:00;Garnet;ONLINE;0;0
2026-08-07 06:11:00;Forte 1;OFFLINE;6;0
2026-08-07 07:11:05;Cepheus-1-108Q;ONLINE;16;0
2026-08-07 07:11:05;Garnet;ONLINE;0;0
2026-08-07 07:11:05;Forte 1;OFFLINE;6;0
2026-08-07 08:11:10;Cepheus-1-108Q;ONLINE;19;0
2026-08-07 08:11:10;Garnet;ONLINE;0;0
2026-08-07 08:11:10;Forte 1;OFFLINE;6;0
2026-08-07 09:11:15;Cepheus-1-108Q;ONLINE;0;0
2026-08-07 09:11:15;Garnet;ONLINE;0;0
2026-08-07 09:11:15;Forte 1;OFFLINE;6;0
2026-08-07 10:11:20;Cepheus-1-108Q;ONLINE;0;0
2026-08-07 10:11:20;Garnet;ONLINE;0;0
2026-08-07 10:11:20;Forte 1;OFFLINE;6;0
2026-08-07 11:11:25;Cepheus-1-108Q;ONLINE;0;0
2026-08-07 11:11:25;Garnet;ONLINE;0;0
2026-08-07 11:11:25;Forte 1;OFFLINE;6;0
2026-08-07 12:11:30;Cepheus-1-108Q;ONLINE;0;0
2026-08-07 12:11:30;Garnet;ONLINE;0;0
2026-08-07 12:11:30;Forte 1;OFFLINE;6;0
2026-08-07 13:11:35;Cepheus-1-108Q;ONLINE;0;0
2026-08-07 13:11:35;Garnet;ONLINE;0;0
2026-08-07 13:11:35;Forte 1;OFFLINE;6;0
2026-08-07 14:11:40;Cepheus-1-108Q;ONLINE;0;0
2026-08-07 14:11:40;Garnet;ONLINE;0;0
2026-08-07 14:11:40;Forte 1;OFFLINE;6;0
2026-08-07 15:11:45;Cepheus-1-108Q;ONLINE;1;0
2026-08-07 15:11:45;Garnet;ONLINE;0;0
2026-08-07 15:11:45;Forte 1;OFFLINE;6;0
2026-08-07 16:11:49;Cepheus-1-108Q;ONLINE;0;0
2026-08-07 16:11:49;Garnet;ONLINE;7;0
2026-08-07 16:11:49;Forte 1;OFFLINE;6;0
2026-08-07 17:11:54;Cepheus-1-108Q;ONLINE;0;0
2026-08-07 17:11:54;Garnet;ONLINE;7;0
2026-08-07 17:11:54;Forte 1;OFFLINE;6;0
2026-08-07 18:11:59;Cepheus-1-108Q;ONLINE;0;0
2026-08-07 18:11:59;Garnet;ONLINE;0;0
2026-08-07 18:11:59;Forte 1;OFFLINE;6;0
2026-08-07 19:12:04;Cepheus-1-108Q;ONLINE;1;0
2026-08-07 19:12:04;Garnet;ONLINE;0;0
2026-08-07 19:12:04;Forte 1;OFFLINE;6;0
2026-08-07 20:12:09;Cepheus-1-108Q;ONLINE;1;0
2026-08-07 20:12:09;Garnet;ONLINE;0;0
2026-08-07 20:12:09;Forte 1;OFFLINE;6;0
2026-08-07 21:12:14;Cepheus-1-108Q;ONLINE;0;0
2026-08-07 21:12:14;Garnet;ONLINE;0;0
2026-08-07 21:12:14;Forte 1;OFFLINE;6;0
2026-08-07 22:12:18;Cepheus-1-108Q;ONLINE;0;0
2026-08-07 22:12:18;Garnet;ONLINE;0;0
2026-08-07 22:12:18;Forte 1;OFFLINE;6;0
2026-08-07 23:12:23;Cepheus-1-108Q;ONLINE;0;0
2026-08-07 23:12:23;Garnet;ONLINE;0;0
2026-08-07 23:12:23;Forte 1;OFFLINE;6;0
2026-08-08 00:12:28;Cepheus-1-108Q;ONLINE;20;0
2026-08-08 00:12:28;Garnet;ONLINE;9;0
2026-08-08 00:12:28;Forte 1;OFFLINE;6;0
2026-08-08 01:12:33;Cepheus-1-108Q;ONLINE;220;0
2026-08-08 01:12:33;Garnet;ONLINE;124;0
2026-08-08 01:12:33;Forte 1;ONLINE;6;0
2026-08-08 02:12:38;Cepheus-1-108Q;ONLINE;29;0
2026-08-08 02:12:38;Garnet;ONLINE;253;0
2026-08-08 02:12:38;Forte 1;ONLINE;6;0
2026-08-08 03:12:44;Cepheus-1-108Q;ONLINE;68;0
2026-08-08 03:12:44;Garnet;ONLINE;362;0
2026-08-08 03:12:44;Forte 1;ONLINE;6;0
2026-08-08 04:12:49;Cepheus-1-108Q;ONLINE;4;0
2026-08-08 04:12:49;Garnet;ONLINE;519;0
2026-08-08 04:12:49;Forte 1;ONLINE;6;0
2026-08-08 05:12:54;Cepheus-1-108Q;ONLINE;2;0
2026-08-08 05:12:54;Garnet;ONLINE;520;0
2026-08-08 05:12:54;Forte 1;ONLINE;10;0
2026-08-08 06:12:59;Cepheus-1-108Q;ONLINE;11;0
2026-08-08 06:12:59;Garnet;ONLINE;521;0
2026-08-08 06:12:59;Forte 1;ONLINE;6;0
2026-08-08 07:13:05;Cepheus-1-108Q;ONLINE;1;0
2026-08-08 07:13:05;Garnet;ONLINE;521;0
2026-08-08 07:13:05;Forte 1;ONLINE;6;0
2026-08-08 08:13:10;Cepheus-1-108Q;ONLINE;1;0
2026-08-08 08:13:10;Garnet;ONLINE;522;0
2026-08-08 08:13:10;Forte 1;ONLINE;6;0
2026-08-08 09:13:15;Cepheus-1-108Q;ONLINE;0;0
2026-08-08 09:13:15;Garnet;ONLINE;522;0
2026-08-08 09:13:15;Forte 1;ONLINE;6;0
2026-08-08 10:13:20;Cepheus-1-108Q;ONLINE;0;0
2026-08-08 10:13:20;Garnet;ONLINE;522;0
2026-08-08 10:13:20;Forte 1;ONLINE;6;0
2026-08-08 11:13:25;Cepheus-1-108Q;ONLINE;0;0
2026-08-08 11:13:25;Garnet;ONLINE;523;0
2026-08-08 11:13:25;Forte 1;ONLINE;6;0
2026-08-08 12:13:30;Cepheus-1-108Q;ONLINE;0;0
2026-08-08 12:13:30;Garnet;ONLINE;524;0
2026-08-08 12:13:30;Forte 1;ONLINE;6;0
2026-08-08 13:13:35;Cepheus-1-108Q;ONLINE;0;0
2026-08-08 13:13:35;Garnet;ONLINE;524;0
2026-08-08 13:13:35;Forte 1;ONLINE;6;0
2026-08-08 14:13:40;Cepheus-1-108Q;ONLINE;1;0
2026-08-08 14:13:40;Garnet;ONLINE;526;0
2026-08-08 14:13:40;Forte 1;ONLINE;6;0
2026-08-08 15:13:45;Cepheus-1-108Q;ONLINE;24;0
2026-08-08 15:13:45;Garnet;ONLINE;529;0
2026-08-08 15:13:45;Forte 1;ONLINE;6;0
2026-08-08 16:13:49;Cepheus-1-108Q;ONLINE;0;0
2026-08-08 16:13:49;Garnet;ONLINE;529;0
2026-08-08 16:13:49;Forte 1;ONLINE;6;0
2026-08-08 17:13:54;Cepheus-1-108Q;ONLINE;1;0
2026-08-08 17:13:54;Garnet;ONLINE;529;0
2026-08-08 17:13:54;Forte 1;ONLINE;6;0
2026-08-08 18:13:59;Cepheus-1-108Q;ONLINE;0;0
2026-08-08 18:13:59;Garnet;ONLINE;530;0
2026-08-08 18:13:59;Forte 1;ONLINE;6;0
2026-08-08 19:14:05;Cepheus-1-108Q;ONLINE;2;0
2026-08-08 19:14:05;Garnet;ONLINE;530;0
2026-08-08 19:14:05;Forte 1;ONLINE;0;0
2026-08-08 20:14:10;Cepheus-1-108Q;ONLINE;2;0
2026-08-08 20:14:10;Garnet;ONLINE;530;0
2026-08-08 20:14:10;Forte 1;ONLINE;0;0
2026-08-08 21:14:15;Cepheus-1-108Q;ONLINE;52;0
2026-08-08 21:14:15;Garnet;ONLINE;530;0
2026-08-08 21:14:15;Forte 1;ONLINE;0;0
2026-08-08 22:14:19;Cepheus-1-108Q;ONLINE;52;0
2026-08-08 22:14:19;Garnet;ONLINE;530;0
2026-08-08 22:14:19;Forte 1;ONLINE;0;0
2026-08-08 23:14:25;Cepheus-1-108Q;ONLINE;0;0
2026-08-08 23:14:25;Garnet;ONLINE;533;0
2026-08-08 23:14:25;Forte 1;ONLINE;0;0
2026-08-09 00:14:29;Cepheus-1-108Q;ONLINE;0;0
2026-08-09 00:14:29;Garnet;ONLINE;535;0
2026-08-09 00:14:29;Forte 1;ONLINE;0;0
2026-08-09 01:14:34;Cepheus-1-108Q;ONLINE;0;0
2026-08-09 01:14:34;Garnet;ONLINE;563;0
2026-08-09 01:14:34;Forte 1;ONLINE;0;0
2026-08-09 02:14:39;Cepheus-1-108Q;ONLINE;1;0
2026-08-09 02:14:39;Garnet;ONLINE;594;0
2026-08-09 02:14:39;Forte 1;ONLINE;1;0
2026-08-09 03:14:44;Cepheus-1-108Q;ONLINE;2;0
2026-08-09 03:14:44;Garnet;ONLINE;594;0
2026-08-09 03:14:44;Forte 1;ONLINE;0;0
2026-08-09 04:14:49;Cepheus-1-108Q;ONLINE;0;0
2026-08-09 04:14:49;Garnet;ONLINE;594;0
2026-08-09 04:14:49;Forte 1;ONLINE;0;0
2026-08-09 05:14:54;Cepheus-1-108Q;ONLINE;0;0
2026-08-09 05:14:54;Garnet;ONLINE;594;0
2026-08-09 05:14:54;Forte 1;ONLINE;0;0
2026-08-09 06:15:00;Cepheus-1-108Q;ONLINE;0;0
2026-08-09 06:15:00;Garnet;ONLINE;594;0
2026-08-09 06:15:00;Forte 1;ONLINE;0;0
2026-08-09 07:15:05;Cepheus-1-108Q;ONLINE;1;0
2026-08-09 07:15:05;Garnet;ONLINE;594;0
2026-08-09 07:15:05;Forte 1;ONLINE;0;0
2026-08-09 08:15:10;Cepheus-1-108Q;ONLINE;3;0
2026-08-09 08:15:10;Garnet;ONLINE;594;0
2026-08-09 08:15:10;Forte 1;ONLINE;0;0
2026-08-09 09:15:15;Cepheus-1-108Q;ONLINE;0;0
2026-08-09 09:15:15;Garnet;ONLINE;596;0
2026-08-09 09:15:15;Forte 1;ONLINE;0;0
2026-08-09 10:15:20;Cepheus-1-108Q;ONLINE;0;0
2026-08-09 10:15:20;Garnet;ONLINE;597;0
2026-08-09 10:15:20;Forte 1;ONLINE;0;0
2026-08-09 11:15:25;Cepheus-1-108Q;ONLINE;0;0
2026-08-09 11:15:25;Garnet;ONLINE;601;0
2026-08-09 11:15:25;Forte 1;ONLINE;0;0
2026-08-09 12:15:30;Cepheus-1-108Q;ONLINE;0;0
2026-08-09 12:15:30;Garnet;ONLINE;601;0
2026-08-09 12:15:30;Forte 1;ONLINE;0;0
2026-08-09 13:15:35;Cepheus-1-108Q;ONLINE;0;0
2026-08-09 13:15:35;Garnet;ONLINE;601;0
2026-08-09 13:15:35;Forte 1;ONLINE;0;0
2026-08-09 14:15:39;Cepheus-1-108Q;ONLINE;1;0
2026-08-09 14:15:39;Garnet;ONLINE;601;0
2026-08-09 14:15:39;Forte 1;ONLINE;0;0
2026-08-09 15:15:44;Cepheus-1-108Q;ONLINE;15;0
2026-08-09 15:15:44;Garnet;ONLINE;601;0
2026-08-09 15:15:44;Forte 1;ONLINE;0;0
2026-08-09 16:15:49;Cepheus-1-108Q;ONLINE;1;0
2026-08-09 16:15:49;Garnet;ONLINE;604;0
2026-08-09 16:15:49;Forte 1;ONLINE;0;0
2026-08-09 17:15:54;Cepheus-1-108Q;ONLINE;9;0
2026-08-09 17:15:54;Garnet;ONLINE;604;0
2026-08-09 17:15:54;Forte 1;ONLINE;0;0
2026-08-09 18:15:59;Cepheus-1-108Q;ONLINE;13;0
2026-08-09 18:15:59;Garnet;ONLINE;606;0
2026-08-09 18:15:59;Forte 1;ONLINE;1;0
2026-08-09 19:16:04;Cepheus-1-108Q;ONLINE;19;0
2026-08-09 19:16:04;Garnet;ONLINE;606;0
2026-08-09 19:16:04;Forte 1;ONLINE;0;0
2026-08-09 20:16:10;Cepheus-1-108Q;ONLINE;26;0
2026-08-09 20:16:10;Garnet;ONLINE;606;0
2026-08-09 20:16:10;Forte 1;ONLINE;0;0
2026-08-09 21:16:15;Cepheus-1-108Q;ONLINE;0;0
2026-08-09 21:16:15;Garnet;ONLINE;606;0
2026-08-09 21:16:15;Forte 1;ONLINE;0;0
2026-08-09 22:16:19;Cepheus-1-108Q;ONLINE;0;0
2026-08-09 22:16:19;Garnet;ONLINE;608;0
2026-08-09 22:16:19;Forte 1;ONLINE;1;0
2026-08-09 23:16:24;Cepheus-1-108Q;ONLINE;0;0
2026-08-09 23:16:24;Garnet;ONLINE;609;0
2026-08-09 23:16:24;Forte 1;ONLINE;3;0
2026-08-10 00:16:29;Cepheus-1-108Q;ONLINE;1;0
2026-08-10 00:16:29;Garnet;ONLINE;0;0
2026-08-10 00:16:29;Forte 1;ONLINE;0;0
2026-08-10 01:16:34;Cepheus-1-108Q;ONLINE;0;0
2026-08-10 01:16:34;Garnet;ONLINE;0;0
2026-08-10 01:16:34;Forte 1;ONLINE;0;0
2026-08-10 02:16:39;Cepheus-1-108Q;ONLINE;2;0
2026-08-10 02:16:39;Garnet;ONLINE;2;0
2026-08-10 02:16:39;Forte 1;ONLINE;0;0
2026-08-10 03:16:44;Cepheus-1-108Q;ONLINE;36;0
2026-08-10 03:16:44;Garnet;ONLINE;0;0
2026-08-10 03:16:44;Forte 1;ONLINE;0;0
2026-08-10 04:16:48;Cepheus-1-108Q;ONLINE;0;0
2026-08-10 04:16:48;Garnet;ONLINE;0;0
2026-08-10 04:16:48;Forte 1;ONLINE;0;0
2026-08-10 05:16:53;Cepheus-1-108Q;ONLINE;0;0
2026-08-10 05:16:53;Garnet;ONLINE;0;0
2026-08-10 05:16:53;Forte 1;ONLINE;0;0
2026-08-10 06:16:58;Cepheus-1-108Q;ONLINE;0;0
2026-08-10 06:16:58;Garnet;ONLINE;0;0
2026-08-10 06:16:58;Forte 1;ONLINE;0;0
2026-08-10 07:17:03;Cepheus-1-108Q;ONLINE;1;0
2026-08-10 07:17:03;Garnet;ONLINE;0;0
2026-08-10 07:17:03;Forte 1;ONLINE;0;0
2026-08-10 08:17:08;Cepheus-1-108Q;ONLINE;2;0
2026-08-10 08:17:08;Garnet;ONLINE;0;0
2026-08-10 08:17:08;Forte 1;ONLINE;0;0
2026-08-10 09:17:13;Cepheus-1-108Q;ONLINE;0;0
2026-08-10 09:17:13;Garnet;ONLINE;0;0
2026-08-10 09:17:13;Forte 1;ONLINE;0;0
2026-08-10 10:17:18;Cepheus-1-108Q;ONLINE;0;0
2026-08-10 10:17:18;Garnet;ONLINE;0;0
2026-08-10 10:17:18;Forte 1;ONLINE;0;0
2026-08-10 11:17:24;Cepheus-1-108Q;ONLINE;0;0
2026-08-10 11:17:24;Garnet;ONLINE;0;0
2026-08-10 11:17:24;Forte 1;ONLINE;0;0
2026-08-10 12:17:29;Cepheus-1-108Q;ONLINE;0;0
2026-08-10 12:17:29;Garnet;ONLINE;0;0
2026-08-10 12:17:29;Forte 1;ONLINE;0;0
2026-08-10 13:17:34;Cepheus-1-108Q;ONLINE;0;0
2026-08-10 13:17:34;Garnet;ONLINE;0;0
2026-08-10 13:17:34;Forte 1;ONLINE;0;0
2026-08-10 14:17:39;Cepheus-1-108Q;ONLINE;0;0
2026-08-10 14:17:39;Garnet;ONLINE;0;0
2026-08-10 14:17:39;Forte 1;ONLINE;0;0
2026-08-10 15:17:44;Cepheus-1-108Q;ONLINE;88;0
2026-08-10 15:17:44;Garnet;ONLINE;0;0
2026-08-10 15:17:44;Forte 1;ONLINE;0;0
2026-08-10 16:17:49;Cepheus-1-108Q;ONLINE;0;0
2026-08-10 16:17:49;Garnet;ONLINE;25;0
2026-08-10 16:17:49;Forte 1;ONLINE;0;0
2026-08-10 17:17:54;Cepheus-1-108Q;ONLINE;0;0
2026-08-10 17:17:54;Garnet;ONLINE;0;0
2026-08-10 17:17:54;Forte 1;ONLINE;0;0
2026-08-10 18:17:59;Cepheus-1-108Q;ONLINE;0;0
2026-08-10 18:17:59;Garnet;ONLINE;0;0
2026-08-10 18:17:59;Forte 1;ONLINE;0;0
2026-08-10 19:18:04;Cepheus-1-108Q;ONLINE;1;0
2026-08-10 19:18:04;Garnet;ONLINE;0;0
2026-08-10 19:18:04;Forte 1;ONLINE;1;0
2026-08-10 20:18:09;Cepheus-1-108Q;ONLINE;2;0
2026-08-10 20:18:09;Garnet;ONLINE;0;0
2026-08-10 20:18:09;Forte 1;ONLINE;2;0
2026-08-10 21:18:14;Cepheus-1-108Q;ONLINE;0;0
2026-08-10 21:18:14;Garnet;ONLINE;0;0
2026-08-10 21:18:14;Forte 1;ONLINE;0;0
2026-08-10 22:18:19;Cepheus-1-108Q;ONLINE;0;0
2026-08-10 22:18:19;Garnet;ONLINE;0;0
2026-08-10 22:18:19;Forte 1;ONLINE;0;0
2026-08-10 23:18:24;Cepheus-1-108Q;ONLINE;1;0
2026-08-10 23:18:24;Garnet;ONLINE;0;0
2026-08-10 23:18:24;Forte 1;ONLINE;0;0
2026-08-11 00:18:29;Cepheus-1-108Q;ONLINE;0;0
2026-08-11 00:18:29;Garnet;ONLINE;0;0
2026-08-11 00:18:29;Forte 1;ONLINE;0;0
2026-08-11 01:18:34;Cepheus-1-108Q;ONLINE;0;0
2026-08-11 01:18:34;Garnet;ONLINE;0;0
2026-08-11 01:18:34;Forte 1;ONLINE;0;0
2026-08-11 02:18:39;Cepheus-1-108Q;ONLINE;1;0
2026-08-11 02:18:39;Garnet;ONLINE;1;0
2026-08-11 02:18:39;Forte 1;ONLINE;0;0
2026-08-11 03:18:45;Cepheus-1-108Q;ONLINE;2;0
2026-08-11 03:18:45;Garnet;ONLINE;0;0
2026-08-11 03:18:45;Forte 1;ONLINE;0;0
2026-08-11 04:18:50;Cepheus-1-108Q;ONLINE;0;0
2026-08-11 04:18:50;Garnet;ONLINE;0;0
2026-08-11 04:18:50;Forte 1;ONLINE;0;0
2026-08-11 05:18:54;Cepheus-1-108Q;ONLINE;0;0
2026-08-11 05:18:54;Garnet;ONLINE;0;0
2026-08-11 05:18:54;Forte 1;ONLINE;0;0
2026-08-11 06:18:59;Cepheus-1-108Q;ONLINE;0;0
2026-08-11 06:18:59;Garnet;ONLINE;0;0
2026-08-11 06:18:59;Forte 1;ONLINE;0;0
2026-08-11 07:19:05;Cepheus-1-108Q;ONLINE;1;0
2026-08-11 07:19:05;Garnet;ONLINE;0;0
2026-08-11 07:19:05;Forte 1;ONLINE;2;0
2026-08-11 08:19:10;Cepheus-1-108Q;ONLINE;1;0
2026-08-11 08:19:10;Garnet;ONLINE;0;0
2026-08-11 08:19:10;Forte 1;ONLINE;0;0
2026-08-11 09:19:15;Cepheus-1-108Q;ONLINE;2;0
2026-08-11 09:19:15;Garnet;ONLINE;0;0
2026-08-11 09:19:15;Forte 1;ONLINE;0;0
2026-08-11 10:19:20;Cepheus-1-108Q;ONLINE;8;0
2026-08-11 10:19:20;Garnet;ONLINE;0;0
2026-08-11 10:19:20;Forte 1;ONLINE;0;0
2026-08-11 11:19:25;Cepheus-1-108Q;ONLINE;16;0
2026-08-11 11:19:25;Garnet;ONLINE;0;0
2026-08-11 11:19:25;Forte 1;ONLINE;0;0
2026-08-11 12:19:30;Cepheus-1-108Q;ONLINE;16;0
2026-08-11 12:19:30;Garnet;ONLINE;0;0
2026-08-11 12:19:30;Forte 1;ONLINE;0;0
2026-08-11 13:19:35;Cepheus-1-108Q;ONLINE;19;0
2026-08-11 13:19:35;Garnet;ONLINE;0;0
2026-08-11 13:19:35;Forte 1;ONLINE;0;0
2026-08-11 14:19:40;Cepheus-1-108Q;ONLINE;20;0
2026-08-11 14:19:40;Garnet;ONLINE;0;0
2026-08-11 14:19:40;Forte 1;ONLINE;0;0
2026-08-11 15:19:45;Cepheus-1-108Q;ONLINE;3;0
2026-08-11 15:19:45;Garnet;ONLINE;0;0
2026-08-11 15:19:45;Forte 1;ONLINE;0;0
2026-08-11 16:19:50;Cepheus-1-108Q;ONLINE;1;0
2026-08-11 16:19:50;Garnet;ONLINE;9;0
2026-08-11 16:19:50;Forte 1;ONLINE;0;0
2026-08-11 17:19:54;Cepheus-1-108Q;ONLINE;1;0
2026-08-11 17:19:54;Garnet;ONLINE;0;0
2026-08-11 17:19:54;Forte 1;ONLINE;0;0
2026-08-11 18:20:00;Cepheus-1-108Q;ONLINE;3;0
2026-08-11 18:20:00;Garnet;ONLINE;0;0
2026-08-11 18:20:00;Forte 1;ONLINE;0;0
2026-08-11 19:20:05;Cepheus-1-108Q;ONLINE;1;0
2026-08-11 19:20:05;Garnet;ONLINE;0;0
2026-08-11 19:20:05;Forte 1;ONLINE;0;0
2026-08-11 20:20:10;Cepheus-1-108Q;ONLINE;2;0
2026-08-11 20:20:10;Garnet;ONLINE;0;0
2026-08-11 20:20:10;Forte 1;ONLINE;1;0
2026-08-11 21:20:15;Cepheus-1-108Q;ONLINE;1;0
2026-08-11 21:20:15;Garnet;ONLINE;0;0
2026-08-11 21:20:15;Forte 1;ONLINE;2;0
2026-08-11 22:20:20;Cepheus-1-108Q;ONLINE;150;0
2026-08-11 22:20:20;Garnet;ONLINE;0;0
2026-08-11 22:20:20;Forte 1;ONLINE;0;0
2026-08-11 23:20:25;Cepheus-1-108Q;ONLINE;1;0
2026-08-11 23:20:25;Garnet;ONLINE;0;0
2026-08-11 23:20:25;Forte 1;ONLINE;0;0
2026-08-12 00:20:30;Cepheus-1-108Q;ONLINE;30;0
2026-08-12 00:20:30;Garnet;ONLINE;0;0
2026-08-12 00:20:30;Forte 1;ONLINE;0;0
2026-08-12 01:20:35;Cepheus-1-108Q;ONLINE;0;0
2026-08-12 01:20:35;Garnet;ONLINE;0;0
2026-08-12 01:20:35;Forte 1;ONLINE;0;0
2026-08-12 02:20:40;Cepheus-1-108Q;ONLINE;39;0
2026-08-12 02:20:40;Garnet;ONLINE;220;0
2026-08-12 02:20:40;Forte 1;ONLINE;0;0
2026-08-12 03:20:44;Cepheus-1-108Q;ONLINE;211;0
2026-08-12 03:20:44;Garnet;ONLINE;437;0
2026-08-12 03:20:44;Forte 1;ONLINE;0;0
2026-08-12 04:20:50;Cepheus-1-108Q;ONLINE;15;0
2026-08-12 04:20:50;Garnet;ONLINE;0;0
2026-08-12 04:20:50;Forte 1;ONLINE;0;0
2026-08-12 05:20:55;Cepheus-1-108Q;ONLINE;20;0
2026-08-12 05:20:55;Garnet;ONLINE;0;0
2026-08-12 05:20:55;Forte 1;ONLINE;0;0
2026-08-12 06:20:59;Cepheus-1-108Q;ONLINE;2047;0 (1 prioritized hybrid job running)
2026-08-12 06:20:59;Garnet;ONLINE;0;0
2026-08-12 06:20:59;Forte 1;ONLINE;0;0
2026-08-12 07:21:04;Cepheus-1-108Q;ONLINE;1726;0
2026-08-12 07:21:04;Garnet;ONLINE;0;0
2026-08-12 07:21:04;Forte 1;ONLINE;0;0
2026-08-12 08:21:09;Cepheus-1-108Q;ONLINE;2101;0
2026-08-12 08:21:09;Garnet;ONLINE;0;0
2026-08-12 08:21:09;Forte 1;ONLINE;0;0
2026-08-12 09:21:14;Cepheus-1-108Q;ONLINE;0;0
2026-08-12 09:21:14;Garnet;ONLINE;0;0
2026-08-12 09:21:14;Forte 1;ONLINE;1;0
2026-08-12 10:21:19;Cepheus-1-108Q;ONLINE;68;0
2026-08-12 10:21:19;Garnet;ONLINE;0;0
2026-08-12 10:21:19;Forte 1;ONLINE;2;0
2026-08-12 11:21:24;Cepheus-1-108Q;ONLINE;0;0
2026-08-12 11:21:24;Garnet;ONLINE;0;0
2026-08-12 11:21:24;Forte 1;ONLINE;4;0
2026-08-12 12:21:30;Cepheus-1-108Q;ONLINE;62;0
2026-08-12 12:21:30;Garnet;ONLINE;1;0
2026-08-12 12:21:30;Forte 1;ONLINE;0;0
2026-08-12 13:21:35;Cepheus-1-108Q;ONLINE;0;0
2026-08-12 13:21:35;Garnet;ONLINE;0;0
2026-08-12 13:21:35;Forte 1;ONLINE;0;0
2026-08-12 14:21:39;Cepheus-1-108Q;ONLINE;172;0
2026-08-12 14:21:39;Garnet;ONLINE;8;0
2026-08-12 14:21:39;Forte 1;ONLINE;0;0
2026-08-12 15:21:44;Cepheus-1-108Q;ONLINE;117;0
2026-08-12 15:21:44;Garnet;ONLINE;2;0
2026-08-12 15:21:44;Forte 1;ONLINE;0;0
2026-08-12 16:21:49;Cepheus-1-108Q;ONLINE;205;0
2026-08-12 16:21:49;Garnet;ONLINE;251;0
2026-08-12 16:21:49;Forte 1;ONLINE;0;0
2026-08-12 17:21:54;Cepheus-1-108Q;ONLINE;0;0
2026-08-12 17:21:54;Garnet;ONLINE;0;0
2026-08-12 17:21:54;Forte 1;ONLINE;0;0
2026-08-12 18:21:59;Cepheus-1-108Q;ONLINE;0;0
2026-08-12 18:21:59;Garnet;ONLINE;0;0
2026-08-12 18:21:59;Forte 1;ONLINE;0;0
2026-08-12 19:22:05;Cepheus-1-108Q;ONLINE;244;0
2026-08-12 19:22:05;Garnet;ONLINE;0;0
2026-08-12 19:22:05;Forte 1;ONLINE;0;0
2026-08-12 20:22:10;Cepheus-1-108Q;ONLINE;779;0
2026-08-12 20:22:10;Garnet;ONLINE;0;0
2026-08-12 20:22:10;Forte 1;ONLINE;0;0
2026-08-12 21:22:15;Cepheus-1-108Q;ONLINE;36;0
2026-08-12 21:22:15;Garnet;ONLINE;0;0
2026-08-12 21:22:15;Forte 1;ONLINE;0;0
2026-08-12 22:22:20;Cepheus-1-108Q;ONLINE;0;0
2026-08-12 22:22:20;Garnet;ONLINE;0;0
2026-08-12 22:22:20;Forte 1;ONLINE;1;0
2026-08-12 23:22:24;Cepheus-1-108Q;ONLINE;85;0
2026-08-12 23:22:24;Garnet;ONLINE;0;0
2026-08-12 23:22:24;Forte 1;ONLINE;1;0
2026-08-13 00:22:30;Cepheus-1-108Q;ONLINE;221;0
2026-08-13 00:22:30;Garnet;ONLINE;0;0
2026-08-13 00:22:30;Forte 1;ONLINE;1;0
2026-08-13 01:22:35;Cepheus-1-108Q;ONLINE;18;0
2026-08-13 01:22:35;Garnet;ONLINE;0;0
2026-08-13 01:22:35;Forte 1;ONLINE;1;0
2026-08-13 02:22:40;Cepheus-1-108Q;ONLINE;189;0
2026-08-13 02:22:40;Garnet;ONLINE;253;0
2026-08-13 02:22:40;Forte 1;ONLINE;0;0
2026-08-13 03:22:45;Cepheus-1-108Q;ONLINE;346;0
2026-08-13 03:22:45;Garnet;ONLINE;0;0
2026-08-13 03:22:45;Forte 1;ONLINE;0;0
2026-08-13 04:22:50;Cepheus-1-108Q;ONLINE;0;0
2026-08-13 04:22:50;Garnet;ONLINE;0;0
2026-08-13 04:22:50;Forte 1;ONLINE;0;0
2026-08-13 05:22:55;Cepheus-1-108Q;ONLINE;0;0
2026-08-13 05:22:55;Garnet;ONLINE;0;0
2026-08-13 05:22:55;Forte 1;ONLINE;1;0
2026-08-13 06:22:59;Cepheus-1-108Q;ONLINE;0;0
2026-08-13 06:22:59;Garnet;ONLINE;0;0
2026-08-13 06:22:59;Forte 1;ONLINE;0;0
2026-08-13 07:23:05;Cepheus-1-108Q;ONLINE;225;0
2026-08-13 07:23:05;Garnet;ONLINE;0;0
2026-08-13 07:23:05;Forte 1;ONLINE;0;0
2026-08-13 08:23:09;Cepheus-1-108Q;ONLINE;758;0
2026-08-13 08:23:09;Garnet;ONLINE;0;0
2026-08-13 08:23:09;Forte 1;ONLINE;1;0
2026-08-13 09:23:14;Cepheus-1-108Q;ONLINE;0;0
2026-08-13 09:23:14;Garnet;ONLINE;0;0
2026-08-13 09:23:14;Forte 1;ONLINE;0;0
2026-08-13 10:23:19;Cepheus-1-108Q;ONLINE;0;0
2026-08-13 10:23:19;Garnet;ONLINE;0;0
2026-08-13 10:23:19;Forte 1;ONLINE;0;0
2026-08-13 11:23:24;Cepheus-1-108Q;ONLINE;0;0
2026-08-13 11:23:24;Garnet;ONLINE;0;0
2026-08-13 11:23:24;Forte 1;ONLINE;0;0
2026-08-13 12:23:29;Cepheus-1-108Q;ONLINE;203;0
2026-08-13 12:23:29;Garnet;ONLINE;0;0
2026-08-13 12:23:29;Forte 1;ONLINE;0;0
2026-08-13 13:23:34;Cepheus-1-108Q;ONLINE;0;0
2026-08-13 13:23:34;Garnet;ONLINE;0;0
2026-08-13 13:23:34;Forte 1;ONLINE;0;0
2026-08-13 14:23:39;Cepheus-1-108Q;ONLINE;240;0
2026-08-13 14:23:39;Garnet;ONLINE;0;0
2026-08-13 14:23:39;Forte 1;ONLINE;1;0
2026-08-13 15:23:44;Cepheus-1-108Q;ONLINE;264;0
2026-08-13 15:23:44;Garnet;ONLINE;0;0
2026-08-13 15:23:44;Forte 1;ONLINE;0;0
2026-08-13 16:23:49;Cepheus-1-108Q;ONLINE;81;0
2026-08-13 16:23:49;Garnet;ONLINE;186;0
2026-08-13 16:23:49;Forte 1;ONLINE;1;0
2026-08-13 17:23:54;Cepheus-1-108Q;ONLINE;0;0
2026-08-13 17:23:54;Garnet;ONLINE;0;0
2026-08-13 17:23:54;Forte 1;ONLINE;1;0
2026-08-13 18:23:59;Cepheus-1-108Q;ONLINE;49;0
2026-08-13 18:23:59;Garnet;ONLINE;0;0
2026-08-13 18:23:59;Forte 1;ONLINE;1;0
2026-08-13 19:24:04;Cepheus-1-108Q;ONLINE;272;0
2026-08-13 19:24:04;Garnet;ONLINE;0;0
2026-08-13 19:24:04;Forte 1;ONLINE;4;0
2026-08-13 20:24:09;Cepheus-1-108Q;ONLINE;793;0
2026-08-13 20:24:09;Garnet;ONLINE;0;0
2026-08-13 20:24:09;Forte 1;ONLINE;6;0
2026-08-13 21:24:15;Cepheus-1-108Q;ONLINE;1326;0
2026-08-13 21:24:15;Garnet;ONLINE;0;0
2026-08-13 21:24:15;Forte 1;ONLINE;5;0
2026-08-13 22:24:20;Cepheus-1-108Q;ONLINE;0;0
2026-08-13 22:24:20;Garnet;ONLINE;0;0
2026-08-13 22:24:20;Forte 1;ONLINE;7;0
2026-08-13 23:24:25;Cepheus-1-108Q;ONLINE;0;0
2026-08-13 23:24:25;Garnet;ONLINE;0;0
2026-08-13 23:24:25;Forte 1;ONLINE;9;0
2026-08-14 00:24:30;Cepheus-1-108Q;ONLINE;0;0
2026-08-14 00:24:30;Garnet;ONLINE;0;0
2026-08-14 00:24:30;Forte 1;ONLINE;1;0
2026-08-14 01:24:35;Cepheus-1-108Q;ONLINE;0;0
2026-08-14 01:24:35;Garnet;ONLINE;0;0
2026-08-14 01:24:35;Forte 1;ONLINE;1;0
2026-08-14 02:24:40;Cepheus-1-108Q;ONLINE;185;0
2026-08-14 02:24:40;Garnet;ONLINE;239;0
2026-08-14 02:24:40;Forte 1;ONLINE;11;0
2026-08-14 03:24:45;Cepheus-1-108Q;ONLINE;353;0
2026-08-14 03:24:45;Garnet;ONLINE;0;0
2026-08-14 03:24:45;Forte 1;ONLINE;10;0
2026-08-14 04:24:50;Cepheus-1-108Q;ONLINE;0;0
2026-08-14 04:24:50;Garnet;ONLINE;0;0
2026-08-14 04:24:50;Forte 1;ONLINE;7;0
2026-08-14 05:24:55;Cepheus-1-108Q;ONLINE;0;0
2026-08-14 05:24:55;Garnet;ONLINE;0;0
2026-08-14 05:24:55;Forte 1;ONLINE;9;0
2026-08-14 06:25:00;Cepheus-1-108Q;ONLINE;1;0
2026-08-14 06:25:00;Garnet;ONLINE;0;0
2026-08-14 06:25:00;Forte 1;ONLINE;23;0
2026-08-14 07:25:05;Cepheus-1-108Q;ONLINE;195;0
2026-08-14 07:25:05;Garnet;ONLINE;0;0
2026-08-14 07:25:05;Forte 1;ONLINE;8;0
2026-08-14 08:25:10;Cepheus-1-108Q;ONLINE;713;0
2026-08-14 08:25:10;Garnet;ONLINE;0;0
2026-08-14 08:25:10;Forte 1;ONLINE;0;0
2026-08-14 09:25:15;Cepheus-1-108Q;ONLINE;473;0
2026-08-14 09:25:15;Garnet;ONLINE;0;0
2026-08-14 09:25:15;Forte 1;ONLINE;0;0
2026-08-14 10:25:20;Cepheus-1-108Q;ONLINE;989;0
2026-08-14 10:25:20;Garnet;ONLINE;0;0
2026-08-14 10:25:20;Forte 1;ONLINE;0;0
2026-08-14 11:25:25;Cepheus-1-108Q;ONLINE;191;0
2026-08-14 11:25:25;Garnet;ONLINE;0;0
2026-08-14 11:25:25;Forte 1;ONLINE;0;0
2026-08-14 12:25:30;Cepheus-1-108Q;ONLINE;22;0
2026-08-14 12:25:30;Garnet;ONLINE;0;0
2026-08-14 12:25:30;Forte 1;ONLINE;0;0
2026-08-14 13:25:35;Cepheus-1-108Q;ONLINE;573;0
2026-08-14 13:25:35;Garnet;ONLINE;0;0
2026-08-14 13:25:35;Forte 1;ONLINE;0;0
2026-08-14 14:25:40;Cepheus-1-108Q;ONLINE;36;0
2026-08-14 14:25:40;Garnet;ONLINE;0;0
2026-08-14 14:25:40;Forte 1;ONLINE;0;0
2026-08-14 15:25:45;Cepheus-1-108Q;ONLINE;273;0
2026-08-14 15:25:45;Garnet;ONLINE;0;0
2026-08-14 15:25:45;Forte 1;ONLINE;0;0
2026-08-14 16:25:50;Cepheus-1-108Q;ONLINE;0;0
2026-08-14 16:25:50;Garnet;ONLINE;228;0
2026-08-14 16:25:50;Forte 1;ONLINE;0;0
2026-08-14 17:25:55;Cepheus-1-108Q;ONLINE;148;0
2026-08-14 17:25:55;Garnet;ONLINE;0;0
2026-08-14 17:25:55;Forte 1;ONLINE;0;0
2026-08-14 18:26:00;Cepheus-1-108Q;ONLINE;1;0
2026-08-14 18:26:00;Garnet;ONLINE;15;0
2026-08-14 18:26:00;Forte 1;ONLINE;2;0
2026-08-14 19:26:05;Cepheus-1-108Q;ONLINE;240;0
2026-08-14 19:26:05;Garnet;ONLINE;3;0
2026-08-14 19:26:05;Forte 1;ONLINE;4;0
2026-08-14 20:26:11;Cepheus-1-108Q;ONLINE;745;0
2026-08-14 20:26:11;Garnet;ONLINE;1;0
2026-08-14 20:26:11;Forte 1;ONLINE;4;0
2026-08-14 21:26:16;Cepheus-1-108Q;ONLINE;3;0
2026-08-14 21:26:16;Garnet;ONLINE;17;0
2026-08-14 21:26:16;Forte 1;ONLINE;0;0
2026-08-14 22:26:21;Cepheus-1-108Q;ONLINE;157;0
2026-08-14 22:26:21;Garnet;ONLINE;3;0
2026-08-14 22:26:21;Forte 1;ONLINE;1;0
2026-08-14 23:26:27;Cepheus-1-108Q;ONLINE;140;0
2026-08-14 23:26:27;Garnet;ONLINE;1;0
2026-08-14 23:26:27;Forte 1;ONLINE;0;0
2026-08-15 00:26:32;Cepheus-1-108Q;ONLINE;0;0
2026-08-15 00:26:32;Garnet;ONLINE;124;0
2026-08-15 00:26:32;Forte 1;ONLINE;0;0
2026-08-15 01:26:37;Cepheus-1-108Q;ONLINE;1;0
2026-08-15 01:26:37;Garnet;ONLINE;368;0
2026-08-15 01:26:37;Forte 1;ONLINE;0;0
2026-08-15 02:26:42;Cepheus-1-108Q;ONLINE;209;0
2026-08-15 02:26:42;Garnet;ONLINE;627;0
2026-08-15 02:26:42;Forte 1;ONLINE;1;0
2026-08-15 03:26:47;Cepheus-1-108Q;ONLINE;311;0
2026-08-15 03:26:47;Garnet;ONLINE;870;0
2026-08-15 03:26:47;Forte 1;ONLINE;0;0
2026-08-15 04:26:52;Cepheus-1-108Q;ONLINE;2;0
2026-08-15 04:26:52;Garnet;ONLINE;1093;0
2026-08-15 04:26:52;Forte 1;ONLINE;0;0
2026-08-15 05:26:57;Cepheus-1-108Q;ONLINE;4;0
2026-08-15 05:26:57;Garnet;ONLINE;1117;0
2026-08-15 05:26:57;Forte 1;ONLINE;0;0
2026-08-15 06:27:02;Cepheus-1-108Q;ONLINE;1;0
2026-08-15 06:27:02;Garnet;ONLINE;1142;0
2026-08-15 06:27:02;Forte 1;ONLINE;0;0
2026-08-15 07:27:07;Cepheus-1-108Q;ONLINE;25;0
2026-08-15 07:27:07;Garnet;ONLINE;1169;0
2026-08-15 07:27:07;Forte 1;ONLINE;0;0
2026-08-15 08:27:12;Cepheus-1-108Q;ONLINE;67;0
2026-08-15 08:27:12;Garnet;ONLINE;1192;0
2026-08-15 08:27:12;Forte 1;ONLINE;0;0
2026-08-15 09:27:18;Cepheus-1-108Q;ONLINE;0;0
2026-08-15 09:27:18;Garnet;ONLINE;1218;0
2026-08-15 09:27:18;Forte 1;ONLINE;0;0
2026-08-15 10:27:23;Cepheus-1-108Q;ONLINE;0;0
2026-08-15 10:27:23;Garnet;ONLINE;1246;0
2026-08-15 10:27:23;Forte 1;ONLINE;0;0
2026-08-15 11:27:28;Cepheus-1-108Q;ONLINE;0;0
2026-08-15 11:27:28;Garnet;ONLINE;1271;0
2026-08-15 11:27:28;Forte 1;ONLINE;0;0
2026-08-15 12:27:33;Cepheus-1-108Q;ONLINE;0;0
2026-08-15 12:27:33;Garnet;ONLINE;1290;0
2026-08-15 12:27:33;Forte 1;ONLINE;0;0
2026-08-15 13:27:38;Cepheus-1-108Q;ONLINE;0;0
2026-08-15 13:27:38;Garnet;ONLINE;1315;0
2026-08-15 13:27:38;Forte 1;ONLINE;0;0
2026-08-15 14:27:43;Cepheus-1-108Q;ONLINE;19;0
2026-08-15 14:27:43;Garnet;ONLINE;1346;0
2026-08-15 14:27:43;Forte 1;ONLINE;0;0
2026-08-15 15:27:48;Cepheus-1-108Q;ONLINE;49;0
2026-08-15 15:27:48;Garnet;ONLINE;1402;0
2026-08-15 15:27:48;Forte 1;ONLINE;0;0
2026-08-15 16:27:53;Cepheus-1-108Q;ONLINE;0;0
2026-08-15 16:27:53;Garnet;ONLINE;1463;0
2026-08-15 16:27:53;Forte 1;ONLINE;0;0
2026-08-15 17:27:58;Cepheus-1-108Q;ONLINE;0;0
2026-08-15 17:27:58;Garnet;ONLINE;1561;0
2026-08-15 17:27:58;Forte 1;ONLINE;0;0
2026-08-15 18:28:03;Cepheus-1-108Q;ONLINE;0;0
2026-08-15 18:28:03;Garnet;ONLINE;1672;0
2026-08-15 18:28:03;Forte 1;ONLINE;1;0
2026-08-15 19:28:08;Cepheus-1-108Q;ONLINE;92;0
2026-08-15 19:28:08;Garnet;ONLINE;1772;0
2026-08-15 19:28:08;Forte 1;ONLINE;0;0
2026-08-15 20:28:14;Cepheus-1-108Q;ONLINE;244;0
2026-08-15 20:28:14;Garnet;ONLINE;1849;0
2026-08-15 20:28:14;Forte 1;ONLINE;0;0
2026-08-15 21:28:18;Cepheus-1-108Q;ONLINE;0;0
2026-08-15 21:28:18;Garnet;ONLINE;1947;0
2026-08-15 21:28:18;Forte 1;ONLINE;0;0
2026-08-15 22:28:24;Cepheus-1-108Q;ONLINE;0;0
2026-08-15 22:28:24;Garnet;ONLINE;2016;0
2026-08-15 22:28:24;Forte 1;ONLINE;0;0
2026-08-15 23:28:29;Cepheus-1-108Q;ONLINE;0;0
2026-08-15 23:28:29;Garnet;ONLINE;2113;0
2026-08-15 23:28:29;Forte 1;ONLINE;0;0
2026-08-16 00:28:33;Cepheus-1-108Q;ONLINE;0;0
2026-08-16 00:28:33;Garnet;ONLINE;2154;0
2026-08-16 00:28:33;Forte 1;ONLINE;0;0
2026-08-16 01:28:39;Cepheus-1-108Q;ONLINE;0;0
2026-08-16 01:28:39;Garnet;ONLINE;2207;0
2026-08-16 01:28:39;Forte 1;ONLINE;0;0
2026-08-16 02:28:44;Cepheus-1-108Q;ONLINE;59;0
2026-08-16 02:28:44;Garnet;ONLINE;2266;0
2026-08-16 02:28:44;Forte 1;ONLINE;0;0
2026-08-16 03:28:49;Cepheus-1-108Q;ONLINE;129;0
2026-08-16 03:28:49;Garnet;ONLINE;2343;0
2026-08-16 03:28:49;Forte 1;ONLINE;0;0
2026-08-16 04:28:54;Cepheus-1-108Q;ONLINE;0;0
2026-08-16 04:28:54;Garnet;ONLINE;2436;0
2026-08-16 04:28:54;Forte 1;ONLINE;0;0
2026-08-16 05:28:58;Cepheus-1-108Q;ONLINE;0;0
2026-08-16 05:28:58;Garnet;ONLINE;2500;0
2026-08-16 05:28:58;Forte 1;ONLINE;0;0
2026-08-16 06:29:03;Cepheus-1-108Q;ONLINE;0;0
2026-08-16 06:29:03;Garnet;ONLINE;2583;0
2026-08-16 06:29:03;Forte 1;ONLINE;0;0
2026-08-16 07:29:08;Cepheus-1-108Q;ONLINE;83;0
2026-08-16 07:29:08;Garnet;ONLINE;2692;0
2026-08-16 07:29:08;Forte 1;ONLINE;0;0
2026-08-16 08:29:14;Cepheus-1-108Q;ONLINE;342;0
2026-08-16 08:29:14;Garnet;ONLINE;2823;0
2026-08-16 08:29:14;Forte 1;ONLINE;0;0
2026-08-16 09:29:18;Cepheus-1-108Q;ONLINE;0;0
2026-08-16 09:29:18;Garnet;ONLINE;2915;0
2026-08-16 09:29:18;Forte 1;ONLINE;0;0
2026-08-16 10:29:24;Cepheus-1-108Q;ONLINE;0;0
2026-08-16 10:29:24;Garnet;ONLINE;3093;0
2026-08-16 10:29:24;Forte 1;ONLINE;0;0
2026-08-16 11:29:29;Cepheus-1-108Q;ONLINE;0;0
2026-08-16 11:29:29;Garnet;ONLINE;3269;0
2026-08-16 11:29:29;Forte 1;ONLINE;0;0
2026-08-16 12:29:34;Cepheus-1-108Q;ONLINE;0;0
2026-08-16 12:29:34;Garnet;ONLINE;3297;0
2026-08-16 12:29:34;Forte 1;ONLINE;0;0
2026-08-16 13:29:39;Cepheus-1-108Q;ONLINE;1;0
2026-08-16 13:29:39;Garnet;ONLINE;3389;0
2026-08-16 13:29:39;Forte 1;ONLINE;0;0
2026-08-16 14:29:44;Cepheus-1-108Q;ONLINE;3;0
2026-08-16 14:29:44;Garnet;ONLINE;3461;0
2026-08-16 14:29:44;Forte 1;ONLINE;0;0
2026-08-16 15:29:49;Cepheus-1-108Q;ONLINE;15;0
2026-08-16 15:29:49;Garnet;ONLINE;3522;0
2026-08-16 15:29:49;Forte 1;ONLINE;0;0
2026-08-16 16:29:54;Cepheus-1-108Q;ONLINE;0;0
2026-08-16 16:29:54;Garnet;ONLINE;3609;0
2026-08-16 16:29:54;Forte 1;ONLINE;0;0
2026-08-16 17:29:59;Cepheus-1-108Q;ONLINE;0;0
2026-08-16 17:29:59;Garnet;ONLINE;3705;0
2026-08-16 17:29:59;Forte 1;ONLINE;0;0
2026-08-16 18:30:03;Cepheus-1-108Q;ONLINE;0;0
2026-08-16 18:30:03;Garnet;ONLINE;3769;0
2026-08-16 18:30:03;Forte 1;ONLINE;1;0
2026-08-16 19:30:09;Cepheus-1-108Q;ONLINE;93;0
2026-08-16 19:30:09;Garnet;ONLINE;3871;0
2026-08-16 19:30:09;Forte 1;ONLINE;1;0
2026-08-16 20:30:14;Cepheus-1-108Q;ONLINE;240;0
2026-08-16 20:30:14;Garnet;ONLINE;3943;0
2026-08-16 20:30:14;Forte 1;ONLINE;1;0
2026-08-16 21:30:19;Cepheus-1-108Q;ONLINE;0;0
2026-08-16 21:30:19;Garnet;ONLINE;>4000;0
2026-08-16 21:30:19;Forte 1;ONLINE;2;0
2026-08-16 22:30:23;Cepheus-1-108Q;ONLINE;0;0
2026-08-16 22:30:23;Garnet;ONLINE;>4000;0
2026-08-16 22:30:23;Forte 1;ONLINE;0;0
2026-08-16 23:30:29;Cepheus-1-108Q;ONLINE;0;0
2026-08-16 23:30:29;Garnet;ONLINE;>4000;0
2026-08-16 23:30:29;Forte 1;ONLINE;0;0
2026-08-17 00:30:34;Cepheus-1-108Q;ONLINE;0;0
2026-08-17 00:30:34;Garnet;ONLINE;0;0
2026-08-17 00:30:34;Forte 1;ONLINE;0;0
2026-08-17 01:30:39;Cepheus-1-108Q;ONLINE;0;0
2026-08-17 01:30:39;Garnet;ONLINE;0;0
2026-08-17 01:30:39;Forte 1;ONLINE;1;0
2026-08-17 02:30:44;Cepheus-1-108Q;ONLINE;0;0
2026-08-17 02:30:44;Garnet;ONLINE;118;0
2026-08-17 02:30:44;Forte 1;ONLINE;0;0
2026-08-17 03:30:49;Cepheus-1-108Q;ONLINE;10;0
2026-08-17 03:30:49;Garnet;ONLINE;0;0
2026-08-17 03:30:49;Forte 1;ONLINE;0;0
2026-08-17 04:30:54;Cepheus-1-108Q;ONLINE;0;0
2026-08-17 04:30:54;Garnet;ONLINE;0;0
2026-08-17 04:30:54;Forte 1;ONLINE;0;0
2026-08-17 05:30:59;Cepheus-1-108Q;ONLINE;0;0
2026-08-17 05:30:59;Garnet;ONLINE;0;0
2026-08-17 05:30:59;Forte 1;ONLINE;0;0
2026-08-17 06:31:03;Cepheus-1-108Q;ONLINE;0;0
2026-08-17 06:31:03;Garnet;ONLINE;0;0
2026-08-17 06:31:03;Forte 1;ONLINE;0;0
2026-08-17 07:31:08;Cepheus-1-108Q;ONLINE;48;0
2026-08-17 07:31:08;Garnet;ONLINE;0;0
2026-08-17 07:31:08;Forte 1;ONLINE;0;0
2026-08-17 08:31:13;Cepheus-1-108Q;ONLINE;164;0
2026-08-17 08:31:13;Garnet;ONLINE;0;0
2026-08-17 08:31:13;Forte 1;ONLINE;3;0
2026-08-17 09:31:19;Cepheus-1-108Q;ONLINE;14;0
2026-08-17 09:31:19;Garnet;ONLINE;0;0
2026-08-17 09:31:19;Forte 1;ONLINE;1;0
2026-08-17 10:31:24;Cepheus-1-108Q;ONLINE;0;0
2026-08-17 10:31:24;Garnet;ONLINE;0;0
2026-08-17 10:31:24;Forte 1;ONLINE;1;0
2026-08-17 11:31:29;Cepheus-1-108Q;ONLINE;0;0
2026-08-17 11:31:29;Garnet;ONLINE;0;0
2026-08-17 11:31:29;Forte 1;ONLINE;1;0
2026-08-17 12:31:34;Cepheus-1-108Q;ONLINE;0;0
2026-08-17 12:31:34;Garnet;ONLINE;0;0
2026-08-17 12:31:34;Forte 1;ONLINE;1;0
2026-08-17 13:31:40;Cepheus-1-108Q;ONLINE;0;0
2026-08-17 13:31:40;Garnet;ONLINE;0;0
2026-08-17 13:31:40;Forte 1;ONLINE;0;0
2026-08-17 14:31:45;Cepheus-1-108Q;ONLINE;172;0
2026-08-17 14:31:45;Garnet;ONLINE;0;0
2026-08-17 14:31:45;Forte 1;ONLINE;0;0
2026-08-17 15:31:50;Cepheus-1-108Q;ONLINE;61;0
2026-08-17 15:31:50;Garnet;ONLINE;6;0
2026-08-17 15:31:50;Forte 1;ONLINE;2;0
2026-08-17 16:31:55;Cepheus-1-108Q;ONLINE;0;0
2026-08-17 16:31:55;Garnet;ONLINE;66;0
2026-08-17 16:31:55;Forte 1;ONLINE;3;0
2026-08-17 17:32:00;Cepheus-1-108Q;ONLINE;0;0
2026-08-17 17:32:00;Garnet;ONLINE;0;0
2026-08-17 17:32:00;Forte 1;ONLINE;2;0
2026-08-17 18:32:05;Cepheus-1-108Q;ONLINE;0;0
2026-08-17 18:32:05;Garnet;ONLINE;0;0
2026-08-17 18:32:05;Forte 1;ONLINE;2;0
2026-08-17 19:32:10;Cepheus-1-108Q;ONLINE;4;0
2026-08-17 19:32:10;Garnet;ONLINE;0;0
2026-08-17 19:32:10;Forte 1;ONLINE;1;0
2026-08-17 20:32:15;Cepheus-1-108Q;ONLINE;4;0
2026-08-17 20:32:15;Garnet;ONLINE;0;0
2026-08-17 20:32:15;Forte 1;ONLINE;0;0
2026-08-17 21:32:20;Cepheus-1-108Q;ONLINE;0;0
2026-08-17 21:32:20;Garnet;ONLINE;0;0
2026-08-17 21:32:20;Forte 1;ONLINE;0;0
2026-08-17 22:32:25;Cepheus-1-108Q;ONLINE;0;0
2026-08-17 22:32:25;Garnet;ONLINE;0;0
2026-08-17 22:32:25;Forte 1;ONLINE;0;0
2026-08-17 23:32:30;Cepheus-1-108Q;ONLINE;0;0
2026-08-17 23:32:30;Garnet;ONLINE;0;0
2026-08-17 23:32:30;Forte 1;ONLINE;0;0
2026-08-18 00:32:36;Cepheus-1-108Q;ONLINE;6;0
2026-08-18 00:32:36;Garnet;ONLINE;0;0
2026-08-18 00:32:36;Forte 1;ONLINE;0;0
2026-08-18 01:32:40;Cepheus-1-108Q;ONLINE;0;0
2026-08-18 01:32:40;Garnet;ONLINE;0;0
2026-08-18 01:32:40;Forte 1;ONLINE;0;0
2026-08-18 02:32:45;Cepheus-1-108Q;ONLINE;9;0
2026-08-18 02:32:45;Garnet;ONLINE;17;0
2026-08-18 02:32:45;Forte 1;ONLINE;0;0
2026-08-18 03:32:50;Cepheus-1-108Q;ONLINE;44;0
2026-08-18 03:32:50;Garnet;ONLINE;0;0
2026-08-18 03:32:50;Forte 1;ONLINE;18;0
2026-08-18 04:32:55;Cepheus-1-108Q;ONLINE;0;0
2026-08-18 04:32:55;Garnet;ONLINE;0;0
2026-08-18 04:32:55;Forte 1;ONLINE;5;0
2026-08-18 05:33:00;Cepheus-1-108Q;ONLINE;0;0
2026-08-18 05:33:00;Garnet;ONLINE;0;0
2026-08-18 05:33:00;Forte 1;ONLINE;1;0
2026-08-18 06:33:05;Cepheus-1-108Q;ONLINE;0;0
2026-08-18 06:33:05;Garnet;ONLINE;0;0
2026-08-18 06:33:05;Forte 1;ONLINE;9;0
2026-08-18 07:33:10;Cepheus-1-108Q;ONLINE;158;0
2026-08-18 07:33:10;Garnet;ONLINE;8;0
2026-08-18 07:33:10;Forte 1;ONLINE;43;0
2026-08-18 08:33:15;Cepheus-1-108Q;ONLINE;436;0
2026-08-18 08:33:15;Garnet;ONLINE;0;0
2026-08-18 08:33:15;Forte 1;ONLINE;39;0
2026-08-18 09:33:20;Cepheus-1-108Q;ONLINE;0;0
2026-08-18 09:33:20;Garnet;ONLINE;0;0
2026-08-18 09:33:20;Forte 1;ONLINE;35;0
2026-08-18 10:33:25;Cepheus-1-108Q;ONLINE;0;0
2026-08-18 10:33:25;Garnet;ONLINE;0;0
2026-08-18 10:33:25;Forte 1;ONLINE;35;0
2026-08-18 11:33:30;Cepheus-1-108Q;ONLINE;0;0
2026-08-18 11:33:30;Garnet;ONLINE;0;0
2026-08-18 11:33:30;Forte 1;ONLINE;35;0
2026-08-18 12:33:35;Cepheus-1-108Q;ONLINE;0;0
2026-08-18 12:33:35;Garnet;ONLINE;0;0
2026-08-18 12:33:35;Forte 1;ONLINE;34;0
2026-08-18 13:33:40;Cepheus-1-108Q;ONLINE;0;0
2026-08-18 13:33:40;Garnet;ONLINE;0;0
2026-08-18 13:33:40;Forte 1;ONLINE;34;0
2026-08-18 14:33:45;Cepheus-1-108Q;ONLINE;0;0
2026-08-18 14:33:45;Garnet;ONLINE;0;0
2026-08-18 14:33:45;Forte 1;ONLINE;34;0
2026-08-18 15:33:50;Cepheus-1-108Q;ONLINE;1;0
2026-08-18 15:33:50;Garnet;ONLINE;6;0
2026-08-18 15:33:50;Forte 1;ONLINE;34;0
2026-08-18 16:33:56;Cepheus-1-108Q;ONLINE;0;0
2026-08-18 16:33:56;Garnet;ONLINE;10;0
2026-08-18 16:33:56;Forte 1;ONLINE;5;0
2026-08-18 17:34:01;Cepheus-1-108Q;ONLINE;7;0
2026-08-18 17:34:01;Garnet;ONLINE;0;0
2026-08-18 17:34:01;Forte 1;ONLINE;5;0
2026-08-18 18:34:06;Cepheus-1-108Q;ONLINE;0;0
2026-08-18 18:34:06;Garnet;ONLINE;0;0
2026-08-18 18:34:06;Forte 1;ONLINE;5;0
2026-08-18 19:34:12;Cepheus-1-108Q;ONLINE;13;0
2026-08-18 19:34:12;Garnet;ONLINE;0;0
2026-08-18 19:34:12;Forte 1;ONLINE;4;0
2026-08-18 20:34:17;Cepheus-1-108Q;ONLINE;18;0
2026-08-18 20:34:17;Garnet;ONLINE;0;0
2026-08-18 20:34:17;Forte 1;ONLINE;1;0
2026-08-18 21:34:22;Cepheus-1-108Q;ONLINE;31;0
2026-08-18 21:34:22;Garnet;ONLINE;0;0
2026-08-18 21:34:22;Forte 1;ONLINE;1;0
2026-08-18 22:34:26;Cepheus-1-108Q;ONLINE;37;0
2026-08-18 22:34:26;Garnet;ONLINE;0;0
2026-08-18 22:34:26;Forte 1;ONLINE;1;0
2026-08-18 23:34:32;Cepheus-1-108Q;ONLINE;0;0
2026-08-18 23:34:32;Garnet;ONLINE;0;0
2026-08-18 23:34:32;Forte 1;ONLINE;1;0
2026-08-19 00:34:37;Cepheus-1-108Q;ONLINE;0;0
2026-08-19 00:34:37;Garnet;ONLINE;0;0
2026-08-19 00:34:37;Forte 1;ONLINE;5;0
2026-08-19 01:34:42;Cepheus-1-108Q;ONLINE;0;0
2026-08-19 01:34:42;Garnet;ONLINE;0;0
2026-08-19 01:34:42;Forte 1;ONLINE;1;0
2026-08-19 02:34:47;Cepheus-1-108Q;ONLINE;0;0
2026-08-19 02:34:47;Garnet;ONLINE;4;0
2026-08-19 02:34:47;Forte 1;ONLINE;12;0
2026-08-19 03:34:51;Cepheus-1-108Q;ONLINE;13;0
2026-08-19 03:34:51;Garnet;ONLINE;0;0
2026-08-19 03:34:51;Forte 1;ONLINE;0;0
2026-08-19 04:34:57;Cepheus-1-108Q;ONLINE;0;0
2026-08-19 04:34:57;Garnet;ONLINE;0;0
2026-08-19 04:34:57;Forte 1;ONLINE;0;0
2026-08-19 05:35:02;Cepheus-1-108Q;ONLINE;0;0
2026-08-19 05:35:02;Garnet;ONLINE;0;0
2026-08-19 05:35:02;Forte 1;ONLINE;0;0
2026-08-19 06:35:07;Cepheus-1-108Q;ONLINE;0;0
2026-08-19 06:35:07;Garnet;ONLINE;0;0
2026-08-19 06:35:07;Forte 1;ONLINE;0;0
2026-08-19 07:35:12;Cepheus-1-108Q;ONLINE;4;0
2026-08-19 07:35:12;Garnet;ONLINE;0;0
2026-08-19 07:35:12;Forte 1;ONLINE;0;0
2026-08-19 08:35:17;Cepheus-1-108Q;ONLINE;17;0
2026-08-19 08:35:17;Garnet;ONLINE;0;0
2026-08-19 08:35:17;Forte 1;ONLINE;0;0
2026-08-19 09:35:22;Cepheus-1-108Q;ONLINE;0;0
2026-08-19 09:35:22;Garnet;ONLINE;0;0
2026-08-19 09:35:22;Forte 1;ONLINE;0;0
2026-08-19 10:35:27;Cepheus-1-108Q;ONLINE;0;0
2026-08-19 10:35:27;Garnet;ONLINE;0;0
2026-08-19 10:35:27;Forte 1;ONLINE;0;0
2026-08-19 11:35:32;Cepheus-1-108Q;ONLINE;1;0
2026-08-19 11:35:32;Garnet;ONLINE;0;0
2026-08-19 11:35:32;Forte 1;ONLINE;0;0
2026-08-19 12:35:37;Cepheus-1-108Q;ONLINE;0;0
2026-08-19 12:35:37;Garnet;ONLINE;0;0
2026-08-19 12:35:37;Forte 1;ONLINE;0;0
2026-08-19 13:35:42;Cepheus-1-108Q;ONLINE;0;0
2026-08-19 13:35:42;Garnet;ONLINE;0;0
2026-08-19 13:35:42;Forte 1;ONLINE;0;0
2026-08-19 14:35:47;Cepheus-1-108Q;ONLINE;0;0
2026-08-19 14:35:47;Garnet;ONLINE;0;0
2026-08-19 14:35:47;Forte 1;ONLINE;0;0
2026-08-19 15:35:52;Cepheus-1-108Q;ONLINE;15;0
2026-08-19 15:35:52;Garnet;ONLINE;6;0
2026-08-19 15:35:52;Forte 1;ONLINE;1;0
2026-08-19 16:35:58;Cepheus-1-108Q;ONLINE;0;0
2026-08-19 16:35:58;Garnet;ONLINE;10;0
2026-08-19 16:35:58;Forte 1;ONLINE;1;0
2026-08-19 17:36:03;Cepheus-1-108Q;ONLINE;0;0
2026-08-19 17:36:03;Garnet;ONLINE;0;0
2026-08-19 17:36:03;Forte 1;ONLINE;1;0
2026-08-19 18:36:08;Cepheus-1-108Q;ONLINE;0;0
2026-08-19 18:36:08;Garnet;ONLINE;0;0
2026-08-19 18:36:08;Forte 1;ONLINE;1;0
2026-08-19 19:36:13;Cepheus-1-108Q;ONLINE;5;0
2026-08-19 19:36:13;Garnet;ONLINE;0;0
2026-08-19 19:36:13;Forte 1;ONLINE;11;0
2026-08-19 20:36:18;Cepheus-1-108Q;ONLINE;9;0
2026-08-19 20:36:18;Garnet;ONLINE;0;0
2026-08-19 20:36:18;Forte 1;ONLINE;14;0
2026-08-19 21:36:24;Cepheus-1-108Q;ONLINE;0;0
2026-08-19 21:36:24;Garnet;ONLINE;0;0
2026-08-19 21:36:24;Forte 1;ONLINE;16;0
2026-08-19 22:36:29;Cepheus-1-108Q;ONLINE;0;0
2026-08-19 22:36:29;Garnet;ONLINE;0;0
2026-08-19 22:36:29;Forte 1;ONLINE;18;0
2026-08-19 23:36:34;Cepheus-1-108Q;ONLINE;0;0
2026-08-19 23:36:34;Garnet;ONLINE;0;0
2026-08-19 23:36:34;Forte 1;ONLINE;18;0
2026-08-20 00:36:39;Cepheus-1-108Q;ONLINE;0;0
2026-08-20 00:36:39;Garnet;ONLINE;0;0
2026-08-20 00:36:39;Forte 1;ONLINE;18;0
2026-08-20 01:36:45;Cepheus-1-108Q;ONLINE;0;0
2026-08-20 01:36:45;Garnet;ONLINE;0;0
2026-08-20 01:36:45;Forte 1;ONLINE;19;0
2026-08-20 02:36:50;Cepheus-1-108Q;ONLINE;0;0
2026-08-20 02:36:50;Garnet;ONLINE;1;0
2026-08-20 02:36:50;Forte 1;ONLINE;4;0
2026-08-20 03:36:55;Cepheus-1-108Q;ONLINE;2;0
2026-08-20 03:36:55;Garnet;ONLINE;0;0
2026-08-20 03:36:55;Forte 1;ONLINE;0;0
2026-08-20 04:37:00;Cepheus-1-108Q;ONLINE;1;0
2026-08-20 04:37:00;Garnet;ONLINE;0;0
2026-08-20 04:37:00;Forte 1;ONLINE;0;0
2026-08-20 05:37:05;Cepheus-1-108Q;ONLINE;0;0
2026-08-20 05:37:05;Garnet;ONLINE;0;0
2026-08-20 05:37:05;Forte 1;ONLINE;0;0
2026-08-20 06:37:10;Cepheus-1-108Q;ONLINE;0;0
2026-08-20 06:37:10;Garnet;ONLINE;0;0
2026-08-20 06:37:10;Forte 1;ONLINE;0;0
2026-08-20 07:37:15;Cepheus-1-108Q;ONLINE;0;0
2026-08-20 07:37:15;Garnet;ONLINE;0;0
2026-08-20 07:37:15;Forte 1;ONLINE;0;0
2026-08-20 08:37:20;Cepheus-1-108Q;ONLINE;1;0
2026-08-20 08:37:20;Garnet;ONLINE;0;0
2026-08-20 08:37:20;Forte 1;ONLINE;0;0
2026-08-20 09:37:26;Cepheus-1-108Q;ONLINE;3;0
2026-08-20 09:37:26;Garnet;ONLINE;0;0
2026-08-20 09:37:26;Forte 1;ONLINE;0;0
2026-08-20 10:37:31;Cepheus-1-108Q;ONLINE;2;0
2026-08-20 10:37:31;Garnet;ONLINE;0;0
2026-08-20 10:37:31;Forte 1;ONLINE;0;0
2026-08-20 11:37:36;Cepheus-1-108Q;ONLINE;1;0
2026-08-20 11:37:36;Garnet;ONLINE;0;0
2026-08-20 11:37:36;Forte 1;ONLINE;0;0
2026-08-20 12:37:41;Cepheus-1-108Q;ONLINE;2;0
2026-08-20 12:37:41;Garnet;ONLINE;0;0
2026-08-20 12:37:41;Forte 1;ONLINE;0;0
2026-08-20 13:37:46;Cepheus-1-108Q;ONLINE;0;0
2026-08-20 13:37:46;Garnet;ONLINE;0;0
2026-08-20 13:37:46;Forte 1;ONLINE;0;0
2026-08-20 14:37:51;Cepheus-1-108Q;ONLINE;0;0
2026-08-20 14:37:51;Garnet;ONLINE;0;0
2026-08-20 14:37:51;Forte 1;ONLINE;3;0
2026-08-20 15:37:56;Cepheus-1-108Q;ONLINE;1;0
2026-08-20 15:37:56;Garnet;ONLINE;6;0
2026-08-20 15:37:56;Forte 1;ONLINE;4;0
2026-08-20 16:38:02;Cepheus-1-108Q;ONLINE;0;0
2026-08-20 16:38:02;Garnet;ONLINE;6;0
2026-08-20 16:38:02;Forte 1;ONLINE;3;0
2026-08-20 17:38:07;Cepheus-1-108Q;ONLINE;0;0
2026-08-20 17:38:07;Garnet;ONLINE;0;0
2026-08-20 17:38:07;Forte 1;ONLINE;3;0
2026-08-20 18:38:12;Cepheus-1-108Q;ONLINE;0;0
2026-08-20 18:38:12;Garnet;ONLINE;0;0
2026-08-20 18:38:12;Forte 1;ONLINE;3;0
2026-08-20 19:38:17;Cepheus-1-108Q;ONLINE;1;0
2026-08-20 19:38:17;Garnet;ONLINE;0;0
2026-08-20 19:38:17;Forte 1;ONLINE;0;0
2026-08-20 20:38:22;Cepheus-1-108Q;ONLINE;2;0
2026-08-20 20:38:22;Garnet;ONLINE;0;0
2026-08-20 20:38:22;Forte 1;ONLINE;0;0
2026-08-20 21:38:27;Cepheus-1-108Q;ONLINE;0;0
2026-08-20 21:38:27;Garnet;ONLINE;0;0
2026-08-20 21:38:27;Forte 1;ONLINE;0;0
2026-08-20 22:38:32;Cepheus-1-108Q;ONLINE;0;0
2026-08-20 22:38:32;Garnet;ONLINE;0;0
2026-08-20 22:38:32;Forte 1;ONLINE;0;0
2026-08-20 23:38:37;Cepheus-1-108Q;ONLINE;0;0
2026-08-20 23:38:37;Garnet;ONLINE;0;0
2026-08-20 23:38:37;Forte 1;ONLINE;0;0
2026-08-21 00:38:42;Cepheus-1-108Q;ONLINE;0;0
2026-08-21 00:38:42;Garnet;ONLINE;0;0
2026-08-21 00:38:42;Forte 1;ONLINE;0;0
2026-08-21 01:38:47;Cepheus-1-108Q;ONLINE;0;0
2026-08-21 01:38:47;Garnet;ONLINE;0;0
2026-08-21 01:38:47;Forte 1;ONLINE;0;0
2026-08-21 02:38:51;Cepheus-1-108Q;ONLINE;0;0
2026-08-21 02:38:51;Garnet;ONLINE;1;0
2026-08-21 02:38:51;Forte 1;ONLINE;0;0
2026-08-21 03:38:57;Cepheus-1-108Q;ONLINE;1;0
2026-08-21 03:38:57;Garnet;ONLINE;0;0
2026-08-21 03:38:57;Forte 1;ONLINE;0;0
2026-08-21 04:39:02;Cepheus-1-108Q;ONLINE;0;0
2026-08-21 04:39:02;Garnet;ONLINE;0;0
2026-08-21 04:39:02;Forte 1;ONLINE;0;0
2026-08-21 05:39:07;Cepheus-1-108Q;ONLINE;0;0
2026-08-21 05:39:07;Garnet;ONLINE;0;0
2026-08-21 05:39:07;Forte 1;ONLINE;0;0
2026-08-21 06:39:12;Cepheus-1-108Q;ONLINE;0;0
2026-08-21 06:39:12;Garnet;ONLINE;0;0
2026-08-21 06:39:12;Forte 1;ONLINE;1;0
2026-08-21 07:39:18;Cepheus-1-108Q;ONLINE;1;0
2026-08-21 07:39:18;Garnet;ONLINE;0;0
2026-08-21 07:39:18;Forte 1;ONLINE;1;0
2026-08-21 08:39:23;Cepheus-1-108Q;ONLINE;2;0
2026-08-21 08:39:23;Garnet;ONLINE;0;0
2026-08-21 08:39:23;Forte 1;ONLINE;0;0
2026-08-21 09:39:28;Cepheus-1-108Q;ONLINE;0;0
2026-08-21 09:39:28;Garnet;ONLINE;0;0
2026-08-21 09:39:28;Forte 1;ONLINE;0;0
2026-08-21 10:39:33;Cepheus-1-108Q;ONLINE;0;0
2026-08-21 10:39:33;Garnet;ONLINE;0;0
2026-08-21 10:39:33;Forte 1;ONLINE;0;0
2026-08-21 11:39:37;Cepheus-1-108Q;ONLINE;0;0
2026-08-21 11:39:37;Garnet;ONLINE;0;0
2026-08-21 11:39:37;Forte 1;ONLINE;0;0
2026-08-21 12:39:43;Cepheus-1-108Q;ONLINE;0;0
2026-08-21 12:39:43;Garnet;ONLINE;0;0
2026-08-21 12:39:43;Forte 1;ONLINE;0;0
2026-08-21 13:39:47;Cepheus-1-108Q;ONLINE;0;0
2026-08-21 13:39:47;Garnet;ONLINE;0;0
2026-08-21 13:39:47;Forte 1;ONLINE;0;0
2026-08-21 14:39:52;Cepheus-1-108Q;ONLINE;0;0
2026-08-21 14:39:52;Garnet;ONLINE;0;0
2026-08-21 14:39:52;Forte 1;ONLINE;0;0
2026-08-21 15:39:57;Cepheus-1-108Q;ONLINE;1;0
2026-08-21 15:39:57;Garnet;ONLINE;6;0
2026-08-21 15:39:57;Forte 1;ONLINE;0;0
2026-08-21 16:40:03;Cepheus-1-108Q;ONLINE;1;0
2026-08-21 16:40:03;Garnet;ONLINE;7;0
2026-08-21 16:40:03;Forte 1;ONLINE;1;0
2026-08-21 17:40:08;Cepheus-1-108Q;ONLINE;2;0
2026-08-21 17:40:08;Garnet;ONLINE;0;0
2026-08-21 17:40:08;Forte 1;ONLINE;0;0
2026-08-21 18:40:13;Cepheus-1-108Q;ONLINE;0;0
2026-08-21 18:40:13;Garnet;ONLINE;0;0
2026-08-21 18:40:13;Forte 1;ONLINE;0;0
2026-08-21 19:40:18;Cepheus-1-108Q;ONLINE;2;0
2026-08-21 19:40:18;Garnet;ONLINE;0;0
2026-08-21 19:40:18;Forte 1;ONLINE;0;0
2026-08-21 20:40:23;Cepheus-1-108Q;ONLINE;2;0
2026-08-21 20:40:23;Garnet;ONLINE;0;0
2026-08-21 20:40:23;Forte 1;ONLINE;0;0
2026-08-21 21:40:28;Cepheus-1-108Q;ONLINE;1;0
2026-08-21 21:40:28;Garnet;ONLINE;0;0
2026-08-21 21:40:28;Forte 1;ONLINE;0;0
2026-08-21 22:40:34;Cepheus-1-108Q;ONLINE;0;0
2026-08-21 22:40:34;Garnet;ONLINE;0;0
2026-08-21 22:40:34;Forte 1;ONLINE;0;0
2026-08-21 23:40:39;Cepheus-1-108Q;ONLINE;1;0
2026-08-21 23:40:39;Garnet;ONLINE;0;0
2026-08-21 23:40:39;Forte 1;ONLINE;0;0
2026-08-22 00:40:43;Cepheus-1-108Q;ONLINE;0;0
2026-08-22 00:40:43;Garnet;ONLINE;1;0
2026-08-22 00:40:43;Forte 1;ONLINE;0;0
2026-08-22 01:40:48;Cepheus-1-108Q;ONLINE;0;0
2026-08-22 01:40:48;Garnet;ONLINE;1;0
2026-08-22 01:40:48;Forte 1;ONLINE;0;0
2026-08-22 02:40:54;Cepheus-1-108Q;ONLINE;0;0
2026-08-22 02:40:54;Garnet;ONLINE;1;0
2026-08-22 02:40:54;Forte 1;ONLINE;0;0
2026-08-22 03:40:59;Cepheus-1-108Q;ONLINE;3;0
2026-08-22 03:40:59;Garnet;ONLINE;2;0
2026-08-22 03:40:59;Forte 1;ONLINE;0;0
2026-08-22 04:41:04;Cepheus-1-108Q;ONLINE;2;0
2026-08-22 04:41:04;Garnet;ONLINE;2;0
2026-08-22 04:41:04;Forte 1;ONLINE;1;0
2026-08-22 05:41:08;Cepheus-1-108Q;ONLINE;0;0
2026-08-22 05:41:08;Garnet;ONLINE;3;0
2026-08-22 05:41:08;Forte 1;ONLINE;0;0
2026-08-22 06:41:14;Cepheus-1-108Q;ONLINE;1;0
2026-08-22 06:41:14;Garnet;ONLINE;3;0
2026-08-22 06:41:14;Forte 1;ONLINE;0;0
2026-08-22 07:41:19;Cepheus-1-108Q;ONLINE;1;0
2026-08-22 07:41:19;Garnet;ONLINE;3;0
2026-08-22 07:41:19;Forte 1;ONLINE;0;0
2026-08-22 08:41:24;Cepheus-1-108Q;ONLINE;1;0
2026-08-22 08:41:24;Garnet;ONLINE;3;0
2026-08-22 08:41:24;Forte 1;ONLINE;0;0
2026-08-22 09:41:29;Cepheus-1-108Q;ONLINE;0;0
2026-08-22 09:41:29;Garnet;ONLINE;3;0
2026-08-22 09:41:29;Forte 1;ONLINE;0;0
2026-08-22 10:41:33;Cepheus-1-108Q;ONLINE;0;0
2026-08-22 10:41:33;Garnet;ONLINE;2;0
2026-08-22 10:41:33;Forte 1;ONLINE;0;0
2026-08-22 11:41:39;Cepheus-1-108Q;ONLINE;0;0
2026-08-22 11:41:39;Garnet;ONLINE;2;0
2026-08-22 11:41:39;Forte 1;ONLINE;0;0
2026-08-22 12:41:44;Cepheus-1-108Q;ONLINE;0;0
2026-08-22 12:41:44;Garnet;ONLINE;2;0
2026-08-22 12:41:44;Forte 1;ONLINE;0;0
2026-08-22 13:41:49;Cepheus-1-108Q;ONLINE;1;0
2026-08-22 13:41:49;Garnet;ONLINE;2;0
2026-08-22 13:41:49;Forte 1;ONLINE;0;0
2026-08-22 14:41:54;Cepheus-1-108Q;ONLINE;0;0
2026-08-22 14:41:54;Garnet;ONLINE;2;0
2026-08-22 14:41:54;Forte 1;ONLINE;0;0
2026-08-22 15:41:59;Cepheus-1-108Q;ONLINE;2;0
2026-08-22 15:41:59;Garnet;ONLINE;2;0
2026-08-22 15:41:59;Forte 1;ONLINE;0;0
2026-08-22 16:42:04;Cepheus-1-108Q;ONLINE;0;0
2026-08-22 16:42:04;Garnet;ONLINE;2;0
2026-08-22 16:42:04;Forte 1;ONLINE;0;0
2026-08-22 17:42:10;Cepheus-1-108Q;ONLINE;0;0
2026-08-22 17:42:10;Garnet;ONLINE;2;0
2026-08-22 17:42:10;Forte 1;ONLINE;0;0
2026-08-22 18:42:14;Cepheus-1-108Q;ONLINE;1;0
2026-08-22 18:42:14;Garnet;ONLINE;3;0
2026-08-22 18:42:14;Forte 1;ONLINE;0;0
2026-08-22 19:42:19;Cepheus-1-108Q;ONLINE;1;0
2026-08-22 19:42:19;Garnet;ONLINE;3;0
2026-08-22 19:42:19;Forte 1;ONLINE;0;0
2026-08-22 20:42:24;Cepheus-1-108Q;ONLINE;2;0
2026-08-22 20:42:24;Garnet;ONLINE;3;0
2026-08-22 20:42:24;Forte 1;ONLINE;0;0
2026-08-22 21:42:29;Cepheus-1-108Q;ONLINE;0;0
2026-08-22 21:42:29;Garnet;ONLINE;3;0
2026-08-22 21:42:29;Forte 1;ONLINE;0;0
2026-08-22 22:42:34;Cepheus-1-108Q;ONLINE;1;0
2026-08-22 22:42:34;Garnet;ONLINE;3;0
2026-08-22 22:42:34;Forte 1;ONLINE;0;0
2026-08-22 23:42:39;Cepheus-1-108Q;ONLINE;1;0
2026-08-22 23:42:39;Garnet;ONLINE;3;0
2026-08-22 23:42:39;Forte 1;ONLINE;0;0
2026-08-23 00:42:44;Cepheus-1-108Q;ONLINE;0;0
2026-08-23 00:42:44;Garnet;ONLINE;3;0
2026-08-23 00:42:44;Forte 1;ONLINE;0;0
2026-08-23 01:42:49;Cepheus-1-108Q;ONLINE;0;0
2026-08-23 01:42:49;Garnet;ONLINE;3;0
2026-08-23 01:42:49;Forte 1;ONLINE;0;0
2026-08-23 02:42:54;Cepheus-1-108Q;ONLINE;0;0
2026-08-23 02:42:54;Garnet;ONLINE;3;0
2026-08-23 02:42:54;Forte 1;ONLINE;0;0
2026-08-23 03:42:59;Cepheus-1-108Q;ONLINE;1;0
2026-08-23 03:42:59;Garnet;ONLINE;3;0
2026-08-23 03:42:59;Forte 1;ONLINE;0;0
2026-08-23 04:43:04;Cepheus-1-108Q;ONLINE;0;0
2026-08-23 04:43:04;Garnet;ONLINE;3;0
2026-08-23 04:43:04;Forte 1;ONLINE;0;0
2026-08-23 05:43:09;Cepheus-1-108Q;ONLINE;0;0
2026-08-23 05:43:09;Garnet;ONLINE;3;0
2026-08-23 05:43:09;Forte 1;ONLINE;0;0
2026-08-23 06:43:14;Cepheus-1-108Q;ONLINE;0;0
2026-08-23 06:43:14;Garnet;ONLINE;3;0
2026-08-23 06:43:14;Forte 1;ONLINE;0;0
2026-08-23 07:43:19;Cepheus-1-108Q;ONLINE;0;0
2026-08-23 07:43:19;Garnet;ONLINE;3;0
2026-08-23 07:43:19;Forte 1;ONLINE;0;0
2026-08-23 08:43:24;Cepheus-1-108Q;ONLINE;1;0
2026-08-23 08:43:24;Garnet;ONLINE;3;0
2026-08-23 08:43:24;Forte 1;ONLINE;0;0
2026-08-23 09:43:29;Cepheus-1-108Q;ONLINE;0;0
2026-08-23 09:43:29;Garnet;ONLINE;4;0
2026-08-23 09:43:29;Forte 1;ONLINE;0;0
2026-08-23 10:43:35;Cepheus-1-108Q;ONLINE;0;0
2026-08-23 10:43:35;Garnet;ONLINE;4;0
2026-08-23 10:43:35;Forte 1;ONLINE;0;0
2026-08-23 11:43:40;Cepheus-1-108Q;ONLINE;0;0
2026-08-23 11:43:40;Garnet;ONLINE;4;0
2026-08-23 11:43:40;Forte 1;ONLINE;0;0
2026-08-23 12:43:45;Cepheus-1-108Q;ONLINE;0;0
2026-08-23 12:43:45;Garnet;ONLINE;4;0
2026-08-23 12:43:45;Forte 1;ONLINE;0;0
2026-08-23 13:43:50;Cepheus-1-108Q;ONLINE;0;0
2026-08-23 13:43:50;Garnet;ONLINE;4;0
2026-08-23 13:43:50;Forte 1;ONLINE;0;0
2026-08-23 14:43:55;Cepheus-1-108Q;ONLINE;0;0
2026-08-23 14:43:55;Garnet;ONLINE;4;0
2026-08-23 14:43:55;Forte 1;ONLINE;0;0
2026-08-23 15:44:00;Cepheus-1-108Q;ONLINE;1;0
2026-08-23 15:44:00;Garnet;ONLINE;4;0
2026-08-23 15:44:00;Forte 1;ONLINE;0;0
2026-08-23 16:44:05;Cepheus-1-108Q;ONLINE;0;0
2026-08-23 16:44:05;Garnet;ONLINE;4;0
2026-08-23 16:44:05;Forte 1;ONLINE;0;0
2026-08-23 17:44:10;Cepheus-1-108Q;ONLINE;0;0
2026-08-23 17:44:10;Garnet;ONLINE;4;0
2026-08-23 17:44:10;Forte 1;ONLINE;0;0
2026-08-23 18:44:15;Cepheus-1-108Q;ONLINE;0;0
2026-08-23 18:44:15;Garnet;ONLINE;5;0
2026-08-23 18:44:15;Forte 1;ONLINE;0;0
2026-08-23 19:44:20;Cepheus-1-108Q;ONLINE;1;0
2026-08-23 19:44:20;Garnet;ONLINE;5;0
2026-08-23 19:44:20;Forte 1;ONLINE;0;0
2026-08-23 20:44:25;Cepheus-1-108Q;ONLINE;1;0
2026-08-23 20:44:25;Garnet;ONLINE;5;0
2026-08-23 20:44:25;Forte 1;ONLINE;0;0
2026-08-23 21:44:30;Cepheus-1-108Q;ONLINE;0;0
2026-08-23 21:44:30;Garnet;ONLINE;5;0
2026-08-23 21:44:30;Forte 1;ONLINE;0;0
2026-08-23 22:44:35;Cepheus-1-108Q;ONLINE;0;0
2026-08-23 22:44:35;Garnet;ONLINE;5;0
2026-08-23 22:44:35;Forte 1;ONLINE;0;0
2026-08-23 23:44:40;Cepheus-1-108Q;ONLINE;0;0
2026-08-23 23:44:40;Garnet;ONLINE;5;0
2026-08-23 23:44:40;Forte 1;ONLINE;0;0
2026-08-24 00:44:45;Cepheus-1-108Q;ONLINE;0;0
2026-08-24 00:44:45;Garnet;ONLINE;0;0
2026-08-24 00:44:45;Forte 1;ONLINE;0;0
2026-08-24 01:44:50;Cepheus-1-108Q;ONLINE;1;0
2026-08-24 01:44:50;Garnet;ONLINE;1;0
2026-08-24 01:44:50;Forte 1;ONLINE;0;0
2026-08-24 02:44:55;Cepheus-1-108Q;ONLINE;1;0
2026-08-24 02:44:55;Garnet;ONLINE;1;0
2026-08-24 02:44:55;Forte 1;ONLINE;0;0
2026-08-24 03:45:00;Cepheus-1-108Q;ONLINE;0;0
2026-08-24 03:45:00;Garnet;ONLINE;0;0
2026-08-24 03:45:00;Forte 1;ONLINE;0;0
2026-08-24 04:45:05;Cepheus-1-108Q;ONLINE;0;0
2026-08-24 04:45:05;Garnet;ONLINE;0;0
2026-08-24 04:45:05;Forte 1;ONLINE;0;0
2026-08-24 05:45:10;Cepheus-1-108Q;ONLINE;0;0
2026-08-24 05:45:10;Garnet;ONLINE;0;0
2026-08-24 05:45:10;Forte 1;ONLINE;0;0
2026-08-24 06:45:15;Cepheus-1-108Q;ONLINE;1;0
2026-08-24 06:45:15;Garnet;ONLINE;0;0
2026-08-24 06:45:15;Forte 1;ONLINE;0;0
2026-08-24 07:45:21;Cepheus-1-108Q;ONLINE;1;0
2026-08-24 07:45:21;Garnet;ONLINE;0;0
2026-08-24 07:45:21;Forte 1;ONLINE;0;0
2026-08-24 08:45:26;Cepheus-1-108Q;ONLINE;2;0
2026-08-24 08:45:26;Garnet;ONLINE;0;0
2026-08-24 08:45:26;Forte 1;ONLINE;0;0
2026-08-24 09:45:31;Cepheus-1-108Q;ONLINE;3;0
2026-08-24 09:45:31;Garnet;ONLINE;0;0
2026-08-24 09:45:31;Forte 1;ONLINE;0;0
2026-08-24 10:45:36;Cepheus-1-108Q;ONLINE;1;0
2026-08-24 10:45:36;Garnet;ONLINE;0;0
2026-08-24 10:45:36;Forte 1;ONLINE;0;0
2026-08-24 11:45:41;Cepheus-1-108Q;ONLINE;0;0
2026-08-24 11:45:41;Garnet;ONLINE;0;0
2026-08-24 11:45:41;Forte 1;ONLINE;0;0
2026-08-24 12:45:46;Cepheus-1-108Q;ONLINE;1;0
2026-08-24 12:45:46;Garnet;ONLINE;0;0
2026-08-24 12:45:46;Forte 1;ONLINE;0;0
2026-08-24 13:45:50;Cepheus-1-108Q;ONLINE;0;0
2026-08-24 13:45:50;Garnet;ONLINE;0;0
2026-08-24 13:45:50;Forte 1;OFFLINE;1;0
2026-08-24 14:45:56;Cepheus-1-108Q;ONLINE;0;0
2026-08-24 14:45:56;Garnet;ONLINE;0;0
2026-08-24 14:45:56;Forte 1;OFFLINE;1;0
2026-08-24 15:46:01;Cepheus-1-108Q;ONLINE;0;0
2026-08-24 15:46:01;Garnet;ONLINE;6;0
2026-08-24 15:46:01;Forte 1;OFFLINE;1;0
2026-08-24 16:46:06;Cepheus-1-108Q;ONLINE;0;0
2026-08-24 16:46:06;Garnet;ONLINE;6;0
2026-08-24 16:46:06;Forte 1;OFFLINE;1;0
2026-08-24 17:46:11;Cepheus-1-108Q;ONLINE;0;0
2026-08-24 17:46:11;Garnet;ONLINE;0;0
2026-08-24 17:46:11;Forte 1;OFFLINE;1;0
2026-08-24 18:46:17;Cepheus-1-108Q;ONLINE;7;0
2026-08-24 18:46:17;Garnet;ONLINE;0;0
2026-08-24 18:46:17;Forte 1;OFFLINE;1;0
2026-08-24 19:46:22;Cepheus-1-108Q;ONLINE;3;0
2026-08-24 19:46:22;Garnet;ONLINE;0;0
2026-08-24 19:46:22;Forte 1;OFFLINE;1;0
2026-08-24 20:46:27;Cepheus-1-108Q;ONLINE;4;0
2026-08-24 20:46:27;Garnet;ONLINE;0;0
2026-08-24 20:46:27;Forte 1;OFFLINE;1;0
2026-08-24 21:46:31;Cepheus-1-108Q;ONLINE;1;0
2026-08-24 21:46:31;Garnet;ONLINE;0;0
2026-08-24 21:46:31;Forte 1;OFFLINE;1;0
2026-08-24 22:46:37;Cepheus-1-108Q;ONLINE;1;0
2026-08-24 22:46:37;Garnet;ONLINE;0;0
2026-08-24 22:46:37;Forte 1;OFFLINE;1;0
2026-08-24 23:46:42;Cepheus-1-108Q;ONLINE;0;0
2026-08-24 23:46:42;Garnet;ONLINE;0;0
2026-08-24 23:46:42;Forte 1;OFFLINE;1;0
2026-08-25 00:46:47;Cepheus-1-108Q;ONLINE;1;0
2026-08-25 00:46:47;Garnet;ONLINE;0;0
2026-08-25 00:46:47;Forte 1;OFFLINE;1;0
2026-08-25 01:46:52;Cepheus-1-108Q;ONLINE;0;0
2026-08-25 01:46:52;Garnet;ONLINE;1;0
2026-08-25 01:46:52;Forte 1;OFFLINE;1;0
2026-08-25 02:46:56;Cepheus-1-108Q;ONLINE;0;0
2026-08-25 02:46:56;Garnet;ONLINE;1;0
2026-08-25 02:46:56;Forte 1;OFFLINE;1;0
2026-08-25 03:47:01;Cepheus-1-108Q;ONLINE;0;0
2026-08-25 03:47:01;Garnet;ONLINE;0;0
2026-08-25 03:47:01;Forte 1;OFFLINE;1;0
2026-08-25 04:47:07;Cepheus-1-108Q;ONLINE;0;0
2026-08-25 04:47:07;Garnet;ONLINE;0;0
2026-08-25 04:47:07;Forte 1;OFFLINE;1;0
2026-08-25 05:47:13;Cepheus-1-108Q;ONLINE;2;0
2026-08-25 05:47:13;Garnet;ONLINE;0;0
2026-08-25 05:47:13;Forte 1;OFFLINE;1;0
2026-08-25 06:47:17;Cepheus-1-108Q;ONLINE;0;0
2026-08-25 06:47:17;Garnet;ONLINE;0;0
2026-08-25 06:47:17;Forte 1;OFFLINE;1;0
2026-08-25 07:47:23;Cepheus-1-108Q;ONLINE;2;0
2026-08-25 07:47:23;Garnet;ONLINE;0;0
2026-08-25 07:47:23;Forte 1;OFFLINE;1;0
2026-08-25 08:47:28;Cepheus-1-108Q;ONLINE;11;0
2026-08-25 08:47:28;Garnet;ONLINE;0;0
2026-08-25 08:47:28;Forte 1;OFFLINE;1;0
2026-08-25 09:47:33;Cepheus-1-108Q;ONLINE;0;0
2026-08-25 09:47:33;Garnet;ONLINE;0;0
2026-08-25 09:47:33;Forte 1;OFFLINE;1;0
2026-08-25 10:47:38;Cepheus-1-108Q;ONLINE;0;0
2026-08-25 10:47:38;Garnet;ONLINE;0;0
2026-08-25 10:47:38;Forte 1;OFFLINE;1;0
2026-08-25 11:47:43;Cepheus-1-108Q;ONLINE;0;0
2026-08-25 11:47:43;Garnet;ONLINE;0;0
2026-08-25 11:47:43;Forte 1;OFFLINE;1;0
2026-08-25 12:47:48;Cepheus-1-108Q;ONLINE;0;0
2026-08-25 12:47:48;Garnet;ONLINE;0;0
2026-08-25 12:47:48;Forte 1;OFFLINE;1;0
2026-08-25 13:47:53;Cepheus-1-108Q;ONLINE;0;0
2026-08-25 13:47:53;Garnet;ONLINE;0;0
2026-08-25 13:47:53;Forte 1;OFFLINE;1;0
2026-08-25 14:47:59;Cepheus-1-108Q;ONLINE;0;0
2026-08-25 14:47:59;Garnet;ONLINE;0;0
2026-08-25 14:47:59;Forte 1;OFFLINE;1;0
2026-08-25 15:48:03;Cepheus-1-108Q;ONLINE;0;0
2026-08-25 15:48:03;Garnet;ONLINE;6;0
2026-08-25 15:48:03;Forte 1;OFFLINE;1;0
2026-08-25 16:48:08;Cepheus-1-108Q;ONLINE;0;0
2026-08-25 16:48:08;Garnet;ONLINE;6;0
2026-08-25 16:48:08;Forte 1;OFFLINE;1;0
2026-08-25 17:48:13;Cepheus-1-108Q;ONLINE;1;0
2026-08-25 17:48:13;Garnet;ONLINE;0;0
2026-08-25 17:48:13;Forte 1;OFFLINE;1;0
2026-08-25 18:48:19;Cepheus-1-108Q;ONLINE;1;0
2026-08-25 18:48:19;Garnet;ONLINE;0;0
2026-08-25 18:48:19;Forte 1;OFFLINE;1;0
2026-08-25 19:48:23;Cepheus-1-108Q;ONLINE;1;0
2026-08-25 19:48:23;Garnet;ONLINE;0;0
2026-08-25 19:48:23;Forte 1;OFFLINE;1;0
2026-08-25 20:48:30;Cepheus-1-108Q;ONLINE;2;0
2026-08-25 20:48:30;Garnet;ONLINE;0;0
2026-08-25 20:48:30;Forte 1;OFFLINE;1;0
2026-08-25 21:48:36;Cepheus-1-108Q;ONLINE;6;0
2026-08-25 21:48:36;Garnet;ONLINE;0;0
2026-08-25 21:48:36;Forte 1;OFFLINE;1;0
2026-08-25 22:48:41;Cepheus-1-108Q;ONLINE;6;0 (1 prioritized hybrid job running)
2026-08-25 22:48:41;Garnet;ONLINE;0;0
2026-08-25 22:48:41;Forte 1;OFFLINE;1;0
2026-08-25 23:48:46;Cepheus-1-108Q;ONLINE;6;0 (1 prioritized hybrid job running)
2026-08-25 23:48:46;Garnet;ONLINE;0;0
2026-08-25 23:48:46;Forte 1;OFFLINE;1;0
2026-08-26 00:48:51;Cepheus-1-108Q;ONLINE;6;0 (1 prioritized hybrid job running)
2026-08-26 00:48:51;Garnet;ONLINE;0;0
2026-08-26 00:48:51;Forte 1;OFFLINE;1;0
2026-08-26 01:48:57;Cepheus-1-108Q;ONLINE;1;0 (1 prioritized hybrid job running)
2026-08-26 01:48:57;Garnet;ONLINE;1;0
2026-08-26 01:48:57;Forte 1;OFFLINE;1;0
2026-08-26 02:49:03;Cepheus-1-108Q;ONLINE;0;0
2026-08-26 02:49:03;Garnet;ONLINE;1;0
2026-08-26 02:49:03;Forte 1;OFFLINE;1;0
2026-08-26 03:49:08;Cepheus-1-108Q;ONLINE;0;0
2026-08-26 03:49:08;Garnet;ONLINE;0;0
2026-08-26 03:49:08;Forte 1;OFFLINE;1;0
2026-08-26 04:49:14;Cepheus-1-108Q;ONLINE;0;0
2026-08-26 04:49:14;Garnet;ONLINE;0;0
2026-08-26 04:49:14;Forte 1;OFFLINE;1;0
2026-08-26 05:49:19;Cepheus-1-108Q;ONLINE;0;0
2026-08-26 05:49:19;Garnet;ONLINE;0;0
2026-08-26 05:49:19;Forte 1;OFFLINE;1;0
2026-08-26 06:49:25;Cepheus-1-108Q;ONLINE;0;0
2026-08-26 06:49:25;Garnet;ONLINE;0;0
2026-08-26 06:49:25;Forte 1;OFFLINE;1;0
2026-08-26 07:49:30;Cepheus-1-108Q;ONLINE;8;0
2026-08-26 07:49:30;Garnet;ONLINE;0;0
2026-08-26 07:49:30;Forte 1;OFFLINE;1;0
2026-08-26 08:49:35;Cepheus-1-108Q;ONLINE;8;0
2026-08-26 08:49:35;Garnet;ONLINE;0;0
2026-08-26 08:49:35;Forte 1;OFFLINE;1;0
2026-08-26 09:49:40;Cepheus-1-108Q;ONLINE;9;0
2026-08-26 09:49:40;Garnet;ONLINE;0;0
2026-08-26 09:49:40;Forte 1;OFFLINE;1;0
2026-08-26 10:49:46;Cepheus-1-108Q;ONLINE;22;0
2026-08-26 10:49:46;Garnet;ONLINE;0;0
2026-08-26 10:49:46;Forte 1;OFFLINE;1;0
2026-08-26 11:49:51;Cepheus-1-108Q;ONLINE;0;0
2026-08-26 11:49:51;Garnet;ONLINE;0;0
2026-08-26 11:49:51;Forte 1;OFFLINE;1;0
2026-08-26 12:49:56;Cepheus-1-108Q;ONLINE;0;0
2026-08-26 12:49:56;Garnet;ONLINE;0;0
2026-08-26 12:49:56;Forte 1;OFFLINE;1;0
2026-08-26 13:50:02;Cepheus-1-108Q;ONLINE;0;0
2026-08-26 13:50:02;Garnet;ONLINE;1;0
2026-08-26 13:50:02;Forte 1;OFFLINE;1;0
2026-08-26 14:50:07;Cepheus-1-108Q;ONLINE;2;0
2026-08-26 14:50:07;Garnet;ONLINE;0;0
2026-08-26 14:50:07;Forte 1;OFFLINE;1;0
2026-08-26 15:50:13;Cepheus-1-108Q;ONLINE;1;0
2026-08-26 15:50:13;Garnet;ONLINE;7;0
2026-08-26 15:50:13;Forte 1;OFFLINE;1;0
2026-08-26 16:50:18;Cepheus-1-108Q;ONLINE;1;0
2026-08-26 16:50:18;Garnet;ONLINE;7;0
2026-08-26 16:50:18;Forte 1;OFFLINE;1;0
2026-08-26 17:50:24;Cepheus-1-108Q;ONLINE;9;0
2026-08-26 17:50:24;Garnet;ONLINE;1;0
2026-08-26 17:50:24;Forte 1;OFFLINE;1;0
2026-08-26 18:50:29;Cepheus-1-108Q;ONLINE;1;0
2026-08-26 18:50:29;Garnet;ONLINE;0;0
2026-08-26 18:50:29;Forte 1;OFFLINE;1;0
2026-08-26 19:50:34;Cepheus-1-108Q;ONLINE;6;0
2026-08-26 19:50:34;Garnet;ONLINE;0;0
2026-08-26 19:50:34;Forte 1;OFFLINE;1;0
2026-08-26 20:50:40;Cepheus-1-108Q;ONLINE;14;0
2026-08-26 20:50:40;Garnet;ONLINE;0;0
2026-08-26 20:50:40;Forte 1;OFFLINE;1;0
2026-08-26 21:50:45;Cepheus-1-108Q;ONLINE;0;0
2026-08-26 21:50:45;Garnet;ONLINE;0;0
2026-08-26 21:50:45;Forte 1;OFFLINE;1;0
2026-08-26 22:50:50;Cepheus-1-108Q;ONLINE;1;0
2026-08-26 22:50:50;Garnet;ONLINE;0;0
2026-08-26 22:50:50;Forte 1;OFFLINE;1;0
2026-08-26 23:50:55;Cepheus-1-108Q;ONLINE;1;0
2026-08-26 23:50:55;Garnet;ONLINE;0;0
2026-08-26 23:50:55;Forte 1;OFFLINE;1;0
2026-08-27 00:51:00;Cepheus-1-108Q;ONLINE;1;0
2026-08-27 00:51:00;Garnet;ONLINE;0;0
2026-08-27 00:51:00;Forte 1;OFFLINE;1;0
2026-08-27 01:51:05;Cepheus-1-108Q;ONLINE;0;0
2026-08-27 01:51:05;Garnet;ONLINE;0;0
2026-08-27 01:51:05;Forte 1;OFFLINE;1;0
2026-08-27 02:51:10;Cepheus-1-108Q;ONLINE;0;0
2026-08-27 02:51:10;Garnet;ONLINE;1;0
2026-08-27 02:51:10;Forte 1;OFFLINE;1;0
2026-08-27 03:51:15;Cepheus-1-108Q;ONLINE;0;0
2026-08-27 03:51:15;Garnet;ONLINE;0;0
2026-08-27 03:51:15;Forte 1;OFFLINE;1;0
2026-08-27 04:51:20;Cepheus-1-108Q;ONLINE;0;0
2026-08-27 04:51:20;Garnet;ONLINE;1;0
2026-08-27 04:51:20;Forte 1;OFFLINE;1;0
2026-08-27 05:51:25;Cepheus-1-108Q;ONLINE;6;0
2026-08-27 05:51:25;Garnet;ONLINE;0;0
2026-08-27 05:51:25;Forte 1;OFFLINE;1;0
2026-08-27 06:51:30;Cepheus-1-108Q;ONLINE;6;0
2026-08-27 06:51:30;Garnet;ONLINE;0;0
2026-08-27 06:51:30;Forte 1;OFFLINE;1;0
2026-08-27 07:51:35;Cepheus-1-108Q;ONLINE;12;0
2026-08-27 07:51:35;Garnet;ONLINE;1;0
2026-08-27 07:51:35;Forte 1;OFFLINE;1;0
2026-08-27 08:51:40;Cepheus-1-108Q;ONLINE;11;0
2026-08-27 08:51:40;Garnet;ONLINE;0;0
2026-08-27 08:51:40;Forte 1;OFFLINE;1;0
2026-08-27 09:51:45;Cepheus-1-108Q;ONLINE;0;0
2026-08-27 09:51:45;Garnet;ONLINE;0;0
2026-08-27 09:51:45;Forte 1;OFFLINE;1;0
2026-08-27 10:51:49;Cepheus-1-108Q;ONLINE;0;0
2026-08-27 10:51:49;Garnet;ONLINE;0;0
2026-08-27 10:51:49;Forte 1;OFFLINE;1;0
2026-08-27 11:51:54;Cepheus-1-108Q;ONLINE;0;0
2026-08-27 11:51:54;Garnet;ONLINE;0;0
2026-08-27 11:51:54;Forte 1;OFFLINE;1;0
2026-08-27 12:51:59;Cepheus-1-108Q;ONLINE;0;0
2026-08-27 12:51:59;Garnet;ONLINE;0;0
2026-08-27 12:51:59;Forte 1;OFFLINE;1;0
2026-08-27 13:52:04;Cepheus-1-108Q;ONLINE;6;0
2026-08-27 13:52:04;Garnet;ONLINE;0;0
2026-08-27 13:52:04;Forte 1;OFFLINE;1;0
2026-08-27 14:52:09;Cepheus-1-108Q;ONLINE;1;0
2026-08-27 14:52:09;Garnet;ONLINE;0;0
2026-08-27 14:52:09;Forte 1;OFFLINE;1;0
2026-08-27 15:52:14;Cepheus-1-108Q;ONLINE;1;0
2026-08-27 15:52:14;Garnet;ONLINE;6;0
2026-08-27 15:52:14;Forte 1;OFFLINE;1;0
2026-08-27 16:52:19;Cepheus-1-108Q;ONLINE;3;0
2026-08-27 16:52:19;Garnet;ONLINE;7;0
2026-08-27 16:52:19;Forte 1;OFFLINE;1;0
2026-08-27 17:52:24;Cepheus-1-108Q;ONLINE;1;0
2026-08-27 17:52:24;Garnet;ONLINE;0;0
2026-08-27 17:52:24;Forte 1;OFFLINE;1;0
2026-08-27 18:52:30;Cepheus-1-108Q;ONLINE;0;0
2026-08-27 18:52:30;Garnet;ONLINE;0;0
2026-08-27 18:52:30;Forte 1;OFFLINE;1;0
2026-08-27 19:52:35;Cepheus-1-108Q;ONLINE;6;0
2026-08-27 19:52:35;Garnet;ONLINE;0;0
2026-08-27 19:52:35;Forte 1;OFFLINE;1;0
2026-08-27 20:52:40;Cepheus-1-108Q;ONLINE;7;0
2026-08-27 20:52:40;Garnet;ONLINE;0;0
2026-08-27 20:52:40;Forte 1;OFFLINE;1;0
2026-08-27 21:52:45;Cepheus-1-108Q;ONLINE;1;0
2026-08-27 21:52:45;Garnet;ONLINE;0;0
2026-08-27 21:52:45;Forte 1;OFFLINE;1;0
2026-08-27 22:52:50;Cepheus-1-108Q;ONLINE;0;0
2026-08-27 22:52:50;Garnet;ONLINE;0;0
2026-08-27 22:52:50;Forte 1;OFFLINE;1;0
2026-08-27 23:52:56;Cepheus-1-108Q;ONLINE;1;0
2026-08-27 23:52:56;Garnet;ONLINE;0;0
2026-08-27 23:52:56;Forte 1;OFFLINE;1;0
2026-08-28 00:53:00;Cepheus-1-108Q;ONLINE;1;0
2026-08-28 00:53:00;Garnet;ONLINE;0;0
2026-08-28 00:53:00;Forte 1;OFFLINE;1;0
2026-08-28 01:53:05;Cepheus-1-108Q;ONLINE;0;0
2026-08-28 01:53:05;Garnet;ONLINE;1;0
2026-08-28 01:53:05;Forte 1;OFFLINE;1;0
2026-08-28 02:53:11;Cepheus-1-108Q;ONLINE;2;0
2026-08-28 02:53:11;Garnet;ONLINE;1;0
2026-08-28 02:53:11;Forte 1;OFFLINE;1;0
2026-08-28 03:53:15;Cepheus-1-108Q;ONLINE;1;0
2026-08-28 03:53:15;Garnet;ONLINE;0;0
2026-08-28 03:53:15;Forte 1;OFFLINE;1;0
2026-08-28 04:53:20;Cepheus-1-108Q;ONLINE;0;0
2026-08-28 04:53:20;Garnet;ONLINE;0;0
2026-08-28 04:53:20;Forte 1;OFFLINE;1;0
2026-08-28 05:53:25;Cepheus-1-108Q;ONLINE;0;0
2026-08-28 05:53:25;Garnet;ONLINE;0;0
2026-08-28 05:53:25;Forte 1;OFFLINE;1;0
2026-08-28 06:53:30;Cepheus-1-108Q;ONLINE;0;0
2026-08-28 06:53:30;Garnet;ONLINE;0;0
2026-08-28 06:53:30;Forte 1;OFFLINE;1;0
2026-08-28 07:53:35;Cepheus-1-108Q;ONLINE;5;0
2026-08-28 07:53:35;Garnet;ONLINE;0;0
2026-08-28 07:53:35;Forte 1;OFFLINE;1;0
2026-08-28 08:53:40;Cepheus-1-108Q;ONLINE;10;0
2026-08-28 08:53:40;Garnet;ONLINE;0;0
2026-08-28 08:53:40;Forte 1;OFFLINE;1;0
2026-08-28 09:53:44;Cepheus-1-108Q;ONLINE;0;0
2026-08-28 09:53:44;Garnet;ONLINE;0;0
2026-08-28 09:53:44;Forte 1;OFFLINE;1;0
2026-08-28 10:53:49;Cepheus-1-108Q;ONLINE;0;0
2026-08-28 10:53:49;Garnet;ONLINE;0;0
2026-08-28 10:53:49;Forte 1;OFFLINE;1;0
2026-08-28 11:53:54;Cepheus-1-108Q;ONLINE;0;0
2026-08-28 11:53:54;Garnet;ONLINE;0;0
2026-08-28 11:53:54;Forte 1;OFFLINE;1;0
2026-08-28 12:53:59;Cepheus-1-108Q;ONLINE;0;0
2026-08-28 12:53:59;Garnet;ONLINE;0;0
2026-08-28 12:53:59;Forte 1;OFFLINE;1;0
2026-08-28 13:54:04;Cepheus-1-108Q;ONLINE;0;0
2026-08-28 13:54:04;Garnet;ONLINE;0;0
2026-08-28 13:54:04;Forte 1;OFFLINE;1;0
2026-08-28 14:54:09;Cepheus-1-108Q;ONLINE;0;0
2026-08-28 14:54:09;Garnet;ONLINE;0;0
2026-08-28 14:54:09;Forte 1;OFFLINE;1;0
2026-08-28 15:54:15;Cepheus-1-108Q;ONLINE;0;0
2026-08-28 15:54:15;Garnet;ONLINE;6;0
2026-08-28 15:54:15;Forte 1;OFFLINE;1;0
2026-08-28 16:54:20;Cepheus-1-108Q;ONLINE;0;0
2026-08-28 16:54:20;Garnet;ONLINE;6;0
2026-08-28 16:54:20;Forte 1;OFFLINE;1;0
2026-08-28 17:54:25;Cepheus-1-108Q;ONLINE;0;0
2026-08-28 17:54:25;Garnet;ONLINE;0;0
2026-08-28 17:54:25;Forte 1;OFFLINE;1;0
2026-08-28 18:54:30;Cepheus-1-108Q;ONLINE;1;0
2026-08-28 18:54:30;Garnet;ONLINE;0;0
2026-08-28 18:54:30;Forte 1;OFFLINE;1;0
2026-08-28 19:54:35;Cepheus-1-108Q;ONLINE;1;0
2026-08-28 19:54:35;Garnet;ONLINE;0;0
2026-08-28 19:54:35;Forte 1;OFFLINE;1;0
2026-08-28 20:54:41;Cepheus-1-108Q;ONLINE;6;0
2026-08-28 20:54:41;Garnet;ONLINE;0;0
2026-08-28 20:54:41;Forte 1;OFFLINE;1;0
2026-08-28 21:54:45;Cepheus-1-108Q;ONLINE;1;0
2026-08-28 21:54:45;Garnet;ONLINE;0;0
2026-08-28 21:54:45;Forte 1;OFFLINE;1;0
2026-08-28 22:54:50;Cepheus-1-108Q;ONLINE;1;0
2026-08-28 22:54:50;Garnet;ONLINE;0;0
2026-08-28 22:54:50;Forte 1;OFFLINE;1;0
2026-08-28 23:54:56;Cepheus-1-108Q;ONLINE;4;0
2026-08-28 23:54:56;Garnet;ONLINE;0;0
2026-08-28 23:54:56;Forte 1;OFFLINE;1;0
2026-08-29 00:55:01;Cepheus-1-108Q;ONLINE;0;0
2026-08-29 00:55:01;Garnet;ONLINE;1;0
2026-08-29 00:55:01;Forte 1;OFFLINE;1;0
2026-08-29 01:55:06;Cepheus-1-108Q;ONLINE;0;0
2026-08-29 01:55:06;Garnet;ONLINE;1;0
2026-08-29 01:55:06;Forte 1;OFFLINE;1;0
2026-08-29 02:55:11;Cepheus-1-108Q;ONLINE;1;0
2026-08-29 02:55:11;Garnet;ONLINE;1;0
2026-08-29 02:55:11;Forte 1;OFFLINE;1;0
2026-08-29 03:55:16;Cepheus-1-108Q;ONLINE;0;0
2026-08-29 03:55:16;Garnet;ONLINE;1;0
2026-08-29 03:55:16;Forte 1;OFFLINE;1;0
2026-08-29 04:55:21;Cepheus-1-108Q;ONLINE;0;0
2026-08-29 04:55:21;Garnet;ONLINE;2;0
2026-08-29 04:55:21;Forte 1;OFFLINE;1;0
2026-08-29 05:55:26;Cepheus-1-108Q;ONLINE;1;0
2026-08-29 05:55:26;Garnet;ONLINE;2;0
2026-08-29 05:55:26;Forte 1;OFFLINE;1;0
2026-08-29 06:55:31;Cepheus-1-108Q;ONLINE;0;0
2026-08-29 06:55:31;Garnet;ONLINE;2;0
2026-08-29 06:55:31;Forte 1;OFFLINE;1;0
2026-08-29 07:55:36;Cepheus-1-108Q;ONLINE;1;0
2026-08-29 07:55:36;Garnet;ONLINE;2;0
2026-08-29 07:55:36;Forte 1;OFFLINE;1;0
2026-08-29 08:55:41;Cepheus-1-108Q;ONLINE;4;0
2026-08-29 08:55:41;Garnet;ONLINE;2;0
2026-08-29 08:55:41;Forte 1;OFFLINE;1;0
2026-08-29 09:55:47;Cepheus-1-108Q;ONLINE;0;0
2026-08-29 09:55:47;Garnet;ONLINE;2;0
2026-08-29 09:55:47;Forte 1;OFFLINE;1;0
2026-08-29 10:55:51;Cepheus-1-108Q;ONLINE;0;0
2026-08-29 10:55:51;Garnet;ONLINE;3;0
2026-08-29 10:55:51;Forte 1;OFFLINE;1;0
2026-08-29 11:55:56;Cepheus-1-108Q;ONLINE;0;0
2026-08-29 11:55:56;Garnet;ONLINE;3;0
2026-08-29 11:55:56;Forte 1;OFFLINE;1;0
2026-08-29 12:56:02;Cepheus-1-108Q;ONLINE;0;0
2026-08-29 12:56:02;Garnet;ONLINE;3;0
2026-08-29 12:56:02;Forte 1;OFFLINE;1;0
2026-08-29 13:56:07;Cepheus-1-108Q;ONLINE;0;0
2026-08-29 13:56:07;Garnet;ONLINE;3;0
2026-08-29 13:56:07;Forte 1;OFFLINE;1;0
2026-08-29 14:56:12;Cepheus-1-108Q;ONLINE;1;0
2026-08-29 14:56:12;Garnet;ONLINE;3;0
2026-08-29 14:56:12;Forte 1;OFFLINE;1;0
2026-08-29 15:56:18;Cepheus-1-108Q;ONLINE;0;0
2026-08-29 15:56:18;Garnet;ONLINE;3;0
2026-08-29 15:56:18;Forte 1;OFFLINE;1;0
2026-08-29 16:56:23;Cepheus-1-108Q;ONLINE;0;0
2026-08-29 16:56:23;Garnet;ONLINE;3;0
2026-08-29 16:56:23;Forte 1;OFFLINE;1;0
2026-08-29 17:56:28;Cepheus-1-108Q;ONLINE;0;0
2026-08-29 17:56:28;Garnet;ONLINE;4;0
2026-08-29 17:56:28;Forte 1;OFFLINE;1;0
2026-08-29 18:56:33;Cepheus-1-108Q;ONLINE;0;0
2026-08-29 18:56:33;Garnet;ONLINE;4;0
2026-08-29 18:56:33;Forte 1;OFFLINE;1;0
2026-08-29 19:56:38;Cepheus-1-108Q;ONLINE;1;0
2026-08-29 19:56:38;Garnet;ONLINE;4;0
2026-08-29 19:56:38;Forte 1;OFFLINE;1;0
2026-08-29 20:56:43;Cepheus-1-108Q;ONLINE;1;0
2026-08-29 20:56:43;Garnet;ONLINE;4;0
2026-08-29 20:56:43;Forte 1;OFFLINE;1;0
2026-08-29 21:56:48;Cepheus-1-108Q;ONLINE;0;0
2026-08-29 21:56:48;Garnet;ONLINE;4;0
2026-08-29 21:56:48;Forte 1;OFFLINE;1;0
2026-08-29 22:56:54;Cepheus-1-108Q;ONLINE;0;0
2026-08-29 22:56:54;Garnet;ONLINE;4;0
2026-08-29 22:56:54;Forte 1;OFFLINE;1;0
2026-08-29 23:56:59;Cepheus-1-108Q;ONLINE;0;0
2026-08-29 23:56:59;Garnet;ONLINE;5;0
2026-08-29 23:56:59;Forte 1;OFFLINE;1;0
2026-08-30 00:57:04;Cepheus-1-108Q;ONLINE;0;0
2026-08-30 00:57:04;Garnet;ONLINE;5;0
2026-08-30 00:57:04;Forte 1;OFFLINE;1;0
2026-08-30 01:57:09;Cepheus-1-108Q;ONLINE;0;0
2026-08-30 01:57:09;Garnet;ONLINE;5;0
2026-08-30 01:57:09;Forte 1;OFFLINE;1;0
2026-08-30 02:57:14;Cepheus-1-108Q;ONLINE;4;0
2026-08-30 02:57:14;Garnet;ONLINE;9;0
2026-08-30 02:57:14;Forte 1;OFFLINE;1;0
2026-08-30 03:57:19;Cepheus-1-108Q;ONLINE;0;0
2026-08-30 03:57:19;Garnet;ONLINE;10;0
2026-08-30 03:57:19;Forte 1;OFFLINE;1;0
2026-08-30 04:57:24;Cepheus-1-108Q;ONLINE;0;0
2026-08-30 04:57:24;Garnet;ONLINE;11;0
2026-08-30 04:57:24;Forte 1;OFFLINE;1;0
2026-08-30 05:57:30;Cepheus-1-108Q;ONLINE;0;0
2026-08-30 05:57:30;Garnet;ONLINE;11;0
2026-08-30 05:57:30;Forte 1;OFFLINE;1;0
2026-08-30 06:57:35;Cepheus-1-108Q;ONLINE;0;0
2026-08-30 06:57:35;Garnet;ONLINE;11;0
2026-08-30 06:57:35;Forte 1;OFFLINE;1;0
2026-08-30 07:57:40;Cepheus-1-108Q;ONLINE;1;0
2026-08-30 07:57:40;Garnet;ONLINE;11;0
2026-08-30 07:57:40;Forte 1;OFFLINE;1;0
2026-08-30 08:57:45;Cepheus-1-108Q;ONLINE;1;0
2026-08-30 08:57:45;Garnet;ONLINE;11;0
2026-08-30 08:57:45;Forte 1;OFFLINE;1;0
2026-08-30 09:57:50;Cepheus-1-108Q;ONLINE;0;0
2026-08-30 09:57:50;Garnet;ONLINE;12;0
2026-08-30 09:57:50;Forte 1;OFFLINE;1;0
2026-08-30 10:57:55;Cepheus-1-108Q;ONLINE;0;0
2026-08-30 10:57:55;Garnet;ONLINE;12;0
2026-08-30 10:57:55;Forte 1;OFFLINE;1;0
2026-08-30 11:58:01;Cepheus-1-108Q;ONLINE;0;0
2026-08-30 11:58:01;Garnet;ONLINE;12;0
2026-08-30 11:58:01;Forte 1;OFFLINE;1;0
2026-08-30 12:58:06;Cepheus-1-108Q;ONLINE;0;0
2026-08-30 12:58:06;Garnet;ONLINE;12;0
2026-08-30 12:58:06;Forte 1;OFFLINE;1;0
2026-08-30 13:58:11;Cepheus-1-108Q;ONLINE;0;0
2026-08-30 13:58:11;Garnet;ONLINE;12;0
2026-08-30 13:58:11;Forte 1;OFFLINE;1;0
2026-08-30 14:58:16;Cepheus-1-108Q;ONLINE;0;0
2026-08-30 14:58:16;Garnet;ONLINE;12;0
2026-08-30 14:58:16;Forte 1;OFFLINE;1;0
2026-08-30 15:58:21;Cepheus-1-108Q;ONLINE;2;0
2026-08-30 15:58:21;Garnet;ONLINE;12;0
2026-08-30 15:58:21;Forte 1;OFFLINE;1;0
2026-08-30 16:58:26;Cepheus-1-108Q;ONLINE;0;0
2026-08-30 16:58:26;Garnet;ONLINE;12;0
2026-08-30 16:58:26;Forte 1;OFFLINE;1;0
2026-08-30 17:58:31;Cepheus-1-108Q;ONLINE;1;0
2026-08-30 17:58:31;Garnet;ONLINE;13;0
2026-08-30 17:58:31;Forte 1;OFFLINE;1;0
2026-08-30 18:58:36;Cepheus-1-108Q;ONLINE;0;0
2026-08-30 18:58:36;Garnet;ONLINE;13;0
2026-08-30 18:58:36;Forte 1;OFFLINE;1;0
2026-08-30 19:58:41;Cepheus-1-108Q;ONLINE;1;0
2026-08-30 19:58:41;Garnet;ONLINE;13;0
2026-08-30 19:58:41;Forte 1;OFFLINE;1;0
2026-08-30 20:58:45;Cepheus-1-108Q;ONLINE;1;0
2026-08-30 20:58:45;Garnet;ONLINE;13;0
2026-08-30 20:58:45;Forte 1;OFFLINE;1;0
2026-08-30 21:58:50;Cepheus-1-108Q;ONLINE;0;0
2026-08-30 21:58:50;Garnet;ONLINE;13;0
2026-08-30 21:58:50;Forte 1;OFFLINE;1;0
2026-08-30 22:58:55;Cepheus-1-108Q;ONLINE;0;0
2026-08-30 22:58:55;Garnet;ONLINE;13;0
2026-08-30 22:58:55;Forte 1;OFFLINE;1;0
2026-08-30 23:59:01;Cepheus-1-108Q;ONLINE;0;0
2026-08-30 23:59:01;Garnet;ONLINE;13;0
2026-08-30 23:59:01;Forte 1;OFFLINE;1;0
2026-08-31 00:59:06;Cepheus-1-108Q;ONLINE;0;0
2026-08-31 00:59:06;Garnet;ONLINE;0;0
2026-08-31 00:59:06;Forte 1;OFFLINE;1;0
2026-08-31 01:59:11;Cepheus-1-108Q;ONLINE;0;0
2026-08-31 01:59:11;Garnet;ONLINE;1;0
2026-08-31 01:59:11;Forte 1;OFFLINE;1;0
2026-08-31 02:59:17;Cepheus-1-108Q;ONLINE;1;0
2026-08-31 02:59:17;Garnet;ONLINE;1;0
2026-08-31 02:59:17;Forte 1;OFFLINE;1;0
2026-08-31 03:59:22;Cepheus-1-108Q;ONLINE;1;0
2026-08-31 03:59:22;Garnet;ONLINE;0;0
2026-08-31 03:59:22;Forte 1;OFFLINE;1;0
2026-08-31 04:59:28;Cepheus-1-108Q;ONLINE;1;0
2026-08-31 04:59:28;Garnet;ONLINE;0;0
2026-08-31 04:59:28;Forte 1;OFFLINE;1;0
2026-08-31 05:59:33;Cepheus-1-108Q;ONLINE;0;0
2026-08-31 05:59:33;Garnet;ONLINE;0;0
2026-08-31 05:59:33;Forte 1;OFFLINE;1;0
2026-08-31 06:59:38;Cepheus-1-108Q;ONLINE;1;0
2026-08-31 06:59:38;Garnet;ONLINE;0;0
2026-08-31 06:59:38;Forte 1;OFFLINE;1;0
2026-08-31 07:59:43;Cepheus-1-108Q;ONLINE;1;0
2026-08-31 07:59:43;Garnet;ONLINE;0;0
2026-08-31 07:59:43;Forte 1;OFFLINE;1;0
2026-08-31 08:59:48;Cepheus-1-108Q;ONLINE;1;0
2026-08-31 08:59:48;Garnet;ONLINE;0;0
2026-08-31 08:59:48;Forte 1;OFFLINE;1;0
2026-08-31 09:59:53;Cepheus-1-108Q;ONLINE;0;0
2026-08-31 09:59:53;Garnet;ONLINE;0;0
2026-08-31 09:59:53;Forte 1;OFFLINE;1;0
2026-08-31 10:59:58;Cepheus-1-108Q;ONLINE;0;0
2026-08-31 10:59:58;Garnet;ONLINE;0;0
2026-08-31 10:59:58;Forte 1;OFFLINE;1;0
2026-08-31 12:00:04;Cepheus-1-108Q;ONLINE;13;0
2026-08-31 12:00:04;Garnet;ONLINE;0;0
2026-08-31 12:00:04;Forte 1;OFFLINE;1;0
2026-08-31 13:00:10;Cepheus-1-108Q;ONLINE;0;0
2026-08-31 13:00:10;Garnet;ONLINE;0;0
2026-08-31 13:00:10;Forte 1;OFFLINE;1;0
2026-08-31 14:00:15;Cepheus-1-108Q;ONLINE;0;0
2026-08-31 14:00:15;Garnet;ONLINE;0;0
2026-08-31 14:00:15;Forte 1;OFFLINE;1;0
2026-08-31 15:00:19;Cepheus-1-108Q;ONLINE;1;0
2026-08-31 15:00:19;Garnet;ONLINE;0;0
2026-08-31 15:00:19;Forte 1;OFFLINE;1;0
2026-08-31 16:00:24;Cepheus-1-108Q;ONLINE;0;0
2026-08-31 16:00:24;Garnet;ONLINE;6;0
2026-08-31 16:00:24;Forte 1;OFFLINE;1;0
2026-08-31 17:00:30;Cepheus-1-108Q;ONLINE;0;0
2026-08-31 17:00:30;Garnet;ONLINE;6;0
2026-08-31 17:00:30;Forte 1;OFFLINE;1;0
2026-08-31 18:00:35;Cepheus-1-108Q;ONLINE;0;0
2026-08-31 18:00:35;Garnet;ONLINE;0;0
2026-08-31 18:00:35;Forte 1;OFFLINE;1;0
2026-08-31 19:00:40;Cepheus-1-108Q;ONLINE;0;0
2026-08-31 19:00:40;Garnet;ONLINE;0;0
2026-08-31 19:00:40;Forte 1;OFFLINE;1;0
2026-08-31 20:00:45;Cepheus-1-108Q;ONLINE;1;0
2026-08-31 20:00:45;Garnet;ONLINE;0;0
2026-08-31 20:00:45;Forte 1;OFFLINE;1;0
2026-08-31 21:00:50;Cepheus-1-108Q;ONLINE;0;0
2026-08-31 21:00:50;Garnet;ONLINE;0;0
2026-08-31 21:00:50;Forte 1;OFFLINE;1;0
2026-08-31 22:00:55;Cepheus-1-108Q;ONLINE;5;0
2026-08-31 22:00:55;Garnet;ONLINE;0;0
2026-08-31 22:00:55;Forte 1;OFFLINE;1;0
2026-08-31 23:01:00;Cepheus-1-108Q;ONLINE;5;0
2026-08-31 23:01:00;Garnet;ONLINE;0;0
2026-08-31 23:01:00;Forte 1;OFFLINE;1;0
2026-09-01 00:01:06;Cepheus-1-108Q;ONLINE;0;0
2026-09-01 00:01:06;Garnet;ONLINE;0;0
2026-09-01 00:01:06;Forte 1;OFFLINE;1;0
2026-09-01 01:01:11;Cepheus-1-108Q;ONLINE;0;0
2026-09-01 01:01:11;Garnet;ONLINE;0;0
2026-09-01 01:01:11;Forte 1;OFFLINE;1;0
2026-09-01 02:01:17;Cepheus-1-108Q;ONLINE;0;0
2026-09-01 02:01:17;Garnet;ONLINE;1;0
2026-09-01 02:01:17;Forte 1;OFFLINE;1;0
2026-09-01 03:01:22;Cepheus-1-108Q;ONLINE;1;0
2026-09-01 03:01:22;Garnet;ONLINE;1;0
2026-09-01 03:01:22;Forte 1;OFFLINE;1;0
2026-09-01 04:01:27;Cepheus-1-108Q;ONLINE;0;0
2026-09-01 04:01:27;Garnet;ONLINE;0;0
2026-09-01 04:01:27;Forte 1;OFFLINE;1;0
2026-09-01 05:01:32;Cepheus-1-108Q;ONLINE;0;0
2026-09-01 05:01:32;Garnet;ONLINE;0;0
2026-09-01 05:01:32;Forte 1;OFFLINE;1;0
2026-09-01 06:01:37;Cepheus-1-108Q;ONLINE;0;0
2026-09-01 06:01:37;Garnet;ONLINE;0;0
2026-09-01 06:01:37;Forte 1;OFFLINE;1;0
2026-09-01 07:01:42;Cepheus-1-108Q;ONLINE;0;0
2026-09-01 07:01:42;Garnet;ONLINE;0;0
2026-09-01 07:01:42;Forte 1;OFFLINE;1;0
2026-09-01 08:01:46;Cepheus-1-108Q;ONLINE;1;0
2026-09-01 08:01:46;Garnet;ONLINE;0;0
2026-09-01 08:01:46;Forte 1;OFFLINE;1;0
2026-09-01 09:01:51;Cepheus-1-108Q;ONLINE;0;0
2026-09-01 09:01:51;Garnet;ONLINE;0;0
2026-09-01 09:01:51;Forte 1;OFFLINE;1;0
2026-09-01 10:01:56;Cepheus-1-108Q;ONLINE;0;0
2026-09-01 10:01:56;Garnet;ONLINE;0;0
2026-09-01 10:01:56;Forte 1;OFFLINE;1;0
2026-09-01 11:02:01;Cepheus-1-108Q;ONLINE;2;0
2026-09-01 11:02:01;Garnet;ONLINE;0;0
2026-09-01 11:02:01;Forte 1;OFFLINE;1;0
2026-09-01 12:02:06;Cepheus-1-108Q;ONLINE;9;0
2026-09-01 12:02:06;Garnet;ONLINE;0;0
2026-09-01 12:02:06;Forte 1;OFFLINE;1;0
2026-09-01 13:02:11;Cepheus-1-108Q;ONLINE;0;0
2026-09-01 13:02:11;Garnet;ONLINE;0;0
2026-09-01 13:02:11;Forte 1;OFFLINE;1;0
2026-09-01 14:02:17;Cepheus-1-108Q;ONLINE;0;0
2026-09-01 14:02:17;Garnet;ONLINE;0;0
2026-09-01 14:02:17;Forte 1;OFFLINE;1;0
2026-09-01 15:02:22;Cepheus-1-108Q;ONLINE;0;0
2026-09-01 15:02:22;Garnet;ONLINE;0;0
2026-09-01 15:02:22;Forte 1;OFFLINE;1;0
2026-09-01 16:02:27;Cepheus-1-108Q;ONLINE;0;0
2026-09-01 16:02:27;Garnet;ONLINE;6;0
2026-09-01 16:02:27;Forte 1;OFFLINE;1;0
2026-09-01 17:02:32;Cepheus-1-108Q;ONLINE;0;0
2026-09-01 17:02:32;Garnet;ONLINE;6;0
2026-09-01 17:02:32;Forte 1;OFFLINE;1;0
2026-09-01 18:02:37;Cepheus-1-108Q;ONLINE;0;0
2026-09-01 18:02:37;Garnet;ONLINE;0;0
2026-09-01 18:02:37;Forte 1;OFFLINE;1;0
2026-09-01 19:02:42;Cepheus-1-108Q;ONLINE;0;0
2026-09-01 19:02:42;Garnet;ONLINE;0;0
2026-09-01 19:02:42;Forte 1;OFFLINE;1;0
2026-09-01 20:02:47;Cepheus-1-108Q;ONLINE;9;0
2026-09-01 20:02:47;Garnet;ONLINE;0;0
2026-09-01 20:02:47;Forte 1;OFFLINE;1;0
2026-09-01 21:02:52;Cepheus-1-108Q;ONLINE;0;0
2026-09-01 21:02:52;Garnet;ONLINE;0;0
2026-09-01 21:02:52;Forte 1;OFFLINE;1;0
2026-09-01 22:02:57;Cepheus-1-108Q;ONLINE;1;0
2026-09-01 22:02:57;Garnet;ONLINE;0;0
2026-09-01 22:02:57;Forte 1;OFFLINE;1;0
2026-09-01 23:03:03;Cepheus-1-108Q;ONLINE;0;0
2026-09-01 23:03:03;Garnet;ONLINE;0;0
2026-09-01 23:03:03;Forte 1;OFFLINE;1;0
2026-09-02 00:03:08;Cepheus-1-108Q;ONLINE;0;0
2026-09-02 00:03:08;Garnet;ONLINE;0;0
2026-09-02 00:03:08;Forte 1;OFFLINE;1;0
2026-09-02 01:03:12;Cepheus-1-108Q;ONLINE;1;0
2026-09-02 01:03:12;Garnet;ONLINE;0;0
2026-09-02 01:03:12;Forte 1;OFFLINE;1;0
2026-09-02 02:03:17;Cepheus-1-108Q;ONLINE;0;0
2026-09-02 02:03:17;Garnet;ONLINE;1;0
2026-09-02 02:03:17;Forte 1;OFFLINE;1;0
2026-09-02 03:03:22;Cepheus-1-108Q;ONLINE;0;0
2026-09-02 03:03:22;Garnet;ONLINE;2;0
2026-09-02 03:03:22;Forte 1;OFFLINE;1;0
2026-09-02 04:03:27;Cepheus-1-108Q;ONLINE;0;0
2026-09-02 04:03:27;Garnet;ONLINE;0;0
2026-09-02 04:03:27;Forte 1;OFFLINE;1;0
2026-09-02 05:03:33;Cepheus-1-108Q;ONLINE;0;0
2026-09-02 05:03:33;Garnet;ONLINE;0;0
2026-09-02 05:03:33;Forte 1;OFFLINE;1;0
2026-09-02 06:03:38;Cepheus-1-108Q;ONLINE;0;0
2026-09-02 06:03:38;Garnet;ONLINE;0;0
2026-09-02 06:03:38;Forte 1;OFFLINE;1;0
2026-09-02 07:03:43;Cepheus-1-108Q;ONLINE;1;0
2026-09-02 07:03:43;Garnet;ONLINE;0;0
2026-09-02 07:03:43;Forte 1;OFFLINE;1;0
2026-09-02 08:03:48;Cepheus-1-108Q;ONLINE;72;0
2026-09-02 08:03:48;Garnet;ONLINE;0;0
2026-09-02 08:03:48;Forte 1;OFFLINE;1;0
2026-09-02 09:03:53;Cepheus-1-108Q;ONLINE;0;0
2026-09-02 09:03:53;Garnet;ONLINE;0;0
2026-09-02 09:03:53;Forte 1;OFFLINE;1;0
2026-09-02 10:03:58;Cepheus-1-108Q;ONLINE;0;0
2026-09-02 10:03:58;Garnet;ONLINE;0;0
2026-09-02 10:03:58;Forte 1;OFFLINE;1;0
2026-09-02 11:04:02;Cepheus-1-108Q;ONLINE;1;0
2026-09-02 11:04:02;Garnet;ONLINE;0;0
2026-09-02 11:04:02;Forte 1;OFFLINE;1;0
2026-09-02 12:04:08;Cepheus-1-108Q;ONLINE;0;0
2026-09-02 12:04:08;Garnet;ONLINE;0;0
2026-09-02 12:04:08;Forte 1;OFFLINE;1;0
2026-09-02 13:04:13;Cepheus-1-108Q;ONLINE;0;0
2026-09-02 13:04:13;Garnet;ONLINE;0;0
2026-09-02 13:04:13;Forte 1;OFFLINE;1;0
2026-09-02 14:04:17;Cepheus-1-108Q;ONLINE;0;0
2026-09-02 14:04:17;Garnet;ONLINE;1;0
2026-09-02 14:04:17;Forte 1;OFFLINE;1;0
2026-09-02 15:04:22;Cepheus-1-108Q;ONLINE;778;0
2026-09-02 15:04:22;Garnet;ONLINE;0;0
2026-09-02 15:04:22;Forte 1;OFFLINE;1;0
2026-09-02 16:04:27;Cepheus-1-108Q;ONLINE;0;0
2026-09-02 16:04:27;Garnet;ONLINE;6;0
2026-09-02 16:04:27;Forte 1;OFFLINE;1;0
2026-09-02 17:04:32;Cepheus-1-108Q;ONLINE;0;0 (1 prioritized hybrid job running)
2026-09-02 17:04:32;Garnet;ONLINE;6;1
2026-09-02 17:04:32;Forte 1;OFFLINE;1;0
2026-09-02 18:04:38;Cepheus-1-108Q;ONLINE;0;0 (1 prioritized hybrid job running)
2026-09-02 18:04:38;Garnet;ONLINE;0;0
2026-09-02 18:04:38;Forte 1;OFFLINE;1;0
2026-09-02 19:04:43;Cepheus-1-108Q;ONLINE;0;0
2026-09-02 19:04:43;Garnet;ONLINE;0;0
2026-09-02 19:04:43;Forte 1;OFFLINE;1;0
2026-09-02 20:04:48;Cepheus-1-108Q;ONLINE;1;0
2026-09-02 20:04:48;Garnet;ONLINE;0;0
2026-09-02 20:04:48;Forte 1;OFFLINE;1;0
2026-09-02 21:04:53;Cepheus-1-108Q;ONLINE;1;0
2026-09-02 21:04:53;Garnet;ONLINE;0;0
2026-09-02 21:04:53;Forte 1;OFFLINE;1;0
2026-09-02 22:04:58;Cepheus-1-108Q;ONLINE;0;0
2026-09-02 22:04:58;Garnet;ONLINE;0;0
2026-09-02 22:04:58;Forte 1;OFFLINE;1;0
2026-09-02 23:05:03;Cepheus-1-108Q;ONLINE;0;0
2026-09-02 23:05:03;Garnet;ONLINE;0;0
2026-09-02 23:05:03;Forte 1;OFFLINE;1;0
2026-09-03 00:05:08;Cepheus-1-108Q;ONLINE;0;0
2026-09-03 00:05:08;Garnet;ONLINE;0;0
2026-09-03 00:05:08;Forte 1;OFFLINE;1;0
2026-09-03 01:05:13;Cepheus-1-108Q;ONLINE;0;0
2026-09-03 01:05:13;Garnet;ONLINE;0;0
2026-09-03 01:05:13;Forte 1;OFFLINE;1;0
2026-09-03 02:05:19;Cepheus-1-108Q;ONLINE;0;0
2026-09-03 02:05:19;Garnet;ONLINE;1;0
2026-09-03 02:05:19;Forte 1;OFFLINE;1;0
2026-09-03 03:05:23;Cepheus-1-108Q;ONLINE;0;0
2026-09-03 03:05:23;Garnet;ONLINE;1;0
2026-09-03 03:05:23;Forte 1;OFFLINE;1;0
2026-09-03 04:05:29;Cepheus-1-108Q;ONLINE;0;0
2026-09-03 04:05:29;Garnet;ONLINE;0;0
2026-09-03 04:05:29;Forte 1;OFFLINE;1;0
2026-09-03 05:05:34;Cepheus-1-108Q;ONLINE;0;0
2026-09-03 05:05:34;Garnet;ONLINE;0;0
2026-09-03 05:05:34;Forte 1;OFFLINE;1;0
2026-09-03 06:05:39;Cepheus-1-108Q;ONLINE;0;0
2026-09-03 06:05:39;Garnet;ONLINE;0;0
2026-09-03 06:05:39;Forte 1;OFFLINE;1;0
2026-09-03 07:05:44;Cepheus-1-108Q;ONLINE;0;0
2026-09-03 07:05:44;Garnet;ONLINE;0;0
2026-09-03 07:05:44;Forte 1;OFFLINE;1;0
2026-09-03 08:05:49;Cepheus-1-108Q;ONLINE;4;0
2026-09-03 08:05:49;Garnet;ONLINE;0;0
2026-09-03 08:05:49;Forte 1;OFFLINE;1;0
2026-09-03 09:05:54;Cepheus-1-108Q;ONLINE;0;0
2026-09-03 09:05:54;Garnet;ONLINE;0;0
2026-09-03 09:05:54;Forte 1;OFFLINE;1;0
2026-09-03 10:05:59;Cepheus-1-108Q;ONLINE;0;0
2026-09-03 10:05:59;Garnet;ONLINE;0;0
2026-09-03 10:05:59;Forte 1;OFFLINE;1;0
2026-09-03 11:06:04;Cepheus-1-108Q;ONLINE;0;0
2026-09-03 11:06:04;Garnet;ONLINE;0;0
2026-09-03 11:06:04;Forte 1;OFFLINE;1;0
2026-09-03 12:06:10;Cepheus-1-108Q;ONLINE;0;0
2026-09-03 12:06:10;Garnet;ONLINE;0;0
2026-09-03 12:06:10;Forte 1;OFFLINE;1;0
2026-09-03 13:06:15;Cepheus-1-108Q;ONLINE;1;0
2026-09-03 13:06:15;Garnet;ONLINE;0;0
2026-09-03 13:06:15;Forte 1;OFFLINE;1;0
2026-09-03 14:06:21;Cepheus-1-108Q;ONLINE;0;0
2026-09-03 14:06:21;Garnet;ONLINE;0;0
2026-09-03 14:06:21;Forte 1;OFFLINE;1;0
2026-09-03 15:06:26;Cepheus-1-108Q;ONLINE;0;0
2026-09-03 15:06:26;Garnet;ONLINE;0;0
2026-09-03 15:06:26;Forte 1;OFFLINE;1;0
2026-09-03 16:06:31;Cepheus-1-108Q;ONLINE;8;0
2026-09-03 16:06:31;Garnet;ONLINE;6;0
2026-09-03 16:06:31;Forte 1;OFFLINE;1;0
2026-09-03 17:06:36;Cepheus-1-108Q;ONLINE;0;0
2026-09-03 17:06:36;Garnet;ONLINE;6;0
2026-09-03 17:06:36;Forte 1;OFFLINE;1;0
2026-09-03 18:06:41;Cepheus-1-108Q;ONLINE;0;0
2026-09-03 18:06:41;Garnet;ONLINE;0;0
2026-09-03 18:06:41;Forte 1;OFFLINE;1;0
2026-09-03 19:06:46;Cepheus-1-108Q;ONLINE;0;0
2026-09-03 19:06:46;Garnet;ONLINE;0;0
2026-09-03 19:06:46;Forte 1;OFFLINE;1;0
2026-09-03 20:06:51;Cepheus-1-108Q;ONLINE;1;0
2026-09-03 20:06:51;Garnet;ONLINE;0;0
2026-09-03 20:06:51;Forte 1;OFFLINE;1;0
2026-09-03 21:06:56;Cepheus-1-108Q;ONLINE;1;0
2026-09-03 21:06:56;Garnet;ONLINE;0;0
2026-09-03 21:06:56;Forte 1;OFFLINE;1;0
2026-09-03 22:07:01;Cepheus-1-108Q;ONLINE;0;0
2026-09-03 22:07:01;Garnet;ONLINE;0;0
2026-09-03 22:07:01;Forte 1;OFFLINE;1;0
2026-09-03 23:07:06;Cepheus-1-108Q;ONLINE;0;0
2026-09-03 23:07:06;Garnet;ONLINE;0;0
2026-09-03 23:07:06;Forte 1;OFFLINE;1;0
2026-09-04 00:07:12;Cepheus-1-108Q;ONLINE;1;0
2026-09-04 00:07:12;Garnet;ONLINE;0;0
2026-09-04 00:07:12;Forte 1;OFFLINE;1;0
2026-09-04 01:07:16;Cepheus-1-108Q;ONLINE;0;0
2026-09-04 01:07:16;Garnet;ONLINE;0;0
2026-09-04 01:07:16;Forte 1;OFFLINE;1;0
2026-09-04 02:07:21;Cepheus-1-108Q;ONLINE;1;0
2026-09-04 02:07:21;Garnet;ONLINE;1;0
2026-09-04 02:07:21;Forte 1;OFFLINE;1;0
2026-09-04 03:07:27;Cepheus-1-108Q;ONLINE;0;0
2026-09-04 03:07:27;Garnet;ONLINE;1;0
2026-09-04 03:07:27;Forte 1;OFFLINE;1;0
2026-09-04 04:07:32;Cepheus-1-108Q;ONLINE;1;0
2026-09-04 04:07:32;Garnet;ONLINE;0;0
2026-09-04 04:07:32;Forte 1;OFFLINE;1;0
2026-09-04 05:07:37;Cepheus-1-108Q;ONLINE;0;0
2026-09-04 05:07:37;Garnet;ONLINE;0;0
2026-09-04 05:07:37;Forte 1;OFFLINE;1;0
2026-09-04 06:07:42;Cepheus-1-108Q;ONLINE;0;0
2026-09-04 06:07:42;Garnet;ONLINE;0;0
2026-09-04 06:07:42;Forte 1;OFFLINE;1;0
2026-09-04 07:07:47;Cepheus-1-108Q;ONLINE;0;0
2026-09-04 07:07:47;Garnet;ONLINE;0;0
2026-09-04 07:07:47;Forte 1;OFFLINE;1;0
2026-09-04 08:07:52;Cepheus-1-108Q;ONLINE;5;0
2026-09-04 08:07:52;Garnet;ONLINE;0;0
2026-09-04 08:07:52;Forte 1;OFFLINE;1;0
2026-09-04 09:07:57;Cepheus-1-108Q;ONLINE;0;0
2026-09-04 09:07:57;Garnet;ONLINE;0;0
2026-09-04 09:07:57;Forte 1;OFFLINE;1;0
2026-09-04 10:08:02;Cepheus-1-108Q;ONLINE;0;0
2026-09-04 10:08:02;Garnet;ONLINE;0;0
2026-09-04 10:08:02;Forte 1;OFFLINE;1;0
2026-09-04 11:08:07;Cepheus-1-108Q;ONLINE;0;0
2026-09-04 11:08:07;Garnet;ONLINE;0;0
2026-09-04 11:08:07;Forte 1;OFFLINE;1;0
2026-09-04 12:08:12;Cepheus-1-108Q;ONLINE;0;0
2026-09-04 12:08:12;Garnet;ONLINE;0;0
2026-09-04 12:08:12;Forte 1;OFFLINE;1;0
2026-09-04 13:08:17;Cepheus-1-108Q;ONLINE;0;0
2026-09-04 13:08:17;Garnet;ONLINE;0;0
2026-09-04 13:08:17;Forte 1;OFFLINE;1;0
2026-09-04 14:08:22;Cepheus-1-108Q;ONLINE;0;0
2026-09-04 14:08:22;Garnet;ONLINE;0;0
2026-09-04 14:08:22;Forte 1;OFFLINE;1;0
2026-09-04 15:08:27;Cepheus-1-108Q;ONLINE;0;0
2026-09-04 15:08:27;Garnet;ONLINE;0;0
2026-09-04 15:08:27;Forte 1;OFFLINE;1;0
2026-09-04 16:08:32;Cepheus-1-108Q;ONLINE;0;0
2026-09-04 16:08:32;Garnet;ONLINE;6;0
2026-09-04 16:08:32;Forte 1;OFFLINE;1;0
2026-09-04 17:08:37;Cepheus-1-108Q;ONLINE;0;0
2026-09-04 17:08:37;Garnet;ONLINE;6;0
2026-09-04 17:08:37;Forte 1;OFFLINE;1;0
2026-09-04 18:08:42;Cepheus-1-108Q;ONLINE;0;0
2026-09-04 18:08:42;Garnet;ONLINE;0;0
2026-09-04 18:08:42;Forte 1;OFFLINE;1;0
2026-09-04 19:08:47;Cepheus-1-108Q;ONLINE;0;0
2026-09-04 19:08:47;Garnet;ONLINE;0;0
2026-09-04 19:08:47;Forte 1;OFFLINE;1;0
2026-09-04 20:08:52;Cepheus-1-108Q;ONLINE;6;0
2026-09-04 20:08:52;Garnet;ONLINE;0;0
2026-09-04 20:08:52;Forte 1;OFFLINE;1;0
2026-09-04 21:08:57;Cepheus-1-108Q;ONLINE;0;0
2026-09-04 21:08:57;Garnet;ONLINE;0;0
2026-09-04 21:08:57;Forte 1;OFFLINE;1;0
2026-09-04 22:09:03;Cepheus-1-108Q;ONLINE;0;0
2026-09-04 22:09:03;Garnet;ONLINE;0;0
2026-09-04 22:09:03;Forte 1;OFFLINE;1;0
2026-09-04 23:09:07;Cepheus-1-108Q;ONLINE;0;0
2026-09-04 23:09:07;Garnet;ONLINE;0;0
2026-09-04 23:09:07;Forte 1;OFFLINE;1;0
2026-09-05 00:09:12;Cepheus-1-108Q;ONLINE;0;0
2026-09-05 00:09:12;Garnet;ONLINE;0;0
2026-09-05 00:09:12;Forte 1;OFFLINE;1;0
2026-09-05 01:09:17;Cepheus-1-108Q;ONLINE;0;0
2026-09-05 01:09:17;Garnet;ONLINE;1;0
2026-09-05 01:09:17;Forte 1;OFFLINE;1;0
2026-09-05 02:09:22;Cepheus-1-108Q;ONLINE;0;0
2026-09-05 02:09:22;Garnet;ONLINE;1;0
2026-09-05 02:09:22;Forte 1;OFFLINE;1;0
2026-09-05 03:09:27;Cepheus-1-108Q;ONLINE;1;0
2026-09-05 03:09:27;Garnet;ONLINE;1;0
2026-09-05 03:09:27;Forte 1;OFFLINE;1;0
2026-09-05 04:09:32;Cepheus-1-108Q;ONLINE;0;0
2026-09-05 04:09:32;Garnet;ONLINE;1;0
2026-09-05 04:09:32;Forte 1;OFFLINE;1;0
2026-09-05 05:09:37;Cepheus-1-108Q;ONLINE;0;0
2026-09-05 05:09:37;Garnet;ONLINE;1;0
2026-09-05 05:09:37;Forte 1;OFFLINE;1;0
2026-09-05 06:09:42;Cepheus-1-108Q;ONLINE;0;0
2026-09-05 06:09:42;Garnet;ONLINE;2;0
2026-09-05 06:09:42;Forte 1;OFFLINE;1;0
2026-09-05 07:09:46;Cepheus-1-108Q;ONLINE;1;0
2026-09-05 07:09:46;Garnet;ONLINE;2;0
2026-09-05 07:09:46;Forte 1;OFFLINE;1;0
2026-09-05 08:09:51;Cepheus-1-108Q;ONLINE;5;0
2026-09-05 08:09:51;Garnet;ONLINE;2;0
2026-09-05 08:09:51;Forte 1;OFFLINE;1;0
2026-09-05 09:09:56;Cepheus-1-108Q;ONLINE;0;0
2026-09-05 09:09:56;Garnet;ONLINE;2;0
2026-09-05 09:09:56;Forte 1;OFFLINE;1;0
2026-09-05 10:10:01;Cepheus-1-108Q;ONLINE;0;0
2026-09-05 10:10:01;Garnet;ONLINE;2;0
2026-09-05 10:10:01;Forte 1;OFFLINE;1;0
2026-09-05 11:10:06;Cepheus-1-108Q;ONLINE;0;0
2026-09-05 11:10:06;Garnet;ONLINE;2;0
2026-09-05 11:10:06;Forte 1;OFFLINE;1;0
2026-09-05 12:10:11;Cepheus-1-108Q;ONLINE;0;0
2026-09-05 12:10:11;Garnet;ONLINE;2;0
2026-09-05 12:10:11;Forte 1;OFFLINE;1;0
2026-09-05 13:10:17;Cepheus-1-108Q;ONLINE;1;0
2026-09-05 13:10:17;Garnet;ONLINE;2;0
2026-09-05 13:10:17;Forte 1;OFFLINE;1;0
2026-09-05 14:10:22;Cepheus-1-108Q;ONLINE;1;0
2026-09-05 14:10:22;Garnet;ONLINE;2;0
2026-09-05 14:10:22;Forte 1;OFFLINE;1;0
2026-09-05 15:10:27;Cepheus-1-108Q;ONLINE;1;0
2026-09-05 15:10:27;Garnet;ONLINE;2;0
2026-09-05 15:10:27;Forte 1;OFFLINE;1;0
2026-09-05 16:10:31;Cepheus-1-108Q;ONLINE;0;0
2026-09-05 16:10:31;Garnet;ONLINE;2;0
2026-09-05 16:10:31;Forte 1;OFFLINE;1;0
2026-09-05 17:10:36;Cepheus-1-108Q;ONLINE;0;0
2026-09-05 17:10:36;Garnet;ONLINE;2;0
2026-09-05 17:10:36;Forte 1;OFFLINE;1;0
2026-09-05 18:10:41;Cepheus-1-108Q;ONLINE;1;0
2026-09-05 18:10:41;Garnet;ONLINE;2;0
2026-09-05 18:10:41;Forte 1;OFFLINE;1;0
2026-09-05 19:10:46;Cepheus-1-108Q;ONLINE;0;0
2026-09-05 19:10:46;Garnet;ONLINE;2;0
2026-09-05 19:10:46;Forte 1;OFFLINE;1;0
2026-09-05 20:10:51;Cepheus-1-108Q;ONLINE;1;0
2026-09-05 20:10:51;Garnet;ONLINE;2;0
2026-09-05 20:10:51;Forte 1;OFFLINE;1;0
2026-09-05 21:10:56;Cepheus-1-108Q;ONLINE;1;0
2026-09-05 21:10:56;Garnet;ONLINE;2;0
2026-09-05 21:10:56;Forte 1;OFFLINE;1;0
2026-09-05 22:11:01;Cepheus-1-108Q;ONLINE;0;0
2026-09-05 22:11:01;Garnet;ONLINE;2;0
2026-09-05 22:11:01;Forte 1;OFFLINE;1;0
2026-09-05 23:11:06;Cepheus-1-108Q;ONLINE;0;0
2026-09-05 23:11:06;Garnet;ONLINE;2;0
2026-09-05 23:11:06;Forte 1;OFFLINE;1;0
2026-09-06 00:11:11;Cepheus-1-108Q;ONLINE;0;0
2026-09-06 00:11:11;Garnet;ONLINE;2;0
2026-09-06 00:11:11;Forte 1;OFFLINE;1;0
2026-09-06 01:11:15;Cepheus-1-108Q;ONLINE;0;0
2026-09-06 01:11:15;Garnet;ONLINE;2;0
2026-09-06 01:11:15;Forte 1;OFFLINE;1;0
2026-09-06 02:11:21;Cepheus-1-108Q;ONLINE;0;0
2026-09-06 02:11:21;Garnet;ONLINE;2;0
2026-09-06 02:11:21;Forte 1;OFFLINE;1;0
2026-09-06 03:11:26;Cepheus-1-108Q;ONLINE;1;0
2026-09-06 03:11:26;Garnet;ONLINE;2;0
2026-09-06 03:11:26;Forte 1;OFFLINE;1;0
2026-09-06 04:11:31;Cepheus-1-108Q;ONLINE;6;0
2026-09-06 04:11:31;Garnet;ONLINE;2;0
2026-09-06 04:11:31;Forte 1;OFFLINE;1;0
2026-09-06 05:11:35;Cepheus-1-108Q;ONLINE;4;0
2026-09-06 05:11:35;Garnet;ONLINE;2;0
2026-09-06 05:11:35;Forte 1;OFFLINE;1;0
2026-09-06 06:11:40;Cepheus-1-108Q;ONLINE;1;0
2026-09-06 06:11:40;Garnet;ONLINE;2;0
2026-09-06 06:11:40;Forte 1;OFFLINE;1;0
2026-09-06 07:11:45;Cepheus-1-108Q;ONLINE;11;0
2026-09-06 07:11:45;Garnet;ONLINE;2;0
2026-09-06 07:11:45;Forte 1;OFFLINE;1;0
2026-09-06 08:11:50;Cepheus-1-108Q;ONLINE;11;0
2026-09-06 08:11:50;Garnet;ONLINE;2;0
2026-09-06 08:11:50;Forte 1;OFFLINE;1;0
2026-09-06 09:11:55;Cepheus-1-108Q;ONLINE;0;0
2026-09-06 09:11:55;Garnet;ONLINE;2;0
2026-09-06 09:11:55;Forte 1;OFFLINE;1;0
2026-09-06 10:12:00;Cepheus-1-108Q;ONLINE;0;0
2026-09-06 10:12:00;Garnet;ONLINE;2;0
2026-09-06 10:12:00;Forte 1;OFFLINE;1;0
2026-09-06 11:12:06;Cepheus-1-108Q;ONLINE;0;0
2026-09-06 11:12:06;Garnet;ONLINE;3;0
2026-09-06 11:12:06;Forte 1;OFFLINE;1;0
2026-09-06 12:12:10;Cepheus-1-108Q;ONLINE;0;0
2026-09-06 12:12:10;Garnet;ONLINE;3;0
2026-09-06 12:12:10;Forte 1;OFFLINE;1;0
2026-09-06 13:12:16;Cepheus-1-108Q;ONLINE;1;0
2026-09-06 13:12:16;Garnet;ONLINE;3;0
2026-09-06 13:12:16;Forte 1;OFFLINE;1;0
2026-09-06 14:12:21;Cepheus-1-108Q;ONLINE;1;0
2026-09-06 14:12:21;Garnet;ONLINE;3;0
2026-09-06 14:12:21;Forte 1;OFFLINE;1;0
2026-09-06 15:12:26;Cepheus-1-108Q;ONLINE;0;0
2026-09-06 15:12:26;Garnet;ONLINE;3;0
2026-09-06 15:12:26;Forte 1;OFFLINE;1;0
2026-09-06 16:12:31;Cepheus-1-108Q;ONLINE;0;0
2026-09-06 16:12:31;Garnet;ONLINE;3;0
2026-09-06 16:12:31;Forte 1;OFFLINE;1;0
2026-09-06 17:12:36;Cepheus-1-108Q;ONLINE;1;0
2026-09-06 17:12:36;Garnet;ONLINE;3;0
2026-09-06 17:12:36;Forte 1;OFFLINE;1;0
2026-09-06 18:12:40;Cepheus-1-108Q;ONLINE;0;0
2026-09-06 18:12:40;Garnet;ONLINE;4;0
2026-09-06 18:12:40;Forte 1;OFFLINE;1;0
2026-09-06 19:12:45;Cepheus-1-108Q;ONLINE;0;0
2026-09-06 19:12:45;Garnet;ONLINE;5;0
2026-09-06 19:12:45;Forte 1;OFFLINE;1;0
2026-09-06 20:12:50;Cepheus-1-108Q;ONLINE;2;0
2026-09-06 20:12:50;Garnet;ONLINE;5;0
2026-09-06 20:12:50;Forte 1;OFFLINE;1;0
2026-09-06 21:12:55;Cepheus-1-108Q;ONLINE;0;0
2026-09-06 21:12:55;Garnet;ONLINE;5;0
2026-09-06 21:12:55;Forte 1;OFFLINE;1;0
2026-09-06 22:13:00;Cepheus-1-108Q;ONLINE;0;0
2026-09-06 22:13:00;Garnet;ONLINE;5;0
2026-09-06 22:13:00;Forte 1;OFFLINE;1;0
2026-09-06 23:13:05;Cepheus-1-108Q;ONLINE;0;0
2026-09-06 23:13:05;Garnet;ONLINE;5;0
2026-09-06 23:13:05;Forte 1;OFFLINE;1;0
2026-09-07 00:13:10;Cepheus-1-108Q;ONLINE;0;0
2026-09-07 00:13:10;Garnet;ONLINE;0;0
2026-09-07 00:13:10;Forte 1;OFFLINE;1;0
2026-09-07 01:13:14;Cepheus-1-108Q;ONLINE;0;0
2026-09-07 01:13:14;Garnet;ONLINE;0;0
2026-09-07 01:13:14;Forte 1;OFFLINE;1;0
2026-09-07 02:13:19;Cepheus-1-108Q;ONLINE;0;0
2026-09-07 02:13:19;Garnet;ONLINE;1;0
2026-09-07 02:13:19;Forte 1;OFFLINE;1;0
2026-09-07 03:13:24;Cepheus-1-108Q;ONLINE;1;0
2026-09-07 03:13:24;Garnet;ONLINE;1;0
2026-09-07 03:13:24;Forte 1;OFFLINE;1;0
2026-09-07 04:13:29;Cepheus-1-108Q;ONLINE;0;0
2026-09-07 04:13:29;Garnet;ONLINE;0;0
2026-09-07 04:13:29;Forte 1;OFFLINE;1;0
2026-09-07 05:13:34;Cepheus-1-108Q;ONLINE;0;0
2026-09-07 05:13:34;Garnet;ONLINE;0;0
2026-09-07 05:13:34;Forte 1;OFFLINE;1;0
2026-09-07 06:13:40;Cepheus-1-108Q;ONLINE;0;0
2026-09-07 06:13:40;Garnet;ONLINE;0;0
2026-09-07 06:13:40;Forte 1;OFFLINE;1;0
2026-09-07 07:13:45;Cepheus-1-108Q;ONLINE;3;0
2026-09-07 07:13:45;Garnet;ONLINE;0;0
2026-09-07 07:13:45;Forte 1;OFFLINE;1;0
2026-09-07 08:13:50;Cepheus-1-108Q;ONLINE;3;0
2026-09-07 08:13:50;Garnet;ONLINE;0;0
2026-09-07 08:13:50;Forte 1;OFFLINE;1;0
2026-09-07 09:13:55;Cepheus-1-108Q;ONLINE;0;0
2026-09-07 09:13:55;Garnet;ONLINE;0;0
2026-09-07 09:13:55;Forte 1;OFFLINE;1;0
2026-09-07 10:14:00;Cepheus-1-108Q;ONLINE;2;0
2026-09-07 10:14:00;Garnet;ONLINE;0;0
2026-09-07 10:14:00;Forte 1;OFFLINE;1;0
2026-09-07 11:14:05;Cepheus-1-108Q;ONLINE;0;0
2026-09-07 11:14:05;Garnet;ONLINE;0;0
2026-09-07 11:14:05;Forte 1;OFFLINE;1;0
2026-09-07 12:14:10;Cepheus-1-108Q;ONLINE;0;0
2026-09-07 12:14:10;Garnet;ONLINE;0;0
2026-09-07 12:14:10;Forte 1;OFFLINE;1;0
2026-09-07 13:14:15;Cepheus-1-108Q;ONLINE;9;0
2026-09-07 13:14:15;Garnet;ONLINE;0;0
2026-09-07 13:14:15;Forte 1;OFFLINE;1;0
2026-09-07 14:14:20;Cepheus-1-108Q;ONLINE;2;0
2026-09-07 14:14:20;Garnet;ONLINE;0;0
2026-09-07 14:14:20;Forte 1;OFFLINE;1;0
2026-09-07 15:14:25;Cepheus-1-108Q;ONLINE;0;0
2026-09-07 15:14:25;Garnet;ONLINE;0;0
2026-09-07 15:14:25;Forte 1;OFFLINE;1;0
2026-09-07 16:14:30;Cepheus-1-108Q;ONLINE;0;0
2026-09-07 16:14:30;Garnet;ONLINE;6;0
2026-09-07 16:14:30;Forte 1;OFFLINE;1;0
2026-09-07 17:14:35;Cepheus-1-108Q;ONLINE;1;0
2026-09-07 17:14:35;Garnet;ONLINE;6;0
2026-09-07 17:14:35;Forte 1;OFFLINE;1;0
2026-09-07 18:14:40;Cepheus-1-108Q;ONLINE;0;0
2026-09-07 18:14:40;Garnet;ONLINE;0;0
2026-09-07 18:14:40;Forte 1;OFFLINE;1;0
2026-09-07 19:14:45;Cepheus-1-108Q;ONLINE;0;0
2026-09-07 19:14:45;Garnet;ONLINE;0;0
2026-09-07 19:14:45;Forte 1;OFFLINE;1;0
2026-09-07 20:14:50;Cepheus-1-108Q;ONLINE;4;0
2026-09-07 20:14:50;Garnet;ONLINE;0;0
2026-09-07 20:14:50;Forte 1;OFFLINE;1;0
2026-09-07 21:14:55;Cepheus-1-108Q;ONLINE;0;0
2026-09-07 21:14:55;Garnet;ONLINE;0;0
2026-09-07 21:14:55;Forte 1;OFFLINE;1;0
2026-09-07 22:15:00;Cepheus-1-108Q;ONLINE;0;0
2026-09-07 22:15:00;Garnet;ONLINE;0;0
2026-09-07 22:15:00;Forte 1;OFFLINE;1;0
2026-09-07 23:15:05;Cepheus-1-108Q;ONLINE;2;0
2026-09-07 23:15:05;Garnet;ONLINE;0;0
2026-09-07 23:15:05;Forte 1;OFFLINE;1;0
2026-09-08 00:15:10;Cepheus-1-108Q;ONLINE;0;0
2026-09-08 00:15:10;Garnet;ONLINE;0;0
2026-09-08 00:15:10;Forte 1;OFFLINE;1;0
2026-09-08 01:15:15;Cepheus-1-108Q;ONLINE;0;0
2026-09-08 01:15:15;Garnet;ONLINE;0;0
2026-09-08 01:15:15;Forte 1;OFFLINE;1;0
2026-09-08 02:15:20;Cepheus-1-108Q;ONLINE;2;0 (1 prioritized hybrid job running)
2026-09-08 02:15:20;Garnet;ONLINE;1;0
2026-09-08 02:15:20;Forte 1;OFFLINE;1;0
2026-09-08 03:15:25;Cepheus-1-108Q;ONLINE;0;0
2026-09-08 03:15:25;Garnet;ONLINE;2;0
2026-09-08 03:15:25;Forte 1;OFFLINE;1;0
2026-09-08 04:15:30;Cepheus-1-108Q;ONLINE;1;0
2026-09-08 04:15:30;Garnet;ONLINE;0;0
2026-09-08 04:15:30;Forte 1;OFFLINE;1;0
2026-09-08 05:15:35;Cepheus-1-108Q;ONLINE;2;0
2026-09-08 05:15:35;Garnet;ONLINE;0;0
2026-09-08 05:15:35;Forte 1;OFFLINE;1;0
2026-09-08 06:15:40;Cepheus-1-108Q;ONLINE;3;0
2026-09-08 06:15:40;Garnet;ONLINE;0;0
2026-09-08 06:15:40;Forte 1;OFFLINE;1;0
2026-09-08 07:15:45;Cepheus-1-108Q;ONLINE;2;0
2026-09-08 07:15:45;Garnet;ONLINE;0;0
2026-09-08 07:15:45;Forte 1;OFFLINE;1;0
2026-09-08 08:15:50;Cepheus-1-108Q;ONLINE;7;0
2026-09-08 08:15:50;Garnet;ONLINE;0;0
2026-09-08 08:15:50;Forte 1;OFFLINE;1;0
2026-09-08 09:15:55;Cepheus-1-108Q;ONLINE;0;0
2026-09-08 09:15:55;Garnet;ONLINE;0;0
2026-09-08 09:15:55;Forte 1;OFFLINE;1;0
2026-09-08 10:16:00;Cepheus-1-108Q;ONLINE;2;0
2026-09-08 10:16:00;Garnet;ONLINE;0;0
2026-09-08 10:16:00;Forte 1;OFFLINE;1;0
2026-09-08 11:16:05;Cepheus-1-108Q;ONLINE;1;0
2026-09-08 11:16:05;Garnet;ONLINE;0;0
2026-09-08 11:16:05;Forte 1;OFFLINE;1;0
2026-09-08 12:16:10;Cepheus-1-108Q;ONLINE;0;0
2026-09-08 12:16:10;Garnet;ONLINE;0;0
2026-09-08 12:16:10;Forte 1;OFFLINE;1;0
2026-09-08 13:16:15;Cepheus-1-108Q;ONLINE;1;0
2026-09-08 13:16:15;Garnet;ONLINE;0;0
2026-09-08 13:16:15;Forte 1;OFFLINE;1;0
2026-09-08 14:16:20;Cepheus-1-108Q;ONLINE;1;0 (1 prioritized hybrid job running)
2026-09-08 14:16:20;Garnet;ONLINE;1;0
2026-09-08 14:16:20;Forte 1;OFFLINE;1;0
2026-09-08 15:16:25;Cepheus-1-108Q;ONLINE;2;0 (1 prioritized hybrid job running)
2026-09-08 15:16:25;Garnet;ONLINE;0;0
2026-09-08 15:16:25;Forte 1;OFFLINE;1;0
2026-09-08 16:16:30;Cepheus-1-108Q;ONLINE;11;0 (1 prioritized hybrid job running)
2026-09-08 16:16:30;Garnet;ONLINE;6;0
2026-09-08 16:16:30;Forte 1;OFFLINE;1;0
2026-09-08 17:16:35;Cepheus-1-108Q;ONLINE;11;0 (1 prioritized hybrid job running)
2026-09-08 17:16:35;Garnet;ONLINE;0;0
2026-09-08 17:16:35;Forte 1;OFFLINE;1;0
2026-09-08 18:16:40;Cepheus-1-108Q;ONLINE;0;0
2026-09-08 18:16:40;Garnet;ONLINE;0;0
2026-09-08 18:16:40;Forte 1;OFFLINE;1;0
2026-09-08 19:16:45;Cepheus-1-108Q;ONLINE;0;0
2026-09-08 19:16:45;Garnet;ONLINE;0;0
2026-09-08 19:16:45;Forte 1;OFFLINE;1;0
2026-09-08 20:16:50;Cepheus-1-108Q;ONLINE;1;0
2026-09-08 20:16:50;Garnet;ONLINE;0;0
2026-09-08 20:16:50;Forte 1;OFFLINE;1;0
2026-09-08 21:16:55;Cepheus-1-108Q;ONLINE;3;0
2026-09-08 21:16:55;Garnet;ONLINE;0;0
2026-09-08 21:16:55;Forte 1;OFFLINE;1;0
2026-09-08 22:17:00;Cepheus-1-108Q;ONLINE;0;0
2026-09-08 22:17:00;Garnet;ONLINE;0;0
2026-09-08 22:17:00;Forte 1;OFFLINE;1;0
2026-09-08 23:17:05;Cepheus-1-108Q;ONLINE;2;0
2026-09-08 23:17:05;Garnet;ONLINE;0;0
2026-09-08 23:17:05;Forte 1;OFFLINE;1;0
2026-09-09 00:17:10;Cepheus-1-108Q;ONLINE;1;0 (1 prioritized hybrid job running)
2026-09-09 00:17:10;Garnet;ONLINE;0;0
2026-09-09 00:17:10;Forte 1;OFFLINE;1;0
2026-09-09 01:17:15;Cepheus-1-108Q;ONLINE;0;0
2026-09-09 01:17:15;Garnet;ONLINE;0;0
2026-09-09 01:17:15;Forte 1;OFFLINE;1;0
2026-09-09 02:17:20;Cepheus-1-108Q;ONLINE;0;0
2026-09-09 02:17:20;Garnet;ONLINE;2;0
2026-09-09 02:17:20;Forte 1;OFFLINE;1;0
2026-09-09 03:17:25;Cepheus-1-108Q;ONLINE;2;0 (1 prioritized hybrid job running)
2026-09-09 03:17:25;Garnet;ONLINE;2;0
2026-09-09 03:17:25;Forte 1;OFFLINE;1;0
2026-09-09 04:17:30;Cepheus-1-108Q;ONLINE;0;0 (1 prioritized hybrid job running)
2026-09-09 04:17:30;Garnet;ONLINE;0;0
2026-09-09 04:17:30;Forte 1;OFFLINE;1;0
2026-09-09 05:17:35;Cepheus-1-108Q;ONLINE;5;0 (1 prioritized hybrid job running)
2026-09-09 05:17:35;Garnet;ONLINE;0;0
2026-09-09 05:17:35;Forte 1;OFFLINE;1;0
2026-09-09 06:17:40;Cepheus-1-108Q;ONLINE;0;0 (1 prioritized hybrid job running)
2026-09-09 06:17:40;Garnet;ONLINE;0;0
2026-09-09 06:17:40;Forte 1;OFFLINE;1;0
2026-09-09 07:17:45;Cepheus-1-108Q;ONLINE;0;0 (1 prioritized hybrid job running)
2026-09-09 07:17:45;Garnet;ONLINE;0;0
2026-09-09 07:17:45;Forte 1;OFFLINE;1;0
2026-09-09 08:17:50;Cepheus-1-108Q;ONLINE;1;0 (1 prioritized hybrid job running)
2026-09-09 08:17:50;Garnet;ONLINE;0;0
2026-09-09 08:17:50;Forte 1;OFFLINE;1;0
2026-09-09 09:17:55;Cepheus-1-108Q;ONLINE;1;0 (1 prioritized hybrid job running)
2026-09-09 09:17:55;Garnet;ONLINE;0;0
2026-09-09 09:17:55;Forte 1;OFFLINE;1;0
2026-09-09 10:18:00;Cepheus-1-108Q;ONLINE;4;0
2026-09-09 10:18:00;Garnet;ONLINE;0;0
2026-09-09 10:18:00;Forte 1;OFFLINE;1;0
2026-09-09 11:18:05;Cepheus-1-108Q;ONLINE;0;0 (1 prioritized hybrid job running)
2026-09-09 11:18:05;Garnet;ONLINE;0;0
2026-09-09 11:18:05;Forte 1;OFFLINE;1;0
2026-09-09 12:18:10;Cepheus-1-108Q;ONLINE;151;0 (1 prioritized hybrid job running)
2026-09-09 12:18:10;Garnet;ONLINE;0;0
2026-09-09 12:18:10;Forte 1;OFFLINE;1;0
2026-09-09 13:18:15;Cepheus-1-108Q;ONLINE;0;0 (1 prioritized hybrid job running)
2026-09-09 13:18:15;Garnet;ONLINE;0;0
2026-09-09 13:18:15;Forte 1;OFFLINE;1;0
2026-09-09 14:18:20;Cepheus-1-108Q;ONLINE;3;0 (1 prioritized hybrid job running)
2026-09-09 14:18:20;Garnet;ONLINE;0;0
2026-09-09 14:18:20;Forte 1;OFFLINE;1;0
2026-09-09 15:18:25;Cepheus-1-108Q;ONLINE;5;0 (1 prioritized hybrid job running)
2026-09-09 15:18:25;Garnet;ONLINE;0;0
2026-09-09 15:18:25;Forte 1;OFFLINE;1;0
2026-09-09 16:18:30;Cepheus-1-108Q;ONLINE;0;0
2026-09-09 16:18:30;Garnet;ONLINE;6;0
2026-09-09 16:18:30;Forte 1;OFFLINE;1;0
2026-09-09 17:18:35;Cepheus-1-108Q;ONLINE;1;0
2026-09-09 17:18:35;Garnet;ONLINE;0;0
2026-09-09 17:18:35;Forte 1;OFFLINE;1;0
2026-09-09 18:18:40;Cepheus-1-108Q;ONLINE;0;0
2026-09-09 18:18:40;Garnet;ONLINE;1;0
2026-09-09 18:18:40;Forte 1;OFFLINE;1;0
2026-09-09 19:18:45;Cepheus-1-108Q;ONLINE;37;0
2026-09-09 19:18:45;Garnet;ONLINE;0;0
2026-09-09 19:18:45;Forte 1;OFFLINE;1;0
2026-09-09 20:18:50;Cepheus-1-108Q;ONLINE;39;0
2026-09-09 20:18:50;Garnet;ONLINE;0;0
2026-09-09 20:18:50;Forte 1;OFFLINE;1;0
2026-09-09 21:18:55;Cepheus-1-108Q;ONLINE;0;0
2026-09-09 21:18:55;Garnet;ONLINE;0;0
2026-09-09 21:18:55;Forte 1;OFFLINE;1;0
2026-09-09 22:19:00;Cepheus-1-108Q;ONLINE;0;0
2026-09-09 22:19:00;Garnet;ONLINE;0;0
2026-09-09 22:19:00;Forte 1;OFFLINE;1;0
2026-09-09 23:19:05;Cepheus-1-108Q;ONLINE;0;0
2026-09-09 23:19:05;Garnet;ONLINE;0;0
2026-09-09 23:19:05;Forte 1;OFFLINE;1;0
2026-09-10 00:19:10;Cepheus-1-108Q;ONLINE;0;0
2026-09-10 00:19:10;Garnet;ONLINE;0;0
2026-09-10 00:19:10;Forte 1;OFFLINE;1;0
2026-09-10 01:19:16;Cepheus-1-108Q;ONLINE;0;0 (1 prioritized hybrid job running)
2026-09-10 01:19:16;Garnet;ONLINE;0;0
2026-09-10 01:19:16;Forte 1;OFFLINE;1;0
2026-09-10 02:19:21;Cepheus-1-108Q;ONLINE;1;0 (1 prioritized hybrid job running)
2026-09-10 02:19:21;Garnet;ONLINE;1;0
2026-09-10 02:19:21;Forte 1;OFFLINE;1;0
2026-09-10 03:19:26;Cepheus-1-108Q;ONLINE;1;0 (1 prioritized hybrid job running)
2026-09-10 03:19:26;Garnet;ONLINE;0;0
2026-09-10 03:19:26;Forte 1;OFFLINE;1;0
2026-09-10 04:19:31;Cepheus-1-108Q;ONLINE;0;0
2026-09-10 04:19:31;Garnet;ONLINE;0;0
2026-09-10 04:19:31;Forte 1;OFFLINE;1;0
2026-09-10 05:19:36;Cepheus-1-108Q;ONLINE;5;0 (1 prioritized hybrid job running)
2026-09-10 05:19:36;Garnet;ONLINE;0;0
2026-09-10 05:19:36;Forte 1;OFFLINE;1;0
2026-09-10 06:19:41;Cepheus-1-108Q;ONLINE;6;0
2026-09-10 06:19:41;Garnet;ONLINE;0;0
2026-09-10 06:19:41;Forte 1;OFFLINE;1;0
2026-09-10 07:19:46;Cepheus-1-108Q;ONLINE;97;0 (1 prioritized hybrid job running)
2026-09-10 07:19:46;Garnet;ONLINE;0;0
2026-09-10 07:19:46;Forte 1;OFFLINE;1;0
2026-09-10 08:19:51;Cepheus-1-108Q;ONLINE;98;0 (1 prioritized hybrid job running)
2026-09-10 08:19:51;Garnet;ONLINE;0;0
2026-09-10 08:19:51;Forte 1;OFFLINE;1;0
2026-09-10 09:19:55;Cepheus-1-108Q;ONLINE;3;0 (1 prioritized hybrid job running)
2026-09-10 09:19:55;Garnet;ONLINE;0;0
2026-09-10 09:19:55;Forte 1;OFFLINE;1;0
2026-09-10 10:20:00;Cepheus-1-108Q;ONLINE;12;0 (1 prioritized hybrid job running)
2026-09-10 10:20:00;Garnet;ONLINE;0;0
2026-09-10 10:20:00;Forte 1;OFFLINE;1;0
2026-09-10 11:20:05;Cepheus-1-108Q;ONLINE;14;0 (1 prioritized hybrid job running)
2026-09-10 11:20:05;Garnet;ONLINE;0;0
2026-09-10 11:20:05;Forte 1;OFFLINE;1;0
2026-09-10 12:20:11;Cepheus-1-108Q;ONLINE;0;0
2026-09-10 12:20:11;Garnet;ONLINE;1;0
2026-09-10 12:20:11;Forte 1;OFFLINE;1;0
2026-09-10 13:20:16;Cepheus-1-108Q;ONLINE;88;0 (1 prioritized hybrid job running)
2026-09-10 13:20:16;Garnet;ONLINE;0;0
2026-09-10 13:20:16;Forte 1;OFFLINE;1;0
2026-09-10 14:20:21;Cepheus-1-108Q;ONLINE;2;0 (1 prioritized hybrid job running)
2026-09-10 14:20:21;Garnet;ONLINE;0;0
2026-09-10 14:20:21;Forte 1;OFFLINE;1;0
2026-09-10 15:20:26;Cepheus-1-108Q;ONLINE;2;0 (1 prioritized hybrid job running)
2026-09-10 15:20:26;Garnet;ONLINE;0;0
2026-09-10 15:20:26;Forte 1;OFFLINE;1;0
2026-09-10 16:20:31;Cepheus-1-108Q;ONLINE;12;0 (1 prioritized hybrid job running)
2026-09-10 16:20:31;Garnet;ONLINE;6;0
2026-09-10 16:20:31;Forte 1;OFFLINE;1;0
2026-09-10 17:20:35;Cepheus-1-108Q;ONLINE;13;0 (1 prioritized hybrid job running)
2026-09-10 17:20:35;Garnet;ONLINE;0;0
2026-09-10 17:20:35;Forte 1;OFFLINE;1;0
2026-09-10 18:20:40;Cepheus-1-108Q;ONLINE;12;0 (1 prioritized hybrid job running)
2026-09-10 18:20:40;Garnet;ONLINE;0;0
2026-09-10 18:20:40;Forte 1;OFFLINE;1;0
2026-09-10 19:20:45;Cepheus-1-108Q;ONLINE;13;0
2026-09-10 19:20:45;Garnet;ONLINE;0;0
2026-09-10 19:20:45;Forte 1;OFFLINE;1;0
2026-09-10 20:20:50;Cepheus-1-108Q;ONLINE;15;0
2026-09-10 20:20:50;Garnet;ONLINE;0;0
2026-09-10 20:20:50;Forte 1;OFFLINE;1;0
2026-09-10 21:20:55;Cepheus-1-108Q;ONLINE;0;0
2026-09-10 21:20:55;Garnet;ONLINE;0;0
2026-09-10 21:20:55;Forte 1;OFFLINE;1;0
2026-09-10 22:21:00;Cepheus-1-108Q;ONLINE;0;0
2026-09-10 22:21:00;Garnet;ONLINE;0;0
2026-09-10 22:21:00;Forte 1;OFFLINE;1;0
2026-09-10 23:21:05;Cepheus-1-108Q;ONLINE;0;0
2026-09-10 23:21:05;Garnet;ONLINE;0;0
2026-09-10 23:21:05;Forte 1;OFFLINE;1;0
2026-09-11 00:21:10;Cepheus-1-108Q;ONLINE;0;0
2026-09-11 00:21:10;Garnet;ONLINE;0;0
2026-09-11 00:21:10;Forte 1;OFFLINE;1;0
2026-09-11 01:21:15;Cepheus-1-108Q;ONLINE;0;0 (1 prioritized hybrid job running)
2026-09-11 01:21:15;Garnet;ONLINE;0;0
2026-09-11 01:21:15;Forte 1;OFFLINE;1;0
2026-09-11 02:21:20;Cepheus-1-108Q;ONLINE;1;0 (1 prioritized hybrid job running)
2026-09-11 02:21:20;Garnet;ONLINE;1;0
2026-09-11 02:21:20;Forte 1;OFFLINE;1;0
2026-09-11 03:21:25;Cepheus-1-108Q;ONLINE;0;0 (1 prioritized hybrid job running)
2026-09-11 03:21:25;Garnet;ONLINE;0;0
2026-09-11 03:21:25;Forte 1;OFFLINE;1;0
2026-09-11 04:21:30;Cepheus-1-108Q;ONLINE;3;0 (1 prioritized hybrid job running)
2026-09-11 04:21:30;Garnet;ONLINE;0;0
2026-09-11 04:21:30;Forte 1;OFFLINE;1;0
2026-09-11 05:21:35;Cepheus-1-108Q;ONLINE;16;0 (1 prioritized hybrid job running)
2026-09-11 05:21:35;Garnet;ONLINE;0;0
2026-09-11 05:21:35;Forte 1;OFFLINE;1;0
2026-09-11 06:21:40;Cepheus-1-108Q;ONLINE;21;0 (1 prioritized hybrid job running)
2026-09-11 06:21:40;Garnet;ONLINE;0;0
2026-09-11 06:21:40;Forte 1;OFFLINE;1;0
2026-09-11 07:21:46;Cepheus-1-108Q;ONLINE;1;0
2026-09-11 07:21:46;Garnet;ONLINE;0;0
2026-09-11 07:21:46;Forte 1;OFFLINE;1;0
2026-09-11 08:21:50;Cepheus-1-108Q;ONLINE;3;0
2026-09-11 08:21:50;Garnet;ONLINE;1;0
2026-09-11 08:21:50;Forte 1;OFFLINE;1;0
2026-09-11 09:21:55;Cepheus-1-108Q;ONLINE;0;0 (1 prioritized hybrid job running)
2026-09-11 09:21:55;Garnet;ONLINE;0;0
2026-09-11 09:21:55;Forte 1;OFFLINE;1;0
2026-09-11 10:22:01;Cepheus-1-108Q;ONLINE;4;0 (1 prioritized hybrid job running)
2026-09-11 10:22:01;Garnet;ONLINE;0;0
2026-09-11 10:22:01;Forte 1;OFFLINE;1;0
2026-09-11 11:22:06;Cepheus-1-108Q;ONLINE;0;0 (1 prioritized hybrid job running)
2026-09-11 11:22:06;Garnet;ONLINE;0;0
2026-09-11 11:22:06;Forte 1;OFFLINE;1;0
2026-09-11 12:22:11;Cepheus-1-108Q;ONLINE;13;0 (1 prioritized hybrid job running)
2026-09-11 12:22:11;Garnet;ONLINE;0;0
2026-09-11 12:22:11;Forte 1;OFFLINE;1;0
2026-09-11 13:22:16;Cepheus-1-108Q;ONLINE;14;0 (1 prioritized hybrid job running)
2026-09-11 13:22:16;Garnet;ONLINE;0;0
2026-09-11 13:22:16;Forte 1;OFFLINE;1;0
2026-09-11 14:22:21;Cepheus-1-108Q;ONLINE;1;0 (1 prioritized hybrid job running)
2026-09-11 14:22:21;Garnet;ONLINE;0;0
2026-09-11 14:22:21;Forte 1;OFFLINE;1;0
2026-09-11 15:22:26;Cepheus-1-108Q;ONLINE;1;0 (1 prioritized hybrid job running)
2026-09-11 15:22:26;Garnet;ONLINE;0;0
2026-09-11 15:22:26;Forte 1;OFFLINE;1;0
2026-09-11 16:22:31;Cepheus-1-108Q;ONLINE;1;0 (1 prioritized hybrid job running)
2026-09-11 16:22:31;Garnet;ONLINE;6;0
2026-09-11 16:22:31;Forte 1;OFFLINE;1;0
2026-09-11 17:22:36;Cepheus-1-108Q;ONLINE;1;0 (1 prioritized hybrid job running)
2026-09-11 17:22:36;Garnet;ONLINE;0;0
2026-09-11 17:22:36;Forte 1;OFFLINE;1;0
2026-09-11 18:22:41;Cepheus-1-108Q;ONLINE;1;0
2026-09-11 18:22:41;Garnet;ONLINE;0;0
2026-09-11 18:22:41;Forte 1;OFFLINE;1;0
2026-09-11 19:22:46;Cepheus-1-108Q;ONLINE;2;0
2026-09-11 19:22:46;Garnet;ONLINE;0;0
2026-09-11 19:22:46;Forte 1;OFFLINE;1;0
2026-09-11 20:22:51;Cepheus-1-108Q;ONLINE;2;0
2026-09-11 20:22:51;Garnet;ONLINE;0;0
2026-09-11 20:22:51;Forte 1;OFFLINE;1;0
2026-09-11 21:22:56;Cepheus-1-108Q;ONLINE;0;0
2026-09-11 21:22:56;Garnet;ONLINE;0;0
2026-09-11 21:22:56;Forte 1;OFFLINE;1;0
2026-09-11 22:23:01;Cepheus-1-108Q;ONLINE;0;0
2026-09-11 22:23:01;Garnet;ONLINE;0;0
2026-09-11 22:23:01;Forte 1;OFFLINE;1;0
2026-09-11 23:23:06;Cepheus-1-108Q;ONLINE;0;0
2026-09-11 23:23:06;Garnet;ONLINE;0;0
2026-09-11 23:23:06;Forte 1;OFFLINE;1;0
2026-09-12 00:23:11;Cepheus-1-108Q;ONLINE;0;0
2026-09-12 00:23:11;Garnet;ONLINE;1;0
2026-09-12 00:23:11;Forte 1;OFFLINE;1;0
2026-09-12 01:23:16;Cepheus-1-108Q;ONLINE;0;0
2026-09-12 01:23:16;Garnet;ONLINE;1;0
2026-09-12 01:23:16;Forte 1;OFFLINE;1;0
2026-09-12 02:23:21;Cepheus-1-108Q;ONLINE;0;0
2026-09-12 02:23:21;Garnet;ONLINE;1;0
2026-09-12 02:23:21;Forte 1;OFFLINE;1;0
2026-09-12 03:23:27;Cepheus-1-108Q;ONLINE;1;0
2026-09-12 03:23:27;Garnet;ONLINE;1;0
2026-09-12 03:23:27;Forte 1;OFFLINE;1;0
2026-09-12 04:23:32;Cepheus-1-108Q;ONLINE;1;0 (1 prioritized hybrid job running)
2026-09-12 04:23:32;Garnet;ONLINE;1;0
2026-09-12 04:23:32;Forte 1;OFFLINE;1;0
2026-09-12 05:23:37;Cepheus-1-108Q;ONLINE;7;0 (1 prioritized hybrid job running)
2026-09-12 05:23:37;Garnet;ONLINE;1;0
2026-09-12 05:23:37;Forte 1;OFFLINE;1;0
2026-09-12 06:23:42;Cepheus-1-108Q;ONLINE;0;0 (1 prioritized hybrid job running)
2026-09-12 06:23:42;Garnet;ONLINE;2;0
2026-09-12 06:23:42;Forte 1;OFFLINE;1;0
2026-09-12 07:23:47;Cepheus-1-108Q;ONLINE;2;0 (1 prioritized hybrid job running)
2026-09-12 07:23:47;Garnet;ONLINE;3;0
2026-09-12 07:23:47;Forte 1;OFFLINE;1;0
2026-09-12 08:23:53;Cepheus-1-108Q;ONLINE;3;0 (1 prioritized hybrid job running)
2026-09-12 08:23:53;Garnet;ONLINE;3;0
2026-09-12 08:23:53;Forte 1;OFFLINE;1;0
2026-09-12 09:23:58;Cepheus-1-108Q;ONLINE;2;0 (1 prioritized hybrid job running)
2026-09-12 09:23:58;Garnet;ONLINE;3;0
2026-09-12 09:23:58;Forte 1;OFFLINE;1;0
2026-09-12 10:24:03;Cepheus-1-108Q;ONLINE;3;0 (1 prioritized hybrid job running)
2026-09-12 10:24:03;Garnet;ONLINE;3;0
2026-09-12 10:24:03;Forte 1;OFFLINE;1;0
2026-09-12 11:24:08;Cepheus-1-108Q;ONLINE;2;0 (1 prioritized hybrid job running)
2026-09-12 11:24:08;Garnet;ONLINE;3;0
2026-09-12 11:24:08;Forte 1;OFFLINE;1;0
2026-09-12 12:24:14;Cepheus-1-108Q;ONLINE;2;0 (1 prioritized hybrid job running)
2026-09-12 12:24:14;Garnet;ONLINE;3;0
2026-09-12 12:24:14;Forte 1;OFFLINE;1;0
2026-09-12 13:24:19;Cepheus-1-108Q;ONLINE;2;0 (1 prioritized hybrid job running)
2026-09-12 13:24:19;Garnet;ONLINE;3;0
2026-09-12 13:24:19;Forte 1;OFFLINE;1;0
2026-09-12 14:24:24;Cepheus-1-108Q;ONLINE;1;0 (1 prioritized hybrid job running)
2026-09-12 14:24:24;Garnet;ONLINE;3;0
2026-09-12 14:24:24;Forte 1;OFFLINE;1;0
2026-09-12 15:24:29;Cepheus-1-108Q;ONLINE;3;0 (1 prioritized hybrid job running)
2026-09-12 15:24:29;Garnet;ONLINE;3;0
2026-09-12 15:24:29;Forte 1;OFFLINE;1;0
2026-09-12 16:24:34;Cepheus-1-108Q;ONLINE;1;0 (1 prioritized hybrid job running)
2026-09-12 16:24:34;Garnet;ONLINE;3;0
2026-09-12 16:24:34;Forte 1;OFFLINE;1;0
2026-09-12 17:24:39;Cepheus-1-108Q;ONLINE;10;0 (1 prioritized hybrid job running)
2026-09-12 17:24:39;Garnet;ONLINE;3;0
2026-09-12 17:24:39;Forte 1;OFFLINE;1;0
2026-09-12 18:24:44;Cepheus-1-108Q;ONLINE;11;0 (1 prioritized hybrid job running)
2026-09-12 18:24:44;Garnet;ONLINE;4;0
2026-09-12 18:24:44;Forte 1;OFFLINE;1;0
2026-09-12 19:24:49;Cepheus-1-108Q;ONLINE;11;0 (1 prioritized hybrid job running)
2026-09-12 19:24:49;Garnet;ONLINE;4;0
2026-09-12 19:24:49;Forte 1;OFFLINE;1;0
2026-09-12 20:24:54;Cepheus-1-108Q;ONLINE;13;0 (1 prioritized hybrid job running)
2026-09-12 20:24:54;Garnet;ONLINE;5;0
2026-09-12 20:24:54;Forte 1;OFFLINE;1;0
2026-09-12 21:24:59;Cepheus-1-108Q;ONLINE;2;0 (1 prioritized hybrid job running)
2026-09-12 21:24:59;Garnet;ONLINE;5;0
2026-09-12 21:24:59;Forte 1;OFFLINE;1;0
2026-09-12 22:25:04;Cepheus-1-108Q;ONLINE;2;0 (1 prioritized hybrid job running)
2026-09-12 22:25:04;Garnet;ONLINE;5;0
2026-09-12 22:25:04;Forte 1;OFFLINE;1;0
2026-09-12 23:25:09;Cepheus-1-108Q;ONLINE;2;0 (1 prioritized hybrid job running)
2026-09-12 23:25:09;Garnet;ONLINE;5;0
2026-09-12 23:25:09;Forte 1;OFFLINE;1;0
2026-09-13 00:25:14;Cepheus-1-108Q;ONLINE;2;0 (1 prioritized hybrid job running)
2026-09-13 00:25:14;Garnet;ONLINE;5;0
2026-09-13 00:25:14;Forte 1;OFFLINE;1;0
2026-09-13 01:25:19;Cepheus-1-108Q;ONLINE;2;0 (1 prioritized hybrid job running)
2026-09-13 01:25:19;Garnet;ONLINE;5;0
2026-09-13 01:25:19;Forte 1;OFFLINE;1;0
2026-09-13 02:25:24;Cepheus-1-108Q;ONLINE;2;0 (1 prioritized hybrid job running)
2026-09-13 02:25:24;Garnet;ONLINE;5;0
2026-09-13 02:25:24;Forte 1;OFFLINE;1;0
2026-09-13 03:25:29;Cepheus-1-108Q;ONLINE;12;0 (1 prioritized hybrid job running)
2026-09-13 03:25:29;Garnet;ONLINE;5;0
2026-09-13 03:25:29;Forte 1;OFFLINE;1;0
2026-09-13 04:25:34;Cepheus-1-108Q;ONLINE;0;0
2026-09-13 04:25:34;Garnet;ONLINE;5;0
2026-09-13 04:25:34;Forte 1;OFFLINE;1;0
2026-09-13 05:25:40;Cepheus-1-108Q;ONLINE;5;0 (1 prioritized hybrid job running)
2026-09-13 05:25:40;Garnet;ONLINE;5;0
2026-09-13 05:25:40;Forte 1;OFFLINE;1;0
2026-09-13 06:25:45;Cepheus-1-108Q;ONLINE;5;0 (1 prioritized hybrid job running)
2026-09-13 06:25:45;Garnet;ONLINE;5;0
2026-09-13 06:25:45;Forte 1;OFFLINE;1;0
2026-09-13 07:25:50;Cepheus-1-108Q;ONLINE;5;0 (1 prioritized hybrid job running)
2026-09-13 07:25:50;Garnet;ONLINE;5;0
2026-09-13 07:25:50;Forte 1;OFFLINE;1;0
2026-09-13 08:25:55;Cepheus-1-108Q;ONLINE;5;0 (1 prioritized hybrid job running)
2026-09-13 08:25:55;Garnet;ONLINE;5;0
2026-09-13 08:25:55;Forte 1;OFFLINE;1;0
2026-09-13 09:26:00;Cepheus-1-108Q;ONLINE;0;0 (1 prioritized hybrid job running)
2026-09-13 09:26:00;Garnet;ONLINE;5;0
2026-09-13 09:26:00;Forte 1;OFFLINE;1;0
2026-09-13 10:26:05;Cepheus-1-108Q;ONLINE;1;0 (1 prioritized hybrid job running)
2026-09-13 10:26:05;Garnet;ONLINE;5;0
2026-09-13 10:26:05;Forte 1;OFFLINE;1;0
2026-09-13 11:26:10;Cepheus-1-108Q;ONLINE;3;0 (1 prioritized hybrid job running)
2026-09-13 11:26:10;Garnet;ONLINE;6;0
2026-09-13 11:26:10;Forte 1;OFFLINE;1;0
2026-09-13 12:26:15;Cepheus-1-108Q;ONLINE;0;0 (1 prioritized hybrid job running)
2026-09-13 12:26:15;Garnet;ONLINE;6;0
2026-09-13 12:26:15;Forte 1;OFFLINE;1;0
2026-09-13 13:26:20;Cepheus-1-108Q;ONLINE;1;0 (1 prioritized hybrid job running)
2026-09-13 13:26:20;Garnet;ONLINE;6;0
2026-09-13 13:26:20;Forte 1;OFFLINE;1;0
2026-09-13 14:26:25;Cepheus-1-108Q;ONLINE;1;0 (1 prioritized hybrid job running)
2026-09-13 14:26:25;Garnet;ONLINE;6;0
2026-09-13 14:26:25;Forte 1;OFFLINE;1;0
2026-09-13 15:26:30;Cepheus-1-108Q;ONLINE;1;0 (1 prioritized hybrid job running)
2026-09-13 15:26:30;Garnet;ONLINE;6;0
2026-09-13 15:26:30;Forte 1;OFFLINE;1;0
2026-09-13 16:26:35;Cepheus-1-108Q;ONLINE;0;0 (1 prioritized hybrid job running)
2026-09-13 16:26:35;Garnet;ONLINE;6;0
2026-09-13 16:26:35;Forte 1;OFFLINE;1;0
2026-09-13 17:26:39;Cepheus-1-108Q;ONLINE;2;0 (1 prioritized hybrid job running)
2026-09-13 17:26:39;Garnet;ONLINE;6;0
2026-09-13 17:26:39;Forte 1;OFFLINE;1;0
2026-09-13 18:26:44;Cepheus-1-108Q;ONLINE;4;0 (1 prioritized hybrid job running)
2026-09-13 18:26:44;Garnet;ONLINE;7;0
2026-09-13 18:26:44;Forte 1;OFFLINE;1;0
2026-09-13 19:26:49;Cepheus-1-108Q;ONLINE;5;0 (1 prioritized hybrid job running)
2026-09-13 19:26:49;Garnet;ONLINE;7;0
2026-09-13 19:26:49;Forte 1;OFFLINE;1;0
2026-09-13 20:26:54;Cepheus-1-108Q;ONLINE;5;0 (1 prioritized hybrid job running)
2026-09-13 20:26:54;Garnet;ONLINE;7;0
2026-09-13 20:26:54;Forte 1;OFFLINE;1;0
2026-09-13 21:26:59;Cepheus-1-108Q;ONLINE;2;0 (1 prioritized hybrid job running)
2026-09-13 21:26:59;Garnet;ONLINE;7;0
2026-09-13 21:26:59;Forte 1;OFFLINE;1;0
2026-09-13 22:27:04;Cepheus-1-108Q;ONLINE;3;0 (1 prioritized hybrid job running)
2026-09-13 22:27:04;Garnet;ONLINE;6;0
2026-09-13 22:27:04;Forte 1;OFFLINE;1;0
2026-09-13 23:27:09;Cepheus-1-108Q;ONLINE;4;0 (1 prioritized hybrid job running)
2026-09-13 23:27:09;Garnet;ONLINE;6;0
2026-09-13 23:27:09;Forte 1;OFFLINE;1;0
2026-09-14 00:27:14;Cepheus-1-108Q;ONLINE;4;0 (1 prioritized hybrid job running)
2026-09-14 00:27:14;Garnet;ONLINE;0;0
2026-09-14 00:27:14;Forte 1;OFFLINE;1;0
2026-09-14 01:27:19;Cepheus-1-108Q;ONLINE;1;0 (1 prioritized hybrid job running)
2026-09-14 01:27:19;Garnet;ONLINE;0;0
2026-09-14 01:27:19;Forte 1;OFFLINE;1;0
2026-09-14 02:27:24;Cepheus-1-108Q;ONLINE;1;0 (1 prioritized hybrid job running)
2026-09-14 02:27:24;Garnet;ONLINE;1;0
2026-09-14 02:27:24;Forte 1;OFFLINE;1;0
2026-09-14 03:27:30;Cepheus-1-108Q;ONLINE;2;0 (1 prioritized hybrid job running)
2026-09-14 03:27:30;Garnet;ONLINE;0;0
2026-09-14 03:27:30;Forte 1;OFFLINE;1;0
2026-09-14 04:27:35;Cepheus-1-108Q;ONLINE;1;0 (1 prioritized hybrid job running)
2026-09-14 04:27:35;Garnet;ONLINE;0;0
2026-09-14 04:27:35;Forte 1;OFFLINE;1;0
2026-09-14 05:27:40;Cepheus-1-108Q;ONLINE;7;1
2026-09-14 05:27:40;Garnet;ONLINE;0;0
2026-09-14 05:27:40;Forte 1;OFFLINE;1;0
2026-09-14 06:27:45;Cepheus-1-108Q;ONLINE;2;0 (1 prioritized hybrid job running)
2026-09-14 06:27:45;Garnet;ONLINE;0;0
2026-09-14 06:27:45;Forte 1;OFFLINE;1;0
2026-09-14 07:27:50;Cepheus-1-108Q;ONLINE;4;0 (1 prioritized hybrid job running)
2026-09-14 07:27:50;Garnet;ONLINE;0;0
2026-09-14 07:27:50;Forte 1;OFFLINE;1;0
2026-09-14 08:27:55;Cepheus-1-108Q;ONLINE;4;0 (1 prioritized hybrid job running)
2026-09-14 08:27:55;Garnet;ONLINE;0;0
2026-09-14 08:27:55;Forte 1;OFFLINE;1;0
2026-09-14 09:28:00;Cepheus-1-108Q;ONLINE;5;0 (1 prioritized hybrid job running)
2026-09-14 09:28:00;Garnet;ONLINE;0;0
2026-09-14 09:28:00;Forte 1;OFFLINE;1;0
2026-09-14 10:28:05;Cepheus-1-108Q;ONLINE;4;0 (1 prioritized hybrid job running)
2026-09-14 10:28:05;Garnet;ONLINE;0;0
2026-09-14 10:28:05;Forte 1;OFFLINE;1;0
2026-09-14 11:28:10;Cepheus-1-108Q;ONLINE;4;0 (1 prioritized hybrid job running)
2026-09-14 11:28:10;Garnet;ONLINE;0;0
2026-09-14 11:28:10;Forte 1;OFFLINE;1;0
2026-09-14 12:28:15;Cepheus-1-108Q;ONLINE;4;0 (1 prioritized hybrid job running)
2026-09-14 12:28:15;Garnet;ONLINE;0;0
2026-09-14 12:28:15;Forte 1;OFFLINE;1;0
2026-09-14 13:28:20;Cepheus-1-108Q;ONLINE;7;0 (1 prioritized hybrid job running)
2026-09-14 13:28:20;Garnet;ONLINE;0;0
2026-09-14 13:28:20;Forte 1;OFFLINE;1;0
2026-09-14 14:28:25;Cepheus-1-108Q;ONLINE;5;0 (1 prioritized hybrid job running)
2026-09-14 14:28:25;Garnet;ONLINE;0;0
2026-09-14 14:28:25;Forte 1;OFFLINE;1;0
2026-09-14 15:28:30;Cepheus-1-108Q;ONLINE;5;0 (1 prioritized hybrid job running)
2026-09-14 15:28:30;Garnet;ONLINE;0;0
2026-09-14 15:28:30;Forte 1;OFFLINE;1;0
2026-09-14 16:28:35;Cepheus-1-108Q;ONLINE;13;0 (1 prioritized hybrid job running)
2026-09-14 16:28:35;Garnet;ONLINE;6;0
2026-09-14 16:28:35;Forte 1;OFFLINE;1;0
2026-09-14 17:28:39;Cepheus-1-108Q;ONLINE;14;0 (1 prioritized hybrid job running)
2026-09-14 17:28:39;Garnet;ONLINE;0;0
2026-09-14 17:28:39;Forte 1;OFFLINE;1;0
2026-09-14 18:28:44;Cepheus-1-108Q;ONLINE;17;0 (1 prioritized hybrid job running)
2026-09-14 18:28:44;Garnet;ONLINE;0;0
2026-09-14 18:28:44;Forte 1;OFFLINE;1;0
2026-09-14 19:28:49;Cepheus-1-108Q;ONLINE;17;0 (1 prioritized hybrid job running)
2026-09-14 19:28:49;Garnet;ONLINE;0;0
2026-09-14 19:28:49;Forte 1;OFFLINE;1;0
2026-09-14 20:28:54;Cepheus-1-108Q;ONLINE;17;0 (1 prioritized hybrid job running)
2026-09-14 20:28:54;Garnet;ONLINE;0;0
2026-09-14 20:28:54;Forte 1;OFFLINE;1;0
2026-09-14 21:28:59;Cepheus-1-108Q;ONLINE;5;0 (1 prioritized hybrid job running)
2026-09-14 21:28:59;Garnet;ONLINE;0;0
2026-09-14 21:28:59;Forte 1;OFFLINE;1;0
2026-09-14 22:29:04;Cepheus-1-108Q;ONLINE;5;0 (1 prioritized hybrid job running)
2026-09-14 22:29:04;Garnet;ONLINE;0;0
2026-09-14 22:29:04;Forte 1;OFFLINE;1;0
2026-09-14 23:29:10;Cepheus-1-108Q;ONLINE;5;0 (1 prioritized hybrid job running)
2026-09-14 23:29:10;Garnet;ONLINE;0;0
2026-09-14 23:29:10;Forte 1;OFFLINE;1;0
2026-09-15 00:29:15;Cepheus-1-108Q;ONLINE;5;0 (1 prioritized hybrid job running)
2026-09-15 00:29:15;Garnet;ONLINE;0;0
2026-09-15 00:29:15;Forte 1;OFFLINE;1;0
2026-09-15 01:29:20;Cepheus-1-108Q;ONLINE;14;0 (1 prioritized hybrid job running)
2026-09-15 01:29:20;Garnet;ONLINE;0;0
2026-09-15 01:29:20;Forte 1;OFFLINE;1;0
2026-09-15 02:29:25;Cepheus-1-108Q;ONLINE;15;1
2026-09-15 02:29:25;Garnet;ONLINE;1;0
2026-09-15 02:29:25;Forte 1;OFFLINE;1;0
2026-09-15 03:29:30;Cepheus-1-108Q;ONLINE;15;0 (1 prioritized hybrid job running)
2026-09-15 03:29:30;Garnet;ONLINE;0;0
2026-09-15 03:29:30;Forte 1;OFFLINE;1;0
2026-09-15 04:29:35;Cepheus-1-108Q;ONLINE;17;0 (1 prioritized hybrid job running)
2026-09-15 04:29:35;Garnet;ONLINE;0;0
2026-09-15 04:29:35;Forte 1;OFFLINE;1;0
2026-09-15 05:29:40;Cepheus-1-108Q;ONLINE;6;0 (1 prioritized hybrid job running)
2026-09-15 05:29:40;Garnet;ONLINE;0;0
2026-09-15 05:29:40;Forte 1;OFFLINE;1;0
2026-09-15 06:29:45;Cepheus-1-108Q;ONLINE;6;0 (1 prioritized hybrid job running)
2026-09-15 06:29:45;Garnet;ONLINE;0;0
2026-09-15 06:29:45;Forte 1;OFFLINE;1;0
2026-09-15 07:29:50;Cepheus-1-108Q;ONLINE;6;0 (1 prioritized hybrid job running)
2026-09-15 07:29:50;Garnet;ONLINE;0;0
2026-09-15 07:29:50;Forte 1;OFFLINE;1;0
2026-09-15 08:29:55;Cepheus-1-108Q;ONLINE;9;0 (1 prioritized hybrid job running)
2026-09-15 08:29:55;Garnet;ONLINE;0;0
2026-09-15 08:29:55;Forte 1;OFFLINE;1;0
2026-09-15 09:30:00;Cepheus-1-108Q;ONLINE;1;0 (1 prioritized hybrid job running)
2026-09-15 09:30:00;Garnet;ONLINE;0;0
2026-09-15 09:30:00;Forte 1;OFFLINE;1;0
2026-09-15 10:30:06;Cepheus-1-108Q;ONLINE;2;0 (1 prioritized hybrid job running)
2026-09-15 10:30:06;Garnet;ONLINE;0;0
2026-09-15 10:30:06;Forte 1;OFFLINE;1;0
2026-09-15 11:30:11;Cepheus-1-108Q;ONLINE;2;0 (1 prioritized hybrid job running)
2026-09-15 11:30:11;Garnet;ONLINE;0;0
2026-09-15 11:30:11;Forte 1;OFFLINE;1;0
2026-09-15 12:30:16;Cepheus-1-108Q;ONLINE;3;0 (1 prioritized hybrid job running)
2026-09-15 12:30:16;Garnet;ONLINE;0;0
2026-09-15 12:30:16;Forte 1;OFFLINE;1;0
2026-09-15 13:30:21;Cepheus-1-108Q;ONLINE;4;0 (1 prioritized hybrid job running)
2026-09-15 13:30:21;Garnet;ONLINE;0;0
2026-09-15 13:30:21;Forte 1;OFFLINE;1;0
2026-09-15 14:30:26;Cepheus-1-108Q;ONLINE;11;0 (1 prioritized hybrid job running)
2026-09-15 14:30:26;Garnet;ONLINE;0;0
2026-09-15 14:30:26;Forte 1;OFFLINE;1;0
2026-09-15 15:30:31;Cepheus-1-108Q;ONLINE;26;0
2026-09-15 15:30:31;Garnet;ONLINE;1;0
2026-09-15 15:30:31;Forte 1;OFFLINE;1;0
2026-09-15 16:30:36;Cepheus-1-108Q;ONLINE;1;0 (1 prioritized hybrid job running)
2026-09-15 16:30:36;Garnet;ONLINE;7;0
2026-09-15 16:30:36;Forte 1;OFFLINE;1;0
2026-09-15 17:30:40;Cepheus-1-108Q;ONLINE;3;0 (1 prioritized hybrid job running)
2026-09-15 17:30:40;Garnet;ONLINE;0;0
2026-09-15 17:30:40;Forte 1;OFFLINE;1;0
2026-09-15 18:30:46;Cepheus-1-108Q;ONLINE;20;0 (1 prioritized hybrid job running)
2026-09-15 18:30:46;Garnet;ONLINE;0;0
2026-09-15 18:30:46;Forte 1;OFFLINE;1;0
2026-09-15 19:30:51;Cepheus-1-108Q;ONLINE;5;0 (1 prioritized hybrid job running)
2026-09-15 19:30:51;Garnet;ONLINE;0;0
2026-09-15 19:30:51;Forte 1;OFFLINE;1;0
2026-09-15 20:30:56;Cepheus-1-108Q;ONLINE;5;0 (1 prioritized hybrid job running)
2026-09-15 20:30:56;Garnet;ONLINE;0;0
2026-09-15 20:30:56;Forte 1;OFFLINE;1;0
2026-09-15 21:31:02;Cepheus-1-108Q;ONLINE;14;1
2026-09-15 21:31:02;Garnet;ONLINE;0;0
2026-09-15 21:31:02;Forte 1;OFFLINE;1;0
2026-09-15 22:31:07;Cepheus-1-108Q;ONLINE;11;1
2026-09-15 22:31:07;Garnet;ONLINE;0;0
2026-09-15 22:31:07;Forte 1;OFFLINE;1;0
2026-09-15 23:31:13;Cepheus-1-108Q;ONLINE;13;1
2026-09-15 23:31:13;Garnet;ONLINE;0;0
2026-09-15 23:31:13;Forte 1;OFFLINE;1;0
2026-09-16 00:31:18;Cepheus-1-108Q;ONLINE;13;1
2026-09-16 00:31:18;Garnet;ONLINE;0;0
2026-09-16 00:31:18;Forte 1;OFFLINE;1;0
2026-09-16 01:31:23;Cepheus-1-108Q;ONLINE;13;1
2026-09-16 01:31:23;Garnet;ONLINE;2;0
2026-09-16 01:31:23;Forte 1;OFFLINE;1;0
2026-09-16 02:31:28;Cepheus-1-108Q;ONLINE;58;0 (1 prioritized hybrid job running)
2026-09-16 02:31:28;Garnet;ONLINE;4;0
2026-09-16 02:31:28;Forte 1;OFFLINE;1;0
2026-09-16 03:31:33;Cepheus-1-108Q;ONLINE;5;0 (1 prioritized hybrid job running)
2026-09-16 03:31:33;Garnet;ONLINE;0;0
2026-09-16 03:31:33;Forte 1;OFFLINE;1;0
2026-09-16 04:31:39;Cepheus-1-108Q;ONLINE;0;0
2026-09-16 04:31:39;Garnet;ONLINE;0;0
2026-09-16 04:31:39;Forte 1;OFFLINE;1;0
2026-09-16 05:31:44;Cepheus-1-108Q;ONLINE;6;0 (1 prioritized hybrid job running)
2026-09-16 05:31:44;Garnet;ONLINE;0;0
2026-09-16 05:31:44;Forte 1;OFFLINE;1;0
2026-09-16 06:31:49;Cepheus-1-108Q;ONLINE;19;0 (1 prioritized hybrid job running)
2026-09-16 06:31:49;Garnet;ONLINE;0;0
2026-09-16 06:31:49;Forte 1;OFFLINE;1;0
2026-09-16 07:31:54;Cepheus-1-108Q;ONLINE;20;0 (1 prioritized hybrid job running)
2026-09-16 07:31:54;Garnet;ONLINE;0;0
2026-09-16 07:31:54;Forte 1;OFFLINE;1;0
2026-09-16 08:31:59;Cepheus-1-108Q;ONLINE;20;0 (1 prioritized hybrid job running)
2026-09-16 08:31:59;Garnet;ONLINE;0;0
2026-09-16 08:31:59;Forte 1;OFFLINE;1;0
2026-09-16 09:32:05;Cepheus-1-108Q;ONLINE;1;0 (1 prioritized hybrid job running)
2026-09-16 09:32:05;Garnet;ONLINE;0;0
2026-09-16 09:32:05;Forte 1;OFFLINE;1;0
2026-09-16 10:32:10;Cepheus-1-108Q;ONLINE;2;0 (1 prioritized hybrid job running)
2026-09-16 10:32:10;Garnet;ONLINE;0;0
2026-09-16 10:32:10;Forte 1;OFFLINE;1;0
2026-09-16 11:32:15;Cepheus-1-108Q;ONLINE;2;0 (1 prioritized hybrid job running)
2026-09-16 11:32:15;Garnet;ONLINE;0;0
2026-09-16 11:32:15;Forte 1;OFFLINE;1;0
2026-09-16 12:32:20;Cepheus-1-108Q;ONLINE;10;1
2026-09-16 12:32:20;Garnet;ONLINE;0;0
2026-09-16 12:32:20;Forte 1;OFFLINE;1;0
2026-09-16 13:32:26;Cepheus-1-108Q;ONLINE;2;1
2026-09-16 13:32:26;Garnet;ONLINE;0;0
2026-09-16 13:32:26;Forte 1;OFFLINE;1;0
2026-09-16 14:32:31;Cepheus-1-108Q;ONLINE;4;1
2026-09-16 14:32:31;Garnet;ONLINE;0;0
2026-09-16 14:32:31;Forte 1;OFFLINE;1;0
2026-09-16 15:32:36;Cepheus-1-108Q;ONLINE;17;1
2026-09-16 15:32:36;Garnet;ONLINE;7;0
2026-09-16 15:32:36;Forte 1;OFFLINE;1;0
2026-09-16 16:32:41;Cepheus-1-108Q;ONLINE;16;1
2026-09-16 16:32:41;Garnet;ONLINE;7;0
2026-09-16 16:32:41;Forte 1;OFFLINE;1;0
2026-09-16 17:32:47;Cepheus-1-108Q;ONLINE;23;1
2026-09-16 17:32:47;Garnet;ONLINE;0;0
2026-09-16 17:32:47;Forte 1;OFFLINE;1;0
2026-09-16 18:32:52;Cepheus-1-108Q;ONLINE;65;1
2026-09-16 18:32:52;Garnet;ONLINE;0;0
2026-09-16 18:32:52;Forte 1;OFFLINE;1;0
2026-09-16 19:32:57;Cepheus-1-108Q;ONLINE;64;1
2026-09-16 19:32:57;Garnet;ONLINE;0;0
2026-09-16 19:32:57;Forte 1;OFFLINE;1;0
2026-09-16 20:33:02;Cepheus-1-108Q;ONLINE;65;1
2026-09-16 20:33:02;Garnet;ONLINE;0;0
2026-09-16 20:33:02;Forte 1;OFFLINE;1;0
2026-09-16 21:33:08;Cepheus-1-108Q;ONLINE;39;1
2026-09-16 21:33:08;Garnet;ONLINE;0;0
2026-09-16 21:33:08;Forte 1;OFFLINE;1;0
2026-09-16 22:33:13;Cepheus-1-108Q;ONLINE;3;1
2026-09-16 22:33:13;Garnet;ONLINE;0;0
2026-09-16 22:33:13;Forte 1;OFFLINE;1;0
2026-09-16 23:33:18;Cepheus-1-108Q;ONLINE;1;0
2026-09-16 23:33:18;Garnet;ONLINE;0;0
2026-09-16 23:33:18;Forte 1;OFFLINE;1;0
2026-09-17 00:33:23;Cepheus-1-108Q;ONLINE;0;0
2026-09-17 00:33:23;Garnet;ONLINE;0;0
2026-09-17 00:33:23;Forte 1;OFFLINE;1;0
2026-09-17 01:33:28;Cepheus-1-108Q;ONLINE;0;0
2026-09-17 01:33:28;Garnet;ONLINE;0;0
2026-09-17 01:33:28;Forte 1;OFFLINE;1;0
2026-09-17 02:33:33;Cepheus-1-108Q;ONLINE;0;0
2026-09-17 02:33:33;Garnet;ONLINE;1;0
2026-09-17 02:33:33;Forte 1;OFFLINE;1;0
2026-09-17 03:33:38;Cepheus-1-108Q;ONLINE;0;0
2026-09-17 03:33:38;Garnet;ONLINE;0;0
2026-09-17 03:33:38;Forte 1;OFFLINE;1;0
2026-09-17 04:33:44;Cepheus-1-108Q;ONLINE;0;0
2026-09-17 04:33:44;Garnet;ONLINE;0;0
2026-09-17 04:33:44;Forte 1;OFFLINE;1;0
2026-09-17 05:33:49;Cepheus-1-108Q;ONLINE;0;0
2026-09-17 05:33:49;Garnet;ONLINE;0;0
2026-09-17 05:33:49;Forte 1;OFFLINE;1;0
2026-09-17 06:33:54;Cepheus-1-108Q;ONLINE;0;0
2026-09-17 06:33:54;Garnet;ONLINE;0;0
2026-09-17 06:33:54;Forte 1;OFFLINE;1;0
2026-09-17 07:33:59;Cepheus-1-108Q;ONLINE;1;1
2026-09-17 07:33:59;Garnet;ONLINE;0;0
2026-09-17 07:33:59;Forte 1;OFFLINE;1;0
2026-09-17 08:34:04;Cepheus-1-108Q;ONLINE;1;1
2026-09-17 08:34:04;Garnet;ONLINE;0;0
2026-09-17 08:34:04;Forte 1;OFFLINE;1;0
2026-09-17 09:34:09;Cepheus-1-108Q;ONLINE;0;0
2026-09-17 09:34:09;Garnet;ONLINE;0;0
2026-09-17 09:34:09;Forte 1;OFFLINE;1;0
2026-09-17 10:34:14;Cepheus-1-108Q;ONLINE;0;0
2026-09-17 10:34:14;Garnet;ONLINE;0;0
2026-09-17 10:34:14;Forte 1;OFFLINE;1;0
2026-09-17 11:34:19;Cepheus-1-108Q;ONLINE;1;0
2026-09-17 11:34:19;Garnet;ONLINE;0;0
2026-09-17 11:34:19;Forte 1;OFFLINE;1;0
2026-09-17 12:34:24;Cepheus-1-108Q;ONLINE;1;0
2026-09-17 12:34:24;Garnet;ONLINE;0;0
2026-09-17 12:34:24;Forte 1;OFFLINE;1;0
2026-09-17 13:34:29;Cepheus-1-108Q;ONLINE;0;0
2026-09-17 13:34:29;Garnet;ONLINE;0;0
2026-09-17 13:34:29;Forte 1;OFFLINE;1;0
2026-09-17 14:34:34;Cepheus-1-108Q;ONLINE;0;0
2026-09-17 14:34:34;Garnet;ONLINE;0;0
2026-09-17 14:34:34;Forte 1;OFFLINE;1;0
2026-09-17 15:34:39;Cepheus-1-108Q;ONLINE;0;0
2026-09-17 15:34:39;Garnet;ONLINE;7;0
2026-09-17 15:34:39;Forte 1;OFFLINE;1;0
2026-09-17 16:34:44;Cepheus-1-108Q;ONLINE;0;0
2026-09-17 16:34:44;Garnet;ONLINE;7;0
2026-09-17 16:34:44;Forte 1;OFFLINE;1;0
2026-09-17 17:34:49;Cepheus-1-108Q;ONLINE;0;0
2026-09-17 17:34:49;Garnet;ONLINE;0;0
2026-09-17 17:34:49;Forte 1;OFFLINE;1;0
2026-09-17 18:34:54;Cepheus-1-108Q;ONLINE;0;0
2026-09-17 18:34:54;Garnet;ONLINE;0;0
2026-09-17 18:34:54;Forte 1;OFFLINE;1;0
2026-09-17 19:34:59;Cepheus-1-108Q;ONLINE;1;3
2026-09-17 19:34:59;Garnet;ONLINE;0;0
2026-09-17 19:34:59;Forte 1;OFFLINE;1;0
2026-09-17 20:35:05;Cepheus-1-108Q;ONLINE;54;3
2026-09-17 20:35:05;Garnet;ONLINE;1;0
2026-09-17 20:35:05;Forte 1;OFFLINE;1;0
2026-09-17 21:35:10;Cepheus-1-108Q;ONLINE;54;2
2026-09-17 21:35:10;Garnet;ONLINE;9;0
2026-09-17 21:35:10;Forte 1;OFFLINE;1;0
2026-09-17 22:35:15;Cepheus-1-108Q;ONLINE;47;2
2026-09-17 22:35:15;Garnet;ONLINE;0;0
2026-09-17 22:35:15;Forte 1;OFFLINE;1;0
2026-09-17 23:35:20;Cepheus-1-108Q;ONLINE;1;1
2026-09-17 23:35:20;Garnet;ONLINE;0;0
2026-09-17 23:35:20;Forte 1;OFFLINE;1;0
2026-09-18 00:35:25;Cepheus-1-108Q;ONLINE;2;0
2026-09-18 00:35:25;Garnet;ONLINE;0;0
2026-09-18 00:35:25;Forte 1;OFFLINE;1;0
2026-09-18 01:35:30;Cepheus-1-108Q;ONLINE;2;0 (1 prioritized hybrid job running)
2026-09-18 01:35:30;Garnet;ONLINE;0;0
2026-09-18 01:35:30;Forte 1;OFFLINE;1;0
2026-09-18 02:35:35;Cepheus-1-108Q;ONLINE;0;0 (1 prioritized hybrid job running)
2026-09-18 02:35:35;Garnet;ONLINE;1;0
2026-09-18 02:35:35;Forte 1;OFFLINE;1;0
2026-09-18 03:35:40;Cepheus-1-108Q;ONLINE;0;0
2026-09-18 03:35:40;Garnet;ONLINE;0;0
2026-09-18 03:35:40;Forte 1;OFFLINE;1;0
2026-09-18 04:35:45;Cepheus-1-108Q;ONLINE;0;0
2026-09-18 04:35:45;Garnet;ONLINE;0;0
2026-09-18 04:35:45;Forte 1;OFFLINE;1;0
2026-09-18 05:35:50;Cepheus-1-108Q;ONLINE;0;0
2026-09-18 05:35:50;Garnet;ONLINE;0;0
2026-09-18 05:35:50;Forte 1;OFFLINE;1;0
2026-09-18 06:35:54;Cepheus-1-108Q;ONLINE;0;0
2026-09-18 06:35:54;Garnet;ONLINE;0;0
2026-09-18 06:35:54;Forte 1;OFFLINE;1;0
2026-09-18 07:36:00;Cepheus-1-108Q;ONLINE;1;0
2026-09-18 07:36:00;Garnet;ONLINE;0;0
2026-09-18 07:36:00;Forte 1;OFFLINE;1;0
2026-09-18 08:36:05;Cepheus-1-108Q;ONLINE;2;1
2026-09-18 08:36:05;Garnet;ONLINE;0;0
2026-09-18 08:36:05;Forte 1;OFFLINE;1;0
