Timestamp;Backend;Pending_Jobs;Status
2026-04-30 07:29:16;ibm_fez;426;True
2026-04-30 07:29:16;ibm_kingston;0;True
2026-04-30 07:29:16;ibm_marrakesh;0;True
2026-04-30 08:29:20;ibm_fez;597;True
2026-04-30 08:29:20;ibm_kingston;1;True
2026-04-30 08:29:20;ibm_marrakesh;46;True
2026-04-30 09:29:24;ibm_fez;498;True
2026-04-30 09:29:24;ibm_kingston;25;True
2026-04-30 09:29:24;ibm_marrakesh;0;True
2026-04-30 10:29:27;ibm_fez;412;True
2026-04-30 10:29:27;ibm_kingston;5;True
2026-04-30 10:29:27;ibm_marrakesh;0;True
2026-04-30 11:29:31;ibm_fez;307;True
2026-04-30 11:29:31;ibm_kingston;0;True
2026-04-30 11:29:31;ibm_marrakesh;0;True
2026-04-30 12:29:35;ibm_fez;199;True
2026-04-30 12:29:35;ibm_kingston;0;True
2026-04-30 12:29:35;ibm_marrakesh;0;True
2026-04-30 13:29:39;ibm_fez;27;True
2026-04-30 13:29:39;ibm_kingston;0;True
2026-04-30 13:29:39;ibm_marrakesh;2;True
2026-04-30 14:29:43;ibm_fez;0;True
2026-04-30 14:29:43;ibm_kingston;9;True
2026-04-30 14:29:43;ibm_marrakesh;0;True
2026-04-30 15:29:48;ibm_fez;1;True
2026-04-30 15:29:48;ibm_kingston;16;True
2026-04-30 15:29:48;ibm_marrakesh;0;True
2026-04-30 16:29:53;ibm_fez;0;True
2026-04-30 16:29:53;ibm_kingston;0;True
2026-04-30 16:29:53;ibm_marrakesh;1;True
2026-04-30 17:29:57;ibm_fez;0;True
2026-04-30 17:29:57;ibm_kingston;0;True
2026-04-30 17:29:57;ibm_marrakesh;0;True
2026-04-30 18:30:01;ibm_fez;0;True
2026-04-30 18:30:01;ibm_kingston;0;True
2026-04-30 18:30:01;ibm_marrakesh;0;True
2026-04-30 19:30:05;ibm_fez;0;True
2026-04-30 19:30:05;ibm_kingston;40;True
2026-04-30 19:30:05;ibm_marrakesh;0;True
2026-04-30 20:30:10;ibm_fez;6;True
2026-04-30 20:30:10;ibm_kingston;20;True
2026-04-30 20:30:10;ibm_marrakesh;1;True
2026-04-30 21:30:15;ibm_fez;0;True
2026-04-30 21:30:15;ibm_kingston;0;True
2026-04-30 21:30:15;ibm_marrakesh;0;True
2026-04-30 22:30:20;ibm_fez;1;True
2026-04-30 22:30:20;ibm_kingston;0;True
2026-04-30 22:30:20;ibm_marrakesh;0;True
2026-04-30 23:30:24;ibm_fez;0;True
2026-04-30 23:30:24;ibm_kingston;0;True
2026-04-30 23:30:24;ibm_marrakesh;0;True
2026-05-01 00:30:28;ibm_fez;0;True
2026-05-01 00:30:28;ibm_kingston;0;True
2026-05-01 00:30:28;ibm_marrakesh;0;True
2026-05-01 01:30:33;ibm_fez;120;True
2026-05-01 01:30:33;ibm_kingston;0;True
2026-05-01 01:30:33;ibm_marrakesh;0;True
2026-05-01 02:30:37;ibm_fez;0;True
2026-05-01 02:30:37;ibm_kingston;0;True
2026-05-01 02:30:37;ibm_marrakesh;0;True
2026-05-01 03:30:42;ibm_fez;0;True
2026-05-01 03:30:42;ibm_kingston;0;True
2026-05-01 03:30:42;ibm_marrakesh;0;True
2026-05-01 04:30:46;ibm_fez;0;True
2026-05-01 04:30:46;ibm_kingston;0;True
2026-05-01 04:30:46;ibm_marrakesh;0;True
2026-05-01 05:30:50;ibm_fez;0;True
2026-05-01 05:30:50;ibm_kingston;0;True
2026-05-01 05:30:50;ibm_marrakesh;0;True
2026-05-01 06:30:54;ibm_fez;0;True
2026-05-01 06:30:54;ibm_kingston;0;True
2026-05-01 06:30:54;ibm_marrakesh;0;True
2026-05-01 07:30:58;ibm_fez;0;True
2026-05-01 07:30:58;ibm_kingston;0;True
2026-05-01 07:30:58;ibm_marrakesh;0;True
2026-05-01 08:31:02;ibm_fez;0;True
2026-05-01 08:31:02;ibm_kingston;0;True
2026-05-01 08:31:02;ibm_marrakesh;0;True
2026-05-01 09:31:06;ibm_fez;0;True
2026-05-01 09:31:06;ibm_kingston;0;True
2026-05-01 09:31:06;ibm_marrakesh;5;True
2026-05-01 10:31:11;ibm_fez;0;True
2026-05-01 10:31:11;ibm_kingston;0;True
2026-05-01 10:31:11;ibm_marrakesh;0;True
2026-05-01 11:31:15;ibm_fez;0;True
2026-05-01 11:31:15;ibm_kingston;0;True
2026-05-01 11:31:15;ibm_marrakesh;0;True
2026-05-01 12:31:19;ibm_fez;0;True
2026-05-01 12:31:19;ibm_kingston;0;True
2026-05-01 12:31:19;ibm_marrakesh;0;True
2026-05-01 13:31:24;ibm_fez;0;True
2026-05-01 13:31:24;ibm_kingston;0;True
2026-05-01 13:31:24;ibm_marrakesh;0;True
2026-05-01 14:31:29;ibm_fez;0;True
2026-05-01 14:31:29;ibm_kingston;0;True
2026-05-01 14:31:29;ibm_marrakesh;0;True
2026-05-01 15:31:33;ibm_fez;0;True
2026-05-01 15:31:33;ibm_kingston;0;True
2026-05-01 15:31:33;ibm_marrakesh;0;True
2026-05-01 16:31:38;ibm_fez;0;True
2026-05-01 16:31:38;ibm_kingston;0;True
2026-05-01 16:31:38;ibm_marrakesh;0;True
2026-05-01 17:31:42;ibm_fez;0;True
2026-05-01 17:31:42;ibm_kingston;0;True
2026-05-01 17:31:42;ibm_marrakesh;0;True
2026-05-01 18:31:46;ibm_fez;1;True
2026-05-01 18:31:46;ibm_kingston;0;True
2026-05-01 18:31:46;ibm_marrakesh;0;True
2026-05-01 19:31:52;ibm_fez;0;True
2026-05-01 19:31:52;ibm_kingston;0;True
2026-05-01 19:31:52;ibm_marrakesh;0;True
2026-05-01 20:31:57;ibm_fez;1;True
2026-05-01 20:31:57;ibm_kingston;0;True
2026-05-01 20:31:57;ibm_marrakesh;0;True
2026-05-01 21:32:00;ibm_fez;0;True
2026-05-01 21:32:00;ibm_kingston;0;True
2026-05-01 21:32:00;ibm_marrakesh;0;True
2026-05-01 22:32:06;ibm_fez;0;True
2026-05-01 22:32:06;ibm_kingston;0;True
2026-05-01 22:32:06;ibm_marrakesh;0;True
2026-05-01 23:32:10;ibm_fez;0;True
2026-05-01 23:32:10;ibm_kingston;0;True
2026-05-01 23:32:10;ibm_marrakesh;0;True
2026-05-02 00:32:15;ibm_fez;0;True
2026-05-02 00:32:15;ibm_kingston;0;True
2026-05-02 00:32:15;ibm_marrakesh;0;True
2026-05-02 01:32:18;ibm_fez;0;True
2026-05-02 01:32:18;ibm_kingston;1;True
2026-05-02 01:32:18;ibm_marrakesh;116;True
2026-05-02 02:32:23;ibm_fez;0;True
2026-05-02 02:32:23;ibm_kingston;8;True
2026-05-02 02:32:23;ibm_marrakesh;0;True
2026-05-02 03:32:28;ibm_fez;0;True
2026-05-02 03:32:28;ibm_kingston;0;True
2026-05-02 03:32:28;ibm_marrakesh;0;True
2026-05-02 04:32:32;ibm_fez;0;True
2026-05-02 04:32:32;ibm_kingston;0;True
2026-05-02 04:32:32;ibm_marrakesh;0;True
2026-05-02 05:32:38;ibm_fez;0;True
2026-05-02 05:32:38;ibm_kingston;0;True
2026-05-02 05:32:38;ibm_marrakesh;0;True
2026-05-02 06:32:42;ibm_fez;0;True
2026-05-02 06:32:42;ibm_kingston;0;True
2026-05-02 06:32:42;ibm_marrakesh;0;True
2026-05-02 07:32:48;ibm_fez;7;True
2026-05-02 07:32:48;ibm_kingston;0;True
2026-05-02 07:32:48;ibm_marrakesh;0;True
2026-05-02 08:32:51;ibm_fez;0;True
2026-05-02 08:32:51;ibm_kingston;0;True
2026-05-02 08:32:51;ibm_marrakesh;0;True
2026-05-02 09:32:56;ibm_fez;0;True
2026-05-02 09:32:56;ibm_kingston;0;True
2026-05-02 09:32:56;ibm_marrakesh;0;True
2026-05-02 10:33:01;ibm_fez;0;True
2026-05-02 10:33:01;ibm_kingston;0;True
2026-05-02 10:33:01;ibm_marrakesh;0;True
2026-05-02 11:33:06;ibm_fez;8;True
2026-05-02 11:33:06;ibm_kingston;0;True
2026-05-02 11:33:06;ibm_marrakesh;0;True
2026-05-02 12:33:11;ibm_fez;0;True
2026-05-02 12:33:11;ibm_kingston;0;True
2026-05-02 12:33:11;ibm_marrakesh;0;True
2026-05-02 13:33:16;ibm_fez;0;True
2026-05-02 13:33:16;ibm_kingston;10;True
2026-05-02 13:33:16;ibm_marrakesh;0;True
2026-05-02 14:33:20;ibm_fez;0;True
2026-05-02 14:33:20;ibm_kingston;0;True
2026-05-02 14:33:20;ibm_marrakesh;0;True
2026-05-02 15:33:26;ibm_fez;0;True
2026-05-02 15:33:26;ibm_kingston;14;True
2026-05-02 15:33:26;ibm_marrakesh;0;True
2026-05-02 16:33:30;ibm_fez;1;True
2026-05-02 16:33:30;ibm_kingston;0;True
2026-05-02 16:33:30;ibm_marrakesh;0;True
2026-05-02 17:33:34;ibm_fez;0;True
2026-05-02 17:33:34;ibm_kingston;0;True
2026-05-02 17:33:34;ibm_marrakesh;0;True
2026-05-02 18:33:39;ibm_fez;0;True
2026-05-02 18:33:39;ibm_kingston;0;True
2026-05-02 18:33:39;ibm_marrakesh;0;True
2026-05-02 19:33:43;ibm_fez;0;True
2026-05-02 19:33:43;ibm_kingston;0;True
2026-05-02 19:33:43;ibm_marrakesh;0;True
2026-05-02 20:33:47;ibm_fez;0;True
2026-05-02 20:33:47;ibm_kingston;0;True
2026-05-02 20:33:47;ibm_marrakesh;0;True
2026-05-02 21:33:51;ibm_fez;0;True
2026-05-02 21:33:51;ibm_kingston;0;True
2026-05-02 21:33:51;ibm_marrakesh;0;True
2026-05-02 22:33:56;ibm_fez;0;True
2026-05-02 22:33:56;ibm_kingston;0;True
2026-05-02 22:33:56;ibm_marrakesh;0;True
2026-05-02 23:34:00;ibm_fez;0;True
2026-05-02 23:34:00;ibm_kingston;0;True
2026-05-02 23:34:00;ibm_marrakesh;0;True
2026-05-03 00:34:05;ibm_fez;0;True
2026-05-03 00:34:05;ibm_kingston;0;True
2026-05-03 00:34:05;ibm_marrakesh;0;True
2026-05-03 01:34:10;ibm_fez;0;True
2026-05-03 01:34:10;ibm_kingston;0;True
2026-05-03 01:34:10;ibm_marrakesh;0;True
2026-05-03 02:34:14;ibm_fez;0;True
2026-05-03 02:34:14;ibm_kingston;0;True
2026-05-03 02:34:14;ibm_marrakesh;0;True
2026-05-03 03:34:18;ibm_fez;0;True
2026-05-03 03:34:18;ibm_kingston;0;True
2026-05-03 03:34:18;ibm_marrakesh;0;True
2026-05-03 04:34:23;ibm_fez;0;True
2026-05-03 04:34:23;ibm_kingston;0;True
2026-05-03 04:34:23;ibm_marrakesh;0;True
2026-05-03 05:34:27;ibm_fez;0;True
2026-05-03 05:34:27;ibm_kingston;0;True
2026-05-03 05:34:27;ibm_marrakesh;0;True
2026-05-03 06:34:32;ibm_fez;0;True
2026-05-03 06:34:32;ibm_kingston;0;True
2026-05-03 06:34:32;ibm_marrakesh;0;True
2026-05-03 07:34:37;ibm_fez;0;True
2026-05-03 07:34:37;ibm_kingston;0;True
2026-05-03 07:34:37;ibm_marrakesh;0;True
2026-05-03 08:34:40;ibm_fez;0;True
2026-05-03 08:34:40;ibm_kingston;0;True
2026-05-03 08:34:40;ibm_marrakesh;0;True
2026-05-03 09:34:44;ibm_fez;0;True
2026-05-03 09:34:44;ibm_kingston;0;True
2026-05-03 09:34:44;ibm_marrakesh;0;True
2026-05-03 10:34:48;ibm_fez;0;True
2026-05-03 10:34:48;ibm_kingston;0;True
2026-05-03 10:34:48;ibm_marrakesh;0;True
2026-05-03 11:34:53;ibm_fez;0;True
2026-05-03 11:34:53;ibm_kingston;0;True
2026-05-03 11:34:53;ibm_marrakesh;0;True
2026-05-03 12:34:56;ibm_fez;0;True
2026-05-03 12:34:56;ibm_kingston;0;True
2026-05-03 12:34:56;ibm_marrakesh;0;True
2026-05-03 13:35:01;ibm_fez;0;True
2026-05-03 13:35:01;ibm_kingston;0;True
2026-05-03 13:35:01;ibm_marrakesh;0;True
2026-05-03 14:35:06;ibm_fez;0;True
2026-05-03 14:35:06;ibm_kingston;0;True
2026-05-03 14:35:06;ibm_marrakesh;0;True
2026-05-03 15:35:11;ibm_fez;0;True
2026-05-03 15:35:11;ibm_kingston;0;True
2026-05-03 15:35:11;ibm_marrakesh;0;True
2026-05-03 16:35:16;ibm_fez;0;True
2026-05-03 16:35:16;ibm_kingston;0;True
2026-05-03 16:35:16;ibm_marrakesh;0;True
2026-05-03 17:35:20;ibm_fez;0;True
2026-05-03 17:35:20;ibm_kingston;0;True
2026-05-03 17:35:20;ibm_marrakesh;0;True
2026-05-03 18:35:25;ibm_fez;0;True
2026-05-03 18:35:25;ibm_kingston;0;True
2026-05-03 18:35:25;ibm_marrakesh;0;True
2026-05-03 19:35:30;ibm_fez;0;True
2026-05-03 19:35:30;ibm_kingston;0;True
2026-05-03 19:35:30;ibm_marrakesh;0;True
2026-05-03 20:35:35;ibm_fez;0;True
2026-05-03 20:35:35;ibm_kingston;0;True
2026-05-03 20:35:35;ibm_marrakesh;0;True
2026-05-03 21:35:39;ibm_fez;1;True
2026-05-03 21:35:39;ibm_kingston;0;True
2026-05-03 21:35:39;ibm_marrakesh;0;True
2026-05-03 22:35:43;ibm_fez;0;True
2026-05-03 22:35:43;ibm_kingston;0;True
2026-05-03 22:35:43;ibm_marrakesh;0;True
2026-05-03 23:35:47;ibm_fez;0;True
2026-05-03 23:35:47;ibm_kingston;3;True
2026-05-03 23:35:47;ibm_marrakesh;0;True
2026-05-04 00:35:51;ibm_fez;0;True
2026-05-04 00:35:51;ibm_kingston;0;True
2026-05-04 00:35:51;ibm_marrakesh;0;True
2026-05-04 01:35:56;ibm_fez;0;True
2026-05-04 01:35:56;ibm_kingston;5;True
2026-05-04 01:35:56;ibm_marrakesh;0;True
2026-05-04 02:35:59;ibm_fez;0;True
2026-05-04 02:35:59;ibm_kingston;17;True
2026-05-04 02:35:59;ibm_marrakesh;0;True
2026-05-04 03:36:04;ibm_fez;0;True
2026-05-04 03:36:04;ibm_kingston;74;True
2026-05-04 03:36:04;ibm_marrakesh;0;True
2026-05-04 04:36:08;ibm_fez;1;True
2026-05-04 04:36:08;ibm_kingston;45;True
2026-05-04 04:36:08;ibm_marrakesh;0;True
2026-05-04 05:36:12;ibm_fez;16;True
2026-05-04 05:36:12;ibm_kingston;48;True
2026-05-04 05:36:12;ibm_marrakesh;0;True
2026-05-04 06:36:16;ibm_fez;0;True
2026-05-04 06:36:16;ibm_kingston;0;True
2026-05-04 06:36:16;ibm_marrakesh;0;True
2026-05-04 07:36:20;ibm_fez;0;True
2026-05-04 07:36:20;ibm_kingston;0;True
2026-05-04 07:36:20;ibm_marrakesh;0;True
2026-05-04 08:36:25;ibm_fez;0;True
2026-05-04 08:36:25;ibm_kingston;0;True
2026-05-04 08:36:25;ibm_marrakesh;0;True
2026-05-04 09:36:29;ibm_fez;0;True
2026-05-04 09:36:29;ibm_kingston;0;True
2026-05-04 09:36:29;ibm_marrakesh;0;True
2026-05-04 10:36:34;ibm_fez;0;True
2026-05-04 10:36:34;ibm_kingston;0;True
2026-05-04 10:36:34;ibm_marrakesh;0;True
2026-05-04 11:36:38;ibm_fez;1;True
2026-05-04 11:36:38;ibm_kingston;0;True
2026-05-04 11:36:38;ibm_marrakesh;0;True
2026-05-04 12:36:42;ibm_fez;0;True
2026-05-04 12:36:42;ibm_kingston;0;True
2026-05-04 12:36:42;ibm_marrakesh;0;True
2026-05-04 13:36:46;ibm_fez;0;True
2026-05-04 13:36:46;ibm_kingston;0;True
2026-05-04 13:36:46;ibm_marrakesh;0;True
2026-05-04 14:36:50;ibm_fez;1;True
2026-05-04 14:36:50;ibm_kingston;4;True
2026-05-04 14:36:50;ibm_marrakesh;1;True
2026-05-04 15:36:55;ibm_fez;0;True
2026-05-04 15:36:55;ibm_kingston;0;True
2026-05-04 15:36:55;ibm_marrakesh;0;True
2026-05-04 16:36:59;ibm_fez;100;True
2026-05-04 16:36:59;ibm_kingston;210;True
2026-05-04 16:36:59;ibm_marrakesh;116;True
2026-05-04 17:37:04;ibm_fez;0;True
2026-05-04 17:37:04;ibm_kingston;744;True
2026-05-04 17:37:04;ibm_marrakesh;37;True
2026-05-04 18:37:08;ibm_fez;0;True
2026-05-04 18:37:08;ibm_kingston;754;True
2026-05-04 18:37:08;ibm_marrakesh;1;True
2026-05-04 19:37:13;ibm_fez;0;True
2026-05-04 19:37:13;ibm_kingston;759;True
2026-05-04 19:37:13;ibm_marrakesh;7;True
2026-05-04 20:37:17;ibm_fez;1;True
2026-05-04 20:37:17;ibm_kingston;765;True
2026-05-04 20:37:17;ibm_marrakesh;0;True
2026-05-04 21:37:21;ibm_fez;0;True
2026-05-04 21:37:21;ibm_kingston;520;True
2026-05-04 21:37:21;ibm_marrakesh;0;True
2026-05-04 22:37:25;ibm_fez;0;True
2026-05-04 22:37:25;ibm_kingston;0;True
2026-05-04 22:37:25;ibm_marrakesh;0;True
2026-05-04 23:37:29;ibm_fez;0;True
2026-05-04 23:37:29;ibm_kingston;0;True
2026-05-04 23:37:29;ibm_marrakesh;0;True
2026-05-05 00:37:33;ibm_fez;0;True
2026-05-05 00:37:33;ibm_kingston;0;True
2026-05-05 00:37:33;ibm_marrakesh;0;True
2026-05-05 01:37:38;ibm_fez;0;True
2026-05-05 01:37:38;ibm_kingston;0;True
2026-05-05 01:37:38;ibm_marrakesh;0;True
2026-05-05 02:37:43;ibm_fez;109;True
2026-05-05 02:37:43;ibm_kingston;0;True
2026-05-05 02:37:43;ibm_marrakesh;0;True
2026-05-05 03:37:48;ibm_fez;66;True
2026-05-05 03:37:48;ibm_kingston;0;True
2026-05-05 03:37:48;ibm_marrakesh;0;True
2026-05-05 04:37:52;ibm_fez;0;True
2026-05-05 04:37:52;ibm_kingston;0;True
2026-05-05 04:37:52;ibm_marrakesh;5;True
2026-05-05 05:37:56;ibm_fez;0;True
2026-05-05 05:37:56;ibm_kingston;0;True
2026-05-05 05:37:56;ibm_marrakesh;14;True
2026-05-05 06:38:01;ibm_fez;0;True
2026-05-05 06:38:01;ibm_kingston;0;True
2026-05-05 06:38:01;ibm_marrakesh;18;True
2026-05-05 07:38:04;ibm_fez;0;True
2026-05-05 07:38:04;ibm_kingston;0;True
2026-05-05 07:38:04;ibm_marrakesh;51;True
2026-05-05 08:38:08;ibm_fez;0;True
2026-05-05 08:38:08;ibm_kingston;0;True
2026-05-05 08:38:08;ibm_marrakesh;41;True
2026-05-05 09:38:12;ibm_fez;10;True
2026-05-05 09:38:12;ibm_kingston;0;True
2026-05-05 09:38:12;ibm_marrakesh;71;True
2026-05-05 10:38:16;ibm_fez;27;True
2026-05-05 10:38:16;ibm_kingston;0;True
2026-05-05 10:38:16;ibm_marrakesh;73;True
2026-05-05 11:38:19;ibm_fez;0;True
2026-05-05 11:38:19;ibm_kingston;0;True
2026-05-05 11:38:19;ibm_marrakesh;79;True
2026-05-05 12:38:23;ibm_fez;10;True
2026-05-05 12:38:23;ibm_kingston;0;True
2026-05-05 12:38:23;ibm_marrakesh;44;True
2026-05-05 13:38:27;ibm_fez;10;True
2026-05-05 13:38:27;ibm_kingston;0;True
2026-05-05 13:38:27;ibm_marrakesh;85;True
2026-05-05 14:38:32;ibm_fez;0;True
2026-05-05 14:38:32;ibm_kingston;0;True
2026-05-05 14:38:32;ibm_marrakesh;60;True
2026-05-05 15:38:36;ibm_fez;0;True
2026-05-05 15:38:36;ibm_kingston;0;True
2026-05-05 15:38:36;ibm_marrakesh;89;True
2026-05-05 16:38:41;ibm_fez;0;True
2026-05-05 16:38:41;ibm_kingston;0;True
2026-05-05 16:38:41;ibm_marrakesh;98;True
2026-05-05 17:38:45;ibm_fez;0;True
2026-05-05 17:38:45;ibm_kingston;0;True
2026-05-05 17:38:45;ibm_marrakesh;81;True
2026-05-05 18:38:50;ibm_fez;8;True
2026-05-05 18:38:50;ibm_kingston;9;True
2026-05-05 18:38:50;ibm_marrakesh;74;True
2026-05-05 19:38:55;ibm_fez;1;True
2026-05-05 19:38:55;ibm_kingston;36;True
2026-05-05 19:38:55;ibm_marrakesh;5;True
2026-05-05 20:38:59;ibm_fez;9;True
2026-05-05 20:38:59;ibm_kingston;13;True
2026-05-05 20:38:59;ibm_marrakesh;12;True
2026-05-05 21:39:03;ibm_fez;0;True
2026-05-05 21:39:03;ibm_kingston;7;True
2026-05-05 21:39:03;ibm_marrakesh;0;True
2026-05-05 22:39:08;ibm_fez;0;True
2026-05-05 22:39:08;ibm_kingston;19;True
2026-05-05 22:39:08;ibm_marrakesh;0;True
2026-05-05 23:39:12;ibm_fez;0;True
2026-05-05 23:39:12;ibm_kingston;0;True
2026-05-05 23:39:12;ibm_marrakesh;0;True
2026-05-06 00:39:17;ibm_fez;0;True
2026-05-06 00:39:17;ibm_kingston;0;True
2026-05-06 00:39:17;ibm_marrakesh;0;True
2026-05-06 01:39:21;ibm_fez;0;True
2026-05-06 01:39:21;ibm_kingston;2;True
2026-05-06 01:39:21;ibm_marrakesh;0;True
2026-05-06 02:39:26;ibm_fez;1;True
2026-05-06 02:39:26;ibm_kingston;5;True
2026-05-06 02:39:26;ibm_marrakesh;0;True
2026-05-06 03:39:30;ibm_fez;0;True
2026-05-06 03:39:30;ibm_kingston;0;True
2026-05-06 03:39:30;ibm_marrakesh;0;True
2026-05-06 04:39:34;ibm_fez;0;True
2026-05-06 04:39:34;ibm_kingston;0;True
2026-05-06 04:39:34;ibm_marrakesh;0;True
2026-05-06 05:39:39;ibm_fez;0;True
2026-05-06 05:39:39;ibm_kingston;0;True
2026-05-06 05:39:39;ibm_marrakesh;0;True
2026-05-06 06:39:44;ibm_fez;0;True
2026-05-06 06:39:44;ibm_kingston;0;True
2026-05-06 06:39:44;ibm_marrakesh;0;True
2026-05-06 07:39:48;ibm_fez;13;True
2026-05-06 07:39:48;ibm_kingston;0;True
2026-05-06 07:39:48;ibm_marrakesh;0;True
2026-05-06 08:40:58;ibm_fez;33;True
2026-05-06 08:40:58;ibm_kingston;0;True
2026-05-06 08:40:58;ibm_marrakesh;0;True
2026-05-06 09:41:02;ibm_fez;36;True
2026-05-06 09:41:02;ibm_kingston;7;True
2026-05-06 09:41:02;ibm_marrakesh;8;True
2026-05-06 10:41:06;ibm_fez;0;True
2026-05-06 10:41:06;ibm_kingston;0;True
2026-05-06 10:41:06;ibm_marrakesh;0;True
2026-05-06 11:41:10;ibm_fez;22;True
2026-05-06 11:41:10;ibm_kingston;42;True
2026-05-06 11:41:10;ibm_marrakesh;0;True
2026-05-06 12:41:14;ibm_fez;0;True
2026-05-06 12:41:14;ibm_kingston;0;True
2026-05-06 12:41:14;ibm_marrakesh;0;True
2026-05-06 13:41:17;ibm_fez;0;True
2026-05-06 13:41:17;ibm_kingston;0;True
2026-05-06 13:41:17;ibm_marrakesh;0;True
2026-05-06 14:41:22;ibm_fez;47;True
2026-05-06 14:41:22;ibm_kingston;12;True
2026-05-06 14:41:22;ibm_marrakesh;8;True
2026-05-06 15:41:28;ibm_fez;0;True
2026-05-06 15:41:28;ibm_kingston;28;True
2026-05-06 15:41:28;ibm_marrakesh;35;True
2026-05-06 16:41:32;ibm_fez;0;True
2026-05-06 16:41:32;ibm_kingston;574;True
2026-05-06 16:41:32;ibm_marrakesh;2;True
2026-05-06 17:41:36;ibm_fez;0;True
2026-05-06 17:41:36;ibm_kingston;0;True
2026-05-06 17:41:36;ibm_marrakesh;0;True
2026-05-06 18:41:40;ibm_fez;0;True
2026-05-06 18:41:40;ibm_kingston;0;True
2026-05-06 18:41:40;ibm_marrakesh;0;True
2026-05-06 19:41:44;ibm_fez;0;True
2026-05-06 19:41:44;ibm_kingston;0;True
2026-05-06 19:41:44;ibm_marrakesh;0;True
2026-05-06 20:41:50;ibm_fez;1;True
2026-05-06 20:41:50;ibm_kingston;44;True
2026-05-06 20:41:50;ibm_marrakesh;0;True
2026-05-06 21:41:53;ibm_fez;9;True
2026-05-06 21:41:53;ibm_kingston;23;True
2026-05-06 21:41:53;ibm_marrakesh;0;True
2026-05-06 22:41:58;ibm_fez;0;True
2026-05-06 22:41:58;ibm_kingston;18;True
2026-05-06 22:41:58;ibm_marrakesh;0;True
2026-05-06 23:42:01;ibm_fez;0;True
2026-05-06 23:42:01;ibm_kingston;5;True
2026-05-06 23:42:01;ibm_marrakesh;0;True
2026-05-07 00:42:06;ibm_fez;0;True
2026-05-07 00:42:06;ibm_kingston;28;True
2026-05-07 00:42:06;ibm_marrakesh;0;True
2026-05-07 01:42:10;ibm_fez;2;True
2026-05-07 01:42:10;ibm_kingston;0;True
2026-05-07 01:42:10;ibm_marrakesh;0;True
2026-05-07 02:42:15;ibm_fez;5;True
2026-05-07 02:42:15;ibm_kingston;0;True
2026-05-07 02:42:15;ibm_marrakesh;0;True
2026-05-07 03:42:19;ibm_fez;0;True
2026-05-07 03:42:19;ibm_kingston;11;True
2026-05-07 03:42:19;ibm_marrakesh;0;True
2026-05-07 04:42:24;ibm_fez;0;True
2026-05-07 04:42:24;ibm_kingston;1;True
2026-05-07 04:42:24;ibm_marrakesh;0;True
2026-05-07 05:42:27;ibm_fez;0;True
2026-05-07 05:42:27;ibm_kingston;0;True
2026-05-07 05:42:27;ibm_marrakesh;0;True
2026-05-07 06:42:31;ibm_fez;0;True
2026-05-07 06:42:31;ibm_kingston;0;True
2026-05-07 06:42:31;ibm_marrakesh;0;True
2026-05-07 07:42:36;ibm_fez;0;True
2026-05-07 07:42:36;ibm_kingston;0;True
2026-05-07 07:42:36;ibm_marrakesh;0;True
2026-05-07 08:42:40;ibm_fez;0;True
2026-05-07 08:42:40;ibm_kingston;0;True
2026-05-07 08:42:40;ibm_marrakesh;0;True
2026-05-07 09:42:43;ibm_fez;0;True
2026-05-07 09:42:43;ibm_kingston;0;True
2026-05-07 09:42:43;ibm_marrakesh;0;True
2026-05-07 10:42:48;ibm_fez;21;True
2026-05-07 10:42:48;ibm_kingston;24;True
2026-05-07 10:42:48;ibm_marrakesh;0;True
2026-05-07 11:42:52;ibm_fez;0;True
2026-05-07 11:42:52;ibm_kingston;0;True
2026-05-07 11:42:52;ibm_marrakesh;1;True
2026-05-07 12:42:56;ibm_fez;0;True
2026-05-07 12:42:56;ibm_kingston;0;True
2026-05-07 12:42:56;ibm_marrakesh;1;True
2026-05-07 13:43:00;ibm_fez;2;True
2026-05-07 13:43:00;ibm_kingston;5;True
2026-05-07 13:43:00;ibm_marrakesh;0;True
2026-05-07 14:43:05;ibm_fez;0;True
2026-05-07 14:43:05;ibm_kingston;0;True
2026-05-07 14:43:05;ibm_marrakesh;0;True
2026-05-07 15:43:10;ibm_fez;5;True
2026-05-07 15:43:10;ibm_kingston;1;True
2026-05-07 15:43:10;ibm_marrakesh;0;True
2026-05-07 16:43:14;ibm_fez;0;True
2026-05-07 16:43:14;ibm_kingston;0;True
2026-05-07 16:43:14;ibm_marrakesh;0;True
2026-05-07 17:43:18;ibm_fez;0;True
2026-05-07 17:43:18;ibm_kingston;2;True
2026-05-07 17:43:18;ibm_marrakesh;0;True
2026-05-07 18:43:23;ibm_fez;1;True
2026-05-07 18:43:23;ibm_kingston;1;True
2026-05-07 18:43:23;ibm_marrakesh;42;True
2026-05-07 19:43:28;ibm_fez;93;True
2026-05-07 19:43:28;ibm_kingston;0;True
2026-05-07 19:43:28;ibm_marrakesh;8;True
2026-05-07 20:43:32;ibm_fez;2;True
2026-05-07 20:43:32;ibm_kingston;0;True
2026-05-07 20:43:32;ibm_marrakesh;6;True
2026-05-07 21:43:36;ibm_fez;9;True
2026-05-07 21:43:36;ibm_kingston;0;True
2026-05-07 21:43:36;ibm_marrakesh;18;True
2026-05-07 22:43:40;ibm_fez;0;True
2026-05-07 22:43:40;ibm_kingston;4;True
2026-05-07 22:43:40;ibm_marrakesh;12;True
2026-05-07 23:43:45;ibm_fez;4;True
2026-05-07 23:43:45;ibm_kingston;0;True
2026-05-07 23:43:45;ibm_marrakesh;0;True
2026-05-08 00:43:50;ibm_fez;26;True
2026-05-08 00:43:50;ibm_kingston;0;True
2026-05-08 00:43:50;ibm_marrakesh;2;True
2026-05-08 01:43:54;ibm_fez;0;True
2026-05-08 01:43:54;ibm_kingston;0;True
2026-05-08 01:43:54;ibm_marrakesh;14;True
2026-05-08 02:43:58;ibm_fez;1;True
2026-05-08 02:43:58;ibm_kingston;0;True
2026-05-08 02:43:58;ibm_marrakesh;0;True
2026-05-08 03:44:03;ibm_fez;1;True
2026-05-08 03:44:03;ibm_kingston;5;True
2026-05-08 03:44:03;ibm_marrakesh;0;True
2026-05-08 04:44:08;ibm_fez;0;True
2026-05-08 04:44:08;ibm_kingston;19;True
2026-05-08 04:44:08;ibm_marrakesh;28;True
2026-05-08 05:44:12;ibm_fez;0;True
2026-05-08 05:44:12;ibm_kingston;44;True
2026-05-08 05:44:12;ibm_marrakesh;17;True
2026-05-08 06:44:19;ibm_fez;11;True
2026-05-08 06:44:19;ibm_kingston;7;True
2026-05-08 06:44:19;ibm_marrakesh;0;True
2026-05-08 07:44:23;ibm_fez;0;True
2026-05-08 07:44:23;ibm_kingston;6;True
2026-05-08 07:44:23;ibm_marrakesh;2;True
2026-05-08 08:44:28;ibm_fez;0;True
2026-05-08 08:44:28;ibm_kingston;25;True
2026-05-08 08:44:28;ibm_marrakesh;11;True
2026-05-08 09:44:32;ibm_fez;0;True
2026-05-08 09:44:32;ibm_kingston;0;True
2026-05-08 09:44:32;ibm_marrakesh;0;True
2026-05-08 10:44:36;ibm_fez;21;True
2026-05-08 10:44:36;ibm_kingston;5;True
2026-05-08 10:44:36;ibm_marrakesh;4;True
2026-05-08 11:44:39;ibm_fez;7;True
2026-05-08 11:44:39;ibm_kingston;1;True
2026-05-08 11:44:39;ibm_marrakesh;25;True
2026-05-08 12:44:44;ibm_fez;4;True
2026-05-08 12:44:44;ibm_kingston;0;True
2026-05-08 12:44:44;ibm_marrakesh;9;True
2026-05-08 13:44:48;ibm_fez;0;True
2026-05-08 13:44:48;ibm_kingston;0;True
2026-05-08 13:44:48;ibm_marrakesh;0;True
2026-05-08 14:44:53;ibm_fez;3;True
2026-05-08 14:44:53;ibm_kingston;0;True
2026-05-08 14:44:53;ibm_marrakesh;0;True
2026-05-08 15:44:57;ibm_fez;5;True
2026-05-08 15:44:57;ibm_kingston;0;True
2026-05-08 15:44:57;ibm_marrakesh;0;True
2026-05-08 16:45:01;ibm_fez;0;True
2026-05-08 16:45:01;ibm_kingston;0;True
2026-05-08 16:45:01;ibm_marrakesh;3;True
2026-05-08 17:45:06;ibm_fez;0;True
2026-05-08 17:45:06;ibm_kingston;16;True
2026-05-08 17:45:06;ibm_marrakesh;2;True
2026-05-08 18:45:10;ibm_fez;0;True
2026-05-08 18:45:10;ibm_kingston;48;True
2026-05-08 18:45:10;ibm_marrakesh;24;True
2026-05-08 19:45:17;ibm_fez;2;True
2026-05-08 19:45:17;ibm_kingston;11;True
2026-05-08 19:45:17;ibm_marrakesh;3;True
2026-05-08 20:45:21;ibm_fez;0;True
2026-05-08 20:45:21;ibm_kingston;4;True
2026-05-08 20:45:21;ibm_marrakesh;25;True
2026-05-08 21:45:25;ibm_fez;1;True
2026-05-08 21:45:25;ibm_kingston;0;True
2026-05-08 21:45:25;ibm_marrakesh;4;True
2026-05-08 22:45:30;ibm_fez;0;True
2026-05-08 22:45:30;ibm_kingston;0;True
2026-05-08 22:45:30;ibm_marrakesh;0;True
2026-05-08 23:45:35;ibm_fez;0;True
2026-05-08 23:45:35;ibm_kingston;0;True
2026-05-08 23:45:35;ibm_marrakesh;0;True
2026-05-09 00:45:38;ibm_fez;0;True
2026-05-09 00:45:38;ibm_kingston;0;True
2026-05-09 00:45:38;ibm_marrakesh;0;True
2026-05-09 01:45:43;ibm_fez;0;True
2026-05-09 01:45:43;ibm_kingston;7;True
2026-05-09 01:45:43;ibm_marrakesh;0;True
2026-05-09 02:45:46;ibm_fez;4;True
2026-05-09 02:45:46;ibm_kingston;31;True
2026-05-09 02:45:46;ibm_marrakesh;0;True
2026-05-09 03:45:50;ibm_fez;0;True
2026-05-09 03:45:50;ibm_kingston;0;True
2026-05-09 03:45:50;ibm_marrakesh;0;True
2026-05-09 04:45:55;ibm_fez;0;True
2026-05-09 04:45:55;ibm_kingston;17;True
2026-05-09 04:45:55;ibm_marrakesh;0;True
2026-05-09 05:46:00;ibm_fez;0;True
2026-05-09 05:46:00;ibm_kingston;0;True
2026-05-09 05:46:00;ibm_marrakesh;0;True
2026-05-09 06:46:04;ibm_fez;2;True
2026-05-09 06:46:04;ibm_kingston;0;True
2026-05-09 06:46:04;ibm_marrakesh;0;True
2026-05-09 07:46:09;ibm_fez;0;True
2026-05-09 07:46:09;ibm_kingston;0;True
2026-05-09 07:46:09;ibm_marrakesh;0;True
2026-05-09 08:46:12;ibm_fez;0;True
2026-05-09 08:46:12;ibm_kingston;0;True
2026-05-09 08:46:12;ibm_marrakesh;0;True
2026-05-09 09:46:16;ibm_fez;0;True
2026-05-09 09:46:16;ibm_kingston;0;True
2026-05-09 09:46:16;ibm_marrakesh;0;True
2026-05-09 10:46:20;ibm_fez;0;True
2026-05-09 10:46:20;ibm_kingston;1;True
2026-05-09 10:46:20;ibm_marrakesh;0;True
2026-05-09 11:46:24;ibm_fez;0;True
2026-05-09 11:46:24;ibm_kingston;11;True
2026-05-09 11:46:24;ibm_marrakesh;0;True
2026-05-09 12:46:29;ibm_fez;0;True
2026-05-09 12:46:29;ibm_kingston;1;True
2026-05-09 12:46:29;ibm_marrakesh;0;True
2026-05-09 13:46:32;ibm_fez;0;True
2026-05-09 13:46:32;ibm_kingston;1;True
2026-05-09 13:46:32;ibm_marrakesh;1;True
2026-05-09 14:46:37;ibm_fez;0;True
2026-05-09 14:46:37;ibm_kingston;0;True
2026-05-09 14:46:37;ibm_marrakesh;0;True
2026-05-09 15:46:42;ibm_fez;0;True
2026-05-09 15:46:42;ibm_kingston;0;True
2026-05-09 15:46:42;ibm_marrakesh;0;True
2026-05-09 16:46:47;ibm_fez;2;True
2026-05-09 16:46:47;ibm_kingston;1;True
2026-05-09 16:46:47;ibm_marrakesh;0;True
2026-05-09 17:46:51;ibm_fez;23;True
2026-05-09 17:46:51;ibm_kingston;21;True
2026-05-09 17:46:51;ibm_marrakesh;16;True
2026-05-09 18:46:55;ibm_fez;40;True
2026-05-09 18:46:55;ibm_kingston;19;True
2026-05-09 18:46:55;ibm_marrakesh;29;True
2026-05-09 19:47:01;ibm_fez;88;True
2026-05-09 19:47:01;ibm_kingston;60;True
2026-05-09 19:47:01;ibm_marrakesh;9;True
2026-05-09 20:47:05;ibm_fez;91;True
2026-05-09 20:47:05;ibm_kingston;66;True
2026-05-09 20:47:05;ibm_marrakesh;1;True
2026-05-09 21:47:09;ibm_fez;108;True
2026-05-09 21:47:09;ibm_kingston;0;True
2026-05-09 21:47:09;ibm_marrakesh;0;True
2026-05-09 22:47:13;ibm_fez;112;True
2026-05-09 22:47:13;ibm_kingston;0;True
2026-05-09 22:47:13;ibm_marrakesh;0;True
2026-05-09 23:47:17;ibm_fez;130;True
2026-05-09 23:47:17;ibm_kingston;0;True
2026-05-09 23:47:17;ibm_marrakesh;0;True
2026-05-10 00:47:22;ibm_fez;177;True
2026-05-10 00:47:22;ibm_kingston;0;True
2026-05-10 00:47:22;ibm_marrakesh;0;True
2026-05-10 01:47:26;ibm_fez;181;True
2026-05-10 01:47:26;ibm_kingston;18;True
2026-05-10 01:47:26;ibm_marrakesh;1;True
2026-05-10 02:47:30;ibm_fez;194;True
2026-05-10 02:47:30;ibm_kingston;7;True
2026-05-10 02:47:30;ibm_marrakesh;1;True
2026-05-10 03:47:34;ibm_fez;209;True
2026-05-10 03:47:34;ibm_kingston;0;True
2026-05-10 03:47:34;ibm_marrakesh;0;True
2026-05-10 04:47:39;ibm_fez;161;True
2026-05-10 04:47:39;ibm_kingston;0;True
2026-05-10 04:47:39;ibm_marrakesh;0;True
2026-05-10 05:47:43;ibm_fez;0;True
2026-05-10 05:47:43;ibm_kingston;0;True
2026-05-10 05:47:43;ibm_marrakesh;1;True
2026-05-10 06:47:47;ibm_fez;0;True
2026-05-10 06:47:47;ibm_kingston;4;True
2026-05-10 06:47:47;ibm_marrakesh;0;True
2026-05-10 07:47:52;ibm_fez;0;True
2026-05-10 07:47:52;ibm_kingston;0;True
2026-05-10 07:47:52;ibm_marrakesh;0;True
2026-05-10 08:47:57;ibm_fez;0;True
2026-05-10 08:47:57;ibm_kingston;2;True
2026-05-10 08:47:57;ibm_marrakesh;0;True
2026-05-10 09:48:00;ibm_fez;0;True
2026-05-10 09:48:00;ibm_kingston;0;True
2026-05-10 09:48:00;ibm_marrakesh;0;True
2026-05-10 10:48:05;ibm_fez;0;True
2026-05-10 10:48:05;ibm_kingston;0;True
2026-05-10 10:48:05;ibm_marrakesh;0;True
2026-05-10 11:48:09;ibm_fez;0;True
2026-05-10 11:48:09;ibm_kingston;0;True
2026-05-10 11:48:09;ibm_marrakesh;0;True
2026-05-10 12:48:13;ibm_fez;0;True
2026-05-10 12:48:13;ibm_kingston;0;True
2026-05-10 12:48:13;ibm_marrakesh;0;True
2026-05-10 13:48:18;ibm_fez;0;True
2026-05-10 13:48:18;ibm_kingston;0;True
2026-05-10 13:48:18;ibm_marrakesh;0;True
2026-05-10 14:48:22;ibm_fez;0;True
2026-05-10 14:48:22;ibm_kingston;0;True
2026-05-10 14:48:22;ibm_marrakesh;0;True
2026-05-10 15:48:27;ibm_fez;0;True
2026-05-10 15:48:27;ibm_kingston;0;True
2026-05-10 15:48:27;ibm_marrakesh;0;True
2026-05-10 16:48:30;ibm_fez;0;True
2026-05-10 16:48:30;ibm_kingston;0;True
2026-05-10 16:48:30;ibm_marrakesh;10;True
2026-05-10 17:48:35;ibm_fez;17;True
2026-05-10 17:48:35;ibm_kingston;0;True
2026-05-10 17:48:35;ibm_marrakesh;79;True
2026-05-10 18:48:41;ibm_fez;3;True
2026-05-10 18:48:41;ibm_kingston;0;True
2026-05-10 18:48:41;ibm_marrakesh;0;True
2026-05-10 19:48:45;ibm_fez;0;True
2026-05-10 19:48:45;ibm_kingston;4;True
2026-05-10 19:48:45;ibm_marrakesh;0;True
2026-05-10 20:48:49;ibm_fez;4;True
2026-05-10 20:48:49;ibm_kingston;0;True
2026-05-10 20:48:49;ibm_marrakesh;0;True
2026-05-10 21:48:54;ibm_fez;2;True
2026-05-10 21:48:54;ibm_kingston;0;True
2026-05-10 21:48:54;ibm_marrakesh;0;True
2026-05-10 22:48:58;ibm_fez;0;True
2026-05-10 22:48:58;ibm_kingston;0;True
2026-05-10 22:48:58;ibm_marrakesh;0;True
2026-05-10 23:49:03;ibm_fez;0;True
2026-05-10 23:49:03;ibm_kingston;0;True
2026-05-10 23:49:03;ibm_marrakesh;0;True
2026-05-11 00:49:07;ibm_fez;7;True
2026-05-11 00:49:07;ibm_kingston;0;True
2026-05-11 00:49:07;ibm_marrakesh;0;True
2026-05-11 01:49:11;ibm_fez;0;True
2026-05-11 01:49:11;ibm_kingston;0;True
2026-05-11 01:49:11;ibm_marrakesh;0;True
2026-05-11 02:49:16;ibm_fez;11;True
2026-05-11 02:49:16;ibm_kingston;0;True
2026-05-11 02:49:16;ibm_marrakesh;1;True
2026-05-11 03:49:20;ibm_fez;0;True
2026-05-11 03:49:20;ibm_kingston;0;True
2026-05-11 03:49:20;ibm_marrakesh;0;True
2026-05-11 04:49:25;ibm_fez;0;True
2026-05-11 04:49:25;ibm_kingston;0;True
2026-05-11 04:49:25;ibm_marrakesh;0;True
2026-05-11 05:49:29;ibm_fez;0;True
2026-05-11 05:49:29;ibm_kingston;0;True
2026-05-11 05:49:29;ibm_marrakesh;0;True
2026-05-11 06:49:33;ibm_fez;0;True
2026-05-11 06:49:33;ibm_kingston;0;True
2026-05-11 06:49:33;ibm_marrakesh;0;True
2026-05-11 07:49:37;ibm_fez;0;True
2026-05-11 07:49:37;ibm_kingston;0;True
2026-05-11 07:49:37;ibm_marrakesh;0;True
2026-05-11 08:49:41;ibm_fez;0;True
2026-05-11 08:49:41;ibm_kingston;0;True
2026-05-11 08:49:41;ibm_marrakesh;0;True
2026-05-11 09:49:45;ibm_fez;53;True
2026-05-11 09:49:45;ibm_kingston;1;True
2026-05-11 09:49:45;ibm_marrakesh;0;True
2026-05-11 10:49:49;ibm_fez;59;True
2026-05-11 10:49:49;ibm_kingston;0;True
2026-05-11 10:49:49;ibm_marrakesh;0;True
2026-05-11 11:49:53;ibm_fez;65;True
2026-05-11 11:49:53;ibm_kingston;0;True
2026-05-11 11:49:53;ibm_marrakesh;0;True
2026-05-11 12:49:57;ibm_fez;98;True
2026-05-11 12:49:57;ibm_kingston;35;True
2026-05-11 12:49:57;ibm_marrakesh;1;True
2026-05-11 13:50:02;ibm_fez;0;True
2026-05-11 13:50:02;ibm_kingston;0;True
2026-05-11 13:50:02;ibm_marrakesh;0;True
2026-05-11 14:50:05;ibm_fez;43;True
2026-05-11 14:50:05;ibm_kingston;11;True
2026-05-11 14:50:05;ibm_marrakesh;45;True
2026-05-11 15:50:10;ibm_fez;76;True
2026-05-11 15:50:10;ibm_kingston;252;True
2026-05-11 15:50:10;ibm_marrakesh;254;True
2026-05-11 16:50:14;ibm_fez;3;True
2026-05-11 16:50:14;ibm_kingston;37;True
2026-05-11 16:50:14;ibm_marrakesh;0;True
2026-05-11 17:50:19;ibm_fez;0;True
2026-05-11 17:50:19;ibm_kingston;1;True
2026-05-11 17:50:19;ibm_marrakesh;0;True
2026-05-11 18:50:22;ibm_fez;0;True
2026-05-11 18:50:22;ibm_kingston;0;True
2026-05-11 18:50:22;ibm_marrakesh;0;True
2026-05-11 19:50:27;ibm_fez;0;True
2026-05-11 19:50:27;ibm_kingston;3;True
2026-05-11 19:50:27;ibm_marrakesh;0;True
2026-05-11 20:50:31;ibm_fez;0;True
2026-05-11 20:50:31;ibm_kingston;0;True
2026-05-11 20:50:31;ibm_marrakesh;0;True
2026-05-11 21:50:36;ibm_fez;0;True
2026-05-11 21:50:36;ibm_kingston;0;True
2026-05-11 21:50:36;ibm_marrakesh;0;True
2026-05-11 22:50:56;ibm_fez;1;True
2026-05-11 22:50:56;ibm_kingston;0;True
2026-05-11 22:50:56;ibm_marrakesh;0;True
2026-05-11 23:50:59;ibm_fez;0;True
2026-05-11 23:50:59;ibm_kingston;2;True
2026-05-11 23:50:59;ibm_marrakesh;1;True
2026-05-12 00:51:04;ibm_fez;1;True
2026-05-12 00:51:04;ibm_kingston;0;True
2026-05-12 00:51:04;ibm_marrakesh;3;True
2026-05-12 01:51:08;ibm_fez;0;True
2026-05-12 01:51:08;ibm_kingston;0;True
2026-05-12 01:51:08;ibm_marrakesh;0;True
2026-05-12 02:51:12;ibm_fez;0;True
2026-05-12 02:51:12;ibm_kingston;0;True
2026-05-12 02:51:12;ibm_marrakesh;0;True
2026-05-12 03:51:17;ibm_fez;0;True
2026-05-12 03:51:17;ibm_kingston;0;True
2026-05-12 03:51:17;ibm_marrakesh;0;True
2026-05-12 04:51:20;ibm_fez;0;True
2026-05-12 04:51:20;ibm_kingston;0;True
2026-05-12 04:51:20;ibm_marrakesh;13;True
2026-05-12 05:51:27;ibm_fez;0;True
2026-05-12 05:51:27;ibm_kingston;0;True
2026-05-12 05:51:27;ibm_marrakesh;0;True
2026-05-12 06:51:31;ibm_fez;0;True
2026-05-12 06:51:31;ibm_kingston;0;True
2026-05-12 06:51:31;ibm_marrakesh;0;True
2026-05-12 07:51:35;ibm_fez;0;True
2026-05-12 07:51:35;ibm_kingston;0;True
2026-05-12 07:51:35;ibm_marrakesh;0;True
2026-05-12 08:51:40;ibm_fez;3;True
2026-05-12 08:51:40;ibm_kingston;4;True
2026-05-12 08:51:40;ibm_marrakesh;0;True
2026-05-12 09:51:44;ibm_fez;0;True
2026-05-12 09:51:44;ibm_kingston;10;True
2026-05-12 09:51:44;ibm_marrakesh;1;True
2026-05-12 10:51:49;ibm_fez;2;True
2026-05-12 10:51:49;ibm_kingston;4;True
2026-05-12 10:51:49;ibm_marrakesh;5;True
2026-05-12 11:51:54;ibm_fez;0;True
2026-05-12 11:51:54;ibm_kingston;0;True
2026-05-12 11:51:54;ibm_marrakesh;0;True
2026-05-12 12:51:57;ibm_fez;6;True
2026-05-12 12:51:57;ibm_kingston;0;True
2026-05-12 12:51:57;ibm_marrakesh;1;True
2026-05-12 13:52:01;ibm_fez;59;True
2026-05-12 13:52:01;ibm_kingston;4;True
2026-05-12 13:52:01;ibm_marrakesh;0;True
2026-05-12 14:52:05;ibm_fez;0;True
2026-05-12 14:52:05;ibm_kingston;0;True
2026-05-12 14:52:05;ibm_marrakesh;0;True
2026-05-12 15:52:10;ibm_fez;1;True
2026-05-12 15:52:10;ibm_kingston;2;True
2026-05-12 15:52:10;ibm_marrakesh;0;True
2026-05-12 16:52:14;ibm_fez;0;True
2026-05-12 16:52:14;ibm_kingston;0;True
2026-05-12 16:52:14;ibm_marrakesh;1;True
2026-05-12 17:52:18;ibm_fez;0;True
2026-05-12 17:52:18;ibm_kingston;1;True
2026-05-12 17:52:18;ibm_marrakesh;0;True
2026-05-12 18:52:22;ibm_fez;0;True
2026-05-12 18:52:22;ibm_kingston;0;True
2026-05-12 18:52:22;ibm_marrakesh;2;True
2026-05-12 19:52:27;ibm_fez;0;True
2026-05-12 19:52:27;ibm_kingston;0;True
2026-05-12 19:52:27;ibm_marrakesh;0;True
2026-05-12 20:52:31;ibm_fez;2;True
2026-05-12 20:52:31;ibm_kingston;0;True
2026-05-12 20:52:31;ibm_marrakesh;0;True
2026-05-12 21:52:36;ibm_fez;0;True
2026-05-12 21:52:36;ibm_kingston;0;True
2026-05-12 21:52:36;ibm_marrakesh;0;True
2026-05-12 22:52:40;ibm_fez;19;True
2026-05-12 22:52:40;ibm_kingston;0;True
2026-05-12 22:52:40;ibm_marrakesh;0;True
2026-05-12 23:52:44;ibm_fez;173;True
2026-05-12 23:52:44;ibm_kingston;1;True
2026-05-12 23:52:44;ibm_marrakesh;0;True
2026-05-13 00:52:48;ibm_fez;3;True
2026-05-13 00:52:48;ibm_kingston;2;True
2026-05-13 00:52:48;ibm_marrakesh;0;True
2026-05-13 01:52:53;ibm_fez;6;True
2026-05-13 01:52:53;ibm_kingston;0;True
2026-05-13 01:52:53;ibm_marrakesh;0;True
2026-05-13 02:52:58;ibm_fez;1;True
2026-05-13 02:52:58;ibm_kingston;0;True
2026-05-13 02:52:58;ibm_marrakesh;0;True
2026-05-13 03:53:03;ibm_fez;0;True
2026-05-13 03:53:03;ibm_kingston;0;True
2026-05-13 03:53:03;ibm_marrakesh;0;True
2026-05-13 04:53:06;ibm_fez;0;True
2026-05-13 04:53:06;ibm_kingston;0;True
2026-05-13 04:53:06;ibm_marrakesh;0;True
2026-05-13 05:53:11;ibm_fez;0;True
2026-05-13 05:53:11;ibm_kingston;0;True
2026-05-13 05:53:11;ibm_marrakesh;0;True
2026-05-13 06:53:14;ibm_fez;2;True
2026-05-13 06:53:14;ibm_kingston;0;True
2026-05-13 06:53:14;ibm_marrakesh;0;True
2026-05-13 07:53:19;ibm_fez;1;True
2026-05-13 07:53:19;ibm_kingston;0;True
2026-05-13 07:53:19;ibm_marrakesh;0;True
2026-05-13 08:53:23;ibm_fez;0;True
2026-05-13 08:53:23;ibm_kingston;0;True
2026-05-13 08:53:23;ibm_marrakesh;0;True
2026-05-13 09:53:28;ibm_fez;0;True
2026-05-13 09:53:28;ibm_kingston;1;True
2026-05-13 09:53:28;ibm_marrakesh;0;True
2026-05-13 10:53:31;ibm_fez;3;True
2026-05-13 10:53:31;ibm_kingston;0;True
2026-05-13 10:53:31;ibm_marrakesh;4;True
2026-05-13 11:53:36;ibm_fez;0;True
2026-05-13 11:53:36;ibm_kingston;0;True
2026-05-13 11:53:36;ibm_marrakesh;2;True
2026-05-13 12:53:39;ibm_fez;0;True
2026-05-13 12:53:39;ibm_kingston;0;True
2026-05-13 12:53:39;ibm_marrakesh;0;True
2026-05-13 13:53:44;ibm_fez;0;True
2026-05-13 13:53:44;ibm_kingston;0;True
2026-05-13 13:53:44;ibm_marrakesh;0;True
2026-05-13 14:53:48;ibm_fez;0;True
2026-05-13 14:53:48;ibm_kingston;0;True
2026-05-13 14:53:48;ibm_marrakesh;16;True
2026-05-13 15:53:52;ibm_fez;0;True
2026-05-13 15:53:52;ibm_kingston;0;True
2026-05-13 15:53:52;ibm_marrakesh;37;True
2026-05-13 16:53:57;ibm_fez;17;True
2026-05-13 16:53:57;ibm_kingston;16;True
2026-05-13 16:53:57;ibm_marrakesh;54;True
2026-05-13 17:54:00;ibm_fez;0;True
2026-05-13 17:54:00;ibm_kingston;11;True
2026-05-13 17:54:00;ibm_marrakesh;5;True
2026-05-13 18:54:05;ibm_fez;1;True
2026-05-13 18:54:05;ibm_kingston;1;True
2026-05-13 18:54:05;ibm_marrakesh;5;True
2026-05-13 19:54:10;ibm_fez;5;True
2026-05-13 19:54:10;ibm_kingston;1;True
2026-05-13 19:54:10;ibm_marrakesh;1;True
2026-05-13 20:54:14;ibm_fez;10;True
2026-05-13 20:54:14;ibm_kingston;8;True
2026-05-13 20:54:14;ibm_marrakesh;2;True
2026-05-13 21:54:19;ibm_fez;1;True
2026-05-13 21:54:19;ibm_kingston;0;True
2026-05-13 21:54:19;ibm_marrakesh;0;True
2026-05-13 22:54:24;ibm_fez;0;True
2026-05-13 22:54:24;ibm_kingston;0;True
2026-05-13 22:54:24;ibm_marrakesh;1;True
2026-05-13 23:54:29;ibm_fez;0;True
2026-05-13 23:54:29;ibm_kingston;0;True
2026-05-13 23:54:29;ibm_marrakesh;0;True
2026-05-14 00:54:33;ibm_fez;0;True
2026-05-14 00:54:33;ibm_kingston;0;True
2026-05-14 00:54:33;ibm_marrakesh;0;True
2026-05-14 01:54:37;ibm_fez;2;True
2026-05-14 01:54:37;ibm_kingston;0;True
2026-05-14 01:54:37;ibm_marrakesh;0;True
2026-05-14 02:54:42;ibm_fez;0;True
2026-05-14 02:54:42;ibm_kingston;0;True
2026-05-14 02:54:42;ibm_marrakesh;5;True
2026-05-14 03:54:47;ibm_fez;0;True
2026-05-14 03:54:47;ibm_kingston;0;True
2026-05-14 03:54:47;ibm_marrakesh;0;True
2026-05-14 04:54:52;ibm_fez;13;True
2026-05-14 04:54:52;ibm_kingston;13;True
2026-05-14 04:54:52;ibm_marrakesh;21;True
2026-05-14 05:54:57;ibm_fez;36;True
2026-05-14 05:54:57;ibm_kingston;0;True
2026-05-14 05:54:57;ibm_marrakesh;80;True
2026-05-14 06:55:02;ibm_fez;0;True
2026-05-14 06:55:02;ibm_kingston;0;True
2026-05-14 06:55:02;ibm_marrakesh;0;True
2026-05-14 07:55:06;ibm_fez;20;True
2026-05-14 07:55:06;ibm_kingston;1;True
2026-05-14 07:55:06;ibm_marrakesh;0;True
2026-05-14 08:55:11;ibm_fez;8;True
2026-05-14 08:55:11;ibm_kingston;0;True
2026-05-14 08:55:11;ibm_marrakesh;0;True
2026-05-14 09:55:15;ibm_fez;2;True
2026-05-14 09:55:15;ibm_kingston;0;True
2026-05-14 09:55:15;ibm_marrakesh;0;True
2026-05-14 10:55:19;ibm_fez;0;True
2026-05-14 10:55:19;ibm_kingston;0;True
2026-05-14 10:55:19;ibm_marrakesh;6;True
2026-05-14 11:55:23;ibm_fez;0;True
2026-05-14 11:55:23;ibm_kingston;0;True
2026-05-14 11:55:23;ibm_marrakesh;2;True
2026-05-14 12:55:28;ibm_fez;0;True
2026-05-14 12:55:28;ibm_kingston;0;True
2026-05-14 12:55:28;ibm_marrakesh;0;True
2026-05-14 13:55:33;ibm_fez;0;True
2026-05-14 13:55:33;ibm_kingston;96;True
2026-05-14 13:55:33;ibm_marrakesh;4;True
2026-05-14 14:55:39;ibm_fez;9;True
2026-05-14 14:55:39;ibm_kingston;0;True
2026-05-14 14:55:39;ibm_marrakesh;0;True
2026-05-14 15:55:43;ibm_fez;0;True
2026-05-14 15:55:43;ibm_kingston;0;True
2026-05-14 15:55:43;ibm_marrakesh;0;True
2026-05-14 16:55:48;ibm_fez;1;True
2026-05-14 16:55:48;ibm_kingston;0;True
2026-05-14 16:55:48;ibm_marrakesh;0;True
2026-05-14 17:55:52;ibm_fez;0;True
2026-05-14 17:55:52;ibm_kingston;0;True
2026-05-14 17:55:52;ibm_marrakesh;3;True
2026-05-14 18:55:57;ibm_fez;1;True
2026-05-14 18:55:57;ibm_kingston;0;True
2026-05-14 18:55:57;ibm_marrakesh;3;True
2026-05-14 19:56:00;ibm_fez;0;True
2026-05-14 19:56:00;ibm_kingston;0;True
2026-05-14 19:56:00;ibm_marrakesh;4;True
2026-05-14 20:56:06;ibm_fez;2;True
2026-05-14 20:56:06;ibm_kingston;0;True
2026-05-14 20:56:06;ibm_marrakesh;0;True
2026-05-14 21:56:09;ibm_fez;4;True
2026-05-14 21:56:09;ibm_kingston;6;True
2026-05-14 21:56:09;ibm_marrakesh;172;True
2026-05-14 22:56:14;ibm_fez;0;True
2026-05-14 22:56:14;ibm_kingston;0;True
2026-05-14 22:56:14;ibm_marrakesh;73;True
2026-05-14 23:56:17;ibm_fez;0;True
2026-05-14 23:56:17;ibm_kingston;0;True
2026-05-14 23:56:17;ibm_marrakesh;0;True
2026-05-15 00:56:22;ibm_fez;0;True
2026-05-15 00:56:22;ibm_kingston;0;True
2026-05-15 00:56:22;ibm_marrakesh;0;True
2026-05-15 01:56:26;ibm_fez;0;True
2026-05-15 01:56:26;ibm_kingston;0;True
2026-05-15 01:56:26;ibm_marrakesh;0;True
2026-05-15 02:56:31;ibm_fez;1;True
2026-05-15 02:56:31;ibm_kingston;0;True
2026-05-15 02:56:31;ibm_marrakesh;0;True
2026-05-15 03:56:36;ibm_fez;0;True
2026-05-15 03:56:36;ibm_kingston;1;True
2026-05-15 03:56:36;ibm_marrakesh;0;True
2026-05-15 04:56:41;ibm_fez;0;True
2026-05-15 04:56:41;ibm_kingston;0;True
2026-05-15 04:56:41;ibm_marrakesh;0;True
2026-05-15 05:56:45;ibm_fez;0;True
2026-05-15 05:56:45;ibm_kingston;0;True
2026-05-15 05:56:45;ibm_marrakesh;3;True
2026-05-15 06:56:49;ibm_fez;0;True
2026-05-15 06:56:49;ibm_kingston;0;True
2026-05-15 06:56:49;ibm_marrakesh;0;True
2026-05-15 07:56:54;ibm_fez;0;True
2026-05-15 07:56:54;ibm_kingston;0;True
2026-05-15 07:56:54;ibm_marrakesh;6;True
2026-05-15 08:56:58;ibm_fez;2;True
2026-05-15 08:56:58;ibm_kingston;0;True
2026-05-15 08:56:58;ibm_marrakesh;0;True
2026-05-15 09:57:02;ibm_fez;0;True
2026-05-15 09:57:02;ibm_kingston;1;True
2026-05-15 09:57:02;ibm_marrakesh;2;True
2026-05-15 10:57:07;ibm_fez;0;True
2026-05-15 10:57:07;ibm_kingston;0;True
2026-05-15 10:57:07;ibm_marrakesh;5;True
2026-05-15 11:57:11;ibm_fez;0;True
2026-05-15 11:57:11;ibm_kingston;0;True
2026-05-15 11:57:11;ibm_marrakesh;5;True
2026-05-15 12:57:16;ibm_fez;16;True
2026-05-15 12:57:16;ibm_kingston;4;True
2026-05-15 12:57:16;ibm_marrakesh;0;True
2026-05-15 13:57:21;ibm_fez;31;True
2026-05-15 13:57:21;ibm_kingston;8;True
2026-05-15 13:57:21;ibm_marrakesh;23;True
2026-05-15 14:57:25;ibm_fez;38;True
2026-05-15 14:57:25;ibm_kingston;4;True
2026-05-15 14:57:25;ibm_marrakesh;0;True
2026-05-15 15:57:29;ibm_fez;44;True
2026-05-15 15:57:29;ibm_kingston;10;True
2026-05-15 15:57:29;ibm_marrakesh;0;True
2026-05-15 16:57:34;ibm_fez;18978;True
2026-05-15 16:57:34;ibm_kingston;3;True
2026-05-15 16:57:34;ibm_marrakesh;0;True
2026-05-15 17:57:38;ibm_fez;18981;True
2026-05-15 17:57:38;ibm_kingston;8;True
2026-05-15 17:57:38;ibm_marrakesh;11;True
2026-05-15 18:57:43;ibm_fez;18957;True
2026-05-15 18:57:43;ibm_kingston;4;True
2026-05-15 18:57:43;ibm_marrakesh;0;True
2026-05-15 19:57:47;ibm_fez;18903;True
2026-05-15 19:57:47;ibm_kingston;0;True
2026-05-15 19:57:47;ibm_marrakesh;0;True
2026-05-15 20:57:51;ibm_fez;0;True
2026-05-15 20:57:51;ibm_kingston;0;True
2026-05-15 20:57:51;ibm_marrakesh;0;True
2026-05-15 21:57:56;ibm_fez;0;True
2026-05-15 21:57:56;ibm_kingston;0;True
2026-05-15 21:57:56;ibm_marrakesh;0;True
2026-05-15 22:58:00;ibm_fez;0;True
2026-05-15 22:58:00;ibm_kingston;0;True
2026-05-15 22:58:00;ibm_marrakesh;0;True
2026-05-15 23:58:05;ibm_fez;0;True
2026-05-15 23:58:05;ibm_kingston;0;True
2026-05-15 23:58:05;ibm_marrakesh;0;True
2026-05-16 00:58:08;ibm_fez;0;True
2026-05-16 00:58:08;ibm_kingston;0;True
2026-05-16 00:58:08;ibm_marrakesh;0;True
2026-05-16 01:58:13;ibm_fez;0;True
2026-05-16 01:58:13;ibm_kingston;0;True
2026-05-16 01:58:13;ibm_marrakesh;0;True
2026-05-16 02:58:17;ibm_fez;0;True
2026-05-16 02:58:17;ibm_kingston;0;True
2026-05-16 02:58:17;ibm_marrakesh;0;True
2026-05-16 03:58:22;ibm_fez;0;True
2026-05-16 03:58:22;ibm_kingston;0;True
2026-05-16 03:58:22;ibm_marrakesh;1;True
2026-05-16 04:58:26;ibm_fez;0;True
2026-05-16 04:58:26;ibm_kingston;0;True
2026-05-16 04:58:26;ibm_marrakesh;0;True
2026-05-16 05:58:30;ibm_fez;0;True
2026-05-16 05:58:30;ibm_kingston;0;True
2026-05-16 05:58:30;ibm_marrakesh;0;True
2026-05-16 06:58:35;ibm_fez;0;True
2026-05-16 06:58:35;ibm_kingston;0;True
2026-05-16 06:58:35;ibm_marrakesh;0;True
2026-05-16 07:58:40;ibm_fez;0;True
2026-05-16 07:58:40;ibm_kingston;0;True
2026-05-16 07:58:40;ibm_marrakesh;0;True
2026-05-16 08:58:43;ibm_fez;0;True
2026-05-16 08:58:43;ibm_kingston;0;True
2026-05-16 08:58:43;ibm_marrakesh;0;True
2026-05-16 09:58:48;ibm_fez;0;True
2026-05-16 09:58:48;ibm_kingston;0;True
2026-05-16 09:58:48;ibm_marrakesh;0;True
2026-05-16 10:58:53;ibm_fez;1;True
2026-05-16 10:58:53;ibm_kingston;0;True
2026-05-16 10:58:53;ibm_marrakesh;0;True
2026-05-16 11:58:57;ibm_fez;7;True
2026-05-16 11:58:57;ibm_kingston;0;True
2026-05-16 11:58:57;ibm_marrakesh;0;True
2026-05-16 12:59:01;ibm_fez;18;True
2026-05-16 12:59:01;ibm_kingston;0;True
2026-05-16 12:59:01;ibm_marrakesh;0;True
2026-05-16 13:59:07;ibm_fez;22;True
2026-05-16 13:59:07;ibm_kingston;9;True
2026-05-16 13:59:07;ibm_marrakesh;0;True
2026-05-16 14:59:12;ibm_fez;27;True
2026-05-16 14:59:12;ibm_kingston;0;True
2026-05-16 14:59:12;ibm_marrakesh;0;True
2026-05-16 15:59:15;ibm_fez;0;True
2026-05-16 15:59:15;ibm_kingston;0;True
2026-05-16 15:59:15;ibm_marrakesh;0;True
2026-05-16 16:59:20;ibm_fez;0;True
2026-05-16 16:59:20;ibm_kingston;0;True
2026-05-16 16:59:20;ibm_marrakesh;0;True
2026-05-16 17:59:24;ibm_fez;0;True
2026-05-16 17:59:24;ibm_kingston;0;True
2026-05-16 17:59:24;ibm_marrakesh;0;True
2026-05-16 18:59:28;ibm_fez;0;True
2026-05-16 18:59:28;ibm_kingston;0;True
2026-05-16 18:59:28;ibm_marrakesh;0;True
2026-05-16 19:59:33;ibm_fez;0;True
2026-05-16 19:59:33;ibm_kingston;0;True
2026-05-16 19:59:33;ibm_marrakesh;0;True
2026-05-16 20:59:37;ibm_fez;0;True
2026-05-16 20:59:37;ibm_kingston;0;True
2026-05-16 20:59:37;ibm_marrakesh;0;True
2026-05-16 21:59:42;ibm_fez;0;True
2026-05-16 21:59:42;ibm_kingston;0;True
2026-05-16 21:59:42;ibm_marrakesh;0;True
2026-05-16 22:59:47;ibm_fez;0;True
2026-05-16 22:59:47;ibm_kingston;0;True
2026-05-16 22:59:47;ibm_marrakesh;0;True
2026-05-16 23:59:52;ibm_fez;0;True
2026-05-16 23:59:52;ibm_kingston;0;True
2026-05-16 23:59:52;ibm_marrakesh;0;True
2026-05-17 00:59:56;ibm_fez;0;True
2026-05-17 00:59:56;ibm_kingston;0;True
2026-05-17 00:59:56;ibm_marrakesh;0;True
2026-05-17 02:00:01;ibm_fez;0;True
2026-05-17 02:00:01;ibm_kingston;0;True
2026-05-17 02:00:01;ibm_marrakesh;0;True
2026-05-17 03:00:05;ibm_fez;0;True
2026-05-17 03:00:05;ibm_kingston;0;True
2026-05-17 03:00:05;ibm_marrakesh;0;True
2026-05-17 04:00:10;ibm_fez;0;True
2026-05-17 04:00:10;ibm_kingston;0;True
2026-05-17 04:00:10;ibm_marrakesh;0;True
2026-05-17 05:00:14;ibm_fez;1;True
2026-05-17 05:00:14;ibm_kingston;0;True
2026-05-17 05:00:14;ibm_marrakesh;0;True
2026-05-17 06:00:20;ibm_fez;7;True
2026-05-17 06:00:20;ibm_kingston;0;True
2026-05-17 06:00:20;ibm_marrakesh;0;True
2026-05-17 07:00:24;ibm_fez;61;True
2026-05-17 07:00:24;ibm_kingston;0;True
2026-05-17 07:00:24;ibm_marrakesh;0;True
2026-05-17 08:00:29;ibm_fez;0;True
2026-05-17 08:00:29;ibm_kingston;0;True
2026-05-17 08:00:29;ibm_marrakesh;0;True
2026-05-17 09:00:33;ibm_fez;0;True
2026-05-17 09:00:33;ibm_kingston;0;True
2026-05-17 09:00:33;ibm_marrakesh;0;True
2026-05-17 10:00:38;ibm_fez;0;True
2026-05-17 10:00:38;ibm_kingston;0;True
2026-05-17 10:00:38;ibm_marrakesh;0;True
2026-05-17 11:00:42;ibm_fez;0;True
2026-05-17 11:00:42;ibm_kingston;0;True
2026-05-17 11:00:42;ibm_marrakesh;0;True
2026-05-17 12:00:47;ibm_fez;0;True
2026-05-17 12:00:47;ibm_kingston;0;True
2026-05-17 12:00:47;ibm_marrakesh;0;True
2026-05-17 13:00:51;ibm_fez;0;True
2026-05-17 13:00:51;ibm_kingston;0;True
2026-05-17 13:00:51;ibm_marrakesh;0;True
2026-05-17 14:00:55;ibm_fez;0;True
2026-05-17 14:00:55;ibm_kingston;1;True
2026-05-17 14:00:55;ibm_marrakesh;0;True
2026-05-17 15:00:59;ibm_fez;0;True
2026-05-17 15:00:59;ibm_kingston;0;True
2026-05-17 15:00:59;ibm_marrakesh;0;True
2026-05-17 16:01:04;ibm_fez;0;True
2026-05-17 16:01:04;ibm_kingston;0;True
2026-05-17 16:01:04;ibm_marrakesh;0;True
2026-05-17 17:01:09;ibm_fez;0;True
2026-05-17 17:01:09;ibm_kingston;0;True
2026-05-17 17:01:09;ibm_marrakesh;0;True
2026-05-17 18:01:13;ibm_fez;0;True
2026-05-17 18:01:13;ibm_kingston;0;True
2026-05-17 18:01:13;ibm_marrakesh;0;True
2026-05-17 19:01:18;ibm_fez;0;True
2026-05-17 19:01:18;ibm_kingston;0;True
2026-05-17 19:01:18;ibm_marrakesh;0;True
2026-05-17 20:01:23;ibm_fez;0;True
2026-05-17 20:01:23;ibm_kingston;0;True
2026-05-17 20:01:23;ibm_marrakesh;0;True
2026-05-17 21:01:27;ibm_fez;1;True
2026-05-17 21:01:27;ibm_kingston;0;True
2026-05-17 21:01:27;ibm_marrakesh;0;True
2026-05-17 22:01:32;ibm_fez;0;True
2026-05-17 22:01:32;ibm_kingston;6;True
2026-05-17 22:01:32;ibm_marrakesh;0;True
2026-05-17 23:01:36;ibm_fez;0;True
2026-05-17 23:01:36;ibm_kingston;0;True
2026-05-17 23:01:36;ibm_marrakesh;0;True
2026-05-18 00:01:41;ibm_fez;0;True
2026-05-18 00:01:41;ibm_kingston;0;True
2026-05-18 00:01:41;ibm_marrakesh;0;True
2026-05-18 01:01:44;ibm_fez;0;True
2026-05-18 01:01:44;ibm_kingston;0;True
2026-05-18 01:01:44;ibm_marrakesh;0;True
2026-05-18 02:01:49;ibm_fez;0;True
2026-05-18 02:01:49;ibm_kingston;0;True
2026-05-18 02:01:49;ibm_marrakesh;0;True
2026-05-18 03:01:53;ibm_fez;0;True
2026-05-18 03:01:53;ibm_kingston;0;True
2026-05-18 03:01:53;ibm_marrakesh;0;True
2026-05-18 04:01:57;ibm_fez;0;True
2026-05-18 04:01:57;ibm_kingston;0;True
2026-05-18 04:01:57;ibm_marrakesh;0;True
2026-05-18 05:02:01;ibm_fez;0;True
2026-05-18 05:02:01;ibm_kingston;0;True
2026-05-18 05:02:01;ibm_marrakesh;0;True
2026-05-18 06:02:05;ibm_fez;0;True
2026-05-18 06:02:05;ibm_kingston;0;True
2026-05-18 06:02:05;ibm_marrakesh;0;True
2026-05-18 07:02:09;ibm_fez;0;True
2026-05-18 07:02:09;ibm_kingston;0;True
2026-05-18 07:02:09;ibm_marrakesh;0;True
2026-05-18 08:02:14;ibm_fez;0;True
2026-05-18 08:02:14;ibm_kingston;0;True
2026-05-18 08:02:14;ibm_marrakesh;0;True
2026-05-18 09:02:18;ibm_fez;0;True
2026-05-18 09:02:18;ibm_kingston;0;True
2026-05-18 09:02:18;ibm_marrakesh;0;True
2026-05-18 10:02:23;ibm_fez;0;True
2026-05-18 10:02:23;ibm_kingston;0;True
2026-05-18 10:02:23;ibm_marrakesh;0;True
2026-05-18 11:02:27;ibm_fez;0;True
2026-05-18 11:02:27;ibm_kingston;0;True
2026-05-18 11:02:27;ibm_marrakesh;0;True
2026-05-18 12:02:31;ibm_fez;1;True
2026-05-18 12:02:31;ibm_kingston;0;True
2026-05-18 12:02:31;ibm_marrakesh;0;True
2026-05-18 13:02:36;ibm_fez;9;True
2026-05-18 13:02:36;ibm_kingston;0;True
2026-05-18 13:02:36;ibm_marrakesh;0;True
2026-05-18 14:02:40;ibm_fez;19;True
2026-05-18 14:02:40;ibm_kingston;0;True
2026-05-18 14:02:40;ibm_marrakesh;0;True
2026-05-18 15:02:44;ibm_fez;21;True
2026-05-18 15:02:44;ibm_kingston;0;True
2026-05-18 15:02:44;ibm_marrakesh;1;True
2026-05-18 16:02:49;ibm_fez;0;True
2026-05-18 16:02:49;ibm_kingston;38;True
2026-05-18 16:02:49;ibm_marrakesh;2;True
2026-05-18 17:02:53;ibm_fez;0;True
2026-05-18 17:02:53;ibm_kingston;0;True
2026-05-18 17:02:53;ibm_marrakesh;10;True
2026-05-18 18:02:58;ibm_fez;1;True
2026-05-18 18:02:58;ibm_kingston;4;True
2026-05-18 18:02:58;ibm_marrakesh;2;True
2026-05-18 19:03:02;ibm_fez;213;True
2026-05-18 19:03:02;ibm_kingston;51;True
2026-05-18 19:03:02;ibm_marrakesh;40;True
2026-05-18 20:03:07;ibm_fez;39247;True
2026-05-18 20:03:07;ibm_kingston;33605;True
2026-05-18 20:03:07;ibm_marrakesh;0;True
2026-05-18 21:03:11;ibm_fez;222;True
2026-05-18 21:03:11;ibm_kingston;0;True
2026-05-18 21:03:11;ibm_marrakesh;0;True
2026-05-18 22:03:16;ibm_fez;39256;True
2026-05-18 22:03:16;ibm_kingston;33518;True
2026-05-18 22:03:16;ibm_marrakesh;0;True
2026-05-18 23:03:20;ibm_fez;233;True
2026-05-18 23:03:20;ibm_kingston;0;True
2026-05-18 23:03:20;ibm_marrakesh;0;True
2026-05-19 00:03:25;ibm_fez;0;True
2026-05-19 00:03:25;ibm_kingston;0;True
2026-05-19 00:03:25;ibm_marrakesh;0;True
2026-05-19 01:03:29;ibm_fez;0;True
2026-05-19 01:03:29;ibm_kingston;0;True
2026-05-19 01:03:29;ibm_marrakesh;0;True
2026-05-19 02:03:33;ibm_fez;0;True
2026-05-19 02:03:33;ibm_kingston;0;True
2026-05-19 02:03:33;ibm_marrakesh;0;True
2026-05-19 03:03:37;ibm_fez;0;True
2026-05-19 03:03:37;ibm_kingston;0;True
2026-05-19 03:03:37;ibm_marrakesh;0;True
2026-05-19 04:03:41;ibm_fez;3;True
2026-05-19 04:03:41;ibm_kingston;1;True
2026-05-19 04:03:41;ibm_marrakesh;0;True
2026-05-19 05:03:45;ibm_fez;7;True
2026-05-19 05:03:45;ibm_kingston;0;True
2026-05-19 05:03:45;ibm_marrakesh;0;True
2026-05-19 06:03:50;ibm_fez;0;True
2026-05-19 06:03:50;ibm_kingston;0;True
2026-05-19 06:03:50;ibm_marrakesh;0;True
2026-05-19 07:03:54;ibm_fez;0;True
2026-05-19 07:03:54;ibm_kingston;0;True
2026-05-19 07:03:54;ibm_marrakesh;36;True
2026-05-19 08:03:58;ibm_fez;1;True
2026-05-19 08:03:58;ibm_kingston;6;True
2026-05-19 08:03:58;ibm_marrakesh;0;True
2026-05-19 09:04:02;ibm_fez;0;True
2026-05-19 09:04:02;ibm_kingston;0;True
2026-05-19 09:04:02;ibm_marrakesh;0;True
2026-05-19 10:04:07;ibm_fez;0;True
2026-05-19 10:04:07;ibm_kingston;18;True
2026-05-19 10:04:07;ibm_marrakesh;0;True
2026-05-19 11:04:11;ibm_fez;0;True
2026-05-19 11:04:11;ibm_kingston;0;True
2026-05-19 11:04:11;ibm_marrakesh;0;True
2026-05-19 12:04:16;ibm_fez;0;True
2026-05-19 12:04:16;ibm_kingston;0;True
2026-05-19 12:04:16;ibm_marrakesh;0;True
2026-05-19 13:04:20;ibm_fez;0;True
2026-05-19 13:04:20;ibm_kingston;0;True
2026-05-19 13:04:20;ibm_marrakesh;0;True
2026-05-19 14:04:25;ibm_fez;0;True
2026-05-19 14:04:25;ibm_kingston;0;True
2026-05-19 14:04:25;ibm_marrakesh;0;True
2026-05-19 15:04:29;ibm_fez;0;True
2026-05-19 15:04:29;ibm_kingston;0;True
2026-05-19 15:04:29;ibm_marrakesh;0;True
2026-05-19 16:04:34;ibm_fez;0;True
2026-05-19 16:04:34;ibm_kingston;0;True
2026-05-19 16:04:34;ibm_marrakesh;0;True
2026-05-19 17:04:38;ibm_fez;0;True
2026-05-19 17:04:38;ibm_kingston;0;True
2026-05-19 17:04:38;ibm_marrakesh;0;True
2026-05-19 18:04:43;ibm_fez;0;True
2026-05-19 18:04:43;ibm_kingston;0;True
2026-05-19 18:04:43;ibm_marrakesh;0;True
2026-05-19 19:04:47;ibm_fez;3;True
2026-05-19 19:04:47;ibm_kingston;0;True
2026-05-19 19:04:47;ibm_marrakesh;0;True
2026-05-19 20:04:52;ibm_fez;0;True
2026-05-19 20:04:52;ibm_kingston;0;True
2026-05-19 20:04:52;ibm_marrakesh;0;True
2026-05-19 21:04:56;ibm_fez;0;True
2026-05-19 21:04:56;ibm_kingston;0;True
2026-05-19 21:04:56;ibm_marrakesh;0;True
2026-05-19 22:05:02;ibm_fez;0;True
2026-05-19 22:05:02;ibm_kingston;0;True
2026-05-19 22:05:02;ibm_marrakesh;0;True
2026-05-19 23:05:06;ibm_fez;0;True
2026-05-19 23:05:06;ibm_kingston;0;True
2026-05-19 23:05:06;ibm_marrakesh;0;True
2026-05-20 00:05:11;ibm_fez;0;True
2026-05-20 00:05:11;ibm_kingston;0;True
2026-05-20 00:05:11;ibm_marrakesh;0;True
2026-05-20 01:05:14;ibm_fez;1;True
2026-05-20 01:05:14;ibm_kingston;0;True
2026-05-20 01:05:14;ibm_marrakesh;0;True
2026-05-20 02:05:19;ibm_fez;0;True
2026-05-20 02:05:19;ibm_kingston;40;True
2026-05-20 02:05:19;ibm_marrakesh;0;True
2026-05-20 03:05:23;ibm_fez;0;True
2026-05-20 03:05:23;ibm_kingston;39;True
2026-05-20 03:05:23;ibm_marrakesh;0;True
2026-05-20 04:05:28;ibm_fez;0;True
2026-05-20 04:05:28;ibm_kingston;38;True
2026-05-20 04:05:28;ibm_marrakesh;0;True
2026-05-20 05:05:32;ibm_fez;0;True
2026-05-20 05:05:32;ibm_kingston;42;True
2026-05-20 05:05:32;ibm_marrakesh;0;True
2026-05-20 06:05:37;ibm_fez;0;True
2026-05-20 06:05:37;ibm_kingston;26;True
2026-05-20 06:05:37;ibm_marrakesh;0;True
2026-05-20 07:05:40;ibm_fez;0;True
2026-05-20 07:05:40;ibm_kingston;0;True
2026-05-20 07:05:40;ibm_marrakesh;0;True
2026-05-20 08:05:45;ibm_fez;0;True
2026-05-20 08:05:45;ibm_kingston;0;True
2026-05-20 08:05:45;ibm_marrakesh;0;True
2026-05-20 09:05:49;ibm_fez;0;True
2026-05-20 09:05:49;ibm_kingston;0;True
2026-05-20 09:05:49;ibm_marrakesh;0;True
2026-05-20 10:05:54;ibm_fez;0;True
2026-05-20 10:05:54;ibm_kingston;0;True
2026-05-20 10:05:54;ibm_marrakesh;0;True
2026-05-20 11:05:57;ibm_fez;190;True
2026-05-20 11:05:57;ibm_kingston;2;True
2026-05-20 11:05:57;ibm_marrakesh;0;True
2026-05-20 12:06:02;ibm_fez;0;True
2026-05-20 12:06:02;ibm_kingston;0;True
2026-05-20 12:06:02;ibm_marrakesh;0;True
2026-05-20 13:06:07;ibm_fez;0;True
2026-05-20 13:06:07;ibm_kingston;0;True
2026-05-20 13:06:07;ibm_marrakesh;2;True
2026-05-20 14:06:11;ibm_fez;0;True
2026-05-20 14:06:11;ibm_kingston;0;True
2026-05-20 14:06:11;ibm_marrakesh;4;True
2026-05-20 15:06:15;ibm_fez;0;True
2026-05-20 15:06:15;ibm_kingston;0;True
2026-05-20 15:06:15;ibm_marrakesh;0;True
2026-05-20 16:06:19;ibm_fez;1;True
2026-05-20 16:06:19;ibm_kingston;0;True
2026-05-20 16:06:19;ibm_marrakesh;0;True
2026-05-20 17:06:23;ibm_fez;0;True
2026-05-20 17:06:23;ibm_kingston;0;True
2026-05-20 17:06:23;ibm_marrakesh;0;True
2026-05-20 18:06:28;ibm_fez;0;True
2026-05-20 18:06:28;ibm_kingston;0;True
2026-05-20 18:06:28;ibm_marrakesh;1;True
2026-05-20 19:06:31;ibm_fez;0;True
2026-05-20 19:06:31;ibm_kingston;0;True
2026-05-20 19:06:31;ibm_marrakesh;0;True
2026-05-20 20:06:37;ibm_fez;0;True
2026-05-20 20:06:37;ibm_kingston;0;True
2026-05-20 20:06:37;ibm_marrakesh;0;True
2026-05-20 21:06:41;ibm_fez;0;True
2026-05-20 21:06:41;ibm_kingston;15;True
2026-05-20 21:06:41;ibm_marrakesh;0;True
2026-05-20 22:06:45;ibm_fez;0;True
2026-05-20 22:06:45;ibm_kingston;2;True
2026-05-20 22:06:45;ibm_marrakesh;0;True
2026-05-20 23:06:49;ibm_fez;0;True
2026-05-20 23:06:49;ibm_kingston;1;True
2026-05-20 23:06:49;ibm_marrakesh;1;True
2026-05-21 00:06:54;ibm_fez;0;True
2026-05-21 00:06:54;ibm_kingston;0;True
2026-05-21 00:06:54;ibm_marrakesh;0;True
2026-05-21 01:06:58;ibm_fez;0;True
2026-05-21 01:06:58;ibm_kingston;0;True
2026-05-21 01:06:58;ibm_marrakesh;0;True
2026-05-21 02:07:03;ibm_fez;0;True
2026-05-21 02:07:03;ibm_kingston;0;True
2026-05-21 02:07:03;ibm_marrakesh;16;True
2026-05-21 03:07:07;ibm_fez;2;True
2026-05-21 03:07:07;ibm_kingston;0;True
2026-05-21 03:07:07;ibm_marrakesh;10;True
2026-05-21 04:07:12;ibm_fez;0;True
2026-05-21 04:07:12;ibm_kingston;0;True
2026-05-21 04:07:12;ibm_marrakesh;0;True
2026-05-21 05:07:16;ibm_fez;0;True
2026-05-21 05:07:16;ibm_kingston;0;True
2026-05-21 05:07:16;ibm_marrakesh;0;True
2026-05-21 06:07:21;ibm_fez;0;True
2026-05-21 06:07:21;ibm_kingston;0;True
2026-05-21 06:07:21;ibm_marrakesh;0;True
2026-05-21 07:07:24;ibm_fez;0;True
2026-05-21 07:07:24;ibm_kingston;0;True
2026-05-21 07:07:24;ibm_marrakesh;0;True
2026-05-21 08:07:29;ibm_fez;0;True
2026-05-21 08:07:29;ibm_kingston;0;True
2026-05-21 08:07:29;ibm_marrakesh;0;True
2026-05-21 09:07:32;ibm_fez;0;True
2026-05-21 09:07:32;ibm_kingston;0;True
2026-05-21 09:07:32;ibm_marrakesh;4;True
2026-05-21 10:07:39;ibm_fez;0;True
2026-05-21 10:07:39;ibm_kingston;3;True
2026-05-21 10:07:39;ibm_marrakesh;5;True
2026-05-21 11:12:12;ibm_fez;1;True
2026-05-21 11:12:12;ibm_kingston;1;True
2026-05-21 11:12:12;ibm_marrakesh;5;True
2026-05-21 12:12:19;ibm_fez;2;True
2026-05-21 12:12:19;ibm_kingston;1;True
2026-05-21 12:12:19;ibm_marrakesh;2;True
2026-05-21 13:12:24;ibm_fez;20;True
2026-05-21 13:12:24;ibm_kingston;2;True
2026-05-21 13:12:24;ibm_marrakesh;2;True
2026-05-21 14:12:31;ibm_fez;21;True
2026-05-21 14:12:31;ibm_kingston;1;True
2026-05-21 14:12:31;ibm_marrakesh;3;True
2026-05-21 15:12:36;ibm_fez;15;True
2026-05-21 15:12:36;ibm_kingston;8;True
2026-05-21 15:12:36;ibm_marrakesh;7;True
2026-05-21 16:12:41;ibm_fez;5;True
2026-05-21 16:12:41;ibm_kingston;6;True
2026-05-21 16:12:41;ibm_marrakesh;0;True
2026-05-21 17:12:48;ibm_fez;0;True
2026-05-21 17:12:48;ibm_kingston;0;True
2026-05-21 17:12:48;ibm_marrakesh;0;True
2026-05-21 18:12:53;ibm_fez;0;True
2026-05-21 18:12:53;ibm_kingston;1;True
2026-05-21 18:12:53;ibm_marrakesh;0;True
2026-05-21 19:13:01;ibm_fez;3;True
2026-05-21 19:13:01;ibm_kingston;2;True
2026-05-21 19:13:01;ibm_marrakesh;0;True
2026-05-21 20:13:06;ibm_fez;0;True
2026-05-21 20:13:06;ibm_kingston;1;True
2026-05-21 20:13:06;ibm_marrakesh;0;True
2026-05-21 21:13:12;ibm_fez;0;True
2026-05-21 21:13:12;ibm_kingston;1;True
2026-05-21 21:13:12;ibm_marrakesh;0;True
2026-05-21 22:13:18;ibm_fez;1;True
2026-05-21 22:13:18;ibm_kingston;4;True
2026-05-21 22:13:18;ibm_marrakesh;2;True
2026-05-21 23:13:24;ibm_fez;0;True
2026-05-21 23:13:24;ibm_kingston;2;True
2026-05-21 23:13:24;ibm_marrakesh;1;True
2026-05-22 00:13:30;ibm_fez;0;True
2026-05-22 00:13:30;ibm_kingston;1;True
2026-05-22 00:13:30;ibm_marrakesh;1;True
2026-05-22 01:13:36;ibm_fez;0;True
2026-05-22 01:13:36;ibm_kingston;0;True
2026-05-22 01:13:36;ibm_marrakesh;2;True
2026-05-22 02:13:41;ibm_fez;2;True
2026-05-22 02:13:41;ibm_kingston;0;True
2026-05-22 02:13:41;ibm_marrakesh;0;True
2026-05-22 03:13:47;ibm_fez;0;True
2026-05-22 03:13:47;ibm_kingston;1;True
2026-05-22 03:13:47;ibm_marrakesh;0;True
2026-05-22 04:13:53;ibm_fez;0;True
2026-05-22 04:13:53;ibm_kingston;0;True
2026-05-22 04:13:53;ibm_marrakesh;0;True
2026-05-22 05:13:59;ibm_fez;2;True
2026-05-22 05:13:59;ibm_kingston;0;True
2026-05-22 05:13:59;ibm_marrakesh;0;True
2026-05-22 06:14:05;ibm_fez;13;True
2026-05-22 06:14:05;ibm_kingston;1;True
2026-05-22 06:14:05;ibm_marrakesh;0;True
2026-05-22 07:14:11;ibm_fez;17;True
2026-05-22 07:14:11;ibm_kingston;0;True
2026-05-22 07:14:11;ibm_marrakesh;0;True
2026-05-22 08:14:16;ibm_fez;17;True
2026-05-22 08:14:16;ibm_kingston;0;True
2026-05-22 08:14:16;ibm_marrakesh;2;True
2026-05-22 09:14:22;ibm_fez;0;True
2026-05-22 09:14:22;ibm_kingston;1;True
2026-05-22 09:14:22;ibm_marrakesh;2;True
2026-05-22 10:14:27;ibm_fez;0;True
2026-05-22 10:14:27;ibm_kingston;1;True
2026-05-22 10:14:27;ibm_marrakesh;2;True
2026-05-22 11:14:34;ibm_fez;4;True
2026-05-22 11:14:34;ibm_kingston;1;True
2026-05-22 11:14:34;ibm_marrakesh;1;True
2026-05-22 12:14:39;ibm_fez;1;True
2026-05-22 12:14:39;ibm_kingston;0;True
2026-05-22 12:14:39;ibm_marrakesh;2;True
2026-05-22 13:14:45;ibm_fez;3;True
2026-05-22 13:14:45;ibm_kingston;0;True
2026-05-22 13:14:45;ibm_marrakesh;6;True
2026-05-22 14:14:50;ibm_fez;4;True
2026-05-22 14:14:50;ibm_kingston;0;True
2026-05-22 14:14:50;ibm_marrakesh;0;True
2026-05-22 15:14:57;ibm_fez;3;True
2026-05-22 15:14:57;ibm_kingston;2;True
2026-05-22 15:14:57;ibm_marrakesh;1;True
2026-05-22 16:15:02;ibm_fez;4;True
2026-05-22 16:15:02;ibm_kingston;1;True
2026-05-22 16:15:02;ibm_marrakesh;0;True
2026-05-22 17:15:09;ibm_fez;3;True
2026-05-22 17:15:09;ibm_kingston;0;True
2026-05-22 17:15:09;ibm_marrakesh;1;True
2026-05-22 18:15:16;ibm_fez;3;True
2026-05-22 18:15:16;ibm_kingston;1;True
2026-05-22 18:15:16;ibm_marrakesh;0;True
2026-05-22 19:15:23;ibm_fez;7;True
2026-05-22 19:15:23;ibm_kingston;1;True
2026-05-22 19:15:23;ibm_marrakesh;0;True
2026-05-22 20:15:29;ibm_fez;10;True
2026-05-22 20:15:29;ibm_kingston;0;True
2026-05-22 20:15:29;ibm_marrakesh;0;True
2026-05-22 21:15:36;ibm_fez;17;True
2026-05-22 21:15:36;ibm_kingston;0;True
2026-05-22 21:15:36;ibm_marrakesh;0;True
2026-05-22 22:15:41;ibm_fez;22;True
2026-05-22 22:15:41;ibm_kingston;0;True
2026-05-22 22:15:41;ibm_marrakesh;0;True
2026-05-22 23:15:47;ibm_fez;3;True
2026-05-22 23:15:47;ibm_kingston;0;True
2026-05-22 23:15:47;ibm_marrakesh;0;True
2026-05-23 00:15:53;ibm_fez;0;True
2026-05-23 00:15:53;ibm_kingston;1;True
2026-05-23 00:15:53;ibm_marrakesh;0;True
2026-05-23 01:15:59;ibm_fez;3;True
2026-05-23 01:15:59;ibm_kingston;0;True
2026-05-23 01:15:59;ibm_marrakesh;0;True
2026-05-23 02:16:04;ibm_fez;0;True
2026-05-23 02:16:04;ibm_kingston;0;True
2026-05-23 02:16:04;ibm_marrakesh;0;True
2026-05-23 03:16:10;ibm_fez;0;True
2026-05-23 03:16:10;ibm_kingston;1;True
2026-05-23 03:16:10;ibm_marrakesh;1;True
2026-05-23 04:16:16;ibm_fez;1;True
2026-05-23 04:16:16;ibm_kingston;0;True
2026-05-23 04:16:16;ibm_marrakesh;0;True
2026-05-23 05:16:22;ibm_fez;0;True
2026-05-23 05:16:22;ibm_kingston;0;True
2026-05-23 05:16:22;ibm_marrakesh;0;True
2026-05-23 06:16:28;ibm_fez;0;True
2026-05-23 06:16:28;ibm_kingston;3;True
2026-05-23 06:16:28;ibm_marrakesh;1;True
2026-05-23 07:16:34;ibm_fez;0;True
2026-05-23 07:16:34;ibm_kingston;0;True
2026-05-23 07:16:34;ibm_marrakesh;2;True
2026-05-23 08:16:40;ibm_fez;1;True
2026-05-23 08:16:40;ibm_kingston;0;True
2026-05-23 08:16:40;ibm_marrakesh;2;True
2026-05-23 09:16:46;ibm_fez;1;True
2026-05-23 09:16:46;ibm_kingston;0;True
2026-05-23 09:16:46;ibm_marrakesh;3;True
2026-05-23 10:16:52;ibm_fez;1;True
2026-05-23 10:16:52;ibm_kingston;0;True
2026-05-23 10:16:52;ibm_marrakesh;0;True
2026-05-23 11:16:58;ibm_fez;0;True
2026-05-23 11:16:58;ibm_kingston;1;True
2026-05-23 11:16:58;ibm_marrakesh;0;True
2026-05-23 12:17:04;ibm_fez;0;True
2026-05-23 12:17:04;ibm_kingston;2;True
2026-05-23 12:17:04;ibm_marrakesh;1;True
2026-05-23 13:17:10;ibm_fez;0;True
2026-05-23 13:17:10;ibm_kingston;0;True
2026-05-23 13:17:10;ibm_marrakesh;0;True
2026-05-23 14:17:16;ibm_fez;0;True
2026-05-23 14:17:16;ibm_kingston;1;True
2026-05-23 14:17:16;ibm_marrakesh;0;True
2026-05-23 15:17:24;ibm_fez;0;True
2026-05-23 15:17:24;ibm_kingston;0;True
2026-05-23 15:17:24;ibm_marrakesh;0;True
2026-05-23 16:17:29;ibm_fez;0;True
2026-05-23 16:17:29;ibm_kingston;0;True
2026-05-23 16:17:29;ibm_marrakesh;0;True
2026-05-23 17:17:36;ibm_fez;0;True
2026-05-23 17:17:36;ibm_kingston;1;True
2026-05-23 17:17:36;ibm_marrakesh;0;True
2026-05-23 18:17:41;ibm_fez;1;True
2026-05-23 18:17:41;ibm_kingston;1;True
2026-05-23 18:17:41;ibm_marrakesh;0;True
2026-05-23 19:17:47;ibm_fez;0;True
2026-05-23 19:17:47;ibm_kingston;1;True
2026-05-23 19:17:47;ibm_marrakesh;0;True
2026-05-23 20:17:52;ibm_fez;0;True
2026-05-23 20:17:52;ibm_kingston;16;True
2026-05-23 20:17:52;ibm_marrakesh;0;True
2026-05-23 21:17:58;ibm_fez;0;True
2026-05-23 21:17:58;ibm_kingston;0;True
2026-05-23 21:17:58;ibm_marrakesh;0;True
2026-05-23 22:18:05;ibm_fez;0;True
2026-05-23 22:18:05;ibm_kingston;9;True
2026-05-23 22:18:05;ibm_marrakesh;2;True
2026-05-23 23:18:11;ibm_fez;0;True
2026-05-23 23:18:11;ibm_kingston;4;True
2026-05-23 23:18:11;ibm_marrakesh;0;True
2026-05-24 00:18:17;ibm_fez;0;True
2026-05-24 00:18:17;ibm_kingston;0;True
2026-05-24 00:18:17;ibm_marrakesh;0;True
2026-05-24 01:18:24;ibm_fez;0;True
2026-05-24 01:18:24;ibm_kingston;0;True
2026-05-24 01:18:24;ibm_marrakesh;0;True
2026-05-24 02:18:30;ibm_fez;0;True
2026-05-24 02:18:30;ibm_kingston;0;True
2026-05-24 02:18:30;ibm_marrakesh;0;True
2026-05-24 03:18:36;ibm_fez;0;True
2026-05-24 03:18:36;ibm_kingston;14;True
2026-05-24 03:18:36;ibm_marrakesh;0;True
2026-05-24 04:18:42;ibm_fez;0;True
2026-05-24 04:18:42;ibm_kingston;14;True
2026-05-24 04:18:42;ibm_marrakesh;1;True
2026-05-24 05:18:49;ibm_fez;0;True
2026-05-24 05:18:49;ibm_kingston;1;True
2026-05-24 05:18:49;ibm_marrakesh;0;True
2026-05-24 06:18:54;ibm_fez;0;True
2026-05-24 06:18:54;ibm_kingston;12;True
2026-05-24 06:18:54;ibm_marrakesh;0;True
2026-05-24 07:19:01;ibm_fez;0;True
2026-05-24 07:19:01;ibm_kingston;11;True
2026-05-24 07:19:01;ibm_marrakesh;0;True
2026-05-24 08:19:06;ibm_fez;1;True
2026-05-24 08:19:06;ibm_kingston;18;True
2026-05-24 08:19:06;ibm_marrakesh;1;True
2026-05-24 09:19:13;ibm_fez;0;True
2026-05-24 09:19:13;ibm_kingston;13;True
2026-05-24 09:19:13;ibm_marrakesh;0;True
2026-05-24 10:19:19;ibm_fez;0;True
2026-05-24 10:19:19;ibm_kingston;1;True
2026-05-24 10:19:19;ibm_marrakesh;0;True
2026-05-24 11:19:25;ibm_fez;1;True
2026-05-24 11:19:25;ibm_kingston;4;True
2026-05-24 11:19:25;ibm_marrakesh;0;True
2026-05-24 12:19:31;ibm_fez;5;True
2026-05-24 12:19:31;ibm_kingston;1;True
2026-05-24 12:19:31;ibm_marrakesh;1;True
2026-05-24 13:19:38;ibm_fez;10;True
2026-05-24 13:19:38;ibm_kingston;5;True
2026-05-24 13:19:38;ibm_marrakesh;0;True
2026-05-24 14:19:43;ibm_fez;41;True
2026-05-24 14:19:43;ibm_kingston;77;True
2026-05-24 14:19:43;ibm_marrakesh;2;True
2026-05-24 15:19:49;ibm_fez;0;True
2026-05-24 15:19:49;ibm_kingston;0;True
2026-05-24 15:19:49;ibm_marrakesh;0;True
2026-05-24 16:19:55;ibm_fez;1;True
2026-05-24 16:19:55;ibm_kingston;1;True
2026-05-24 16:19:55;ibm_marrakesh;1;True
2026-05-24 17:20:01;ibm_fez;0;True
2026-05-24 17:20:01;ibm_kingston;33;True
2026-05-24 17:20:01;ibm_marrakesh;0;True
2026-05-24 18:20:07;ibm_fez;1;True
2026-05-24 18:20:07;ibm_kingston;1;True
2026-05-24 18:20:07;ibm_marrakesh;0;True
2026-05-24 19:20:14;ibm_fez;0;True
2026-05-24 19:20:14;ibm_kingston;0;True
2026-05-24 19:20:14;ibm_marrakesh;0;True
2026-05-24 20:20:20;ibm_fez;0;True
2026-05-24 20:20:20;ibm_kingston;1;True
2026-05-24 20:20:20;ibm_marrakesh;0;True
2026-05-24 21:20:27;ibm_fez;0;True
2026-05-24 21:20:27;ibm_kingston;0;True
2026-05-24 21:20:27;ibm_marrakesh;1;True
2026-05-24 22:20:33;ibm_fez;0;True
2026-05-24 22:20:33;ibm_kingston;0;True
2026-05-24 22:20:33;ibm_marrakesh;0;True
2026-05-24 23:20:40;ibm_fez;0;True
2026-05-24 23:20:40;ibm_kingston;2;True
2026-05-24 23:20:40;ibm_marrakesh;1;True
2026-05-25 00:20:46;ibm_fez;0;True
2026-05-25 00:20:46;ibm_kingston;2;True
2026-05-25 00:20:46;ibm_marrakesh;0;True
2026-05-25 01:20:52;ibm_fez;0;True
2026-05-25 01:20:52;ibm_kingston;1;True
2026-05-25 01:20:52;ibm_marrakesh;2;True
2026-05-25 02:20:58;ibm_fez;1;True
2026-05-25 02:20:58;ibm_kingston;1;True
2026-05-25 02:20:58;ibm_marrakesh;0;True
2026-05-25 03:21:04;ibm_fez;1;True
2026-05-25 03:21:04;ibm_kingston;1;True
2026-05-25 03:21:04;ibm_marrakesh;0;True
2026-05-25 04:21:10;ibm_fez;4;True
2026-05-25 04:21:10;ibm_kingston;8;True
2026-05-25 04:21:10;ibm_marrakesh;2;True
2026-05-25 05:21:17;ibm_fez;1744;True
2026-05-25 05:21:17;ibm_kingston;979;True
2026-05-25 05:21:17;ibm_marrakesh;1732;True
2026-05-25 06:21:26;ibm_fez;1678;True
2026-05-25 06:21:26;ibm_kingston;876;True
2026-05-25 06:21:26;ibm_marrakesh;1620;True
2026-05-25 07:21:33;ibm_fez;1571;True
2026-05-25 07:21:33;ibm_kingston;832;True
2026-05-25 07:21:33;ibm_marrakesh;1508;True
2026-05-25 08:21:39;ibm_fez;1556;True
2026-05-25 08:21:39;ibm_kingston;718;True
2026-05-25 08:21:39;ibm_marrakesh;1422;True
2026-05-25 09:21:45;ibm_fez;1468;True
2026-05-25 09:21:45;ibm_kingston;613;True
2026-05-25 09:21:45;ibm_marrakesh;1314;True
2026-05-25 10:21:51;ibm_fez;0;True
2026-05-25 10:21:51;ibm_kingston;3;True
2026-05-25 10:21:51;ibm_marrakesh;0;True
2026-05-25 11:21:57;ibm_fez;1;True
2026-05-25 11:21:57;ibm_kingston;1;True
2026-05-25 11:21:57;ibm_marrakesh;0;True
2026-05-25 12:22:03;ibm_fez;6;True
2026-05-25 12:22:03;ibm_kingston;0;True
2026-05-25 12:22:03;ibm_marrakesh;0;True
2026-05-25 13:22:10;ibm_fez;0;True
2026-05-25 13:22:10;ibm_kingston;0;True
2026-05-25 13:22:10;ibm_marrakesh;0;True
2026-05-25 14:22:15;ibm_fez;1;True
2026-05-25 14:22:15;ibm_kingston;1;True
2026-05-25 14:22:15;ibm_marrakesh;0;True
2026-05-25 15:22:21;ibm_fez;0;True
2026-05-25 15:22:21;ibm_kingston;0;True
2026-05-25 15:22:21;ibm_marrakesh;0;True
2026-05-25 16:22:27;ibm_fez;0;True
2026-05-25 16:22:27;ibm_kingston;1;True
2026-05-25 16:22:27;ibm_marrakesh;0;True
2026-05-25 17:22:34;ibm_fez;0;True
2026-05-25 17:22:34;ibm_kingston;1;True
2026-05-25 17:22:34;ibm_marrakesh;2;True
2026-05-25 18:22:40;ibm_fez;31;True
2026-05-25 18:22:40;ibm_kingston;2;True
2026-05-25 18:22:40;ibm_marrakesh;0;True
2026-05-25 19:22:46;ibm_fez;2;True
2026-05-25 19:22:46;ibm_kingston;0;True
2026-05-25 19:22:46;ibm_marrakesh;0;True
2026-05-25 20:22:52;ibm_fez;0;True
2026-05-25 20:22:52;ibm_kingston;0;True
2026-05-25 20:22:52;ibm_marrakesh;0;True
2026-05-25 21:22:59;ibm_fez;3;True
2026-05-25 21:22:59;ibm_kingston;0;True
2026-05-25 21:22:59;ibm_marrakesh;0;True
2026-05-25 22:23:05;ibm_fez;8;True
2026-05-25 22:23:05;ibm_kingston;1;True
2026-05-25 22:23:05;ibm_marrakesh;0;True
2026-05-25 23:23:12;ibm_fez;0;True
2026-05-25 23:23:12;ibm_kingston;1;True
2026-05-25 23:23:12;ibm_marrakesh;0;True
2026-05-26 00:23:18;ibm_fez;0;True
2026-05-26 00:23:18;ibm_kingston;2;True
2026-05-26 00:23:18;ibm_marrakesh;1;True
2026-05-26 01:23:25;ibm_fez;0;True
2026-05-26 01:23:25;ibm_kingston;0;True
2026-05-26 01:23:25;ibm_marrakesh;2;True
2026-05-26 02:23:30;ibm_fez;0;True
2026-05-26 02:23:30;ibm_kingston;3;True
2026-05-26 02:23:30;ibm_marrakesh;3;True
2026-05-26 03:23:36;ibm_fez;1;True
2026-05-26 03:23:36;ibm_kingston;0;True
2026-05-26 03:23:36;ibm_marrakesh;0;True
2026-05-26 04:23:42;ibm_fez;7;True
2026-05-26 04:23:42;ibm_kingston;3;True
2026-05-26 04:23:42;ibm_marrakesh;0;True
2026-05-26 05:23:50;ibm_fez;16;True
2026-05-26 05:23:50;ibm_kingston;0;True
2026-05-26 05:23:50;ibm_marrakesh;0;True
2026-05-26 06:23:56;ibm_fez;24;True
2026-05-26 06:23:56;ibm_kingston;0;True
2026-05-26 06:23:56;ibm_marrakesh;1;True
2026-05-26 07:24:02;ibm_fez;25;True
2026-05-26 07:24:02;ibm_kingston;1;True
2026-05-26 07:24:02;ibm_marrakesh;0;True
2026-05-26 08:24:09;ibm_fez;13;True
2026-05-26 08:24:09;ibm_kingston;4;True
2026-05-26 08:24:09;ibm_marrakesh;0;True
2026-05-26 09:24:16;ibm_fez;0;True
2026-05-26 09:24:16;ibm_kingston;0;True
2026-05-26 09:24:16;ibm_marrakesh;0;True
2026-05-26 10:24:22;ibm_fez;2;True
2026-05-26 10:24:22;ibm_kingston;3;True
2026-05-26 10:24:22;ibm_marrakesh;3;True
2026-05-26 11:24:29;ibm_fez;2;True
2026-05-26 11:24:29;ibm_kingston;2;True
2026-05-26 11:24:29;ibm_marrakesh;0;True
2026-05-26 12:24:34;ibm_fez;0;True
2026-05-26 12:24:34;ibm_kingston;1;True
2026-05-26 12:24:34;ibm_marrakesh;1;True
2026-05-26 13:24:40;ibm_fez;44;True
2026-05-26 13:24:40;ibm_kingston;3;True
2026-05-26 13:24:40;ibm_marrakesh;0;True
2026-05-26 14:24:47;ibm_fez;8;True
2026-05-26 14:24:47;ibm_kingston;3;True
2026-05-26 14:24:47;ibm_marrakesh;1;True
2026-05-26 15:24:55;ibm_fez;0;True
2026-05-26 15:24:55;ibm_kingston;14;True
2026-05-26 15:24:55;ibm_marrakesh;0;True
2026-05-26 16:25:01;ibm_fez;11;True
2026-05-26 16:25:01;ibm_kingston;2;True
2026-05-26 16:25:01;ibm_marrakesh;254;True
2026-05-26 17:25:09;ibm_fez;5;True
2026-05-26 17:25:09;ibm_kingston;9;True
2026-05-26 17:25:09;ibm_marrakesh;147;True
2026-05-26 18:25:15;ibm_fez;0;True
2026-05-26 18:25:15;ibm_kingston;13;True
2026-05-26 18:25:15;ibm_marrakesh;34;True
2026-05-26 19:25:22;ibm_fez;0;True
2026-05-26 19:25:22;ibm_kingston;15;True
2026-05-26 19:25:22;ibm_marrakesh;0;True
2026-05-26 20:25:29;ibm_fez;3;True
2026-05-26 20:25:29;ibm_kingston;7;True
2026-05-26 20:25:29;ibm_marrakesh;4;True
2026-05-26 21:25:36;ibm_fez;0;True
2026-05-26 21:25:36;ibm_kingston;12;True
2026-05-26 21:25:36;ibm_marrakesh;1;True
2026-05-26 22:25:43;ibm_fez;0;True
2026-05-26 22:25:43;ibm_kingston;26;True
2026-05-26 22:25:43;ibm_marrakesh;0;True
2026-05-26 23:25:50;ibm_fez;1;True
2026-05-26 23:25:50;ibm_kingston;24;True
2026-05-26 23:25:50;ibm_marrakesh;0;True
2026-05-27 00:25:58;ibm_fez;1;True
2026-05-27 00:25:58;ibm_kingston;12;True
2026-05-27 00:25:58;ibm_marrakesh;0;True
2026-05-27 01:26:05;ibm_fez;1;True
2026-05-27 01:26:05;ibm_kingston;8;True
2026-05-27 01:26:05;ibm_marrakesh;0;True
2026-05-27 02:26:11;ibm_fez;2;True
2026-05-27 02:26:11;ibm_kingston;10;True
2026-05-27 02:26:11;ibm_marrakesh;0;True
2026-05-27 03:26:19;ibm_fez;2;True
2026-05-27 03:26:19;ibm_kingston;11;True
2026-05-27 03:26:19;ibm_marrakesh;10;True
2026-05-27 04:26:24;ibm_fez;0;True
2026-05-27 04:26:24;ibm_kingston;1;True
2026-05-27 04:26:24;ibm_marrakesh;0;True
2026-05-27 05:26:31;ibm_fez;0;True
2026-05-27 05:26:31;ibm_kingston;2;True
2026-05-27 05:26:31;ibm_marrakesh;1;True
2026-05-27 06:26:37;ibm_fez;1;True
2026-05-27 06:26:37;ibm_kingston;1;True
2026-05-27 06:26:37;ibm_marrakesh;0;True
2026-05-27 07:26:45;ibm_fez;0;True
2026-05-27 07:26:45;ibm_kingston;1;True
2026-05-27 07:26:45;ibm_marrakesh;0;True
2026-05-27 08:26:52;ibm_fez;0;True
2026-05-27 08:26:52;ibm_kingston;2;True
2026-05-27 08:26:52;ibm_marrakesh;1;True
2026-05-27 09:26:59;ibm_fez;0;True
2026-05-27 09:26:59;ibm_kingston;5;True
2026-05-27 09:26:59;ibm_marrakesh;5;True
2026-05-27 10:27:05;ibm_fez;0;True
2026-05-27 10:27:05;ibm_kingston;1;True
2026-05-27 10:27:05;ibm_marrakesh;0;True
2026-05-27 11:27:13;ibm_fez;1;True
2026-05-27 11:27:13;ibm_kingston;8;True
2026-05-27 11:27:13;ibm_marrakesh;1;True
2026-05-27 12:27:21;ibm_fez;0;True
2026-05-27 12:27:21;ibm_kingston;2;True
2026-05-27 12:27:21;ibm_marrakesh;1;True
2026-05-27 13:27:27;ibm_fez;13;True
2026-05-27 13:27:27;ibm_kingston;11;True
2026-05-27 13:27:27;ibm_marrakesh;3;True
2026-05-27 15:28:24;ibm_fez;25;True
2026-05-27 15:28:24;ibm_kingston;21;True
2026-05-27 15:28:24;ibm_marrakesh;13;True
2026-05-27 16:28:30;ibm_fez;27;True
2026-05-27 16:28:30;ibm_kingston;28;True
2026-05-27 16:28:30;ibm_marrakesh;41;True
2026-05-27 17:28:36;ibm_fez;1;True
2026-05-27 17:28:36;ibm_kingston;0;True
2026-05-27 17:28:36;ibm_marrakesh;0;True
2026-05-27 18:28:42;ibm_fez;0;True
2026-05-27 18:28:42;ibm_kingston;7;True
2026-05-27 18:28:42;ibm_marrakesh;0;True
2026-05-27 19:28:49;ibm_fez;0;True
2026-05-27 19:28:49;ibm_kingston;31;True
2026-05-27 19:28:49;ibm_marrakesh;1;True
2026-05-27 20:28:56;ibm_fez;0;True
2026-05-27 20:28:56;ibm_kingston;57;True
2026-05-27 20:28:56;ibm_marrakesh;0;True
2026-05-27 21:29:03;ibm_fez;2;True
2026-05-27 21:29:03;ibm_kingston;4;True
2026-05-27 21:29:03;ibm_marrakesh;3;True
2026-05-27 22:29:10;ibm_fez;0;True
2026-05-27 22:29:10;ibm_kingston;1;True
2026-05-27 22:29:10;ibm_marrakesh;1;True
2026-05-28 03:29:54;ibm_marrakesh;12;True
2026-05-28 10:16:02;ibm_fez;36;True
2026-05-28 10:16:02;ibm_kingston;45;True
2026-05-28 10:16:02;ibm_marrakesh;39;True
2026-05-28 11:16:08;ibm_fez;57;True
2026-05-28 11:16:08;ibm_kingston;52;True
2026-05-28 11:16:08;ibm_marrakesh;44;True
2026-05-28 12:16:15;ibm_fez;6;True
2026-05-28 12:16:15;ibm_kingston;0;True
2026-05-28 12:16:15;ibm_marrakesh;0;True
2026-05-28 13:16:20;ibm_fez;3;True
2026-05-28 13:16:20;ibm_kingston;11;True
2026-05-28 13:16:20;ibm_marrakesh;11;True
2026-05-28 14:16:27;ibm_fez;2;True
2026-05-28 14:16:27;ibm_kingston;1;True
2026-05-28 14:16:27;ibm_marrakesh;2;True
2026-05-28 15:16:32;ibm_fez;6;True
2026-05-28 15:16:32;ibm_kingston;1;True
2026-05-28 15:16:32;ibm_marrakesh;2;True
2026-05-28 16:16:39;ibm_fez;0;True
2026-05-28 16:16:39;ibm_kingston;0;True
2026-05-28 16:16:39;ibm_marrakesh;0;True
2026-05-28 17:16:45;ibm_fez;4;True
2026-05-28 17:16:45;ibm_kingston;4;True
2026-05-28 17:16:45;ibm_marrakesh;5;True
2026-05-28 18:16:51;ibm_fez;0;True
2026-05-28 18:16:51;ibm_kingston;5;True
2026-05-28 18:16:51;ibm_marrakesh;1;True
2026-05-28 19:16:57;ibm_fez;0;True
2026-05-28 19:16:57;ibm_kingston;5;True
2026-05-28 19:16:57;ibm_marrakesh;0;True
2026-05-28 20:17:03;ibm_fez;0;True
2026-05-28 20:17:03;ibm_kingston;5;True
2026-05-28 20:17:03;ibm_marrakesh;2;True
2026-05-28 21:17:09;ibm_fez;3;True
2026-05-28 21:17:09;ibm_kingston;1;True
2026-05-28 21:17:09;ibm_marrakesh;1;True
2026-05-28 22:17:16;ibm_fez;0;True
2026-05-28 22:17:16;ibm_kingston;1;True
2026-05-28 22:17:16;ibm_marrakesh;0;True
2026-05-28 23:17:21;ibm_fez;1;True
2026-05-28 23:17:21;ibm_kingston;4;True
2026-05-28 23:17:21;ibm_marrakesh;0;True
2026-05-29 00:17:29;ibm_fez;1;True
2026-05-29 00:17:29;ibm_kingston;0;True
2026-05-29 00:17:29;ibm_marrakesh;0;True
2026-05-29 01:17:34;ibm_fez;3;True
2026-05-29 01:17:34;ibm_kingston;3;True
2026-05-29 01:17:34;ibm_marrakesh;1;True
2026-05-29 02:17:43;ibm_fez;0;True
2026-05-29 02:17:43;ibm_kingston;2;True
2026-05-29 02:17:43;ibm_marrakesh;0;True
2026-05-29 03:17:50;ibm_fez;0;True
2026-05-29 03:17:50;ibm_kingston;1;True
2026-05-29 03:17:50;ibm_marrakesh;0;True
2026-05-29 04:17:56;ibm_fez;0;True
2026-05-29 04:17:56;ibm_kingston;0;True
2026-05-29 04:17:56;ibm_marrakesh;0;True
2026-05-29 05:18:02;ibm_fez;11;True
2026-05-29 05:18:02;ibm_kingston;1;True
2026-05-29 05:18:02;ibm_marrakesh;0;True
2026-05-29 06:18:10;ibm_fez;20;True
2026-05-29 06:18:10;ibm_kingston;2;True
2026-05-29 06:18:10;ibm_marrakesh;0;True
2026-05-29 07:18:25;ibm_fez;28;True
2026-05-29 07:18:25;ibm_kingston;0;True
2026-05-29 07:18:25;ibm_marrakesh;0;True
2026-05-29 08:18:31;ibm_fez;51;True
2026-05-29 08:18:31;ibm_kingston;0;True
2026-05-29 08:18:31;ibm_marrakesh;0;True
2026-05-29 09:18:38;ibm_fez;107;True
2026-05-29 09:18:38;ibm_kingston;3;True
2026-05-29 09:18:38;ibm_marrakesh;0;True
2026-05-29 10:18:45;ibm_fez;0;True
2026-05-29 10:18:45;ibm_kingston;0;True
2026-05-29 10:18:45;ibm_marrakesh;0;True
2026-05-29 11:18:52;ibm_fez;1;True
2026-05-29 11:18:52;ibm_kingston;3;True
2026-05-29 11:18:52;ibm_marrakesh;8;True
2026-05-29 12:18:59;ibm_fez;5;True
2026-05-29 12:18:59;ibm_kingston;3;True
2026-05-29 12:18:59;ibm_marrakesh;6;True
2026-05-29 13:19:06;ibm_fez;0;True
2026-05-29 13:19:06;ibm_kingston;0;True
2026-05-29 13:19:06;ibm_marrakesh;5;True
2026-05-29 18:16:57;ibm_fez;0;True
2026-05-29 18:16:57;ibm_kingston;0;True
2026-05-29 18:16:57;ibm_marrakesh;0;True
2026-05-29 19:17:00;ibm_fez;0;True
2026-05-29 19:17:00;ibm_kingston;0;True
2026-05-29 19:17:00;ibm_marrakesh;0;True
2026-05-29 20:17:03;ibm_fez;0;True
2026-05-29 20:17:03;ibm_kingston;0;True
2026-05-29 20:17:03;ibm_marrakesh;0;True
2026-05-29 21:17:05;ibm_fez;0;True
2026-05-29 21:17:05;ibm_kingston;0;True
2026-05-29 21:17:05;ibm_marrakesh;0;True
2026-05-29 22:17:08;ibm_fez;0;True
2026-05-29 22:17:08;ibm_kingston;0;True
2026-05-29 22:17:08;ibm_marrakesh;0;True
2026-05-29 23:17:13;ibm_fez;0;True
2026-05-29 23:17:13;ibm_kingston;0;True
2026-05-29 23:17:13;ibm_marrakesh;0;True
2026-05-30 00:17:16;ibm_fez;0;True
2026-05-30 00:17:16;ibm_kingston;0;True
2026-05-30 00:17:16;ibm_marrakesh;0;True
2026-05-30 01:17:19;ibm_fez;0;True
2026-05-30 01:17:19;ibm_kingston;0;True
2026-05-30 01:17:19;ibm_marrakesh;0;True
2026-05-30 02:17:22;ibm_fez;0;True
2026-05-30 02:17:22;ibm_kingston;0;True
2026-05-30 02:17:22;ibm_marrakesh;0;True
2026-05-30 03:17:24;ibm_fez;0;True
2026-05-30 03:17:24;ibm_kingston;0;True
2026-05-30 03:17:24;ibm_marrakesh;0;True
2026-05-30 04:17:27;ibm_fez;0;True
2026-05-30 04:17:27;ibm_kingston;0;True
2026-05-30 04:17:27;ibm_marrakesh;0;True
2026-05-30 05:17:30;ibm_fez;0;True
2026-05-30 05:17:30;ibm_kingston;0;True
2026-05-30 05:17:30;ibm_marrakesh;0;True
2026-05-30 06:17:32;ibm_fez;0;True
2026-05-30 06:17:32;ibm_kingston;0;True
2026-05-30 06:17:32;ibm_marrakesh;0;True
2026-05-30 07:17:36;ibm_fez;0;True
2026-05-30 07:17:36;ibm_kingston;0;True
2026-05-30 07:17:36;ibm_marrakesh;0;True
2026-05-30 08:17:38;ibm_fez;0;True
2026-05-30 08:17:38;ibm_kingston;0;True
2026-05-30 08:17:38;ibm_marrakesh;0;True
2026-05-30 09:17:42;ibm_fez;0;True
2026-05-30 09:17:42;ibm_kingston;0;True
2026-05-30 09:17:42;ibm_marrakesh;0;True
2026-05-30 10:17:44;ibm_fez;0;True
2026-05-30 10:17:44;ibm_kingston;0;True
2026-05-30 10:17:44;ibm_marrakesh;0;True
2026-05-30 11:17:47;ibm_fez;0;True
2026-05-30 11:17:47;ibm_kingston;0;True
2026-05-30 11:17:47;ibm_marrakesh;0;True
2026-05-30 12:17:50;ibm_fez;0;True
2026-05-30 12:17:50;ibm_kingston;0;True
2026-05-30 12:17:50;ibm_marrakesh;0;True
2026-05-30 13:17:53;ibm_fez;0;True
2026-05-30 13:17:53;ibm_kingston;0;True
2026-05-30 13:17:53;ibm_marrakesh;0;True
2026-05-30 14:17:55;ibm_fez;0;True
2026-05-30 14:17:55;ibm_kingston;0;True
2026-05-30 14:17:55;ibm_marrakesh;0;True
2026-05-30 15:17:58;ibm_fez;0;True
2026-05-30 15:17:58;ibm_kingston;0;True
2026-05-30 15:17:58;ibm_marrakesh;0;True
2026-05-30 16:18:00;ibm_fez;0;True
2026-05-30 16:18:00;ibm_kingston;0;True
2026-05-30 16:18:00;ibm_marrakesh;0;True
2026-05-30 17:18:04;ibm_fez;0;True
2026-05-30 17:18:04;ibm_kingston;0;True
2026-05-30 17:18:04;ibm_marrakesh;0;True
2026-05-30 18:18:06;ibm_fez;0;True
2026-05-30 18:18:06;ibm_kingston;0;True
2026-05-30 18:18:06;ibm_marrakesh;0;True
2026-05-30 19:18:09;ibm_fez;0;True
2026-05-30 19:18:09;ibm_kingston;0;True
2026-05-30 19:18:09;ibm_marrakesh;0;True
2026-05-30 20:18:12;ibm_fez;0;True
2026-05-30 20:18:12;ibm_kingston;0;True
2026-05-30 20:18:12;ibm_marrakesh;0;True
2026-05-30 21:18:15;ibm_fez;0;True
2026-05-30 21:18:15;ibm_kingston;0;True
2026-05-30 21:18:15;ibm_marrakesh;0;True
2026-05-30 22:18:17;ibm_fez;0;True
2026-05-30 22:18:17;ibm_kingston;0;True
2026-05-30 22:18:17;ibm_marrakesh;0;True
2026-05-30 23:18:20;ibm_fez;0;True
2026-05-30 23:18:20;ibm_kingston;0;True
2026-05-30 23:18:20;ibm_marrakesh;0;True
2026-05-31 00:18:22;ibm_fez;0;True
2026-05-31 00:18:22;ibm_kingston;0;True
2026-05-31 00:18:22;ibm_marrakesh;0;True
2026-05-31 01:18:25;ibm_fez;0;True
2026-05-31 01:18:25;ibm_kingston;0;True
2026-05-31 01:18:25;ibm_marrakesh;0;True
2026-05-31 02:18:28;ibm_fez;0;True
2026-05-31 02:18:28;ibm_kingston;0;True
2026-05-31 02:18:28;ibm_marrakesh;0;True
2026-05-31 03:18:30;ibm_fez;0;True
2026-05-31 03:18:30;ibm_kingston;0;True
2026-05-31 03:18:30;ibm_marrakesh;0;True
2026-05-31 04:18:33;ibm_fez;0;True
2026-05-31 04:18:33;ibm_kingston;0;True
2026-05-31 04:18:33;ibm_marrakesh;0;True
2026-05-31 05:18:36;ibm_fez;0;True
2026-05-31 05:18:36;ibm_kingston;0;True
2026-05-31 05:18:36;ibm_marrakesh;0;True
2026-05-31 06:18:38;ibm_fez;0;True
2026-05-31 06:18:38;ibm_kingston;0;True
2026-05-31 06:18:38;ibm_marrakesh;0;True
2026-05-31 07:18:41;ibm_fez;0;True
2026-05-31 07:18:41;ibm_kingston;0;True
2026-05-31 07:18:41;ibm_marrakesh;0;True
2026-05-31 08:18:43;ibm_fez;0;True
2026-05-31 08:18:43;ibm_kingston;0;True
2026-05-31 08:18:43;ibm_marrakesh;0;True
2026-05-31 09:18:47;ibm_fez;0;True
2026-05-31 09:18:47;ibm_kingston;0;True
2026-05-31 09:18:47;ibm_marrakesh;0;True
2026-05-31 10:18:50;ibm_fez;0;True
2026-05-31 10:18:50;ibm_kingston;0;True
2026-05-31 10:18:50;ibm_marrakesh;0;True
2026-05-31 11:18:53;ibm_fez;0;True
2026-05-31 11:18:53;ibm_kingston;0;True
2026-05-31 11:18:53;ibm_marrakesh;0;True
2026-05-31 12:18:55;ibm_fez;0;True
2026-05-31 12:18:55;ibm_kingston;0;True
2026-05-31 12:18:55;ibm_marrakesh;0;True
2026-05-31 13:18:58;ibm_fez;0;True
2026-05-31 13:18:58;ibm_kingston;0;True
2026-05-31 13:18:58;ibm_marrakesh;0;True
2026-05-31 14:19:00;ibm_fez;0;True
2026-05-31 14:19:00;ibm_kingston;0;True
2026-05-31 14:19:00;ibm_marrakesh;0;True
2026-05-31 15:19:03;ibm_fez;0;True
2026-05-31 15:19:03;ibm_kingston;0;True
2026-05-31 15:19:03;ibm_marrakesh;0;True
2026-05-31 16:19:05;ibm_fez;0;True
2026-05-31 16:19:05;ibm_kingston;0;True
2026-05-31 16:19:05;ibm_marrakesh;0;True
2026-05-31 17:19:08;ibm_fez;0;True
2026-05-31 17:19:08;ibm_kingston;0;True
2026-05-31 17:19:08;ibm_marrakesh;0;True
2026-05-31 18:19:10;ibm_fez;0;True
2026-05-31 18:19:10;ibm_kingston;0;True
2026-05-31 18:19:10;ibm_marrakesh;0;True
2026-05-31 19:19:13;ibm_fez;0;True
2026-05-31 19:19:13;ibm_kingston;0;True
2026-05-31 19:19:13;ibm_marrakesh;0;True
2026-05-31 20:19:15;ibm_fez;0;True
2026-05-31 20:19:15;ibm_kingston;0;True
2026-05-31 20:19:15;ibm_marrakesh;0;True
2026-05-31 21:19:18;ibm_fez;0;True
2026-05-31 21:19:18;ibm_kingston;0;True
2026-05-31 21:19:18;ibm_marrakesh;0;True
2026-05-31 22:19:20;ibm_fez;0;True
2026-05-31 22:19:20;ibm_kingston;0;True
2026-05-31 22:19:20;ibm_marrakesh;0;True
2026-05-31 23:19:23;ibm_fez;0;True
2026-05-31 23:19:23;ibm_kingston;0;True
2026-05-31 23:19:23;ibm_marrakesh;0;True
2026-06-01 00:19:25;ibm_fez;0;True
2026-06-01 00:19:25;ibm_kingston;0;True
2026-06-01 00:19:25;ibm_marrakesh;0;True
2026-06-01 01:19:31;ibm_fez;0;True
2026-06-01 01:19:31;ibm_kingston;0;True
2026-06-01 01:19:31;ibm_marrakesh;0;True
2026-06-01 02:19:33;ibm_fez;0;True
2026-06-01 02:19:33;ibm_kingston;0;True
2026-06-01 02:19:33;ibm_marrakesh;0;True
2026-06-01 03:19:35;ibm_fez;0;True
2026-06-01 03:19:35;ibm_kingston;0;True
2026-06-01 03:19:35;ibm_marrakesh;0;True
2026-06-01 04:19:38;ibm_fez;0;True
2026-06-01 04:19:38;ibm_kingston;0;True
2026-06-01 04:19:38;ibm_marrakesh;0;True
2026-06-01 05:19:43;ibm_fez;0;True
2026-06-01 05:19:43;ibm_kingston;0;True
2026-06-01 05:19:43;ibm_marrakesh;0;True
2026-06-01 06:19:45;ibm_fez;0;True
2026-06-01 06:19:45;ibm_kingston;0;True
2026-06-01 06:19:45;ibm_marrakesh;0;True
2026-06-01 07:19:48;ibm_fez;0;True
2026-06-01 07:19:48;ibm_kingston;0;True
2026-06-01 07:19:48;ibm_marrakesh;0;True
2026-06-01 08:19:50;ibm_fez;0;True
2026-06-01 08:19:50;ibm_kingston;0;True
2026-06-01 08:19:50;ibm_marrakesh;0;True
2026-06-01 09:19:54;ibm_fez;0;True
2026-06-01 09:19:54;ibm_kingston;0;True
2026-06-01 09:19:54;ibm_marrakesh;0;True
2026-06-01 10:19:56;ibm_fez;0;True
2026-06-01 10:19:56;ibm_kingston;0;True
2026-06-01 10:19:56;ibm_marrakesh;0;True
2026-06-01 11:19:59;ibm_fez;0;True
2026-06-01 11:19:59;ibm_kingston;0;True
2026-06-01 11:19:59;ibm_marrakesh;0;True
2026-06-01 12:20:02;ibm_fez;0;True
2026-06-01 12:20:02;ibm_kingston;0;True
2026-06-01 12:20:02;ibm_marrakesh;0;True
2026-06-01 13:20:05;ibm_fez;0;True
2026-06-01 13:20:05;ibm_kingston;0;True
2026-06-01 13:20:05;ibm_marrakesh;0;True
2026-06-01 14:20:07;ibm_fez;0;True
2026-06-01 14:20:07;ibm_kingston;0;True
2026-06-01 14:20:07;ibm_marrakesh;0;True
2026-06-01 15:20:11;ibm_fez;0;True
2026-06-01 15:20:11;ibm_kingston;0;True
2026-06-01 15:20:11;ibm_marrakesh;0;True
2026-06-01 16:20:13;ibm_fez;0;True
2026-06-01 16:20:13;ibm_kingston;0;True
2026-06-01 16:20:13;ibm_marrakesh;0;True
2026-06-01 17:20:16;ibm_fez;0;True
2026-06-01 17:20:16;ibm_kingston;0;True
2026-06-01 17:20:16;ibm_marrakesh;0;True
2026-06-01 18:20:18;ibm_fez;0;True
2026-06-01 18:20:18;ibm_kingston;0;True
2026-06-01 18:20:18;ibm_marrakesh;0;True
2026-06-01 19:20:22;ibm_fez;0;True
2026-06-01 19:20:22;ibm_kingston;0;True
2026-06-01 19:20:22;ibm_marrakesh;0;True
2026-06-01 20:20:25;ibm_fez;0;True
2026-06-01 20:20:25;ibm_kingston;0;True
2026-06-01 20:20:25;ibm_marrakesh;0;True
2026-06-01 21:20:28;ibm_fez;0;True
2026-06-01 21:20:28;ibm_kingston;0;True
2026-06-01 21:20:28;ibm_marrakesh;0;True
2026-06-01 22:20:31;ibm_fez;0;True
2026-06-01 22:20:31;ibm_kingston;0;True
2026-06-01 22:20:31;ibm_marrakesh;0;True
2026-06-01 23:20:34;ibm_fez;0;True
2026-06-01 23:20:34;ibm_kingston;0;True
2026-06-01 23:20:34;ibm_marrakesh;0;True
2026-06-02 00:20:37;ibm_fez;0;True
2026-06-02 00:20:37;ibm_kingston;0;True
2026-06-02 00:20:37;ibm_marrakesh;0;True
2026-06-02 01:20:41;ibm_fez;0;True
2026-06-02 01:20:41;ibm_kingston;0;True
2026-06-02 01:20:41;ibm_marrakesh;0;True
2026-06-02 02:20:43;ibm_fez;0;True
2026-06-02 02:20:43;ibm_kingston;0;True
2026-06-02 02:20:43;ibm_marrakesh;0;True
2026-06-02 03:20:46;ibm_fez;0;True
2026-06-02 03:20:46;ibm_kingston;0;True
2026-06-02 03:20:46;ibm_marrakesh;0;True
2026-06-02 04:20:48;ibm_fez;0;True
2026-06-02 04:20:48;ibm_kingston;0;True
2026-06-02 04:20:48;ibm_marrakesh;0;True
2026-06-02 05:20:51;ibm_fez;0;True
2026-06-02 05:20:51;ibm_kingston;0;True
2026-06-02 05:20:51;ibm_marrakesh;0;True
2026-06-02 06:20:54;ibm_fez;0;True
2026-06-02 06:20:54;ibm_kingston;0;True
2026-06-02 06:20:54;ibm_marrakesh;0;True
2026-06-02 07:20:57;ibm_fez;0;True
2026-06-02 07:20:57;ibm_kingston;0;True
2026-06-02 07:20:57;ibm_marrakesh;0;True
2026-06-02 08:21:00;ibm_fez;0;True
2026-06-02 08:21:00;ibm_kingston;0;True
2026-06-02 08:21:00;ibm_marrakesh;0;True
2026-06-02 09:21:03;ibm_fez;0;True
2026-06-02 09:21:03;ibm_kingston;0;True
2026-06-02 09:21:03;ibm_marrakesh;0;True
2026-06-02 10:21:05;ibm_fez;0;True
2026-06-02 10:21:05;ibm_kingston;0;True
2026-06-02 10:21:05;ibm_marrakesh;0;True
2026-06-02 11:21:08;ibm_fez;0;True
2026-06-02 11:21:08;ibm_kingston;0;True
2026-06-02 11:21:08;ibm_marrakesh;0;True
2026-06-02 12:21:10;ibm_fez;0;True
2026-06-02 12:21:10;ibm_kingston;0;True
2026-06-02 12:21:10;ibm_marrakesh;0;True
2026-06-02 13:21:13;ibm_fez;0;True
2026-06-02 13:21:13;ibm_kingston;0;True
2026-06-02 13:21:13;ibm_marrakesh;0;True
2026-06-02 14:21:15;ibm_fez;0;True
2026-06-02 14:21:15;ibm_kingston;0;True
2026-06-02 14:21:15;ibm_marrakesh;0;True
2026-06-02 15:21:19;ibm_fez;0;True
2026-06-02 15:21:19;ibm_kingston;0;True
2026-06-02 15:21:19;ibm_marrakesh;0;True
2026-06-02 16:21:21;ibm_fez;0;True
2026-06-02 16:21:21;ibm_kingston;0;True
2026-06-02 16:21:21;ibm_marrakesh;0;True
2026-06-02 17:21:24;ibm_fez;0;True
2026-06-02 17:21:24;ibm_kingston;0;True
2026-06-02 17:21:24;ibm_marrakesh;0;True
2026-06-02 18:21:27;ibm_fez;0;True
2026-06-02 18:21:27;ibm_kingston;0;True
2026-06-02 18:21:27;ibm_marrakesh;0;True
2026-06-02 19:21:30;ibm_fez;0;True
2026-06-02 19:21:30;ibm_kingston;0;True
2026-06-02 19:21:30;ibm_marrakesh;0;True
2026-06-02 20:21:32;ibm_fez;0;True
2026-06-02 20:21:32;ibm_kingston;0;True
2026-06-02 20:21:32;ibm_marrakesh;0;True
2026-06-02 21:21:36;ibm_fez;0;True
2026-06-02 21:21:36;ibm_kingston;0;True
2026-06-02 21:21:36;ibm_marrakesh;0;True
2026-06-02 22:21:39;ibm_fez;0;True
2026-06-02 22:21:39;ibm_kingston;0;True
2026-06-02 22:21:39;ibm_marrakesh;0;True
2026-06-02 23:21:42;ibm_fez;0;True
2026-06-02 23:21:42;ibm_kingston;0;True
2026-06-02 23:21:42;ibm_marrakesh;0;True
2026-06-03 00:21:44;ibm_fez;0;True
2026-06-03 00:21:44;ibm_kingston;0;True
2026-06-03 00:21:44;ibm_marrakesh;0;True
2026-06-03 01:21:47;ibm_fez;0;True
2026-06-03 01:21:47;ibm_kingston;0;True
2026-06-03 01:21:47;ibm_marrakesh;0;True
2026-06-03 02:21:49;ibm_fez;0;True
2026-06-03 02:21:49;ibm_kingston;0;True
2026-06-03 02:21:49;ibm_marrakesh;0;True
2026-06-03 03:21:53;ibm_fez;0;True
2026-06-03 03:21:53;ibm_kingston;0;True
2026-06-03 03:21:53;ibm_marrakesh;0;True
2026-06-03 04:21:55;ibm_fez;0;True
2026-06-03 04:21:55;ibm_kingston;0;True
2026-06-03 04:21:55;ibm_marrakesh;0;True
2026-06-03 05:21:58;ibm_fez;0;True
2026-06-03 05:21:58;ibm_kingston;0;True
2026-06-03 05:21:58;ibm_marrakesh;0;True
2026-06-03 06:22:01;ibm_fez;0;True
2026-06-03 06:22:01;ibm_kingston;0;True
2026-06-03 06:22:01;ibm_marrakesh;0;True
2026-06-03 07:22:04;ibm_fez;0;True
2026-06-03 07:22:04;ibm_kingston;0;True
2026-06-03 07:22:04;ibm_marrakesh;0;True
2026-06-03 08:22:07;ibm_fez;0;True
2026-06-03 08:22:07;ibm_kingston;0;True
2026-06-03 08:22:07;ibm_marrakesh;0;True
2026-06-03 09:22:10;ibm_fez;0;True
2026-06-03 09:22:10;ibm_kingston;0;True
2026-06-03 09:22:10;ibm_marrakesh;0;True
2026-06-03 10:22:13;ibm_fez;0;True
2026-06-03 10:22:13;ibm_kingston;0;True
2026-06-03 10:22:13;ibm_marrakesh;0;True
2026-06-03 11:22:17;ibm_fez;0;True
2026-06-03 11:22:17;ibm_kingston;0;True
2026-06-03 11:22:17;ibm_marrakesh;0;True
2026-06-03 12:22:18;ibm_fez;0;True
2026-06-03 12:22:18;ibm_kingston;0;True
2026-06-03 12:22:18;ibm_marrakesh;0;True
2026-06-03 13:22:21;ibm_fez;0;True
2026-06-03 13:22:21;ibm_kingston;0;True
2026-06-03 13:22:21;ibm_marrakesh;0;True
2026-06-03 14:22:24;ibm_fez;0;True
2026-06-03 14:22:24;ibm_kingston;0;True
2026-06-03 14:22:24;ibm_marrakesh;0;True
2026-06-03 15:22:27;ibm_fez;0;True
2026-06-03 15:22:27;ibm_kingston;0;True
2026-06-03 15:22:27;ibm_marrakesh;0;True
2026-06-03 16:22:29;ibm_fez;0;True
2026-06-03 16:22:29;ibm_kingston;0;True
2026-06-03 16:22:29;ibm_marrakesh;0;True
2026-06-03 17:22:32;ibm_fez;0;True
2026-06-03 17:22:32;ibm_kingston;0;True
2026-06-03 17:22:32;ibm_marrakesh;0;True
2026-06-03 18:22:35;ibm_fez;0;True
2026-06-03 18:22:35;ibm_kingston;0;True
2026-06-03 18:22:35;ibm_marrakesh;0;True
2026-06-03 19:22:39;ibm_fez;0;True
2026-06-03 19:22:39;ibm_kingston;0;True
2026-06-03 19:22:39;ibm_marrakesh;0;True
2026-06-03 20:22:41;ibm_fez;0;True
2026-06-03 20:22:41;ibm_kingston;0;True
2026-06-03 20:22:41;ibm_marrakesh;0;True
2026-06-03 21:22:44;ibm_fez;0;True
2026-06-03 21:22:44;ibm_kingston;0;True
2026-06-03 21:22:44;ibm_marrakesh;0;True
2026-06-03 22:22:46;ibm_fez;0;True
2026-06-03 22:22:46;ibm_kingston;0;True
2026-06-03 22:22:46;ibm_marrakesh;0;True
2026-06-03 23:22:49;ibm_fez;0;True
2026-06-03 23:22:49;ibm_kingston;0;True
2026-06-03 23:22:49;ibm_marrakesh;0;True
2026-06-04 00:22:52;ibm_fez;0;True
2026-06-04 00:22:52;ibm_kingston;0;True
2026-06-04 00:22:52;ibm_marrakesh;0;True
2026-06-04 01:22:54;ibm_fez;0;True
2026-06-04 01:22:54;ibm_kingston;0;True
2026-06-04 01:22:54;ibm_marrakesh;0;True
2026-06-04 02:22:58;ibm_fez;0;True
2026-06-04 02:22:58;ibm_kingston;0;True
2026-06-04 02:22:58;ibm_marrakesh;0;True
2026-06-04 03:23:00;ibm_fez;0;True
2026-06-04 03:23:00;ibm_kingston;0;True
2026-06-04 03:23:00;ibm_marrakesh;0;True
2026-06-04 04:23:03;ibm_fez;0;True
2026-06-04 04:23:03;ibm_kingston;0;True
2026-06-04 04:23:03;ibm_marrakesh;0;True
2026-06-04 05:23:06;ibm_fez;0;True
2026-06-04 05:23:06;ibm_kingston;0;True
2026-06-04 05:23:06;ibm_marrakesh;0;True
2026-06-04 06:23:09;ibm_fez;0;True
2026-06-04 06:23:09;ibm_kingston;0;True
2026-06-04 06:23:09;ibm_marrakesh;0;True
2026-06-04 07:23:11;ibm_fez;0;True
2026-06-04 07:23:11;ibm_kingston;0;True
2026-06-04 07:23:11;ibm_marrakesh;0;True
2026-06-04 08:23:14;ibm_fez;0;True
2026-06-04 08:23:14;ibm_kingston;0;True
2026-06-04 08:23:14;ibm_marrakesh;0;True
2026-06-04 09:23:17;ibm_fez;0;True
2026-06-04 09:23:17;ibm_kingston;0;True
2026-06-04 09:23:17;ibm_marrakesh;0;True
2026-06-04 10:23:20;ibm_fez;0;True
2026-06-04 10:23:20;ibm_kingston;0;True
2026-06-04 10:23:20;ibm_marrakesh;0;True
2026-06-04 11:23:23;ibm_fez;0;True
2026-06-04 11:23:23;ibm_kingston;0;True
2026-06-04 11:23:23;ibm_marrakesh;0;True
2026-06-04 12:23:26;ibm_fez;0;True
2026-06-04 12:23:26;ibm_kingston;0;True
2026-06-04 12:23:26;ibm_marrakesh;0;True
2026-06-04 13:23:29;ibm_fez;0;True
2026-06-04 13:23:29;ibm_kingston;0;True
2026-06-04 13:23:29;ibm_marrakesh;0;True
2026-06-04 14:23:32;ibm_fez;0;True
2026-06-04 14:23:32;ibm_kingston;0;True
2026-06-04 14:23:32;ibm_marrakesh;0;True
2026-06-04 15:23:35;ibm_fez;0;True
2026-06-04 15:23:35;ibm_kingston;0;True
2026-06-04 15:23:35;ibm_marrakesh;0;True
2026-06-04 16:23:39;ibm_fez;0;True
2026-06-04 16:23:39;ibm_kingston;0;True
2026-06-04 16:23:39;ibm_marrakesh;0;True
2026-06-04 17:23:42;ibm_fez;0;True
2026-06-04 17:23:42;ibm_kingston;0;True
2026-06-04 17:23:42;ibm_marrakesh;0;True
2026-06-04 18:23:45;ibm_fez;0;True
2026-06-04 18:23:45;ibm_kingston;0;True
2026-06-04 18:23:45;ibm_marrakesh;0;True
2026-06-04 19:23:47;ibm_fez;0;True
2026-06-04 19:23:47;ibm_kingston;0;True
2026-06-04 19:23:47;ibm_marrakesh;0;True
2026-06-04 20:23:51;ibm_fez;0;True
2026-06-04 20:23:51;ibm_kingston;0;True
2026-06-04 20:23:51;ibm_marrakesh;0;True
2026-06-04 21:23:53;ibm_fez;0;True
2026-06-04 21:23:53;ibm_kingston;0;True
2026-06-04 21:23:53;ibm_marrakesh;0;True
2026-06-04 22:23:57;ibm_fez;0;True
2026-06-04 22:23:57;ibm_kingston;0;True
2026-06-04 22:23:57;ibm_marrakesh;0;True
2026-06-04 23:23:59;ibm_fez;0;True
2026-06-04 23:23:59;ibm_kingston;0;True
2026-06-04 23:23:59;ibm_marrakesh;0;True
2026-06-05 00:24:03;ibm_fez;0;True
2026-06-05 00:24:03;ibm_kingston;0;True
2026-06-05 00:24:03;ibm_marrakesh;0;True
2026-06-05 01:24:05;ibm_fez;0;True
2026-06-05 01:24:05;ibm_kingston;0;True
2026-06-05 01:24:05;ibm_marrakesh;0;True
2026-06-05 02:24:08;ibm_fez;0;True
2026-06-05 02:24:08;ibm_kingston;0;True
2026-06-05 02:24:08;ibm_marrakesh;0;True
2026-06-05 03:24:10;ibm_fez;0;True
2026-06-05 03:24:10;ibm_kingston;0;True
2026-06-05 03:24:10;ibm_marrakesh;0;True
2026-06-05 04:24:13;ibm_fez;0;True
2026-06-05 04:24:13;ibm_kingston;0;True
2026-06-05 04:24:13;ibm_marrakesh;0;True
2026-06-05 05:24:16;ibm_fez;0;True
2026-06-05 05:24:16;ibm_kingston;0;True
2026-06-05 05:24:16;ibm_marrakesh;0;True
2026-06-05 06:24:18;ibm_fez;0;True
2026-06-05 06:24:18;ibm_kingston;0;True
2026-06-05 06:24:18;ibm_marrakesh;0;True
2026-06-05 07:24:22;ibm_fez;0;True
2026-06-05 07:24:22;ibm_kingston;0;True
2026-06-05 07:24:22;ibm_marrakesh;0;True
2026-06-05 08:24:25;ibm_fez;0;True
2026-06-05 08:24:25;ibm_kingston;0;True
2026-06-05 08:24:25;ibm_marrakesh;0;True
2026-06-05 09:24:28;ibm_fez;0;True
2026-06-05 09:24:28;ibm_kingston;0;True
2026-06-05 09:24:28;ibm_marrakesh;0;True
2026-06-05 10:24:30;ibm_fez;0;True
2026-06-05 10:24:30;ibm_kingston;0;True
2026-06-05 10:24:30;ibm_marrakesh;0;True
2026-06-05 11:24:33;ibm_fez;0;True
2026-06-05 11:24:33;ibm_kingston;0;True
2026-06-05 11:24:33;ibm_marrakesh;0;True
2026-06-05 12:24:36;ibm_fez;0;True
2026-06-05 12:24:36;ibm_kingston;0;True
2026-06-05 12:24:36;ibm_marrakesh;0;True
2026-06-05 13:24:39;ibm_fez;0;True
2026-06-05 13:24:39;ibm_kingston;0;True
2026-06-05 13:24:39;ibm_marrakesh;0;True
2026-06-05 14:24:41;ibm_fez;0;True
2026-06-05 14:24:41;ibm_kingston;0;True
2026-06-05 14:24:41;ibm_marrakesh;0;True
2026-06-05 15:24:44;ibm_fez;0;True
2026-06-05 15:24:44;ibm_kingston;0;True
2026-06-05 15:24:44;ibm_marrakesh;0;True
2026-06-05 16:24:46;ibm_fez;0;True
2026-06-05 16:24:46;ibm_kingston;0;True
2026-06-05 16:24:46;ibm_marrakesh;0;True
2026-06-05 17:24:49;ibm_fez;0;True
2026-06-05 17:24:49;ibm_kingston;0;True
2026-06-05 17:24:49;ibm_marrakesh;0;True
2026-06-05 18:24:51;ibm_fez;0;True
2026-06-05 18:24:51;ibm_kingston;0;True
2026-06-05 18:24:51;ibm_marrakesh;0;True
2026-06-05 19:24:55;ibm_fez;0;True
2026-06-05 19:24:55;ibm_kingston;0;True
2026-06-05 19:24:55;ibm_marrakesh;0;True
2026-06-05 20:24:57;ibm_fez;0;True
2026-06-05 20:24:57;ibm_kingston;0;True
2026-06-05 20:24:57;ibm_marrakesh;0;True
2026-06-05 21:25:00;ibm_fez;0;True
2026-06-05 21:25:00;ibm_kingston;0;True
2026-06-05 21:25:00;ibm_marrakesh;0;True
2026-06-05 22:25:03;ibm_fez;0;True
2026-06-05 22:25:03;ibm_kingston;0;True
2026-06-05 22:25:03;ibm_marrakesh;0;True
2026-06-05 23:25:06;ibm_fez;0;True
2026-06-05 23:25:06;ibm_kingston;0;True
2026-06-05 23:25:06;ibm_marrakesh;0;True
2026-06-06 00:25:08;ibm_fez;0;True
2026-06-06 00:25:08;ibm_kingston;0;True
2026-06-06 00:25:08;ibm_marrakesh;0;True
2026-06-06 01:25:11;ibm_fez;0;True
2026-06-06 01:25:11;ibm_kingston;0;True
2026-06-06 01:25:11;ibm_marrakesh;0;True
2026-06-06 02:25:13;ibm_fez;0;True
2026-06-06 02:25:13;ibm_kingston;0;True
2026-06-06 02:25:13;ibm_marrakesh;0;True
2026-06-06 03:25:16;ibm_fez;0;True
2026-06-06 03:25:16;ibm_kingston;0;True
2026-06-06 03:25:16;ibm_marrakesh;0;True
2026-06-06 04:25:19;ibm_fez;0;True
2026-06-06 04:25:19;ibm_kingston;0;True
2026-06-06 04:25:19;ibm_marrakesh;0;True
2026-06-06 05:25:21;ibm_fez;0;True
2026-06-06 05:25:21;ibm_kingston;0;True
2026-06-06 05:25:21;ibm_marrakesh;0;True
2026-06-06 06:25:25;ibm_fez;0;True
2026-06-06 06:25:25;ibm_kingston;0;True
2026-06-06 06:25:25;ibm_marrakesh;0;True
2026-06-06 07:25:27;ibm_fez;0;True
2026-06-06 07:25:27;ibm_kingston;0;True
2026-06-06 07:25:27;ibm_marrakesh;0;True
2026-06-06 08:25:31;ibm_fez;0;True
2026-06-06 08:25:31;ibm_kingston;0;True
2026-06-06 08:25:31;ibm_marrakesh;0;True
2026-06-06 09:25:33;ibm_fez;0;True
2026-06-06 09:25:33;ibm_kingston;0;True
2026-06-06 09:25:33;ibm_marrakesh;0;True
2026-06-06 10:25:36;ibm_fez;0;True
2026-06-06 10:25:36;ibm_kingston;0;True
2026-06-06 10:25:36;ibm_marrakesh;0;True
2026-06-06 11:25:39;ibm_fez;0;True
2026-06-06 11:25:39;ibm_kingston;0;True
2026-06-06 11:25:39;ibm_marrakesh;0;True
2026-06-06 12:25:42;ibm_fez;0;True
2026-06-06 12:25:42;ibm_kingston;0;True
2026-06-06 12:25:42;ibm_marrakesh;0;True
2026-06-06 13:25:44;ibm_fez;0;True
2026-06-06 13:25:44;ibm_kingston;0;True
2026-06-06 13:25:44;ibm_marrakesh;0;True
2026-06-06 14:25:47;ibm_fez;0;True
2026-06-06 14:25:47;ibm_kingston;0;True
2026-06-06 14:25:47;ibm_marrakesh;0;True
2026-06-06 15:25:49;ibm_fez;0;True
2026-06-06 15:25:49;ibm_kingston;0;True
2026-06-06 15:25:49;ibm_marrakesh;0;True
2026-06-06 16:25:52;ibm_fez;0;True
2026-06-06 16:25:52;ibm_kingston;0;True
2026-06-06 16:25:52;ibm_marrakesh;0;True
2026-06-06 17:25:55;ibm_fez;0;True
2026-06-06 17:25:55;ibm_kingston;0;True
2026-06-06 17:25:55;ibm_marrakesh;0;True
2026-06-06 18:25:58;ibm_fez;0;True
2026-06-06 18:25:58;ibm_kingston;0;True
2026-06-06 18:25:58;ibm_marrakesh;0;True
2026-06-06 19:26:00;ibm_fez;0;True
2026-06-06 19:26:00;ibm_kingston;0;True
2026-06-06 19:26:00;ibm_marrakesh;0;True
2026-06-06 20:26:04;ibm_fez;0;True
2026-06-06 20:26:04;ibm_kingston;0;True
2026-06-06 20:26:04;ibm_marrakesh;0;True
2026-06-06 21:26:06;ibm_fez;0;True
2026-06-06 21:26:06;ibm_kingston;0;True
2026-06-06 21:26:06;ibm_marrakesh;0;True
2026-06-06 22:26:09;ibm_fez;0;True
2026-06-06 22:26:09;ibm_kingston;0;True
2026-06-06 22:26:09;ibm_marrakesh;0;True
2026-06-06 23:26:10;ibm_fez;0;True
2026-06-06 23:26:10;ibm_kingston;0;True
2026-06-06 23:26:10;ibm_marrakesh;0;True
2026-06-07 00:26:13;ibm_fez;0;True
2026-06-07 00:26:13;ibm_kingston;0;True
2026-06-07 00:26:13;ibm_marrakesh;0;True
2026-06-07 01:26:16;ibm_fez;0;True
2026-06-07 01:26:16;ibm_kingston;0;True
2026-06-07 01:26:16;ibm_marrakesh;0;True
2026-06-07 02:26:18;ibm_fez;0;True
2026-06-07 02:26:18;ibm_kingston;0;True
2026-06-07 02:26:18;ibm_marrakesh;0;True
2026-06-07 03:26:22;ibm_fez;0;True
2026-06-07 03:26:22;ibm_kingston;0;True
2026-06-07 03:26:22;ibm_marrakesh;0;True
2026-06-07 04:26:24;ibm_fez;0;True
2026-06-07 04:26:24;ibm_kingston;0;True
2026-06-07 04:26:24;ibm_marrakesh;0;True
2026-06-07 05:26:28;ibm_fez;0;True
2026-06-07 05:26:28;ibm_kingston;0;True
2026-06-07 05:26:28;ibm_marrakesh;0;True
2026-06-07 06:26:30;ibm_fez;0;True
2026-06-07 06:26:30;ibm_kingston;0;True
2026-06-07 06:26:30;ibm_marrakesh;0;True
2026-06-07 07:26:33;ibm_fez;0;True
2026-06-07 07:26:33;ibm_kingston;0;True
2026-06-07 07:26:33;ibm_marrakesh;0;True
2026-06-07 08:26:35;ibm_fez;0;True
2026-06-07 08:26:35;ibm_kingston;0;True
2026-06-07 08:26:35;ibm_marrakesh;0;True
2026-06-07 09:26:39;ibm_fez;0;True
2026-06-07 09:26:39;ibm_kingston;0;True
2026-06-07 09:26:39;ibm_marrakesh;0;True
2026-06-07 10:26:41;ibm_fez;0;True
2026-06-07 10:26:41;ibm_kingston;0;True
2026-06-07 10:26:41;ibm_marrakesh;0;True
2026-06-07 11:26:44;ibm_fez;0;True
2026-06-07 11:26:44;ibm_kingston;0;True
2026-06-07 11:26:44;ibm_marrakesh;0;True
2026-06-07 12:26:47;ibm_fez;0;True
2026-06-07 12:26:47;ibm_kingston;0;True
2026-06-07 12:26:47;ibm_marrakesh;0;True
2026-06-07 13:26:50;ibm_fez;0;True
2026-06-07 13:26:50;ibm_kingston;0;True
2026-06-07 13:26:50;ibm_marrakesh;0;True
2026-06-07 14:26:52;ibm_fez;0;True
2026-06-07 14:26:52;ibm_kingston;0;True
2026-06-07 14:26:52;ibm_marrakesh;0;True
2026-06-07 15:26:55;ibm_fez;0;True
2026-06-07 15:26:55;ibm_kingston;0;True
2026-06-07 15:26:55;ibm_marrakesh;0;True
2026-06-07 16:26:57;ibm_fez;0;True
2026-06-07 16:26:57;ibm_kingston;0;True
2026-06-07 16:26:57;ibm_marrakesh;0;True
2026-06-07 17:27:00;ibm_fez;0;True
2026-06-07 17:27:00;ibm_kingston;0;True
2026-06-07 17:27:00;ibm_marrakesh;0;True
2026-06-07 18:27:03;ibm_fez;0;True
2026-06-07 18:27:03;ibm_kingston;0;True
2026-06-07 18:27:03;ibm_marrakesh;0;True
2026-06-07 19:27:06;ibm_fez;0;True
2026-06-07 19:27:06;ibm_kingston;0;True
2026-06-07 19:27:06;ibm_marrakesh;0;True
2026-06-07 20:27:08;ibm_fez;0;True
2026-06-07 20:27:08;ibm_kingston;0;True
2026-06-07 20:27:08;ibm_marrakesh;0;True
2026-06-07 21:27:10;ibm_fez;0;True
2026-06-07 21:27:10;ibm_kingston;0;True
2026-06-07 21:27:10;ibm_marrakesh;0;True
2026-06-07 22:27:14;ibm_fez;0;True
2026-06-07 22:27:14;ibm_kingston;0;True
2026-06-07 22:27:14;ibm_marrakesh;0;True
2026-06-07 23:27:16;ibm_fez;0;True
2026-06-07 23:27:16;ibm_kingston;0;True
2026-06-07 23:27:16;ibm_marrakesh;0;True
2026-06-08 00:27:19;ibm_fez;0;True
2026-06-08 00:27:19;ibm_kingston;0;True
2026-06-08 00:27:19;ibm_marrakesh;0;True
2026-06-08 01:27:21;ibm_fez;0;True
2026-06-08 01:27:21;ibm_kingston;0;True
2026-06-08 01:27:21;ibm_marrakesh;0;True
2026-06-08 02:27:24;ibm_fez;0;True
2026-06-08 02:27:24;ibm_kingston;0;True
2026-06-08 02:27:24;ibm_marrakesh;0;True
2026-06-08 03:27:27;ibm_fez;0;True
2026-06-08 03:27:27;ibm_kingston;0;True
2026-06-08 03:27:27;ibm_marrakesh;0;True
2026-06-08 04:27:30;ibm_fez;0;True
2026-06-08 04:27:30;ibm_kingston;0;True
2026-06-08 04:27:30;ibm_marrakesh;0;True
2026-06-08 05:27:32;ibm_fez;0;True
2026-06-08 05:27:32;ibm_kingston;0;True
2026-06-08 05:27:32;ibm_marrakesh;0;True
2026-06-08 06:27:35;ibm_fez;0;True
2026-06-08 06:27:35;ibm_kingston;0;True
2026-06-08 06:27:35;ibm_marrakesh;0;True
2026-06-08 07:27:38;ibm_fez;0;True
2026-06-08 07:27:38;ibm_kingston;0;True
2026-06-08 07:27:38;ibm_marrakesh;0;True
2026-06-08 08:27:41;ibm_fez;0;True
2026-06-08 08:27:41;ibm_kingston;0;True
2026-06-08 08:27:41;ibm_marrakesh;0;True
2026-06-08 09:27:43;ibm_fez;0;True
2026-06-08 09:27:43;ibm_kingston;0;True
2026-06-08 09:27:43;ibm_marrakesh;0;True
2026-06-08 10:27:46;ibm_fez;0;True
2026-06-08 10:27:46;ibm_kingston;0;True
2026-06-08 10:27:46;ibm_marrakesh;0;True
2026-06-08 11:27:48;ibm_fez;0;True
2026-06-08 11:27:48;ibm_kingston;0;True
2026-06-08 11:27:48;ibm_marrakesh;0;True
2026-06-08 12:27:51;ibm_fez;0;True
2026-06-08 12:27:51;ibm_kingston;0;True
2026-06-08 12:27:51;ibm_marrakesh;0;True
2026-06-08 13:27:54;ibm_fez;0;True
2026-06-08 13:27:54;ibm_kingston;0;True
2026-06-08 13:27:54;ibm_marrakesh;0;True
2026-06-08 14:27:56;ibm_fez;0;True
2026-06-08 14:27:56;ibm_kingston;0;True
2026-06-08 14:27:56;ibm_marrakesh;0;True
2026-06-08 15:28:00;ibm_fez;0;True
2026-06-08 15:28:00;ibm_kingston;0;True
2026-06-08 15:28:00;ibm_marrakesh;0;True
2026-06-08 16:28:02;ibm_fez;0;True
2026-06-08 16:28:02;ibm_kingston;0;True
2026-06-08 16:28:02;ibm_marrakesh;0;True
2026-06-08 17:28:05;ibm_fez;0;True
2026-06-08 17:28:05;ibm_kingston;0;True
2026-06-08 17:28:05;ibm_marrakesh;0;True
2026-06-08 18:28:08;ibm_fez;0;True
2026-06-08 18:28:08;ibm_kingston;0;True
2026-06-08 18:28:08;ibm_marrakesh;0;True
2026-06-08 19:28:11;ibm_fez;0;True
2026-06-08 19:28:11;ibm_kingston;0;True
2026-06-08 19:28:11;ibm_marrakesh;0;True
2026-06-08 20:28:14;ibm_fez;0;True
2026-06-08 20:28:14;ibm_kingston;0;True
2026-06-08 20:28:14;ibm_marrakesh;0;True
2026-06-08 21:28:22;ibm_fez;0;True
2026-06-08 21:28:22;ibm_kingston;0;True
2026-06-08 21:28:22;ibm_marrakesh;0;True
2026-06-08 22:28:25;ibm_fez;0;True
2026-06-08 22:28:25;ibm_kingston;0;True
2026-06-08 22:28:25;ibm_marrakesh;0;True
2026-06-08 23:28:27;ibm_fez;0;True
2026-06-08 23:28:27;ibm_kingston;0;True
2026-06-08 23:28:27;ibm_marrakesh;0;True
2026-06-09 00:28:30;ibm_fez;0;True
2026-06-09 00:28:30;ibm_kingston;0;True
2026-06-09 00:28:30;ibm_marrakesh;0;True
2026-06-09 01:28:33;ibm_fez;0;True
2026-06-09 01:28:33;ibm_kingston;0;True
2026-06-09 01:28:33;ibm_marrakesh;0;True
2026-06-09 02:28:36;ibm_fez;0;True
2026-06-09 02:28:36;ibm_kingston;0;True
2026-06-09 02:28:36;ibm_marrakesh;0;True
2026-06-09 03:28:39;ibm_fez;0;True
2026-06-09 03:28:39;ibm_kingston;0;True
2026-06-09 03:28:39;ibm_marrakesh;0;True
2026-06-09 04:28:42;ibm_fez;0;True
2026-06-09 04:28:42;ibm_kingston;0;True
2026-06-09 04:28:42;ibm_marrakesh;0;True
2026-06-09 05:28:45;ibm_fez;0;True
2026-06-09 05:28:45;ibm_kingston;0;True
2026-06-09 05:28:45;ibm_marrakesh;0;True
2026-06-09 06:28:47;ibm_fez;0;True
2026-06-09 06:28:47;ibm_kingston;0;True
2026-06-09 06:28:47;ibm_marrakesh;0;True
2026-06-09 07:28:51;ibm_fez;0;True
2026-06-09 07:28:51;ibm_kingston;0;True
2026-06-09 07:28:51;ibm_marrakesh;0;True
2026-06-09 08:28:53;ibm_fez;0;True
2026-06-09 08:28:53;ibm_kingston;0;True
2026-06-09 08:28:53;ibm_marrakesh;0;True
2026-06-09 09:28:56;ibm_fez;0;True
2026-06-09 09:28:56;ibm_kingston;0;True
2026-06-09 09:28:56;ibm_marrakesh;0;True
2026-06-09 10:28:59;ibm_fez;0;True
2026-06-09 10:28:59;ibm_kingston;0;True
2026-06-09 10:28:59;ibm_marrakesh;0;True
2026-06-09 11:29:17;ibm_fez;0;True
2026-06-09 11:29:17;ibm_kingston;0;True
2026-06-09 11:29:17;ibm_marrakesh;0;True
2026-06-09 12:29:19;ibm_fez;0;True
2026-06-09 12:29:19;ibm_kingston;0;True
2026-06-09 12:29:19;ibm_marrakesh;0;True
2026-06-09 13:29:22;ibm_fez;0;True
2026-06-09 13:29:22;ibm_kingston;0;True
2026-06-09 13:29:22;ibm_marrakesh;0;True
2026-06-09 14:29:25;ibm_fez;0;True
2026-06-09 14:29:25;ibm_kingston;0;True
2026-06-09 14:29:25;ibm_marrakesh;0;True
2026-06-09 15:29:28;ibm_fez;5;True
2026-06-09 15:29:28;ibm_kingston;1;True
2026-06-09 15:29:28;ibm_marrakesh;0;True
2026-06-09 16:29:31;ibm_fez;0;True
2026-06-09 16:29:31;ibm_kingston;6;True
2026-06-09 16:29:31;ibm_marrakesh;0;True
2026-06-09 17:29:35;ibm_fez;62;True
2026-06-09 17:29:35;ibm_kingston;243;True
2026-06-09 17:29:35;ibm_marrakesh;217;True
2026-06-09 18:29:38;ibm_fez;20;True
2026-06-09 18:29:38;ibm_kingston;225;True
2026-06-09 18:29:38;ibm_marrakesh;43;True
2026-06-09 19:29:42;ibm_fez;6;True
2026-06-09 19:29:42;ibm_kingston;0;True
2026-06-09 19:29:42;ibm_marrakesh;0;True
2026-06-09 20:29:45;ibm_fez;0;True
2026-06-09 20:29:45;ibm_kingston;17;True
2026-06-09 20:29:45;ibm_marrakesh;0;True
2026-06-09 21:29:49;ibm_fez;1;True
2026-06-09 21:29:49;ibm_kingston;2;True
2026-06-09 21:29:49;ibm_marrakesh;1;True
2026-06-09 22:29:52;ibm_fez;2;True
2026-06-09 22:29:52;ibm_kingston;0;True
2026-06-09 22:29:52;ibm_marrakesh;1;True
2026-06-09 23:29:55;ibm_fez;0;True
2026-06-09 23:29:55;ibm_kingston;16;True
2026-06-09 23:29:55;ibm_marrakesh;0;True
2026-06-10 00:29:58;ibm_fez;0;True
2026-06-10 00:29:58;ibm_kingston;0;True
2026-06-10 00:29:58;ibm_marrakesh;0;True
2026-06-10 01:30:02;ibm_fez;1;True
2026-06-10 01:30:02;ibm_kingston;0;True
2026-06-10 01:30:02;ibm_marrakesh;3;True
2026-06-10 02:30:06;ibm_fez;0;True
2026-06-10 02:30:06;ibm_kingston;0;True
2026-06-10 02:30:06;ibm_marrakesh;0;True
2026-06-10 03:30:09;ibm_fez;5;True
2026-06-10 03:30:09;ibm_kingston;3;True
2026-06-10 03:30:09;ibm_marrakesh;0;True
2026-06-10 04:30:13;ibm_fez;0;True
2026-06-10 04:30:13;ibm_kingston;0;True
2026-06-10 04:30:13;ibm_marrakesh;0;True
2026-06-10 05:30:16;ibm_fez;2;True
2026-06-10 05:30:16;ibm_kingston;0;True
2026-06-10 05:30:16;ibm_marrakesh;1;True
2026-06-10 06:30:20;ibm_fez;2;True
2026-06-10 06:30:20;ibm_kingston;0;True
2026-06-10 06:30:20;ibm_marrakesh;0;True
2026-06-10 07:30:24;ibm_fez;0;True
2026-06-10 07:30:24;ibm_kingston;0;True
2026-06-10 07:30:24;ibm_marrakesh;1;True
2026-06-10 08:30:28;ibm_fez;35;True
2026-06-10 08:30:28;ibm_kingston;0;True
2026-06-10 08:30:28;ibm_marrakesh;30;True
2026-06-10 09:30:31;ibm_fez;1;True
2026-06-10 09:30:31;ibm_kingston;0;True
2026-06-10 09:30:31;ibm_marrakesh;9;True
2026-06-10 10:30:35;ibm_fez;0;True
2026-06-10 10:30:35;ibm_kingston;8;True
2026-06-10 10:30:35;ibm_marrakesh;1;True
2026-06-10 11:30:38;ibm_fez;0;True
2026-06-10 11:30:38;ibm_kingston;16;True
2026-06-10 11:30:38;ibm_marrakesh;1;True
2026-06-10 12:30:42;ibm_fez;8;True
2026-06-10 12:30:42;ibm_kingston;2;True
2026-06-10 12:30:42;ibm_marrakesh;1;True
2026-06-10 13:30:45;ibm_fez;1;True
2026-06-10 13:30:45;ibm_kingston;8;True
2026-06-10 13:30:45;ibm_marrakesh;7;True
2026-06-10 14:30:50;ibm_fez;0;True
2026-06-10 14:30:50;ibm_kingston;5;True
2026-06-10 14:30:50;ibm_marrakesh;1;True
2026-06-10 15:30:53;ibm_fez;6;True
2026-06-10 15:30:53;ibm_kingston;2;True
2026-06-10 15:30:53;ibm_marrakesh;3;True
2026-06-10 16:30:57;ibm_fez;7;True
2026-06-10 16:30:57;ibm_kingston;3;True
2026-06-10 16:30:57;ibm_marrakesh;2;True
2026-06-10 17:31:01;ibm_fez;4;True
2026-06-10 17:31:01;ibm_kingston;5;True
2026-06-10 17:31:01;ibm_marrakesh;1;True
2026-06-10 18:31:05;ibm_fez;1;True
2026-06-10 18:31:05;ibm_kingston;3;True
2026-06-10 18:31:05;ibm_marrakesh;4;True
2026-06-10 19:31:08;ibm_fez;2;True
2026-06-10 19:31:08;ibm_kingston;3;True
2026-06-10 19:31:08;ibm_marrakesh;2;True
2026-06-10 20:31:12;ibm_fez;3;True
2026-06-10 20:31:12;ibm_kingston;5;True
2026-06-10 20:31:12;ibm_marrakesh;0;True
2026-06-10 21:31:15;ibm_fez;0;True
2026-06-10 21:31:15;ibm_kingston;25;True
2026-06-10 21:31:15;ibm_marrakesh;17;True
2026-06-10 22:31:19;ibm_fez;0;True
2026-06-10 22:31:19;ibm_kingston;28;True
2026-06-10 22:31:19;ibm_marrakesh;2;True
2026-06-10 23:31:23;ibm_fez;0;True
2026-06-10 23:31:23;ibm_kingston;30;True
2026-06-10 23:31:23;ibm_marrakesh;0;True
2026-06-11 00:31:28;ibm_fez;1;True
2026-06-11 00:31:28;ibm_kingston;0;True
2026-06-11 00:31:28;ibm_marrakesh;0;True
2026-06-11 01:31:31;ibm_fez;1;True
2026-06-11 01:31:31;ibm_kingston;0;True
2026-06-11 01:31:31;ibm_marrakesh;0;True
2026-06-11 02:31:35;ibm_fez;1;True
2026-06-11 02:31:35;ibm_kingston;1;True
2026-06-11 02:31:35;ibm_marrakesh;0;True
2026-06-11 03:31:43;ibm_fez;0;True
2026-06-11 03:31:43;ibm_kingston;3;True
2026-06-11 03:31:43;ibm_marrakesh;0;True
2026-06-11 04:31:47;ibm_fez;15;True
2026-06-11 04:31:47;ibm_kingston;2;True
2026-06-11 04:31:47;ibm_marrakesh;0;True
2026-06-11 05:31:51;ibm_fez;0;True
2026-06-11 05:31:51;ibm_kingston;0;True
2026-06-11 05:31:51;ibm_marrakesh;5;True
2026-06-11 06:31:55;ibm_fez;1;True
2026-06-11 06:31:55;ibm_kingston;0;True
2026-06-11 06:31:55;ibm_marrakesh;5;True
2026-06-11 07:31:58;ibm_fez;1;True
2026-06-11 07:31:58;ibm_kingston;0;True
2026-06-11 07:31:58;ibm_marrakesh;2;True
2026-06-11 08:32:03;ibm_fez;0;True
2026-06-11 08:32:03;ibm_kingston;13;True
2026-06-11 08:32:03;ibm_marrakesh;0;True
2026-06-11 09:32:06;ibm_fez;0;True
2026-06-11 09:32:06;ibm_kingston;22;True
2026-06-11 09:32:06;ibm_marrakesh;0;True
2026-06-11 10:32:10;ibm_fez;0;True
2026-06-11 10:32:10;ibm_kingston;6;True
2026-06-11 10:32:10;ibm_marrakesh;0;True
2026-06-11 11:32:14;ibm_fez;0;True
2026-06-11 11:32:14;ibm_kingston;0;True
2026-06-11 11:32:14;ibm_marrakesh;1;True
2026-06-11 12:32:18;ibm_fez;2;True
2026-06-11 12:32:18;ibm_kingston;6;True
2026-06-11 12:32:18;ibm_marrakesh;0;True
2026-06-11 13:32:21;ibm_fez;0;True
2026-06-11 13:32:21;ibm_kingston;13;True
2026-06-11 13:32:21;ibm_marrakesh;0;True
2026-06-11 14:32:25;ibm_fez;10;True
2026-06-11 14:32:25;ibm_kingston;1;True
2026-06-11 14:32:25;ibm_marrakesh;0;True
2026-06-11 15:32:29;ibm_fez;6;True
2026-06-11 15:32:29;ibm_kingston;11;True
2026-06-11 15:32:29;ibm_marrakesh;14;True
2026-06-11 16:32:33;ibm_fez;0;True
2026-06-11 16:32:33;ibm_kingston;13;True
2026-06-11 16:32:33;ibm_marrakesh;3;True
2026-06-11 17:32:37;ibm_fez;0;True
2026-06-11 17:32:37;ibm_kingston;16;True
2026-06-11 17:32:37;ibm_marrakesh;2;True
2026-06-11 18:32:41;ibm_fez;33;True
2026-06-11 18:32:41;ibm_kingston;55;True
2026-06-11 18:32:41;ibm_marrakesh;3;True
2026-06-11 19:32:44;ibm_fez;18926;True
2026-06-11 19:32:44;ibm_kingston;62;True
2026-06-11 19:32:44;ibm_marrakesh;12;True
2026-06-11 20:32:48;ibm_fez;1;True
2026-06-11 20:32:48;ibm_kingston;67;True
2026-06-11 20:32:48;ibm_marrakesh;5;True
2026-06-11 21:32:51;ibm_fez;4;True
2026-06-11 21:32:51;ibm_kingston;62;True
2026-06-11 21:32:51;ibm_marrakesh;11;True
2026-06-11 22:32:56;ibm_fez;25;True
2026-06-11 22:32:56;ibm_kingston;65;True
2026-06-11 22:32:56;ibm_marrakesh;6;True
2026-06-11 23:32:59;ibm_fez;33;True
2026-06-11 23:32:59;ibm_kingston;66;True
2026-06-11 23:32:59;ibm_marrakesh;7;True
2026-06-12 00:33:04;ibm_fez;38;True
2026-06-12 00:33:04;ibm_kingston;70;True
2026-06-12 00:33:04;ibm_marrakesh;7;True
2026-06-12 01:33:07;ibm_fez;1;True
2026-06-12 01:33:07;ibm_kingston;74;True
2026-06-12 01:33:07;ibm_marrakesh;0;True
2026-06-12 02:33:12;ibm_fez;0;True
2026-06-12 02:33:12;ibm_kingston;5;True
2026-06-12 02:33:12;ibm_marrakesh;0;True
2026-06-12 03:33:15;ibm_fez;1;True
2026-06-12 03:33:15;ibm_kingston;0;True
2026-06-12 03:33:15;ibm_marrakesh;0;True
2026-06-12 04:33:19;ibm_fez;1;True
2026-06-12 04:33:19;ibm_kingston;0;True
2026-06-12 04:33:19;ibm_marrakesh;0;True
2026-06-12 05:33:23;ibm_fez;2;True
2026-06-12 05:33:23;ibm_kingston;0;True
2026-06-12 05:33:23;ibm_marrakesh;0;True
2026-06-12 06:33:27;ibm_fez;18761;True
2026-06-12 06:33:27;ibm_kingston;5;True
2026-06-12 06:33:27;ibm_marrakesh;4;True
2026-06-12 07:33:31;ibm_fez;2;True
2026-06-12 07:33:31;ibm_kingston;2;True
2026-06-12 07:33:31;ibm_marrakesh;8;True
2026-06-12 08:33:35;ibm_fez;34;True
2026-06-12 08:33:35;ibm_kingston;14;True
2026-06-12 08:33:35;ibm_marrakesh;16;True
2026-06-12 09:33:39;ibm_fez;6;True
2026-06-12 09:33:39;ibm_kingston;24;True
2026-06-12 09:33:39;ibm_marrakesh;0;True
2026-06-12 10:33:43;ibm_fez;15;True
2026-06-12 10:33:43;ibm_kingston;29;True
2026-06-12 10:33:43;ibm_marrakesh;9;True
2026-06-12 11:33:47;ibm_fez;6;True
2026-06-12 11:33:47;ibm_kingston;34;True
2026-06-12 11:33:47;ibm_marrakesh;10;True
2026-06-12 12:33:52;ibm_fez;15;True
2026-06-12 12:33:52;ibm_kingston;36;True
2026-06-12 12:33:52;ibm_marrakesh;0;True
2026-06-12 13:33:55;ibm_fez;7;True
2026-06-12 13:33:55;ibm_kingston;41;True
2026-06-12 13:33:55;ibm_marrakesh;1;True
2026-06-12 14:33:59;ibm_fez;5;True
2026-06-12 14:33:59;ibm_kingston;42;True
2026-06-12 14:33:59;ibm_marrakesh;2;True
2026-06-12 15:34:03;ibm_fez;3;True
2026-06-12 15:34:03;ibm_kingston;45;True
2026-06-12 15:34:03;ibm_marrakesh;17;True
2026-06-12 16:34:07;ibm_fez;6;True
2026-06-12 16:34:07;ibm_kingston;45;True
2026-06-12 16:34:07;ibm_marrakesh;25;True
2026-06-12 17:34:11;ibm_fez;2;True
2026-06-12 17:34:11;ibm_kingston;6;True
2026-06-12 17:34:11;ibm_marrakesh;35;True
2026-06-12 18:34:15;ibm_fez;7;True
2026-06-12 18:34:15;ibm_kingston;17;True
2026-06-12 18:34:15;ibm_marrakesh;17;True
2026-06-12 19:34:18;ibm_fez;4;True
2026-06-12 19:34:18;ibm_kingston;9;True
2026-06-12 19:34:18;ibm_marrakesh;1;True
2026-06-12 20:34:23;ibm_fez;15;True
2026-06-12 20:34:23;ibm_kingston;34;True
2026-06-12 20:34:23;ibm_marrakesh;36;True
2026-06-12 21:34:26;ibm_fez;0;True
2026-06-12 21:34:26;ibm_kingston;14;True
2026-06-12 21:34:26;ibm_marrakesh;0;True
2026-06-12 22:34:30;ibm_fez;1;True
2026-06-12 22:34:30;ibm_kingston;4;True
2026-06-12 22:34:30;ibm_marrakesh;0;True
2026-06-12 23:34:34;ibm_fez;2;True
2026-06-12 23:34:34;ibm_kingston;2;True
2026-06-12 23:34:34;ibm_marrakesh;3;True
2026-06-13 00:34:38;ibm_fez;0;True
2026-06-13 00:34:38;ibm_kingston;2;True
2026-06-13 00:34:38;ibm_marrakesh;0;True
2026-06-13 01:34:41;ibm_fez;1;True
2026-06-13 01:34:41;ibm_kingston;2;True
2026-06-13 01:34:41;ibm_marrakesh;0;True
2026-06-13 02:34:45;ibm_fez;1;True
2026-06-13 02:34:45;ibm_kingston;3;True
2026-06-13 02:34:45;ibm_marrakesh;0;True
2026-06-13 03:34:48;ibm_fez;3;True
2026-06-13 03:34:48;ibm_kingston;1;True
2026-06-13 03:34:48;ibm_marrakesh;0;True
2026-06-13 04:34:53;ibm_fez;0;True
2026-06-13 04:34:53;ibm_kingston;2;True
2026-06-13 04:34:53;ibm_marrakesh;0;True
2026-06-13 05:34:57;ibm_fez;3;True
2026-06-13 05:34:57;ibm_kingston;3;True
2026-06-13 05:34:57;ibm_marrakesh;0;True
2026-06-13 06:35:01;ibm_fez;1;True
2026-06-13 06:35:01;ibm_kingston;1;True
2026-06-13 06:35:01;ibm_marrakesh;0;True
2026-06-13 07:35:05;ibm_fez;0;True
2026-06-13 07:35:05;ibm_kingston;0;True
2026-06-13 07:35:05;ibm_marrakesh;0;True
2026-06-13 08:35:10;ibm_fez;1;True
2026-06-13 08:35:10;ibm_kingston;0;True
2026-06-13 08:35:10;ibm_marrakesh;0;True
2026-06-13 09:35:13;ibm_fez;0;True
2026-06-13 09:35:13;ibm_kingston;1;True
2026-06-13 09:35:13;ibm_marrakesh;0;True
2026-06-13 10:35:17;ibm_fez;0;True
2026-06-13 10:35:17;ibm_kingston;0;True
2026-06-13 10:35:17;ibm_marrakesh;0;True
2026-06-13 11:35:21;ibm_fez;0;True
2026-06-13 11:35:21;ibm_kingston;0;True
2026-06-13 11:35:21;ibm_marrakesh;0;True
2026-06-13 12:35:25;ibm_fez;0;True
2026-06-13 12:35:25;ibm_kingston;0;True
2026-06-13 12:35:25;ibm_marrakesh;0;True
2026-06-13 13:35:28;ibm_fez;11;True
2026-06-13 13:35:28;ibm_kingston;0;True
2026-06-13 13:35:28;ibm_marrakesh;0;True
2026-06-13 14:35:32;ibm_fez;2;True
2026-06-13 14:35:32;ibm_kingston;0;True
2026-06-13 14:35:32;ibm_marrakesh;0;True
2026-06-13 15:35:35;ibm_fez;1;True
2026-06-13 15:35:35;ibm_kingston;4;True
2026-06-13 15:35:35;ibm_marrakesh;0;True
2026-06-13 16:35:39;ibm_fez;0;True
2026-06-13 16:35:39;ibm_kingston;0;True
2026-06-13 16:35:39;ibm_marrakesh;0;True
2026-06-13 17:35:42;ibm_fez;1;True
2026-06-13 17:35:42;ibm_kingston;1;True
2026-06-13 17:35:42;ibm_marrakesh;1;True
2026-06-13 18:35:47;ibm_fez;0;True
2026-06-13 18:35:47;ibm_kingston;0;True
2026-06-13 18:35:47;ibm_marrakesh;0;True
2026-06-13 19:35:50;ibm_fez;0;True
2026-06-13 19:35:50;ibm_kingston;0;True
2026-06-13 19:35:50;ibm_marrakesh;0;True
2026-06-13 20:35:54;ibm_fez;1;True
2026-06-13 20:35:54;ibm_kingston;0;True
2026-06-13 20:35:54;ibm_marrakesh;4;True
2026-06-13 21:35:57;ibm_fez;0;True
2026-06-13 21:35:57;ibm_kingston;1;True
2026-06-13 21:35:57;ibm_marrakesh;0;True
2026-06-13 22:36:01;ibm_fez;0;True
2026-06-13 22:36:01;ibm_kingston;0;True
2026-06-13 22:36:01;ibm_marrakesh;1;True
2026-06-13 23:36:04;ibm_fez;0;True
2026-06-13 23:36:04;ibm_kingston;1;True
2026-06-13 23:36:04;ibm_marrakesh;0;True
2026-06-14 00:36:09;ibm_fez;0;True
2026-06-14 00:36:09;ibm_kingston;0;True
2026-06-14 00:36:09;ibm_marrakesh;1;True
2026-06-14 01:36:12;ibm_fez;1;True
2026-06-14 01:36:12;ibm_kingston;0;True
2026-06-14 01:36:12;ibm_marrakesh;0;True
2026-06-14 02:36:16;ibm_fez;1;True
2026-06-14 02:36:16;ibm_kingston;0;True
2026-06-14 02:36:16;ibm_marrakesh;0;True
2026-06-14 03:36:20;ibm_fez;0;True
2026-06-14 03:36:20;ibm_kingston;0;True
2026-06-14 03:36:20;ibm_marrakesh;0;True
2026-06-14 04:36:24;ibm_fez;0;True
2026-06-14 04:36:24;ibm_kingston;0;True
2026-06-14 04:36:24;ibm_marrakesh;2;True
2026-06-14 05:36:27;ibm_fez;2;True
2026-06-14 05:36:27;ibm_kingston;0;True
2026-06-14 05:36:27;ibm_marrakesh;0;True
2026-06-14 06:36:31;ibm_fez;3;True
2026-06-14 06:36:31;ibm_kingston;0;True
2026-06-14 06:36:31;ibm_marrakesh;0;True
2026-06-14 07:36:35;ibm_fez;2;True
2026-06-14 07:36:35;ibm_kingston;2;True
2026-06-14 07:36:35;ibm_marrakesh;0;True
2026-06-14 08:36:39;ibm_fez;1;True
2026-06-14 08:36:39;ibm_kingston;0;True
2026-06-14 08:36:39;ibm_marrakesh;0;True
2026-06-14 09:36:43;ibm_fez;0;True
2026-06-14 09:36:43;ibm_kingston;0;True
2026-06-14 09:36:43;ibm_marrakesh;0;True
2026-06-14 10:36:47;ibm_fez;0;True
2026-06-14 10:36:47;ibm_kingston;1;True
2026-06-14 10:36:47;ibm_marrakesh;1;True
2026-06-14 11:36:51;ibm_fez;0;True
2026-06-14 11:36:51;ibm_kingston;0;True
2026-06-14 11:36:51;ibm_marrakesh;0;True
2026-06-14 12:36:56;ibm_fez;0;True
2026-06-14 12:36:56;ibm_kingston;0;True
2026-06-14 12:36:56;ibm_marrakesh;0;True
2026-06-14 13:36:59;ibm_fez;0;True
2026-06-14 13:36:59;ibm_kingston;1;True
2026-06-14 13:36:59;ibm_marrakesh;0;True
2026-06-14 14:37:03;ibm_fez;0;True
2026-06-14 14:37:03;ibm_kingston;0;True
2026-06-14 14:37:03;ibm_marrakesh;0;True
2026-06-14 15:37:07;ibm_fez;0;True
2026-06-14 15:37:07;ibm_kingston;0;True
2026-06-14 15:37:07;ibm_marrakesh;0;True
2026-06-14 16:37:11;ibm_fez;0;True
2026-06-14 16:37:11;ibm_kingston;0;True
2026-06-14 16:37:11;ibm_marrakesh;0;True
2026-06-14 17:37:15;ibm_fez;1;True
2026-06-14 17:37:15;ibm_kingston;0;True
2026-06-14 17:37:15;ibm_marrakesh;5;True
2026-06-14 18:37:19;ibm_fez;0;True
2026-06-14 18:37:19;ibm_kingston;2;True
2026-06-14 18:37:19;ibm_marrakesh;0;True
2026-06-14 19:37:22;ibm_fez;5;True
2026-06-14 19:37:22;ibm_kingston;0;True
2026-06-14 19:37:22;ibm_marrakesh;0;True
2026-06-14 20:37:27;ibm_fez;7;True
2026-06-14 20:37:27;ibm_kingston;0;True
2026-06-14 20:37:27;ibm_marrakesh;0;True
2026-06-14 21:37:30;ibm_fez;0;True
2026-06-14 21:37:30;ibm_kingston;0;True
2026-06-14 21:37:30;ibm_marrakesh;0;True
2026-06-14 22:37:35;ibm_fez;0;True
2026-06-14 22:37:35;ibm_kingston;0;True
2026-06-14 22:37:35;ibm_marrakesh;0;True
2026-06-14 23:37:38;ibm_fez;0;True
2026-06-14 23:37:38;ibm_kingston;0;True
2026-06-14 23:37:38;ibm_marrakesh;0;True
2026-06-15 00:37:42;ibm_fez;1;True
2026-06-15 00:37:42;ibm_kingston;0;True
2026-06-15 00:37:42;ibm_marrakesh;0;True
2026-06-15 01:37:45;ibm_fez;0;True
2026-06-15 01:37:45;ibm_kingston;0;True
2026-06-15 01:37:45;ibm_marrakesh;0;True
2026-06-15 02:37:50;ibm_fez;0;True
2026-06-15 02:37:50;ibm_kingston;0;True
2026-06-15 02:37:50;ibm_marrakesh;0;True
2026-06-15 03:37:53;ibm_fez;2;True
2026-06-15 03:37:53;ibm_kingston;0;True
2026-06-15 03:37:53;ibm_marrakesh;0;True
2026-06-15 04:37:58;ibm_fez;1;True
2026-06-15 04:37:58;ibm_kingston;0;True
2026-06-15 04:37:58;ibm_marrakesh;0;True
2026-06-15 05:38:01;ibm_fez;10;True
2026-06-15 05:38:01;ibm_kingston;2;True
2026-06-15 05:38:01;ibm_marrakesh;0;True
2026-06-15 06:38:05;ibm_fez;0;True
2026-06-15 06:38:05;ibm_kingston;1;True
2026-06-15 06:38:05;ibm_marrakesh;0;True
2026-06-15 07:38:09;ibm_fez;0;True
2026-06-15 07:38:09;ibm_kingston;1;True
2026-06-15 07:38:09;ibm_marrakesh;1;True
2026-06-15 08:38:13;ibm_fez;0;True
2026-06-15 08:38:13;ibm_kingston;3;True
2026-06-15 08:38:13;ibm_marrakesh;4;True
2026-06-15 09:38:17;ibm_fez;1;True
2026-06-15 09:38:17;ibm_kingston;0;True
2026-06-15 09:38:17;ibm_marrakesh;0;True
2026-06-15 10:38:21;ibm_fez;0;True
2026-06-15 10:38:21;ibm_kingston;0;True
2026-06-15 10:38:21;ibm_marrakesh;0;True
2026-06-15 11:38:24;ibm_fez;0;True
2026-06-15 11:38:24;ibm_kingston;0;True
2026-06-15 11:38:24;ibm_marrakesh;0;True
2026-06-15 12:38:28;ibm_fez;1;True
2026-06-15 12:38:28;ibm_kingston;7;True
2026-06-15 12:38:28;ibm_marrakesh;1;True
2026-06-15 13:38:32;ibm_fez;0;True
2026-06-15 13:38:32;ibm_kingston;80;True
2026-06-15 13:38:32;ibm_marrakesh;4;True
2026-06-15 14:38:37;ibm_fez;17;True
2026-06-15 14:38:37;ibm_kingston;0;True
2026-06-15 14:38:37;ibm_marrakesh;31;True
2026-06-15 15:38:40;ibm_fez;6;True
2026-06-15 15:38:40;ibm_kingston;3;True
2026-06-15 15:38:40;ibm_marrakesh;14;True
2026-06-15 16:38:44;ibm_fez;0;True
2026-06-15 16:38:44;ibm_kingston;16;True
2026-06-15 16:38:44;ibm_marrakesh;2;True
2026-06-15 17:38:48;ibm_fez;13;True
2026-06-15 17:38:48;ibm_kingston;35;True
2026-06-15 17:38:48;ibm_marrakesh;3;True
2026-06-15 18:38:51;ibm_fez;5;True
2026-06-15 18:38:51;ibm_kingston;51;True
2026-06-15 18:38:51;ibm_marrakesh;1;True
2026-06-15 19:38:54;ibm_fez;0;True
2026-06-15 19:38:54;ibm_kingston;28;True
2026-06-15 19:38:54;ibm_marrakesh;1;True
2026-06-15 20:38:58;ibm_fez;0;True
2026-06-15 20:38:58;ibm_kingston;11;True
2026-06-15 20:38:58;ibm_marrakesh;3;True
2026-06-15 21:39:01;ibm_fez;2;True
2026-06-15 21:39:01;ibm_kingston;0;True
2026-06-15 21:39:01;ibm_marrakesh;3;True
2026-06-15 22:39:05;ibm_fez;38986;True
2026-06-15 22:39:05;ibm_kingston;46501;True
2026-06-15 22:39:05;ibm_marrakesh;3;True
2026-06-15 23:39:09;ibm_fez;0;True
2026-06-15 23:39:09;ibm_kingston;21;True
2026-06-15 23:39:09;ibm_marrakesh;0;True
2026-06-16 00:39:12;ibm_fez;11;True
2026-06-16 00:39:12;ibm_kingston;50;True
2026-06-16 00:39:12;ibm_marrakesh;13;True
2026-06-16 01:39:16;ibm_fez;7;True
2026-06-16 01:39:16;ibm_kingston;69;True
2026-06-16 01:39:16;ibm_marrakesh;7;True
2026-06-16 02:39:19;ibm_fez;7;True
2026-06-16 02:39:19;ibm_kingston;64;True
2026-06-16 02:39:19;ibm_marrakesh;2;True
2026-06-16 03:39:24;ibm_fez;0;True
2026-06-16 03:39:24;ibm_kingston;72;True
2026-06-16 03:39:24;ibm_marrakesh;4;True
2026-06-16 04:39:27;ibm_fez;11;True
2026-06-16 04:39:27;ibm_kingston;76;True
2026-06-16 04:39:27;ibm_marrakesh;16;True
2026-06-16 05:39:31;ibm_fez;23;True
2026-06-16 05:39:31;ibm_kingston;77;True
2026-06-16 05:39:31;ibm_marrakesh;10;True
2026-06-16 06:39:34;ibm_fez;41;True
2026-06-16 06:39:34;ibm_kingston;84;True
2026-06-16 06:39:34;ibm_marrakesh;12;True
2026-06-16 07:39:38;ibm_fez;28;True
2026-06-16 07:39:38;ibm_kingston;87;True
2026-06-16 07:39:38;ibm_marrakesh;12;True
2026-06-16 08:39:42;ibm_fez;1;True
2026-06-16 08:39:42;ibm_kingston;88;True
2026-06-16 08:39:42;ibm_marrakesh;14;True
2026-06-16 09:39:46;ibm_fez;8;True
2026-06-16 09:39:46;ibm_kingston;93;True
2026-06-16 09:39:46;ibm_marrakesh;15;True
2026-06-16 10:39:49;ibm_fez;4;True
2026-06-16 10:39:49;ibm_kingston;97;True
2026-06-16 10:39:49;ibm_marrakesh;2;True
2026-06-16 11:39:53;ibm_fez;0;True
2026-06-16 11:39:53;ibm_kingston;85;True
2026-06-16 11:39:53;ibm_marrakesh;1;True
2026-06-16 12:39:57;ibm_fez;1;True
2026-06-16 12:39:57;ibm_kingston;85;True
2026-06-16 12:39:57;ibm_marrakesh;3;True
2026-06-16 13:40:01;ibm_fez;0;True
2026-06-16 13:40:01;ibm_kingston;87;True
2026-06-16 13:40:01;ibm_marrakesh;4;True
2026-06-16 14:40:05;ibm_fez;7;True
2026-06-16 14:40:05;ibm_kingston;22;True
2026-06-16 14:40:05;ibm_marrakesh;3;True
2026-06-16 15:40:08;ibm_fez;3;True
2026-06-16 15:40:08;ibm_kingston;0;True
2026-06-16 15:40:08;ibm_marrakesh;0;True
2026-06-16 16:40:12;ibm_fez;0;True
2026-06-16 16:40:12;ibm_kingston;3;True
2026-06-16 16:40:12;ibm_marrakesh;1;True
2026-06-16 17:40:15;ibm_fez;22;True
2026-06-16 17:40:15;ibm_kingston;15;True
2026-06-16 17:40:15;ibm_marrakesh;3;True
2026-06-16 18:40:18;ibm_fez;34;True
2026-06-16 18:40:18;ibm_kingston;17;True
2026-06-16 18:40:18;ibm_marrakesh;3;True
2026-06-16 19:40:22;ibm_fez;41;True
2026-06-16 19:40:22;ibm_kingston;19;True
2026-06-16 19:40:22;ibm_marrakesh;70;True
2026-06-16 20:40:26;ibm_fez;3;True
2026-06-16 20:40:26;ibm_kingston;33;True
2026-06-16 20:40:26;ibm_marrakesh;14;True
2026-06-16 21:40:30;ibm_fez;4;True
2026-06-16 21:40:30;ibm_kingston;6;True
2026-06-16 21:40:30;ibm_marrakesh;4;True
2026-06-16 22:40:33;ibm_fez;1;True
2026-06-16 22:40:33;ibm_kingston;2;True
2026-06-16 22:40:33;ibm_marrakesh;15;True
2026-06-16 23:40:37;ibm_fez;1;True
2026-06-16 23:40:37;ibm_kingston;5;True
2026-06-16 23:40:37;ibm_marrakesh;2;True
2026-06-17 00:40:40;ibm_fez;1;True
2026-06-17 00:40:40;ibm_kingston;1;True
2026-06-17 00:40:40;ibm_marrakesh;1;True
2026-06-17 01:40:44;ibm_fez;3;True
2026-06-17 01:40:44;ibm_kingston;16;True
2026-06-17 01:40:44;ibm_marrakesh;1;True
2026-06-17 02:40:47;ibm_fez;0;True
2026-06-17 02:40:47;ibm_kingston;5;True
2026-06-17 02:40:47;ibm_marrakesh;4;True
2026-06-17 03:40:51;ibm_fez;1;True
2026-06-17 03:40:51;ibm_kingston;0;True
2026-06-17 03:40:51;ibm_marrakesh;10;True
2026-06-17 04:40:54;ibm_fez;4;True
2026-06-17 04:40:54;ibm_kingston;0;True
2026-06-17 04:40:54;ibm_marrakesh;6;True
2026-06-17 05:40:58;ibm_fez;3;True
2026-06-17 05:40:58;ibm_kingston;2;True
2026-06-17 05:40:58;ibm_marrakesh;9;True
2026-06-17 06:41:02;ibm_fez;0;True
2026-06-17 06:41:02;ibm_kingston;1;True
2026-06-17 06:41:02;ibm_marrakesh;0;True
2026-06-17 07:41:05;ibm_fez;1;True
2026-06-17 07:41:05;ibm_kingston;0;True
2026-06-17 07:41:05;ibm_marrakesh;0;True
2026-06-17 08:41:09;ibm_fez;5;True
2026-06-17 08:41:09;ibm_kingston;7;True
2026-06-17 08:41:09;ibm_marrakesh;14;True
2026-06-17 09:41:13;ibm_fez;56;True
2026-06-17 09:41:13;ibm_kingston;19;True
2026-06-17 09:41:13;ibm_marrakesh;2;True
2026-06-17 10:41:16;ibm_fez;2;True
2026-06-17 10:41:16;ibm_kingston;2;True
2026-06-17 10:41:16;ibm_marrakesh;0;True
2026-06-17 11:41:20;ibm_fez;7;True
2026-06-17 11:41:20;ibm_kingston;5;True
2026-06-17 11:41:20;ibm_marrakesh;5;True
2026-06-17 12:41:24;ibm_fez;7;True
2026-06-17 12:41:24;ibm_kingston;0;True
2026-06-17 12:41:24;ibm_marrakesh;2;True
2026-06-17 13:41:28;ibm_fez;11;True
2026-06-17 13:41:28;ibm_kingston;1;True
2026-06-17 13:41:28;ibm_marrakesh;2;True
2026-06-17 14:41:31;ibm_fez;2;True
2026-06-17 14:41:31;ibm_kingston;17;True
2026-06-17 14:41:31;ibm_marrakesh;1;True
2026-06-17 15:41:38;ibm_fez;3;True
2026-06-17 15:41:38;ibm_kingston;28;True
2026-06-17 15:41:38;ibm_marrakesh;1;True
2026-06-17 16:41:41;ibm_fez;0;True
2026-06-17 16:41:41;ibm_kingston;24;True
2026-06-17 16:41:41;ibm_marrakesh;3;True
2026-06-17 17:41:45;ibm_fez;2;True
2026-06-17 17:41:45;ibm_kingston;37;True
2026-06-17 17:41:45;ibm_marrakesh;1;True
2026-06-17 18:41:49;ibm_fez;3;True
2026-06-17 18:41:49;ibm_kingston;56;True
2026-06-17 18:41:49;ibm_marrakesh;2;True
2026-06-17 19:41:53;ibm_fez;2;True
2026-06-17 19:41:53;ibm_kingston;64;True
2026-06-17 19:41:53;ibm_marrakesh;2;True
2026-06-17 20:41:56;ibm_fez;4;True
2026-06-17 20:41:56;ibm_kingston;80;True
2026-06-17 20:41:56;ibm_marrakesh;3;True
2026-06-17 21:41:59;ibm_fez;0;True
2026-06-17 21:41:59;ibm_kingston;64;True
2026-06-17 21:41:59;ibm_marrakesh;1;True
2026-06-17 22:42:04;ibm_fez;2;True
2026-06-17 22:42:04;ibm_kingston;66;True
2026-06-17 22:42:04;ibm_marrakesh;1;True
2026-06-17 23:42:08;ibm_fez;3;True
2026-06-17 23:42:08;ibm_kingston;74;True
2026-06-17 23:42:08;ibm_marrakesh;1;True
2026-06-18 00:42:12;ibm_fez;0;True
2026-06-18 00:42:12;ibm_kingston;75;True
2026-06-18 00:42:12;ibm_marrakesh;0;True
2026-06-18 01:42:15;ibm_fez;1;True
2026-06-18 01:42:15;ibm_kingston;27;True
2026-06-18 01:42:15;ibm_marrakesh;0;True
2026-06-18 02:42:19;ibm_fez;1;True
2026-06-18 02:42:19;ibm_kingston;3;True
2026-06-18 02:42:19;ibm_marrakesh;0;True
2026-06-18 03:42:23;ibm_fez;6;True
2026-06-18 03:42:23;ibm_kingston;8;True
2026-06-18 03:42:23;ibm_marrakesh;7;True
2026-06-18 04:42:26;ibm_fez;0;True
2026-06-18 04:42:26;ibm_kingston;10;True
2026-06-18 04:42:26;ibm_marrakesh;0;True
2026-06-18 05:42:30;ibm_fez;0;True
2026-06-18 05:42:30;ibm_kingston;2;True
2026-06-18 05:42:30;ibm_marrakesh;1;True
2026-06-18 06:42:34;ibm_fez;4;True
2026-06-18 06:42:34;ibm_kingston;1;True
2026-06-18 06:42:34;ibm_marrakesh;0;True
2026-06-18 07:42:37;ibm_fez;0;True
2026-06-18 07:42:37;ibm_kingston;10;True
2026-06-18 07:42:37;ibm_marrakesh;0;True
2026-06-18 08:42:41;ibm_fez;3;True
2026-06-18 08:42:41;ibm_kingston;3;True
2026-06-18 08:42:41;ibm_marrakesh;4;True
2026-06-18 09:42:45;ibm_fez;92;True
2026-06-18 09:42:45;ibm_kingston;2;True
2026-06-18 09:42:45;ibm_marrakesh;8;True
2026-06-18 10:42:50;ibm_fez;2;True
2026-06-18 10:42:50;ibm_kingston;4;True
2026-06-18 10:42:50;ibm_marrakesh;1;True
2026-06-18 11:42:53;ibm_fez;21;True
2026-06-18 11:42:53;ibm_kingston;5;True
2026-06-18 11:42:53;ibm_marrakesh;2;True
2026-06-18 12:42:57;ibm_fez;117;True
2026-06-18 12:42:57;ibm_kingston;1;True
2026-06-18 12:42:57;ibm_marrakesh;2;True
2026-06-18 13:43:01;ibm_fez;19;True
2026-06-18 13:43:01;ibm_kingston;8;True
2026-06-18 13:43:01;ibm_marrakesh;2;True
2026-06-18 14:43:05;ibm_fez;1;True
2026-06-18 14:43:05;ibm_kingston;13;True
2026-06-18 14:43:05;ibm_marrakesh;4;True
2026-06-18 15:43:08;ibm_fez;13;True
2026-06-18 15:43:08;ibm_kingston;2;True
2026-06-18 15:43:08;ibm_marrakesh;2;True
2026-06-18 16:43:12;ibm_fez;0;True
2026-06-18 16:43:12;ibm_kingston;20;True
2026-06-18 16:43:12;ibm_marrakesh;7;True
2026-06-18 17:43:15;ibm_fez;11;True
2026-06-18 17:43:15;ibm_kingston;25;True
2026-06-18 17:43:15;ibm_marrakesh;4;True
2026-06-18 18:43:21;ibm_fez;12;True
2026-06-18 18:43:21;ibm_kingston;63;True
2026-06-18 18:43:21;ibm_marrakesh;3;True
2026-06-18 19:43:24;ibm_fez;27;True
2026-06-18 19:43:24;ibm_kingston;58;True
2026-06-18 19:43:24;ibm_marrakesh;7;True
2026-06-18 20:43:28;ibm_fez;37;True
2026-06-18 20:43:28;ibm_kingston;12;True
2026-06-18 20:43:28;ibm_marrakesh;2;True
2026-06-18 21:43:32;ibm_fez;40;True
2026-06-18 21:43:32;ibm_kingston;3;True
2026-06-18 21:43:32;ibm_marrakesh;1;True
2026-06-18 22:43:36;ibm_fez;49;True
2026-06-18 22:43:36;ibm_kingston;1;True
2026-06-18 22:43:36;ibm_marrakesh;1;True
2026-06-18 23:43:39;ibm_fez;51;True
2026-06-18 23:43:39;ibm_kingston;1;True
2026-06-18 23:43:39;ibm_marrakesh;1;True
2026-06-19 00:43:44;ibm_fez;533;True
2026-06-19 00:43:44;ibm_kingston;5;True
2026-06-19 00:43:44;ibm_marrakesh;2;True
2026-06-19 01:43:47;ibm_fez;557;True
2026-06-19 01:43:47;ibm_kingston;1;True
2026-06-19 01:43:47;ibm_marrakesh;2;True
2026-06-19 02:43:51;ibm_fez;571;True
2026-06-19 02:43:51;ibm_kingston;0;True
2026-06-19 02:43:51;ibm_marrakesh;0;True
2026-06-19 03:43:55;ibm_fez;579;True
2026-06-19 03:43:55;ibm_kingston;0;True
2026-06-19 03:43:55;ibm_marrakesh;0;True
2026-06-19 04:43:59;ibm_fez;586;True
2026-06-19 04:43:59;ibm_kingston;0;True
2026-06-19 04:43:59;ibm_marrakesh;0;True
2026-06-19 05:44:02;ibm_fez;599;True
2026-06-19 05:44:02;ibm_kingston;19;True
2026-06-19 05:44:02;ibm_marrakesh;0;True
2026-06-19 06:44:06;ibm_fez;685;True
2026-06-19 06:44:06;ibm_kingston;11;True
2026-06-19 06:44:06;ibm_marrakesh;2;True
2026-06-19 07:44:09;ibm_fez;608;True
2026-06-19 07:44:09;ibm_kingston;9;True
2026-06-19 07:44:09;ibm_marrakesh;0;True
2026-06-19 08:44:13;ibm_fez;610;True
2026-06-19 08:44:13;ibm_kingston;1;True
2026-06-19 08:44:13;ibm_marrakesh;0;True
2026-06-19 09:44:16;ibm_fez;614;True
2026-06-19 09:44:16;ibm_kingston;0;True
2026-06-19 09:44:16;ibm_marrakesh;1;True
2026-06-19 10:44:20;ibm_fez;615;True
2026-06-19 10:44:20;ibm_kingston;1;True
2026-06-19 10:44:20;ibm_marrakesh;1;True
2026-06-19 11:44:23;ibm_fez;518;True
2026-06-19 11:44:23;ibm_kingston;4;True
2026-06-19 11:44:23;ibm_marrakesh;0;True
2026-06-19 12:44:27;ibm_fez;327;True
2026-06-19 12:44:27;ibm_kingston;0;True
2026-06-19 12:44:27;ibm_marrakesh;0;True
2026-06-19 13:44:30;ibm_fez;192;True
2026-06-19 13:44:30;ibm_kingston;0;True
2026-06-19 13:44:30;ibm_marrakesh;3;True
2026-06-19 14:44:34;ibm_fez;1;True
2026-06-19 14:44:34;ibm_kingston;7;True
2026-06-19 14:44:34;ibm_marrakesh;4;True
2026-06-19 15:44:37;ibm_fez;30;True
2026-06-19 15:44:37;ibm_kingston;0;True
2026-06-19 15:44:37;ibm_marrakesh;4;True
2026-06-19 16:44:42;ibm_fez;46;True
2026-06-19 16:44:42;ibm_kingston;28;True
2026-06-19 16:44:42;ibm_marrakesh;26;True
2026-06-19 17:44:45;ibm_fez;50;True
2026-06-19 17:44:45;ibm_kingston;40;True
2026-06-19 17:44:45;ibm_marrakesh;1;True
2026-06-19 18:44:49;ibm_fez;54;True
2026-06-19 18:44:49;ibm_kingston;44;True
2026-06-19 18:44:49;ibm_marrakesh;14;True
2026-06-19 19:44:52;ibm_fez;4;True
2026-06-19 19:44:52;ibm_kingston;57;True
2026-06-19 19:44:52;ibm_marrakesh;24;True
2026-06-19 20:44:57;ibm_fez;8;True
2026-06-19 20:44:57;ibm_kingston;43;True
2026-06-19 20:44:57;ibm_marrakesh;23;True
2026-06-19 21:45:00;ibm_fez;20;True
2026-06-19 21:45:00;ibm_kingston;32;True
2026-06-19 21:45:00;ibm_marrakesh;28;True
2026-06-19 22:45:05;ibm_fez;2;True
2026-06-19 22:45:05;ibm_kingston;0;True
2026-06-19 22:45:05;ibm_marrakesh;37;True
2026-06-19 23:45:08;ibm_fez;1;True
2026-06-19 23:45:08;ibm_kingston;1;True
2026-06-19 23:45:08;ibm_marrakesh;40;True
2026-06-20 00:45:12;ibm_fez;0;True
2026-06-20 00:45:12;ibm_kingston;1;True
2026-06-20 00:45:12;ibm_marrakesh;41;True
2026-06-20 01:45:15;ibm_fez;0;True
2026-06-20 01:45:15;ibm_kingston;1;True
2026-06-20 01:45:15;ibm_marrakesh;42;True
2026-06-20 02:45:19;ibm_fez;0;True
2026-06-20 02:45:19;ibm_kingston;1;True
2026-06-20 02:45:19;ibm_marrakesh;42;True
2026-06-20 03:45:22;ibm_fez;0;True
2026-06-20 03:45:22;ibm_kingston;0;True
2026-06-20 03:45:22;ibm_marrakesh;48;True
2026-06-20 04:45:26;ibm_fez;2;True
2026-06-20 04:45:26;ibm_kingston;0;True
2026-06-20 04:45:26;ibm_marrakesh;53;True
2026-06-20 05:45:29;ibm_fez;0;True
2026-06-20 05:45:29;ibm_kingston;0;True
2026-06-20 05:45:29;ibm_marrakesh;56;True
2026-06-20 06:45:33;ibm_fez;0;True
2026-06-20 06:45:33;ibm_kingston;1;True
2026-06-20 06:45:33;ibm_marrakesh;55;True
2026-06-20 07:45:36;ibm_fez;40;True
2026-06-20 07:45:36;ibm_kingston;1;True
2026-06-20 07:45:36;ibm_marrakesh;54;True
2026-06-20 08:45:40;ibm_fez;1;True
2026-06-20 08:45:40;ibm_kingston;0;True
2026-06-20 08:45:40;ibm_marrakesh;55;True
2026-06-20 09:45:44;ibm_fez;0;True
2026-06-20 09:45:44;ibm_kingston;0;True
2026-06-20 09:45:44;ibm_marrakesh;58;True
2026-06-20 10:45:48;ibm_fez;0;True
2026-06-20 10:45:48;ibm_kingston;0;True
2026-06-20 10:45:48;ibm_marrakesh;58;True
2026-06-20 11:45:51;ibm_fez;0;True
2026-06-20 11:45:51;ibm_kingston;1;True
2026-06-20 11:45:51;ibm_marrakesh;56;True
2026-06-20 12:45:53;ibm_fez;1;True
2026-06-20 12:45:53;ibm_kingston;2;True
2026-06-20 12:45:53;ibm_marrakesh;57;True
2026-06-20 13:45:58;ibm_fez;0;True
2026-06-20 13:45:58;ibm_kingston;0;True
2026-06-20 13:45:58;ibm_marrakesh;58;True
2026-06-20 14:46:01;ibm_fez;1;True
2026-06-20 14:46:01;ibm_kingston;0;True
2026-06-20 14:46:01;ibm_marrakesh;3;True
2026-06-20 15:46:05;ibm_fez;1;True
2026-06-20 15:46:05;ibm_kingston;0;True
2026-06-20 15:46:05;ibm_marrakesh;4;True
2026-06-20 16:46:08;ibm_fez;0;True
2026-06-20 16:46:08;ibm_kingston;0;True
2026-06-20 16:46:08;ibm_marrakesh;1;True
2026-06-20 17:46:13;ibm_fez;1;True
2026-06-20 17:46:13;ibm_kingston;1;True
2026-06-20 17:46:13;ibm_marrakesh;0;True
2026-06-20 18:46:16;ibm_fez;0;True
2026-06-20 18:46:16;ibm_kingston;2;True
2026-06-20 18:46:16;ibm_marrakesh;1;True
2026-06-20 19:46:20;ibm_fez;0;True
2026-06-20 19:46:20;ibm_kingston;0;True
2026-06-20 19:46:20;ibm_marrakesh;1;True
2026-06-20 20:46:23;ibm_fez;0;True
2026-06-20 20:46:23;ibm_kingston;0;True
2026-06-20 20:46:23;ibm_marrakesh;0;True
2026-06-20 21:46:27;ibm_fez;2;True
2026-06-20 21:46:27;ibm_kingston;0;True
2026-06-20 21:46:27;ibm_marrakesh;0;True
2026-06-20 22:46:30;ibm_fez;0;True
2026-06-20 22:46:30;ibm_kingston;0;True
2026-06-20 22:46:30;ibm_marrakesh;1;True
2026-06-20 23:46:35;ibm_fez;2;True
2026-06-20 23:46:35;ibm_kingston;0;True
2026-06-20 23:46:35;ibm_marrakesh;0;True
2026-06-21 00:46:37;ibm_fez;1;True
2026-06-21 00:46:37;ibm_kingston;0;True
2026-06-21 00:46:37;ibm_marrakesh;0;True
2026-06-21 01:46:41;ibm_fez;0;True
2026-06-21 01:46:41;ibm_kingston;0;True
2026-06-21 01:46:41;ibm_marrakesh;0;True
2026-06-21 02:46:44;ibm_fez;0;True
2026-06-21 02:46:44;ibm_kingston;0;True
2026-06-21 02:46:44;ibm_marrakesh;0;True
2026-06-21 03:46:48;ibm_fez;1;True
2026-06-21 03:46:48;ibm_kingston;0;True
2026-06-21 03:46:48;ibm_marrakesh;0;True
2026-06-21 04:46:51;ibm_fez;1;True
2026-06-21 04:46:51;ibm_kingston;0;True
2026-06-21 04:46:51;ibm_marrakesh;1;True
2026-06-21 05:46:55;ibm_fez;0;True
2026-06-21 05:46:55;ibm_kingston;3;True
2026-06-21 05:46:55;ibm_marrakesh;1;True
2026-06-21 06:46:59;ibm_fez;0;True
2026-06-21 06:46:59;ibm_kingston;12;True
2026-06-21 06:46:59;ibm_marrakesh;0;True
2026-06-21 07:47:03;ibm_fez;1;True
2026-06-21 07:47:03;ibm_kingston;2;True
2026-06-21 07:47:03;ibm_marrakesh;0;True
2026-06-21 08:47:06;ibm_fez;0;True
2026-06-21 08:47:06;ibm_kingston;2;True
2026-06-21 08:47:06;ibm_marrakesh;0;True
2026-06-21 09:47:10;ibm_fez;1;True
2026-06-21 09:47:10;ibm_kingston;2;True
2026-06-21 09:47:10;ibm_marrakesh;0;True
2026-06-21 10:47:13;ibm_fez;1;True
2026-06-21 10:47:13;ibm_kingston;2;True
2026-06-21 10:47:13;ibm_marrakesh;0;True
2026-06-21 11:47:17;ibm_fez;0;True
2026-06-21 11:47:17;ibm_kingston;0;True
2026-06-21 11:47:17;ibm_marrakesh;0;True
2026-06-21 12:47:20;ibm_fez;4;True
2026-06-21 12:47:20;ibm_kingston;1;True
2026-06-21 12:47:20;ibm_marrakesh;1;True
2026-06-21 13:47:23;ibm_fez;1;True
2026-06-21 13:47:23;ibm_kingston;0;True
2026-06-21 13:47:23;ibm_marrakesh;4;True
2026-06-21 14:47:27;ibm_fez;1;True
2026-06-21 14:47:27;ibm_kingston;0;True
2026-06-21 14:47:27;ibm_marrakesh;0;True
2026-06-21 15:47:30;ibm_fez;0;True
2026-06-21 15:47:30;ibm_kingston;6;True
2026-06-21 15:47:30;ibm_marrakesh;0;True
2026-06-21 16:47:34;ibm_fez;1;True
2026-06-21 16:47:34;ibm_kingston;1;True
2026-06-21 16:47:34;ibm_marrakesh;1;True
2026-06-21 17:47:37;ibm_fez;1;True
2026-06-21 17:47:37;ibm_kingston;5;True
2026-06-21 17:47:37;ibm_marrakesh;2;True
2026-06-21 18:47:41;ibm_fez;1;True
2026-06-21 18:47:41;ibm_kingston;1;True
2026-06-21 18:47:41;ibm_marrakesh;0;True
2026-06-21 19:47:44;ibm_fez;0;True
2026-06-21 19:47:44;ibm_kingston;0;True
2026-06-21 19:47:44;ibm_marrakesh;0;True
2026-06-21 20:47:48;ibm_fez;0;True
2026-06-21 20:47:48;ibm_kingston;1;True
2026-06-21 20:47:48;ibm_marrakesh;0;True
2026-06-21 21:47:51;ibm_fez;0;True
2026-06-21 21:47:51;ibm_kingston;0;True
2026-06-21 21:47:51;ibm_marrakesh;0;True
2026-06-21 22:47:56;ibm_fez;1;True
2026-06-21 22:47:56;ibm_kingston;0;True
2026-06-21 22:47:56;ibm_marrakesh;0;True
2026-06-21 23:47:59;ibm_fez;0;True
2026-06-21 23:47:59;ibm_kingston;0;True
2026-06-21 23:47:59;ibm_marrakesh;0;True
2026-06-22 00:48:03;ibm_fez;0;True
2026-06-22 00:48:03;ibm_kingston;0;True
2026-06-22 00:48:03;ibm_marrakesh;0;True
2026-06-22 01:48:06;ibm_fez;0;True
2026-06-22 01:48:06;ibm_kingston;0;True
2026-06-22 01:48:06;ibm_marrakesh;0;True
2026-06-22 02:48:10;ibm_fez;0;True
2026-06-22 02:48:10;ibm_kingston;5;True
2026-06-22 02:48:10;ibm_marrakesh;1;True
2026-06-22 03:48:13;ibm_fez;1392;True
2026-06-22 03:48:13;ibm_kingston;482;True
2026-06-22 03:48:13;ibm_marrakesh;1229;True
2026-06-22 04:48:17;ibm_fez;1301;True
2026-06-22 04:48:17;ibm_kingston;383;True
2026-06-22 04:48:17;ibm_marrakesh;1123;True
2026-06-22 05:48:20;ibm_fez;1185;True
2026-06-22 05:48:20;ibm_kingston;302;True
2026-06-22 05:48:20;ibm_marrakesh;1019;True
2026-06-22 06:48:24;ibm_fez;1076;True
2026-06-22 06:48:24;ibm_kingston;299;True
2026-06-22 06:48:24;ibm_marrakesh;905;True
2026-06-22 07:48:27;ibm_fez;960;True
2026-06-22 07:48:27;ibm_kingston;222;True
2026-06-22 07:48:27;ibm_marrakesh;793;True
2026-06-22 08:48:31;ibm_fez;847;True
2026-06-22 08:48:31;ibm_kingston;142;True
2026-06-22 08:48:31;ibm_marrakesh;677;True
2026-06-22 09:48:34;ibm_fez;745;True
2026-06-22 09:48:34;ibm_kingston;110;True
2026-06-22 09:48:34;ibm_marrakesh;566;True
2026-06-22 10:48:38;ibm_fez;3;True
2026-06-22 10:48:38;ibm_kingston;1;True
2026-06-22 10:48:38;ibm_marrakesh;1;True
2026-06-22 11:48:42;ibm_fez;0;True
2026-06-22 11:48:42;ibm_kingston;0;True
2026-06-22 11:48:42;ibm_marrakesh;1;True
2026-06-22 12:48:46;ibm_fez;0;True
2026-06-22 12:48:46;ibm_kingston;0;True
2026-06-22 12:48:46;ibm_marrakesh;1;True
2026-06-22 13:48:48;ibm_fez;27;True
2026-06-22 13:48:48;ibm_kingston;159;True
2026-06-22 13:48:48;ibm_marrakesh;191;True
2026-06-22 14:48:53;ibm_fez;10;True
2026-06-22 14:48:53;ibm_kingston;90;True
2026-06-22 14:48:53;ibm_marrakesh;211;True
2026-06-22 15:48:56;ibm_fez;12;True
2026-06-22 15:48:56;ibm_kingston;17;True
2026-06-22 15:48:56;ibm_marrakesh;15;True
2026-06-22 16:49:00;ibm_fez;3;True
2026-06-22 16:49:00;ibm_kingston;41;True
2026-06-22 16:49:00;ibm_marrakesh;5;True
2026-06-22 17:49:04;ibm_fez;11;True
2026-06-22 17:49:04;ibm_kingston;46;True
2026-06-22 17:49:04;ibm_marrakesh;22;True
2026-06-22 18:49:08;ibm_fez;20;True
2026-06-22 18:49:08;ibm_kingston;14;True
2026-06-22 18:49:08;ibm_marrakesh;6;True
2026-06-22 19:49:13;ibm_fez;15;True
2026-06-22 19:49:13;ibm_kingston;23;True
2026-06-22 19:49:13;ibm_marrakesh;15;True
2026-06-22 20:49:18;ibm_fez;13;True
2026-06-22 20:49:18;ibm_kingston;1;True
2026-06-22 20:49:18;ibm_marrakesh;1;True
2026-06-22 21:49:22;ibm_fez;3;True
2026-06-22 21:49:22;ibm_kingston;0;True
2026-06-22 21:49:22;ibm_marrakesh;0;True
2026-06-22 22:49:26;ibm_fez;1;True
2026-06-22 22:49:26;ibm_kingston;0;True
2026-06-22 22:49:26;ibm_marrakesh;3;True
2026-06-22 23:49:29;ibm_fez;0;True
2026-06-22 23:49:29;ibm_kingston;1;True
2026-06-22 23:49:29;ibm_marrakesh;1;True
2026-06-23 00:49:34;ibm_fez;2;True
2026-06-23 00:49:34;ibm_kingston;1;True
2026-06-23 00:49:34;ibm_marrakesh;1;True
2026-06-23 01:49:37;ibm_fez;4;True
2026-06-23 01:49:37;ibm_kingston;0;True
2026-06-23 01:49:37;ibm_marrakesh;1;True
2026-06-23 02:49:42;ibm_fez;1;True
2026-06-23 02:49:42;ibm_kingston;0;True
2026-06-23 02:49:42;ibm_marrakesh;3;True
2026-06-23 03:49:45;ibm_fez;0;True
2026-06-23 03:49:45;ibm_kingston;0;True
2026-06-23 03:49:45;ibm_marrakesh;5;True
2026-06-23 04:49:49;ibm_fez;252;True
2026-06-23 04:49:49;ibm_kingston;1;True
2026-06-23 04:49:49;ibm_marrakesh;1;True
2026-06-23 05:49:53;ibm_fez;250;True
2026-06-23 05:49:53;ibm_kingston;0;True
2026-06-23 05:49:53;ibm_marrakesh;3;True
2026-06-23 06:49:57;ibm_fez;1;True
2026-06-23 06:49:57;ibm_kingston;1;True
2026-06-23 06:49:57;ibm_marrakesh;3;True
2026-06-23 07:50:00;ibm_fez;2;True
2026-06-23 07:50:00;ibm_kingston;2;True
2026-06-23 07:50:00;ibm_marrakesh;2;True
2026-06-23 08:50:04;ibm_fez;1;True
2026-06-23 08:50:04;ibm_kingston;4;True
2026-06-23 08:50:04;ibm_marrakesh;0;True
2026-06-23 09:50:08;ibm_fez;4;True
2026-06-23 09:50:08;ibm_kingston;0;True
2026-06-23 09:50:08;ibm_marrakesh;0;True
2026-06-23 10:50:12;ibm_fez;1;True
2026-06-23 10:50:12;ibm_kingston;2;True
2026-06-23 10:50:12;ibm_marrakesh;0;True
2026-06-23 11:50:15;ibm_fez;1;True
2026-06-23 11:50:15;ibm_kingston;4;True
2026-06-23 11:50:15;ibm_marrakesh;3;True
2026-06-23 12:50:19;ibm_fez;7;True
2026-06-23 12:50:19;ibm_kingston;1;True
2026-06-23 12:50:19;ibm_marrakesh;2;True
2026-06-23 13:50:22;ibm_fez;15;True
2026-06-23 13:50:22;ibm_kingston;5;True
2026-06-23 13:50:22;ibm_marrakesh;5;True
2026-06-23 14:50:26;ibm_fez;0;True
2026-06-23 14:50:26;ibm_kingston;2;True
2026-06-23 14:50:26;ibm_marrakesh;45;True
2026-06-23 15:50:29;ibm_fez;3;True
2026-06-23 15:50:29;ibm_kingston;2;True
2026-06-23 15:50:29;ibm_marrakesh;3;True
2026-06-23 16:50:34;ibm_fez;3;True
2026-06-23 16:50:34;ibm_kingston;2;True
2026-06-23 16:50:34;ibm_marrakesh;8;True
2026-06-23 17:50:36;ibm_fez;1;True
2026-06-23 17:50:36;ibm_kingston;2;True
2026-06-23 17:50:36;ibm_marrakesh;7;True
2026-06-23 18:50:40;ibm_fez;2;True
2026-06-23 18:50:40;ibm_kingston;3;True
2026-06-23 18:50:40;ibm_marrakesh;2;True
2026-06-23 19:50:44;ibm_fez;19;True
2026-06-23 19:50:44;ibm_kingston;11;True
2026-06-23 19:50:44;ibm_marrakesh;17;True
2026-06-23 20:50:48;ibm_fez;10;True
2026-06-23 20:50:48;ibm_kingston;85;True
2026-06-23 20:50:48;ibm_marrakesh;1;True
2026-06-23 21:50:51;ibm_fez;16;True
2026-06-23 21:50:51;ibm_kingston;89;True
2026-06-23 21:50:51;ibm_marrakesh;10;True
2026-06-23 22:50:55;ibm_fez;0;True
2026-06-23 22:50:55;ibm_kingston;88;True
2026-06-23 22:50:55;ibm_marrakesh;1;True
2026-06-23 23:50:59;ibm_fez;1;True
2026-06-23 23:50:59;ibm_kingston;0;True
2026-06-23 23:50:59;ibm_marrakesh;1;True
2026-06-24 00:51:03;ibm_fez;3;True
2026-06-24 00:51:03;ibm_kingston;2;True
2026-06-24 00:51:03;ibm_marrakesh;0;True
2026-06-24 01:51:06;ibm_fez;1;True
2026-06-24 01:51:06;ibm_kingston;12;True
2026-06-24 01:51:06;ibm_marrakesh;0;True
2026-06-24 02:51:10;ibm_fez;8;True
2026-06-24 02:51:10;ibm_kingston;11;True
2026-06-24 02:51:10;ibm_marrakesh;6;True
2026-06-24 03:51:14;ibm_fez;2;True
2026-06-24 03:51:14;ibm_kingston;3;True
2026-06-24 03:51:14;ibm_marrakesh;0;True
2026-06-24 04:51:18;ibm_fez;2;True
2026-06-24 04:51:18;ibm_kingston;4;True
2026-06-24 04:51:18;ibm_marrakesh;2;True
2026-06-24 05:51:21;ibm_fez;0;True
2026-06-24 05:51:21;ibm_kingston;1;True
2026-06-24 05:51:21;ibm_marrakesh;4;True
2026-06-24 06:51:25;ibm_fez;1;True
2026-06-24 06:51:25;ibm_kingston;1;True
2026-06-24 06:51:25;ibm_marrakesh;0;True
2026-06-24 07:51:28;ibm_fez;1;True
2026-06-24 07:51:28;ibm_kingston;0;True
2026-06-24 07:51:28;ibm_marrakesh;2;True
2026-06-24 08:51:32;ibm_fez;2;True
2026-06-24 08:51:32;ibm_kingston;10;True
2026-06-24 08:51:32;ibm_marrakesh;0;True
2026-06-24 09:51:35;ibm_fez;1;True
2026-06-24 09:51:35;ibm_kingston;27;True
2026-06-24 09:51:35;ibm_marrakesh;1;True
2026-06-24 10:51:38;ibm_fez;1;True
2026-06-24 10:51:38;ibm_kingston;35;True
2026-06-24 10:51:38;ibm_marrakesh;3;True
2026-06-24 11:51:41;ibm_fez;1;True
2026-06-24 11:51:41;ibm_kingston;0;True
2026-06-24 11:51:41;ibm_marrakesh;1;True
2026-06-24 12:51:45;ibm_fez;0;True
2026-06-24 12:51:45;ibm_kingston;4;True
2026-06-24 12:51:45;ibm_marrakesh;2;True
2026-06-24 13:51:49;ibm_fez;1;True
2026-06-24 13:51:49;ibm_kingston;0;True
2026-06-24 13:51:49;ibm_marrakesh;0;True
2026-06-24 14:51:52;ibm_fez;2;True
2026-06-24 14:51:52;ibm_kingston;3;True
2026-06-24 14:51:52;ibm_marrakesh;4;True
2026-06-24 15:51:56;ibm_fez;4;True
2026-06-24 15:51:56;ibm_kingston;3;True
2026-06-24 15:51:56;ibm_marrakesh;4;True
2026-06-24 16:51:59;ibm_fez;0;True
2026-06-24 16:51:59;ibm_kingston;0;True
2026-06-24 16:51:59;ibm_marrakesh;6;True
2026-06-24 17:52:03;ibm_fez;3;True
2026-06-24 17:52:03;ibm_kingston;0;True
2026-06-24 17:52:03;ibm_marrakesh;5;True
2026-06-24 18:52:06;ibm_fez;0;True
2026-06-24 18:52:06;ibm_kingston;14;True
2026-06-24 18:52:06;ibm_marrakesh;1;True
2026-06-24 19:52:10;ibm_fez;1;True
2026-06-24 19:52:10;ibm_kingston;5;True
2026-06-24 19:52:10;ibm_marrakesh;10;True
2026-06-24 20:52:13;ibm_fez;39;True
2026-06-24 20:52:13;ibm_kingston;81;True
2026-06-24 20:52:13;ibm_marrakesh;31;True
2026-06-24 21:52:18;ibm_fez;33;True
2026-06-24 21:52:18;ibm_kingston;83;True
2026-06-24 21:52:18;ibm_marrakesh;49;True
2026-06-24 22:52:21;ibm_fez;18;True
2026-06-24 22:52:21;ibm_kingston;93;True
2026-06-24 22:52:21;ibm_marrakesh;52;True
2026-06-24 23:52:25;ibm_fez;3;True
2026-06-24 23:52:25;ibm_kingston;97;True
2026-06-24 23:52:25;ibm_marrakesh;63;True
2026-06-25 00:52:28;ibm_fez;15;True
2026-06-25 00:52:28;ibm_kingston;86;True
2026-06-25 00:52:28;ibm_marrakesh;65;True
2026-06-25 01:52:32;ibm_fez;2;True
2026-06-25 01:52:32;ibm_kingston;70;True
2026-06-25 01:52:32;ibm_marrakesh;71;True
2026-06-25 02:52:34;ibm_fez;0;True
2026-06-25 02:52:34;ibm_kingston;83;True
2026-06-25 02:52:34;ibm_marrakesh;70;True
2026-06-25 03:52:38;ibm_fez;2;True
2026-06-25 03:52:38;ibm_kingston;76;True
2026-06-25 03:52:38;ibm_marrakesh;3;True
2026-06-25 04:52:42;ibm_fez;0;True
2026-06-25 04:52:42;ibm_kingston;69;True
2026-06-25 04:52:42;ibm_marrakesh;1;True
2026-06-25 05:52:46;ibm_fez;29;True
2026-06-25 05:52:46;ibm_kingston;76;True
2026-06-25 05:52:46;ibm_marrakesh;1;True
2026-06-25 06:52:49;ibm_fez;8;True
2026-06-25 06:52:49;ibm_kingston;79;True
2026-06-25 06:52:49;ibm_marrakesh;17;True
2026-06-25 07:52:53;ibm_fez;34;True
2026-06-25 07:52:53;ibm_kingston;5;True
2026-06-25 07:52:53;ibm_marrakesh;13;True
2026-06-25 08:52:56;ibm_fez;40;True
2026-06-25 08:52:56;ibm_kingston;2;True
2026-06-25 08:52:56;ibm_marrakesh;30;True
2026-06-25 09:53:00;ibm_fez;13;True
2026-06-25 09:53:00;ibm_kingston;2;True
2026-06-25 09:53:00;ibm_marrakesh;0;True
2026-06-25 10:53:03;ibm_fez;77;True
2026-06-25 10:53:03;ibm_kingston;1;True
2026-06-25 10:53:03;ibm_marrakesh;1;True
2026-06-25 11:53:06;ibm_fez;3;True
2026-06-25 11:53:06;ibm_kingston;0;True
2026-06-25 11:53:06;ibm_marrakesh;1;True
2026-06-25 12:53:09;ibm_fez;1;True
2026-06-25 12:53:09;ibm_kingston;4;True
2026-06-25 12:53:09;ibm_marrakesh;4;True
2026-06-25 13:53:13;ibm_fez;2;True
2026-06-25 13:53:13;ibm_kingston;3;True
2026-06-25 13:53:13;ibm_marrakesh;2;True
2026-06-25 14:53:17;ibm_fez;18;True
2026-06-25 14:53:17;ibm_kingston;15;True
2026-06-25 14:53:17;ibm_marrakesh;1;True
2026-06-25 15:53:19;ibm_fez;21;True
2026-06-25 15:53:19;ibm_kingston;20;True
2026-06-25 15:53:19;ibm_marrakesh;2;True
2026-06-25 16:53:23;ibm_fez;36;True
2026-06-25 16:53:23;ibm_kingston;56;True
2026-06-25 16:53:23;ibm_marrakesh;29;True
2026-06-25 17:53:27;ibm_fez;46;True
2026-06-25 17:53:27;ibm_kingston;57;True
2026-06-25 17:53:27;ibm_marrakesh;46;True
2026-06-25 18:53:31;ibm_fez;54;True
2026-06-25 18:53:31;ibm_kingston;44;True
2026-06-25 18:53:31;ibm_marrakesh;57;True
2026-06-25 19:53:34;ibm_fez;40;True
2026-06-25 19:53:34;ibm_kingston;62;True
2026-06-25 19:53:34;ibm_marrakesh;58;True
2026-06-25 20:53:38;ibm_fez;52;True
2026-06-25 20:53:38;ibm_kingston;13;True
2026-06-25 20:53:38;ibm_marrakesh;62;True
2026-06-25 21:53:42;ibm_fez;43;True
2026-06-25 21:53:42;ibm_kingston;39;True
2026-06-25 21:53:42;ibm_marrakesh;67;True
2026-06-25 22:53:46;ibm_fez;46;True
2026-06-25 22:53:46;ibm_kingston;1;True
2026-06-25 22:53:46;ibm_marrakesh;73;True
2026-06-25 23:53:50;ibm_fez;33;True
2026-06-25 23:53:50;ibm_kingston;12;True
2026-06-25 23:53:50;ibm_marrakesh;39;True
2026-06-26 00:53:54;ibm_fez;37;True
2026-06-26 00:53:54;ibm_kingston;1;True
2026-06-26 00:53:54;ibm_marrakesh;25;True
2026-06-26 01:53:57;ibm_fez;6;True
2026-06-26 01:53:57;ibm_kingston;0;True
2026-06-26 01:53:57;ibm_marrakesh;7;True
2026-06-26 02:54:01;ibm_fez;0;True
2026-06-26 02:54:01;ibm_kingston;0;True
2026-06-26 02:54:01;ibm_marrakesh;1;True
2026-06-26 03:54:05;ibm_fez;0;True
2026-06-26 03:54:05;ibm_kingston;5;True
2026-06-26 03:54:05;ibm_marrakesh;0;True
2026-06-26 04:54:09;ibm_fez;0;True
2026-06-26 04:54:09;ibm_kingston;0;True
2026-06-26 04:54:09;ibm_marrakesh;3;True
2026-06-26 05:54:12;ibm_fez;2;True
2026-06-26 05:54:12;ibm_kingston;0;True
2026-06-26 05:54:12;ibm_marrakesh;7;True
2026-06-26 06:54:16;ibm_fez;2;True
2026-06-26 06:54:16;ibm_kingston;2;True
2026-06-26 06:54:16;ibm_marrakesh;7;True
2026-06-26 07:54:19;ibm_fez;6;True
2026-06-26 07:54:19;ibm_kingston;2;True
2026-06-26 07:54:19;ibm_marrakesh;11;True
2026-06-26 08:54:23;ibm_fez;2;True
2026-06-26 08:54:23;ibm_kingston;1;True
2026-06-26 08:54:23;ibm_marrakesh;17;True
2026-06-26 09:54:26;ibm_fez;2;True
2026-06-26 09:54:26;ibm_kingston;6;True
2026-06-26 09:54:26;ibm_marrakesh;2;True
2026-06-26 10:54:29;ibm_fez;4;True
2026-06-26 10:54:29;ibm_kingston;0;True
2026-06-26 10:54:29;ibm_marrakesh;1;True
2026-06-26 11:54:33;ibm_fez;0;True
2026-06-26 11:54:33;ibm_kingston;1;True
2026-06-26 11:54:33;ibm_marrakesh;0;True
2026-06-26 12:54:36;ibm_fez;3;True
2026-06-26 12:54:36;ibm_kingston;0;True
2026-06-26 12:54:36;ibm_marrakesh;0;True
2026-06-26 13:54:39;ibm_fez;7;True
2026-06-26 13:54:39;ibm_kingston;0;True
2026-06-26 13:54:39;ibm_marrakesh;1;True
2026-06-26 14:54:42;ibm_fez;1;True
2026-06-26 14:54:42;ibm_kingston;0;True
2026-06-26 14:54:42;ibm_marrakesh;1;True
2026-06-26 15:54:47;ibm_fez;0;True
2026-06-26 15:54:47;ibm_kingston;0;True
2026-06-26 15:54:47;ibm_marrakesh;26;True
2026-06-26 16:54:50;ibm_fez;0;True
2026-06-26 16:54:50;ibm_kingston;3;True
2026-06-26 16:54:50;ibm_marrakesh;34;True
2026-06-26 17:54:53;ibm_fez;34;True
2026-06-26 17:54:53;ibm_kingston;3;True
2026-06-26 17:54:53;ibm_marrakesh;32;True
2026-06-26 18:54:57;ibm_fez;16;True
2026-06-26 18:54:57;ibm_kingston;10;True
2026-06-26 18:54:57;ibm_marrakesh;26;True
2026-06-26 19:55:00;ibm_fez;28;True
2026-06-26 19:55:00;ibm_kingston;1;True
2026-06-26 19:55:00;ibm_marrakesh;24;True
2026-06-26 20:55:03;ibm_fez;7;True
2026-06-26 20:55:03;ibm_kingston;0;True
2026-06-26 20:55:03;ibm_marrakesh;48;True
2026-06-26 21:55:08;ibm_fez;5;True
2026-06-26 21:55:08;ibm_kingston;23;True
2026-06-26 21:55:08;ibm_marrakesh;0;True
2026-06-26 22:55:11;ibm_fez;3;True
2026-06-26 22:55:11;ibm_kingston;30;True
2026-06-26 22:55:11;ibm_marrakesh;0;True
2026-06-26 23:55:15;ibm_fez;2;True
2026-06-26 23:55:15;ibm_kingston;30;True
2026-06-26 23:55:15;ibm_marrakesh;1;True
2026-06-27 00:55:18;ibm_fez;11;True
2026-06-27 00:55:18;ibm_kingston;0;True
2026-06-27 00:55:18;ibm_marrakesh;0;True
2026-06-27 01:55:23;ibm_fez;2;True
2026-06-27 01:55:23;ibm_kingston;0;True
2026-06-27 01:55:23;ibm_marrakesh;0;True
2026-06-27 02:55:26;ibm_fez;0;True
2026-06-27 02:55:26;ibm_kingston;0;True
2026-06-27 02:55:26;ibm_marrakesh;4;True
2026-06-27 03:55:30;ibm_fez;23;True
2026-06-27 03:55:30;ibm_kingston;2;True
2026-06-27 03:55:30;ibm_marrakesh;4;True
2026-06-27 04:55:33;ibm_fez;1;True
2026-06-27 04:55:33;ibm_kingston;0;True
2026-06-27 04:55:33;ibm_marrakesh;16;True
2026-06-27 05:55:37;ibm_fez;0;True
2026-06-27 05:55:37;ibm_kingston;0;True
2026-06-27 05:55:37;ibm_marrakesh;17;True
2026-06-27 06:55:41;ibm_fez;2;True
2026-06-27 06:55:41;ibm_kingston;13;True
2026-06-27 06:55:41;ibm_marrakesh;17;True
2026-06-27 07:55:45;ibm_fez;27;True
2026-06-27 07:55:45;ibm_kingston;226;True
2026-06-27 07:55:45;ibm_marrakesh;159;True
2026-06-27 08:55:49;ibm_fez;80;True
2026-06-27 08:55:49;ibm_kingston;224;True
2026-06-27 08:55:49;ibm_marrakesh;166;True
2026-06-27 09:55:53;ibm_fez;116;True
2026-06-27 09:55:53;ibm_kingston;210;True
2026-06-27 09:55:53;ibm_marrakesh;168;True
2026-06-27 10:55:56;ibm_fez;4;True
2026-06-27 10:55:56;ibm_kingston;212;True
2026-06-27 10:55:56;ibm_marrakesh;173;True
2026-06-27 11:56:00;ibm_fez;4;True
2026-06-27 11:56:00;ibm_kingston;220;True
2026-06-27 11:56:00;ibm_marrakesh;174;True
2026-06-27 12:56:03;ibm_fez;5;True
2026-06-27 12:56:03;ibm_kingston;228;True
2026-06-27 12:56:03;ibm_marrakesh;180;True
2026-06-27 13:56:08;ibm_fez;35;True
2026-06-27 13:56:08;ibm_kingston;229;True
2026-06-27 13:56:08;ibm_marrakesh;181;True
2026-06-27 14:56:11;ibm_fez;1;True
2026-06-27 14:56:11;ibm_kingston;234;True
2026-06-27 14:56:11;ibm_marrakesh;183;True
2026-06-27 15:56:15;ibm_fez;2;True
2026-06-27 15:56:15;ibm_kingston;235;True
2026-06-27 15:56:15;ibm_marrakesh;191;True
2026-06-27 16:56:19;ibm_fez;2;True
2026-06-27 16:56:19;ibm_kingston;238;True
2026-06-27 16:56:19;ibm_marrakesh;194;True
2026-06-27 17:56:23;ibm_fez;6;True
2026-06-27 17:56:23;ibm_kingston;238;True
2026-06-27 17:56:23;ibm_marrakesh;199;True
2026-06-27 18:56:26;ibm_fez;7;True
2026-06-27 18:56:26;ibm_kingston;244;True
2026-06-27 18:56:26;ibm_marrakesh;202;True
2026-06-27 19:56:30;ibm_fez;7;True
2026-06-27 19:56:30;ibm_kingston;245;True
2026-06-27 19:56:30;ibm_marrakesh;205;True
2026-06-27 20:56:33;ibm_fez;1;True
2026-06-27 20:56:33;ibm_kingston;243;True
2026-06-27 20:56:33;ibm_marrakesh;210;True
2026-06-27 21:56:37;ibm_fez;3;True
2026-06-27 21:56:37;ibm_kingston;1;True
2026-06-27 21:56:37;ibm_marrakesh;71;True
2026-06-27 22:56:41;ibm_fez;4;True
2026-06-27 22:56:41;ibm_kingston;2;True
2026-06-27 22:56:41;ibm_marrakesh;71;True
2026-06-27 23:56:44;ibm_fez;4;True
2026-06-27 23:56:44;ibm_kingston;1;True
2026-06-27 23:56:44;ibm_marrakesh;73;True
2026-06-28 00:56:48;ibm_fez;2;True
2026-06-28 00:56:48;ibm_kingston;1;True
2026-06-28 00:56:48;ibm_marrakesh;73;True
2026-06-28 01:56:51;ibm_fez;2;True
2026-06-28 01:56:51;ibm_kingston;2;True
2026-06-28 01:56:51;ibm_marrakesh;77;True
2026-06-28 02:56:56;ibm_fez;2;True
2026-06-28 02:56:56;ibm_kingston;1;True
2026-06-28 02:56:56;ibm_marrakesh;79;True
2026-06-28 03:56:59;ibm_fez;2;True
2026-06-28 03:56:59;ibm_kingston;4;True
2026-06-28 03:56:59;ibm_marrakesh;78;True
2026-06-28 04:57:03;ibm_fez;2;True
2026-06-28 04:57:03;ibm_kingston;0;True
2026-06-28 04:57:03;ibm_marrakesh;80;True
2026-06-28 05:57:06;ibm_fez;3;True
2026-06-28 05:57:06;ibm_kingston;3;True
2026-06-28 05:57:06;ibm_marrakesh;81;True
2026-06-28 06:57:10;ibm_fez;4;True
2026-06-28 06:57:10;ibm_kingston;0;True
2026-06-28 06:57:10;ibm_marrakesh;83;True
2026-06-28 07:57:14;ibm_fez;5;True
2026-06-28 07:57:14;ibm_kingston;2;True
2026-06-28 07:57:14;ibm_marrakesh;88;True
2026-06-28 08:57:18;ibm_fez;6;True
2026-06-28 08:57:18;ibm_kingston;4;True
2026-06-28 08:57:18;ibm_marrakesh;89;True
2026-06-28 09:57:21;ibm_fez;35;True
2026-06-28 09:57:21;ibm_kingston;1;True
2026-06-28 09:57:21;ibm_marrakesh;90;True
2026-06-28 10:57:25;ibm_fez;12;True
2026-06-28 10:57:25;ibm_kingston;9;True
2026-06-28 10:57:25;ibm_marrakesh;95;True
2026-06-28 11:57:28;ibm_fez;2;True
2026-06-28 11:57:28;ibm_kingston;2;True
2026-06-28 11:57:28;ibm_marrakesh;95;True
2026-06-28 12:57:32;ibm_fez;7;True
2026-06-28 12:57:32;ibm_kingston;1;True
2026-06-28 12:57:32;ibm_marrakesh;95;True
2026-06-28 13:57:36;ibm_fez;4;True
2026-06-28 13:57:36;ibm_kingston;1;True
2026-06-28 13:57:36;ibm_marrakesh;96;True
2026-06-28 14:57:39;ibm_fez;14;True
2026-06-28 14:57:39;ibm_kingston;0;True
2026-06-28 14:57:39;ibm_marrakesh;96;True
2026-06-28 15:57:43;ibm_fez;10;True
2026-06-28 15:57:43;ibm_kingston;3;True
2026-06-28 15:57:43;ibm_marrakesh;101;True
2026-06-28 16:57:47;ibm_fez;9;True
2026-06-28 16:57:47;ibm_kingston;1;True
2026-06-28 16:57:47;ibm_marrakesh;101;True
2026-06-28 17:57:50;ibm_fez;5;True
2026-06-28 17:57:50;ibm_kingston;10;True
2026-06-28 17:57:50;ibm_marrakesh;107;True
2026-06-28 18:57:54;ibm_fez;1;True
2026-06-28 18:57:54;ibm_kingston;2;True
2026-06-28 18:57:54;ibm_marrakesh;116;True
2026-06-28 19:57:58;ibm_fez;1;True
2026-06-28 19:57:58;ibm_kingston;0;True
2026-06-28 19:57:58;ibm_marrakesh;123;True
2026-06-28 20:58:02;ibm_fez;8;True
2026-06-28 20:58:02;ibm_kingston;8;True
2026-06-28 20:58:02;ibm_marrakesh;126;True
2026-06-28 21:58:05;ibm_fez;13;True
2026-06-28 21:58:05;ibm_kingston;13;True
2026-06-28 21:58:05;ibm_marrakesh;124;True
2026-06-28 22:58:09;ibm_fez;19;True
2026-06-28 22:58:09;ibm_kingston;0;True
2026-06-28 22:58:09;ibm_marrakesh;125;True
2026-06-28 23:58:12;ibm_fez;13;True
2026-06-28 23:58:12;ibm_kingston;72;True
2026-06-28 23:58:12;ibm_marrakesh;121;True
2026-06-29 00:58:16;ibm_fez;2;True
2026-06-29 00:58:16;ibm_kingston;1;True
2026-06-29 00:58:16;ibm_marrakesh;125;True
2026-06-29 01:58:20;ibm_fez;1;True
2026-06-29 01:58:20;ibm_kingston;4;True
2026-06-29 01:58:20;ibm_marrakesh;606;True
2026-06-29 02:58:23;ibm_fez;3;True
2026-06-29 02:58:23;ibm_kingston;2;True
2026-06-29 02:58:23;ibm_marrakesh;607;True
2026-06-29 03:58:27;ibm_fez;3;True
2026-06-29 03:58:27;ibm_kingston;11;True
2026-06-29 03:58:27;ibm_marrakesh;606;True
2026-06-29 04:58:31;ibm_fez;1;True
2026-06-29 04:58:31;ibm_kingston;4;True
2026-06-29 04:58:31;ibm_marrakesh;609;True
2026-06-29 05:58:34;ibm_fez;12;True
2026-06-29 05:58:34;ibm_kingston;11;True
2026-06-29 05:58:34;ibm_marrakesh;3216;True
2026-06-29 06:58:39;ibm_fez;22;True
2026-06-29 06:58:39;ibm_kingston;1;True
2026-06-29 06:58:39;ibm_marrakesh;3195;True
2026-06-29 07:58:43;ibm_fez;24;True
2026-06-29 07:58:43;ibm_kingston;21;True
2026-06-29 07:58:43;ibm_marrakesh;50;True
2026-06-29 08:58:46;ibm_fez;26;True
2026-06-29 08:58:46;ibm_kingston;16;True
2026-06-29 08:58:46;ibm_marrakesh;3;True
2026-06-29 09:58:49;ibm_fez;1;True
2026-06-29 09:58:49;ibm_kingston;15;True
2026-06-29 09:58:49;ibm_marrakesh;2;True
2026-06-29 10:58:52;ibm_fez;10;True
2026-06-29 10:58:52;ibm_kingston;22;True
2026-06-29 10:58:52;ibm_marrakesh;1;True
2026-06-29 11:58:55;ibm_fez;36;True
2026-06-29 11:58:55;ibm_kingston;31;True
2026-06-29 11:58:55;ibm_marrakesh;11;True
2026-06-29 12:58:58;ibm_fez;4;True
2026-06-29 12:58:58;ibm_kingston;45;True
2026-06-29 12:58:58;ibm_marrakesh;2;True
2026-06-29 13:59:01;ibm_fez;9;True
2026-06-29 13:59:01;ibm_kingston;47;True
2026-06-29 13:59:01;ibm_marrakesh;4;True
2026-06-29 14:59:05;ibm_fez;43;True
2026-06-29 14:59:05;ibm_kingston;58;True
2026-06-29 14:59:05;ibm_marrakesh;2;True
2026-06-29 15:59:08;ibm_fez;19;True
2026-06-29 15:59:08;ibm_kingston;112;True
2026-06-29 15:59:08;ibm_marrakesh;7;True
2026-06-29 16:59:11;ibm_fez;75;True
2026-06-29 16:59:11;ibm_kingston;129;True
2026-06-29 16:59:11;ibm_marrakesh;8;True
2026-06-29 17:59:14;ibm_fez;56;True
2026-06-29 17:59:14;ibm_kingston;128;True
2026-06-29 17:59:14;ibm_marrakesh;62;True
2026-06-29 18:59:17;ibm_fez;86;True
2026-06-29 18:59:17;ibm_kingston;61;True
2026-06-29 18:59:17;ibm_marrakesh;60;True
2026-06-29 19:59:21;ibm_fez;95;True
2026-06-29 19:59:21;ibm_kingston;67;True
2026-06-29 19:59:21;ibm_marrakesh;66;True
2026-06-29 20:59:24;ibm_fez;50;True
2026-06-29 20:59:24;ibm_kingston;90;True
2026-06-29 20:59:24;ibm_marrakesh;80;True
2026-06-29 21:59:27;ibm_fez;86;True
2026-06-29 21:59:27;ibm_kingston;95;True
2026-06-29 21:59:27;ibm_marrakesh;1933;True
2026-06-29 22:59:30;ibm_fez;77;True
2026-06-29 22:59:30;ibm_kingston;105;True
2026-06-29 22:59:30;ibm_marrakesh;1911;True
2026-06-29 23:59:34;ibm_fez;23;True
2026-06-29 23:59:34;ibm_kingston;109;True
2026-06-29 23:59:34;ibm_marrakesh;5;True
2026-06-30 00:59:37;ibm_fez;10;True
2026-06-30 00:59:37;ibm_kingston;117;True
2026-06-30 00:59:37;ibm_marrakesh;2;True
2026-06-30 01:59:41;ibm_fez;2;True
2026-06-30 01:59:41;ibm_kingston;110;True
2026-06-30 01:59:41;ibm_marrakesh;0;True
2026-06-30 02:59:45;ibm_fez;3;True
2026-06-30 02:59:45;ibm_kingston;95;True
2026-06-30 02:59:45;ibm_marrakesh;2;True
2026-06-30 03:59:48;ibm_fez;4;True
2026-06-30 03:59:48;ibm_kingston;1;True
2026-06-30 03:59:48;ibm_marrakesh;0;True
2026-06-30 04:59:52;ibm_fez;1;True
2026-06-30 04:59:52;ibm_kingston;2;True
2026-06-30 04:59:52;ibm_marrakesh;0;True
2026-06-30 05:59:56;ibm_fez;3;True
2026-06-30 05:59:56;ibm_kingston;9;True
2026-06-30 05:59:56;ibm_marrakesh;0;True
2026-06-30 06:59:59;ibm_fez;12;True
2026-06-30 06:59:59;ibm_kingston;3;True
2026-06-30 06:59:59;ibm_marrakesh;1;True
2026-06-30 08:00:04;ibm_fez;0;True
2026-06-30 08:00:04;ibm_kingston;15;True
2026-06-30 08:00:04;ibm_marrakesh;0;True
2026-06-30 09:00:08;ibm_fez;3;True
2026-06-30 09:00:08;ibm_kingston;32;True
2026-06-30 09:00:08;ibm_marrakesh;0;True
2026-06-30 10:00:12;ibm_fez;3;True
2026-06-30 10:00:12;ibm_kingston;30;True
2026-06-30 10:00:12;ibm_marrakesh;0;True
2026-06-30 11:00:15;ibm_fez;8;True
2026-06-30 11:00:15;ibm_kingston;39;True
2026-06-30 11:00:15;ibm_marrakesh;0;True
2026-06-30 12:00:18;ibm_fez;2;True
2026-06-30 12:00:18;ibm_kingston;42;True
2026-06-30 12:00:18;ibm_marrakesh;1;True
2026-06-30 13:00:22;ibm_fez;3;True
2026-06-30 13:00:22;ibm_kingston;42;True
2026-06-30 13:00:22;ibm_marrakesh;2;True
2026-06-30 14:00:26;ibm_fez;9;True
2026-06-30 14:00:26;ibm_kingston;96;True
2026-06-30 14:00:26;ibm_marrakesh;6;True
2026-06-30 15:00:29;ibm_fez;44;True
2026-06-30 15:00:29;ibm_kingston;10;True
2026-06-30 15:00:29;ibm_marrakesh;3;True
2026-06-30 16:00:34;ibm_fez;52;True
2026-06-30 16:00:34;ibm_kingston;8;True
2026-06-30 16:00:34;ibm_marrakesh;59;True
2026-06-30 17:00:37;ibm_fez;56;True
2026-06-30 17:00:37;ibm_kingston;12;True
2026-06-30 17:00:37;ibm_marrakesh;112;True
2026-06-30 18:00:42;ibm_fez;67;True
2026-06-30 18:00:42;ibm_kingston;26;True
2026-06-30 18:00:42;ibm_marrakesh;191;True
2026-06-30 19:00:45;ibm_fez;917;True
2026-06-30 19:00:45;ibm_kingston;33;True
2026-06-30 19:00:45;ibm_marrakesh;1001;True
2026-06-30 20:00:49;ibm_fez;3796;True
2026-06-30 20:00:49;ibm_kingston;84;True
2026-06-30 20:00:49;ibm_marrakesh;1704;True
2026-06-30 21:00:52;ibm_fez;5584;True
2026-06-30 21:00:52;ibm_kingston;6;True
2026-06-30 21:00:52;ibm_marrakesh;1285;True
2026-06-30 22:00:59;ibm_fez;5309;True
2026-06-30 22:00:59;ibm_kingston;2;True
2026-06-30 22:00:59;ibm_marrakesh;1273;True
2026-06-30 23:01:02;ibm_fez;5028;True
2026-06-30 23:01:02;ibm_kingston;40;True
2026-06-30 23:01:02;ibm_marrakesh;1268;True
2026-07-01 00:01:07;ibm_fez;4770;True
2026-07-01 00:01:07;ibm_kingston;56;True
2026-07-01 00:01:07;ibm_marrakesh;1231;True
2026-07-01 01:01:11;ibm_fez;7;True
2026-07-01 01:01:11;ibm_kingston;73;True
2026-07-01 01:01:11;ibm_marrakesh;1237;True
2026-07-01 02:01:16;ibm_fez;1;True
2026-07-01 02:01:16;ibm_kingston;55;True
2026-07-01 02:01:16;ibm_marrakesh;1239;True
2026-07-01 03:01:19;ibm_fez;2;True
2026-07-01 03:01:19;ibm_kingston;26;True
2026-07-01 03:01:19;ibm_marrakesh;1213;True
2026-07-01 04:01:23;ibm_fez;2;True
2026-07-01 04:01:23;ibm_kingston;6;True
2026-07-01 04:01:23;ibm_marrakesh;1181;True
2026-07-01 05:01:27;ibm_fez;2;True
2026-07-01 05:01:27;ibm_kingston;11;True
2026-07-01 05:01:27;ibm_marrakesh;1174;True
2026-07-01 06:01:31;ibm_fez;4;True
2026-07-01 06:01:31;ibm_kingston;7;True
2026-07-01 06:01:31;ibm_marrakesh;1169;True
2026-07-01 07:01:34;ibm_fez;7;True
2026-07-01 07:01:34;ibm_kingston;1;True
2026-07-01 07:01:34;ibm_marrakesh;1164;True
2026-07-01 08:01:38;ibm_fez;3;True
2026-07-01 08:01:38;ibm_kingston;2;True
2026-07-01 08:01:38;ibm_marrakesh;1156;True
2026-07-01 09:01:41;ibm_fez;27;True
2026-07-01 09:01:41;ibm_kingston;14;True
2026-07-01 09:01:41;ibm_marrakesh;1150;True
2026-07-01 10:01:44;ibm_fez;7;True
2026-07-01 10:01:44;ibm_kingston;4;True
2026-07-01 10:01:44;ibm_marrakesh;1150;True
2026-07-01 11:01:47;ibm_fez;11;True
2026-07-01 11:01:47;ibm_kingston;10;True
2026-07-01 11:01:47;ibm_marrakesh;1139;True
2026-07-01 12:01:50;ibm_fez;33;True
2026-07-01 12:01:50;ibm_kingston;9;True
2026-07-01 12:01:50;ibm_marrakesh;1101;True
2026-07-01 13:01:54;ibm_fez;27;True
2026-07-01 13:01:54;ibm_kingston;30;True
2026-07-01 13:01:54;ibm_marrakesh;1096;True
2026-07-01 14:01:58;ibm_fez;62;True
2026-07-01 14:01:58;ibm_kingston;16;True
2026-07-01 14:01:58;ibm_marrakesh;1090;True
2026-07-01 15:02:02;ibm_fez;0;True
2026-07-01 15:02:02;ibm_kingston;25;True
2026-07-01 15:02:02;ibm_marrakesh;1088;True
2026-07-01 16:02:05;ibm_fez;21;True
2026-07-01 16:02:05;ibm_kingston;28;True
2026-07-01 16:02:05;ibm_marrakesh;1087;True
2026-07-01 17:02:09;ibm_fez;35;True
2026-07-01 17:02:09;ibm_kingston;21;True
2026-07-01 17:02:09;ibm_marrakesh;1093;True
2026-07-01 18:02:12;ibm_fez;58;True
2026-07-01 18:02:12;ibm_kingston;5;True
2026-07-01 18:02:12;ibm_marrakesh;1080;True
2026-07-01 19:02:16;ibm_fez;86;True
2026-07-01 19:02:16;ibm_kingston;73;True
2026-07-01 19:02:16;ibm_marrakesh;1070;True
2026-07-01 20:02:19;ibm_fez;1;True
2026-07-01 20:02:19;ibm_kingston;126;True
2026-07-01 20:02:19;ibm_marrakesh;1061;True
2026-07-01 21:02:22;ibm_fez;0;True
2026-07-01 21:02:22;ibm_kingston;174;True
2026-07-01 21:02:22;ibm_marrakesh;691;True
2026-07-01 22:02:26;ibm_fez;2236;True
2026-07-01 22:02:26;ibm_kingston;253;True
2026-07-01 22:02:26;ibm_marrakesh;1;True
2026-07-01 23:02:29;ibm_fez;0;True
2026-07-01 23:02:29;ibm_kingston;341;True
2026-07-01 23:02:29;ibm_marrakesh;1;True
2026-07-02 00:02:33;ibm_fez;29;True
2026-07-02 00:02:33;ibm_kingston;457;True
2026-07-02 00:02:33;ibm_marrakesh;5;True
2026-07-02 01:02:37;ibm_fez;0;True
2026-07-02 01:02:37;ibm_kingston;425;True
2026-07-02 01:02:37;ibm_marrakesh;1;True
2026-07-02 02:02:40;ibm_fez;2;True
2026-07-02 02:02:40;ibm_kingston;419;True
2026-07-02 02:02:40;ibm_marrakesh;1;True
2026-07-02 03:02:44;ibm_fez;1;True
2026-07-02 03:02:44;ibm_kingston;387;True
2026-07-02 03:02:44;ibm_marrakesh;1;True
2026-07-02 04:02:47;ibm_fez;7;True
2026-07-02 04:02:47;ibm_kingston;383;True
2026-07-02 04:02:47;ibm_marrakesh;1;True
2026-07-02 05:02:51;ibm_fez;23;True
2026-07-02 05:02:51;ibm_kingston;391;True
2026-07-02 05:02:51;ibm_marrakesh;0;True
2026-07-02 06:02:54;ibm_fez;28;True
2026-07-02 06:02:54;ibm_kingston;382;True
2026-07-02 06:02:54;ibm_marrakesh;2;True
2026-07-02 07:02:59;ibm_fez;0;True
2026-07-02 07:02:59;ibm_kingston;373;True
2026-07-02 07:02:59;ibm_marrakesh;0;True
2026-07-02 08:03:03;ibm_fez;4;True
2026-07-02 08:03:03;ibm_kingston;364;True
2026-07-02 08:03:03;ibm_marrakesh;2;True
2026-07-02 09:03:07;ibm_fez;1;True
2026-07-02 09:03:07;ibm_kingston;360;True
2026-07-02 09:03:07;ibm_marrakesh;11;True
2026-07-02 10:03:11;ibm_fez;0;True
2026-07-02 10:03:11;ibm_kingston;356;True
2026-07-02 10:03:11;ibm_marrakesh;4;True
2026-07-02 11:03:15;ibm_fez;12;True
2026-07-02 11:03:15;ibm_kingston;351;True
2026-07-02 11:03:15;ibm_marrakesh;9;True
2026-07-02 12:03:19;ibm_fez;0;True
2026-07-02 12:03:19;ibm_kingston;347;True
2026-07-02 12:03:19;ibm_marrakesh;29;True
2026-07-02 13:03:23;ibm_fez;31;True
2026-07-02 13:03:23;ibm_kingston;339;True
2026-07-02 13:03:23;ibm_marrakesh;57;True
2026-07-02 14:03:27;ibm_fez;77;True
2026-07-02 14:03:27;ibm_kingston;330;True
2026-07-02 14:03:27;ibm_marrakesh;78;True
2026-07-02 15:03:31;ibm_fez;178;True
2026-07-02 15:03:31;ibm_kingston;177;True
2026-07-02 15:03:31;ibm_marrakesh;72;True
2026-07-02 16:03:35;ibm_fez;183;True
2026-07-02 16:03:35;ibm_kingston;173;True
2026-07-02 16:03:35;ibm_marrakesh;103;True
2026-07-02 17:03:39;ibm_fez;187;True
2026-07-02 17:03:39;ibm_kingston;173;True
2026-07-02 17:03:39;ibm_marrakesh;157;True
2026-07-02 18:03:42;ibm_fez;193;True
2026-07-02 18:03:42;ibm_kingston;182;True
2026-07-02 18:03:42;ibm_marrakesh;124;True
2026-07-02 19:03:47;ibm_fez;195;True
2026-07-02 19:03:47;ibm_kingston;194;True
2026-07-02 19:03:47;ibm_marrakesh;138;True
2026-07-02 20:03:51;ibm_fez;199;True
2026-07-02 20:03:51;ibm_kingston;195;True
2026-07-02 20:03:51;ibm_marrakesh;150;True
2026-07-02 21:03:55;ibm_fez;198;True
2026-07-02 21:03:55;ibm_kingston;187;True
2026-07-02 21:03:55;ibm_marrakesh;158;True
2026-07-02 22:03:58;ibm_fez;173;True
2026-07-02 22:03:58;ibm_kingston;181;True
2026-07-02 22:03:58;ibm_marrakesh;174;True
2026-07-02 23:04:02;ibm_fez;130;True
2026-07-02 23:04:02;ibm_kingston;168;True
2026-07-02 23:04:02;ibm_marrakesh;173;True
2026-07-03 00:04:06;ibm_fez;141;True
2026-07-03 00:04:06;ibm_kingston;114;True
2026-07-03 00:04:06;ibm_marrakesh;179;True
2026-07-03 01:04:10;ibm_fez;167;True
2026-07-03 01:04:10;ibm_kingston;5;True
2026-07-03 01:04:10;ibm_marrakesh;197;True
2026-07-03 02:04:15;ibm_fez;177;True
2026-07-03 02:04:15;ibm_kingston;18;True
2026-07-03 02:04:15;ibm_marrakesh;199;True
2026-07-03 03:04:19;ibm_fez;174;True
2026-07-03 03:04:19;ibm_kingston;54;True
2026-07-03 03:04:19;ibm_marrakesh;206;True
2026-07-03 04:04:23;ibm_fez;138;True
2026-07-03 04:04:23;ibm_kingston;63;True
2026-07-03 04:04:23;ibm_marrakesh;200;True
2026-07-03 05:04:27;ibm_fez;143;True
2026-07-03 05:04:27;ibm_kingston;83;True
2026-07-03 05:04:27;ibm_marrakesh;183;True
2026-07-03 06:04:30;ibm_fez;157;True
2026-07-03 06:04:30;ibm_kingston;88;True
2026-07-03 06:04:30;ibm_marrakesh;69;True
2026-07-03 07:04:34;ibm_fez;186;True
2026-07-03 07:04:34;ibm_kingston;38;True
2026-07-03 07:04:34;ibm_marrakesh;39;True
2026-07-03 08:04:37;ibm_fez;190;True
2026-07-03 08:04:37;ibm_kingston;12;True
2026-07-03 08:04:37;ibm_marrakesh;13;True
2026-07-03 09:04:40;ibm_fez;187;True
2026-07-03 09:04:40;ibm_kingston;13;True
2026-07-03 09:04:40;ibm_marrakesh;7;True
2026-07-03 10:04:43;ibm_fez;190;True
2026-07-03 10:04:43;ibm_kingston;70;True
2026-07-03 10:04:43;ibm_marrakesh;6;True
2026-07-03 11:04:47;ibm_fez;192;True
2026-07-03 11:04:47;ibm_kingston;61;True
2026-07-03 11:04:47;ibm_marrakesh;10;True
2026-07-03 12:04:50;ibm_fez;193;True
2026-07-03 12:04:50;ibm_kingston;532;True
2026-07-03 12:04:50;ibm_marrakesh;7;True
2026-07-03 13:04:54;ibm_fez;287;True
2026-07-03 13:04:54;ibm_kingston;540;True
2026-07-03 13:04:54;ibm_marrakesh;3;True
2026-07-03 14:04:57;ibm_fez;180;True
2026-07-03 14:04:57;ibm_kingston;550;True
2026-07-03 14:04:57;ibm_marrakesh;31;True
2026-07-03 15:05:01;ibm_fez;186;True
2026-07-03 15:05:01;ibm_kingston;589;True
2026-07-03 15:05:01;ibm_marrakesh;178;True
2026-07-03 16:05:05;ibm_fez;204;True
2026-07-03 16:05:05;ibm_kingston;595;True
2026-07-03 16:05:05;ibm_marrakesh;32;True
2026-07-03 17:05:09;ibm_fez;156;True
2026-07-03 17:05:09;ibm_kingston;658;True
2026-07-03 17:05:09;ibm_marrakesh;1;True
2026-07-03 18:05:12;ibm_fez;158;True
2026-07-03 18:05:12;ibm_kingston;663;True
2026-07-03 18:05:12;ibm_marrakesh;13;True
2026-07-03 19:05:16;ibm_fez;190;True
2026-07-03 19:05:16;ibm_kingston;662;True
2026-07-03 19:05:16;ibm_marrakesh;24;True
2026-07-03 20:05:19;ibm_fez;152;True
2026-07-03 20:05:19;ibm_kingston;658;True
2026-07-03 20:05:19;ibm_marrakesh;34;True
2026-07-03 21:05:24;ibm_fez;377;True
2026-07-03 21:05:24;ibm_kingston;262;True
2026-07-03 21:05:24;ibm_marrakesh;103;True
2026-07-03 22:05:27;ibm_fez;438;True
2026-07-03 22:05:27;ibm_kingston;249;True
2026-07-03 22:05:27;ibm_marrakesh;106;True
2026-07-03 23:05:31;ibm_fez;347;True
2026-07-03 23:05:31;ibm_kingston;255;True
2026-07-03 23:05:31;ibm_marrakesh;130;True
2026-07-04 00:05:35;ibm_fez;265;True
2026-07-04 00:05:35;ibm_kingston;254;True
2026-07-04 00:05:35;ibm_marrakesh;139;True
2026-07-04 01:05:38;ibm_fez;148;True
2026-07-04 01:05:38;ibm_kingston;255;True
2026-07-04 01:05:38;ibm_marrakesh;143;True
2026-07-04 02:05:42;ibm_fez;127;True
2026-07-04 02:05:42;ibm_kingston;260;True
2026-07-04 02:05:42;ibm_marrakesh;20;True
2026-07-04 03:05:46;ibm_fez;101;True
2026-07-04 03:05:46;ibm_kingston;257;True
2026-07-04 03:05:46;ibm_marrakesh;1;True
2026-07-04 04:05:49;ibm_fez;77;True
2026-07-04 04:05:49;ibm_kingston;240;True
2026-07-04 04:05:49;ibm_marrakesh;0;True
2026-07-04 05:05:53;ibm_fez;60;True
2026-07-04 05:05:53;ibm_kingston;230;True
2026-07-04 05:05:53;ibm_marrakesh;1;True
2026-07-04 06:05:57;ibm_fez;31;True
2026-07-04 06:05:57;ibm_kingston;218;True
2026-07-04 06:05:57;ibm_marrakesh;3;True
2026-07-04 07:06:01;ibm_fez;1;True
2026-07-04 07:06:01;ibm_kingston;211;True
2026-07-04 07:06:01;ibm_marrakesh;2;True
2026-07-04 08:06:05;ibm_fez;3;True
2026-07-04 08:06:05;ibm_kingston;203;True
2026-07-04 08:06:05;ibm_marrakesh;4;True
2026-07-04 09:06:08;ibm_fez;21;True
2026-07-04 09:06:08;ibm_kingston;197;True
2026-07-04 09:06:08;ibm_marrakesh;10;True
2026-07-04 10:06:11;ibm_fez;16;True
2026-07-04 10:06:11;ibm_kingston;200;True
2026-07-04 10:06:11;ibm_marrakesh;19;True
2026-07-04 11:06:14;ibm_fez;13;True
2026-07-04 11:06:14;ibm_kingston;204;True
2026-07-04 11:06:14;ibm_marrakesh;26;True
2026-07-04 12:06:17;ibm_fez;13;True
2026-07-04 12:06:17;ibm_kingston;203;True
2026-07-04 12:06:17;ibm_marrakesh;25;True
2026-07-04 13:06:20;ibm_fez;13;True
2026-07-04 13:06:20;ibm_kingston;204;True
2026-07-04 13:06:20;ibm_marrakesh;26;True
2026-07-04 14:06:23;ibm_fez;14;True
2026-07-04 14:06:23;ibm_kingston;202;True
2026-07-04 14:06:23;ibm_marrakesh;24;True
2026-07-04 15:06:26;ibm_fez;12;True
2026-07-04 15:06:26;ibm_kingston;204;True
2026-07-04 15:06:26;ibm_marrakesh;28;True
2026-07-04 16:06:29;ibm_fez;11;True
2026-07-04 16:06:29;ibm_kingston;207;True
2026-07-04 16:06:29;ibm_marrakesh;33;True
2026-07-04 17:06:32;ibm_fez;7;True
2026-07-04 17:06:32;ibm_kingston;108;True
2026-07-04 17:06:32;ibm_marrakesh;43;True
2026-07-04 18:06:36;ibm_fez;11;True
2026-07-04 18:06:36;ibm_kingston;64;True
2026-07-04 18:06:36;ibm_marrakesh;42;True
2026-07-04 19:06:39;ibm_fez;12;True
2026-07-04 19:06:39;ibm_kingston;22;True
2026-07-04 19:06:39;ibm_marrakesh;50;True
2026-07-04 20:06:44;ibm_fez;16;True
2026-07-04 20:06:44;ibm_kingston;18;True
2026-07-04 20:06:44;ibm_marrakesh;56;True
2026-07-04 21:06:47;ibm_fez;20;True
2026-07-04 21:06:47;ibm_kingston;12;True
2026-07-04 21:06:47;ibm_marrakesh;60;True
2026-07-04 22:06:51;ibm_fez;12;True
2026-07-04 22:06:51;ibm_kingston;14;True
2026-07-04 22:06:51;ibm_marrakesh;67;True
2026-07-04 23:06:54;ibm_fez;2;True
2026-07-04 23:06:54;ibm_kingston;5;True
2026-07-04 23:06:54;ibm_marrakesh;70;True
2026-07-05 00:06:58;ibm_fez;11;True
2026-07-05 00:06:58;ibm_kingston;3;True
2026-07-05 00:06:58;ibm_marrakesh;74;True
2026-07-05 01:07:01;ibm_fez;2;True
2026-07-05 01:07:01;ibm_kingston;1;True
2026-07-05 01:07:01;ibm_marrakesh;76;True
2026-07-05 02:07:05;ibm_fez;2;True
2026-07-05 02:07:05;ibm_kingston;2;True
2026-07-05 02:07:05;ibm_marrakesh;85;True
2026-07-05 03:07:08;ibm_fez;7;True
2026-07-05 03:07:08;ibm_kingston;24;True
2026-07-05 03:07:08;ibm_marrakesh;88;True
2026-07-05 04:07:14;ibm_fez;6;True
2026-07-05 04:07:14;ibm_kingston;1;True
2026-07-05 04:07:14;ibm_marrakesh;93;True
2026-07-05 05:07:19;ibm_fez;3;True
2026-07-05 05:07:19;ibm_kingston;2;True
2026-07-05 05:07:19;ibm_marrakesh;111;True
2026-07-05 06:07:22;ibm_fez;12;True
2026-07-05 06:07:22;ibm_kingston;2;True
2026-07-05 06:07:22;ibm_marrakesh;98;True
2026-07-05 07:07:26;ibm_fez;4;True
2026-07-05 07:07:26;ibm_kingston;5;True
2026-07-05 07:07:26;ibm_marrakesh;100;True
2026-07-05 08:07:29;ibm_fez;30919;True
2026-07-05 08:07:29;ibm_kingston;34877;True
2026-07-05 08:07:29;ibm_marrakesh;75172;True
2026-07-05 09:07:34;ibm_fez;2;True
2026-07-05 09:07:34;ibm_kingston;4;True
2026-07-05 09:07:34;ibm_marrakesh;49;True
2026-07-05 10:07:37;ibm_fez;3;True
2026-07-05 10:07:37;ibm_kingston;17;True
2026-07-05 10:07:37;ibm_marrakesh;2;True
2026-07-05 11:07:42;ibm_fez;0;True
2026-07-05 11:07:42;ibm_kingston;26;True
2026-07-05 11:07:42;ibm_marrakesh;0;True
2026-07-05 12:07:45;ibm_fez;3;True
2026-07-05 12:07:45;ibm_kingston;8;True
2026-07-05 12:07:45;ibm_marrakesh;1;True
2026-07-05 13:07:50;ibm_fez;4;True
2026-07-05 13:07:50;ibm_kingston;8;True
2026-07-05 13:07:50;ibm_marrakesh;0;True
2026-07-05 14:07:53;ibm_fez;2;True
2026-07-05 14:07:53;ibm_kingston;5;True
2026-07-05 14:07:53;ibm_marrakesh;0;True
2026-07-05 15:07:57;ibm_fez;1;True
2026-07-05 15:07:57;ibm_kingston;5;True
2026-07-05 15:07:57;ibm_marrakesh;1;True
2026-07-05 16:08:01;ibm_fez;5;True
2026-07-05 16:08:01;ibm_kingston;6;True
2026-07-05 16:08:01;ibm_marrakesh;3;True
2026-07-05 17:08:05;ibm_fez;1;True
2026-07-05 17:08:05;ibm_kingston;7;True
2026-07-05 17:08:05;ibm_marrakesh;2;True
2026-07-05 18:08:08;ibm_fez;3;True
2026-07-05 18:08:08;ibm_kingston;8;True
2026-07-05 18:08:08;ibm_marrakesh;1;True
2026-07-05 19:08:11;ibm_fez;8;True
2026-07-05 19:08:11;ibm_kingston;3;True
2026-07-05 19:08:11;ibm_marrakesh;1;True
2026-07-05 20:08:15;ibm_fez;2131;True
2026-07-05 20:08:15;ibm_kingston;7;True
2026-07-05 20:08:15;ibm_marrakesh;2;True
2026-07-05 21:08:20;ibm_fez;2130;True
2026-07-05 21:08:20;ibm_kingston;17;True
2026-07-05 21:08:20;ibm_marrakesh;21;True
2026-07-05 22:08:23;ibm_fez;2131;True
2026-07-05 22:08:23;ibm_kingston;27;True
2026-07-05 22:08:23;ibm_marrakesh;29;True
2026-07-05 23:08:27;ibm_fez;2136;True
2026-07-05 23:08:27;ibm_kingston;35;True
2026-07-05 23:08:27;ibm_marrakesh;21;True
2026-07-06 00:08:30;ibm_fez;2137;True
2026-07-06 00:08:30;ibm_kingston;39;True
2026-07-06 00:08:30;ibm_marrakesh;24;True
2026-07-06 01:08:34;ibm_fez;2140;True
2026-07-06 01:08:34;ibm_kingston;47;True
2026-07-06 01:08:34;ibm_marrakesh;35;True
2026-07-06 02:08:38;ibm_fez;2144;True
2026-07-06 02:08:38;ibm_kingston;50;True
2026-07-06 02:08:38;ibm_marrakesh;39;True
2026-07-06 03:08:42;ibm_fez;2151;True
2026-07-06 03:08:42;ibm_kingston;54;True
2026-07-06 03:08:42;ibm_marrakesh;41;True
2026-07-06 04:08:45;ibm_fez;2152;True
2026-07-06 04:08:45;ibm_kingston;63;True
2026-07-06 04:08:45;ibm_marrakesh;45;True
2026-07-06 05:08:50;ibm_fez;2160;True
2026-07-06 05:08:50;ibm_kingston;69;True
2026-07-06 05:08:50;ibm_marrakesh;64;True
2026-07-06 06:08:53;ibm_fez;2169;True
2026-07-06 06:08:53;ibm_kingston;77;True
2026-07-06 06:08:53;ibm_marrakesh;70;True
2026-07-06 07:08:57;ibm_fez;2173;True
2026-07-06 07:08:57;ibm_kingston;78;True
2026-07-06 07:08:57;ibm_marrakesh;75;True
2026-07-06 08:09:00;ibm_fez;2175;True
2026-07-06 08:09:00;ibm_kingston;81;True
2026-07-06 08:09:00;ibm_marrakesh;79;True
2026-07-06 09:09:04;ibm_fez;2178;True
2026-07-06 09:09:04;ibm_kingston;85;True
2026-07-06 09:09:04;ibm_marrakesh;81;True
2026-07-06 10:09:07;ibm_fez;2189;True
2026-07-06 10:09:07;ibm_kingston;88;True
2026-07-06 10:09:07;ibm_marrakesh;85;True
2026-07-06 11:09:11;ibm_fez;2191;True
2026-07-06 11:09:11;ibm_kingston;89;True
2026-07-06 11:09:11;ibm_marrakesh;87;True
2026-07-06 12:09:14;ibm_fez;2193;True
2026-07-06 12:09:14;ibm_kingston;92;True
2026-07-06 12:09:14;ibm_marrakesh;98;True
2026-07-06 13:09:18;ibm_fez;2218;True
2026-07-06 13:09:18;ibm_kingston;123;True
2026-07-06 13:09:18;ibm_marrakesh;126;True
2026-07-06 14:09:21;ibm_fez;2222;True
2026-07-06 14:09:21;ibm_kingston;130;True
2026-07-06 14:09:21;ibm_marrakesh;140;True
2026-07-06 15:09:24;ibm_fez;2228;True
2026-07-06 15:09:24;ibm_kingston;148;True
2026-07-06 15:09:24;ibm_marrakesh;142;True
2026-07-06 16:09:28;ibm_fez;2232;True
2026-07-06 16:09:28;ibm_kingston;154;True
2026-07-06 16:09:28;ibm_marrakesh;152;True
2026-07-06 17:09:31;ibm_fez;2288;True
2026-07-06 17:09:31;ibm_kingston;161;True
2026-07-06 17:09:31;ibm_marrakesh;161;True
2026-07-06 18:09:34;ibm_fez;2300;True
2026-07-06 18:09:34;ibm_kingston;170;True
2026-07-06 18:09:34;ibm_marrakesh;195;True
2026-07-06 19:09:38;ibm_fez;2309;True
2026-07-06 19:09:38;ibm_kingston;182;True
2026-07-06 19:09:38;ibm_marrakesh;199;True
2026-07-06 20:09:41;ibm_fez;2315;True
2026-07-06 20:09:41;ibm_kingston;191;True
2026-07-06 20:09:41;ibm_marrakesh;201;True
2026-07-06 21:09:45;ibm_fez;2320;True
2026-07-06 21:09:45;ibm_kingston;201;True
2026-07-06 21:09:45;ibm_marrakesh;215;True
2026-07-06 22:09:49;ibm_fez;2325;True
2026-07-06 22:09:49;ibm_kingston;206;True
2026-07-06 22:09:49;ibm_marrakesh;214;True
2026-07-06 23:09:52;ibm_fez;2517;True
2026-07-06 23:09:52;ibm_kingston;215;True
2026-07-06 23:09:52;ibm_marrakesh;217;True
2026-07-07 00:09:56;ibm_fez;2522;True
2026-07-07 00:09:56;ibm_kingston;216;True
2026-07-07 00:09:56;ibm_marrakesh;218;True
2026-07-07 01:09:59;ibm_fez;2525;True
2026-07-07 01:09:59;ibm_kingston;218;True
2026-07-07 01:09:59;ibm_marrakesh;220;True
2026-07-07 02:10:03;ibm_fez;2534;True
2026-07-07 02:10:03;ibm_kingston;229;True
2026-07-07 02:10:03;ibm_marrakesh;228;True
2026-07-07 03:10:06;ibm_fez;2476;True
2026-07-07 03:10:06;ibm_kingston;237;True
2026-07-07 03:10:06;ibm_marrakesh;228;True
2026-07-07 04:10:10;ibm_fez;2352;True
2026-07-07 04:10:10;ibm_kingston;209;True
2026-07-07 04:10:10;ibm_marrakesh;133;True
2026-07-07 05:10:14;ibm_fez;2384;True
2026-07-07 05:10:14;ibm_kingston;237;True
2026-07-07 05:10:14;ibm_marrakesh;83;True
2026-07-07 06:10:18;ibm_fez;2387;True
2026-07-07 06:10:18;ibm_kingston;221;True
2026-07-07 06:10:18;ibm_marrakesh;89;True
2026-07-07 07:10:22;ibm_fez;2242;True
2026-07-07 07:10:22;ibm_kingston;302;True
2026-07-07 07:10:22;ibm_marrakesh;74;True
2026-07-07 08:10:25;ibm_fez;6;True
2026-07-07 08:10:25;ibm_kingston;237;True
2026-07-07 08:10:25;ibm_marrakesh;100;True
2026-07-07 09:10:28;ibm_fez;13;True
2026-07-07 09:10:28;ibm_kingston;266;True
2026-07-07 09:10:28;ibm_marrakesh;126;True
2026-07-07 10:10:31;ibm_fez;33;True
2026-07-07 10:10:31;ibm_kingston;242;True
2026-07-07 10:10:31;ibm_marrakesh;127;True
2026-07-07 11:10:35;ibm_fez;7;True
2026-07-07 11:10:35;ibm_kingston;249;True
2026-07-07 11:10:35;ibm_marrakesh;109;True
2026-07-07 12:10:38;ibm_fez;24;True
2026-07-07 12:10:38;ibm_kingston;223;True
2026-07-07 12:10:38;ibm_marrakesh;59;True
2026-07-07 13:10:41;ibm_fez;16;True
2026-07-07 13:10:41;ibm_kingston;193;True
2026-07-07 13:10:41;ibm_marrakesh;22;True
2026-07-07 14:10:44;ibm_fez;36;True
2026-07-07 14:10:44;ibm_kingston;122;True
2026-07-07 14:10:44;ibm_marrakesh;26;True
2026-07-07 15:10:47;ibm_fez;58;True
2026-07-07 15:10:47;ibm_kingston;119;True
2026-07-07 15:10:47;ibm_marrakesh;77;True
2026-07-07 16:10:51;ibm_fez;5;True
2026-07-07 16:10:51;ibm_kingston;20;True
2026-07-07 16:10:51;ibm_marrakesh;15;True
2026-07-07 17:10:55;ibm_fez;2;True
2026-07-07 17:10:55;ibm_kingston;0;True
2026-07-07 17:10:55;ibm_marrakesh;7;True
2026-07-07 18:10:58;ibm_fez;22;True
2026-07-07 18:10:58;ibm_kingston;2;True
2026-07-07 18:10:58;ibm_marrakesh;4;True
2026-07-07 19:11:02;ibm_fez;25;True
2026-07-07 19:11:02;ibm_kingston;32;True
2026-07-07 19:11:02;ibm_marrakesh;12;True
2026-07-07 20:11:05;ibm_fez;37;True
2026-07-07 20:11:05;ibm_kingston;39;True
2026-07-07 20:11:05;ibm_marrakesh;22;True
2026-07-07 21:11:09;ibm_fez;209;True
2026-07-07 21:11:09;ibm_kingston;204;True
2026-07-07 21:11:09;ibm_marrakesh;268;True
2026-07-07 22:11:12;ibm_fez;259;True
2026-07-07 22:11:12;ibm_kingston;193;True
2026-07-07 22:11:12;ibm_marrakesh;202;True
2026-07-07 23:11:16;ibm_fez;263;True
2026-07-07 23:11:16;ibm_kingston;90;True
2026-07-07 23:11:16;ibm_marrakesh;128;True
2026-07-08 00:11:20;ibm_fez;270;True
2026-07-08 00:11:20;ibm_kingston;98;True
2026-07-08 00:11:20;ibm_marrakesh;133;True
2026-07-08 01:11:24;ibm_fez;262;True
2026-07-08 01:11:24;ibm_kingston;72;True
2026-07-08 01:11:24;ibm_marrakesh;55;True
2026-07-08 02:11:27;ibm_fez;197;True
2026-07-08 02:11:27;ibm_kingston;68;True
2026-07-08 02:11:27;ibm_marrakesh;54;True
2026-07-08 03:11:31;ibm_fez;92;True
2026-07-08 03:11:31;ibm_kingston;26;True
2026-07-08 03:11:31;ibm_marrakesh;29;True
2026-07-08 04:11:34;ibm_fez;38;True
2026-07-08 04:11:34;ibm_kingston;21;True
2026-07-08 04:11:34;ibm_marrakesh;23;True
2026-07-08 05:11:39;ibm_fez;41;True
2026-07-08 05:11:39;ibm_kingston;15;True
2026-07-08 05:11:39;ibm_marrakesh;24;True
2026-07-08 06:11:42;ibm_fez;45;True
2026-07-08 06:11:42;ibm_kingston;7;True
2026-07-08 06:11:42;ibm_marrakesh;8;True
2026-07-08 07:11:45;ibm_fez;42;True
2026-07-08 07:11:45;ibm_kingston;15;True
2026-07-08 07:11:45;ibm_marrakesh;7;True
2026-07-08 08:11:49;ibm_fez;44;True
2026-07-08 08:11:49;ibm_kingston;2;True
2026-07-08 08:11:49;ibm_marrakesh;5;True
2026-07-08 09:11:52;ibm_fez;47;True
2026-07-08 09:11:52;ibm_kingston;13;True
2026-07-08 09:11:52;ibm_marrakesh;2;True
2026-07-08 10:11:56;ibm_fez;32;True
2026-07-08 10:11:56;ibm_kingston;8;True
2026-07-08 10:11:56;ibm_marrakesh;3;True
2026-07-08 11:11:59;ibm_fez;21;True
2026-07-08 11:11:59;ibm_kingston;3;True
2026-07-08 11:11:59;ibm_marrakesh;3;True
2026-07-08 12:12:03;ibm_fez;1;True
2026-07-08 12:12:03;ibm_kingston;8;True
2026-07-08 12:12:03;ibm_marrakesh;1;True
2026-07-08 13:12:06;ibm_fez;5;True
2026-07-08 13:12:06;ibm_kingston;13;True
2026-07-08 13:12:06;ibm_marrakesh;57;True
2026-07-08 14:12:09;ibm_fez;23;True
2026-07-08 14:12:09;ibm_kingston;6;True
2026-07-08 14:12:09;ibm_marrakesh;2;True
2026-07-08 15:12:12;ibm_fez;6;True
2026-07-08 15:12:12;ibm_kingston;11;True
2026-07-08 15:12:12;ibm_marrakesh;1;True
2026-07-08 16:12:16;ibm_fez;7;True
2026-07-08 16:12:16;ibm_kingston;19;True
2026-07-08 16:12:16;ibm_marrakesh;7;True
2026-07-08 17:12:19;ibm_fez;4;True
2026-07-08 17:12:19;ibm_kingston;1;True
2026-07-08 17:12:19;ibm_marrakesh;3;True
2026-07-08 18:12:23;ibm_fez;1;True
2026-07-08 18:12:23;ibm_kingston;3;True
2026-07-08 18:12:23;ibm_marrakesh;84;True
2026-07-08 19:12:26;ibm_fez;6;True
2026-07-08 19:12:26;ibm_kingston;15;True
2026-07-08 19:12:26;ibm_marrakesh;142;True
2026-07-08 20:12:31;ibm_fez;2;True
2026-07-08 20:12:31;ibm_kingston;11;True
2026-07-08 20:12:31;ibm_marrakesh;247;True
2026-07-08 21:12:34;ibm_fez;1;True
2026-07-08 21:12:34;ibm_kingston;6;True
2026-07-08 21:12:34;ibm_marrakesh;337;True
2026-07-08 22:12:39;ibm_fez;7;True
2026-07-08 22:12:39;ibm_kingston;1;True
2026-07-08 22:12:39;ibm_marrakesh;335;True
2026-07-08 23:12:42;ibm_fez;4;True
2026-07-08 23:12:42;ibm_kingston;41;True
2026-07-08 23:12:42;ibm_marrakesh;325;True
2026-07-09 00:12:46;ibm_fez;9;True
2026-07-09 00:12:46;ibm_kingston;2;True
2026-07-09 00:12:46;ibm_marrakesh;315;True
2026-07-09 01:12:50;ibm_fez;2;True
2026-07-09 01:12:50;ibm_kingston;1;True
2026-07-09 01:12:50;ibm_marrakesh;45;True
2026-07-09 02:12:54;ibm_fez;6;True
2026-07-09 02:12:54;ibm_kingston;3;True
2026-07-09 02:12:54;ibm_marrakesh;38;True
2026-07-09 03:12:58;ibm_fez;1;True
2026-07-09 03:12:58;ibm_kingston;83;True
2026-07-09 03:12:58;ibm_marrakesh;40;True
2026-07-09 04:13:01;ibm_fez;3;True
2026-07-09 04:13:01;ibm_kingston;124;True
2026-07-09 04:13:01;ibm_marrakesh;0;True
2026-07-09 05:13:04;ibm_fez;0;True
2026-07-09 05:13:04;ibm_kingston;116;True
2026-07-09 05:13:04;ibm_marrakesh;0;True
2026-07-09 06:13:08;ibm_fez;1;True
2026-07-09 06:13:08;ibm_kingston;130;True
2026-07-09 06:13:08;ibm_marrakesh;1;True
2026-07-09 07:13:12;ibm_fez;2;True
2026-07-09 07:13:12;ibm_kingston;121;True
2026-07-09 07:13:12;ibm_marrakesh;3;True
2026-07-09 08:13:16;ibm_fez;3;True
2026-07-09 08:13:16;ibm_kingston;119;True
2026-07-09 08:13:16;ibm_marrakesh;1;True
2026-07-09 09:13:19;ibm_fez;6;True
2026-07-09 09:13:19;ibm_kingston;129;True
2026-07-09 09:13:19;ibm_marrakesh;11;True
2026-07-09 10:13:23;ibm_fez;3;True
2026-07-09 10:13:23;ibm_kingston;122;True
2026-07-09 10:13:23;ibm_marrakesh;21;True
2026-07-09 11:13:27;ibm_fez;2;True
2026-07-09 11:13:27;ibm_kingston;115;True
2026-07-09 11:13:27;ibm_marrakesh;1;True
2026-07-09 12:13:30;ibm_fez;2;True
2026-07-09 12:13:30;ibm_kingston;96;True
2026-07-09 12:13:30;ibm_marrakesh;8;True
2026-07-09 13:13:33;ibm_fez;5;True
2026-07-09 13:13:33;ibm_kingston;100;True
2026-07-09 13:13:33;ibm_marrakesh;14;True
2026-07-09 14:13:36;ibm_fez;2;True
2026-07-09 14:13:36;ibm_kingston;85;True
2026-07-09 14:13:36;ibm_marrakesh;12;True
2026-07-09 15:13:40;ibm_fez;20;True
2026-07-09 15:13:40;ibm_kingston;79;True
2026-07-09 15:13:40;ibm_marrakesh;37;True
2026-07-09 16:13:43;ibm_fez;4;True
2026-07-09 16:13:43;ibm_kingston;83;True
2026-07-09 16:13:43;ibm_marrakesh;35;True
2026-07-09 17:13:47;ibm_fez;9;True
2026-07-09 17:13:47;ibm_kingston;100;True
2026-07-09 17:13:47;ibm_marrakesh;1;True
2026-07-09 18:13:50;ibm_fez;7;True
2026-07-09 18:13:50;ibm_kingston;110;True
2026-07-09 18:13:50;ibm_marrakesh;10;True
2026-07-09 19:13:54;ibm_fez;2;True
2026-07-09 19:13:54;ibm_kingston;187;True
2026-07-09 19:13:54;ibm_marrakesh;16;True
2026-07-09 20:13:58;ibm_fez;18609;True
2026-07-09 20:13:58;ibm_kingston;182;True
2026-07-09 20:13:58;ibm_marrakesh;67;True
2026-07-09 21:14:02;ibm_fez;18608;True
2026-07-09 21:14:02;ibm_kingston;181;True
2026-07-09 21:14:02;ibm_marrakesh;79;True
2026-07-09 22:14:05;ibm_fez;6;True
2026-07-09 22:14:05;ibm_kingston;172;True
2026-07-09 22:14:05;ibm_marrakesh;2;True
2026-07-09 23:14:09;ibm_fez;3;True
2026-07-09 23:14:09;ibm_kingston;165;True
2026-07-09 23:14:09;ibm_marrakesh;0;True
2026-07-10 00:14:13;ibm_fez;0;True
2026-07-10 00:14:13;ibm_kingston;152;True
2026-07-10 00:14:13;ibm_marrakesh;2;True
2026-07-10 01:14:17;ibm_fez;2;True
2026-07-10 01:14:17;ibm_kingston;145;True
2026-07-10 01:14:17;ibm_marrakesh;6;True
2026-07-10 02:14:20;ibm_fez;0;True
2026-07-10 02:14:20;ibm_kingston;107;True
2026-07-10 02:14:20;ibm_marrakesh;10;True
2026-07-10 03:14:24;ibm_fez;0;True
2026-07-10 03:14:24;ibm_kingston;64;True
2026-07-10 03:14:24;ibm_marrakesh;21;True
2026-07-10 04:14:27;ibm_fez;2;True
2026-07-10 04:14:27;ibm_kingston;2;True
2026-07-10 04:14:27;ibm_marrakesh;11;True
2026-07-10 05:14:32;ibm_fez;18535;True
2026-07-10 05:14:32;ibm_kingston;12;True
2026-07-10 05:14:32;ibm_marrakesh;0;True
2026-07-10 06:14:35;ibm_fez;1;True
2026-07-10 06:14:35;ibm_kingston;22;True
2026-07-10 06:14:35;ibm_marrakesh;1;True
2026-07-10 07:14:39;ibm_fez;0;True
2026-07-10 07:14:39;ibm_kingston;23;True
2026-07-10 07:14:39;ibm_marrakesh;5;True
2026-07-10 08:14:42;ibm_fez;2;True
2026-07-10 08:14:42;ibm_kingston;26;True
2026-07-10 08:14:42;ibm_marrakesh;23;True
2026-07-10 09:14:47;ibm_fez;0;True
2026-07-10 09:14:47;ibm_kingston;34;True
2026-07-10 09:14:47;ibm_marrakesh;0;True
2026-07-10 10:14:50;ibm_fez;1;True
2026-07-10 10:14:50;ibm_kingston;41;True
2026-07-10 10:14:50;ibm_marrakesh;1;True
2026-07-10 11:14:54;ibm_fez;5;True
2026-07-10 11:14:54;ibm_kingston;63;True
2026-07-10 11:14:54;ibm_marrakesh;3;True
2026-07-10 12:14:57;ibm_fez;1;True
2026-07-10 12:14:57;ibm_kingston;11;True
2026-07-10 12:14:57;ibm_marrakesh;4;True
2026-07-10 13:15:03;ibm_fez;5;True
2026-07-10 13:15:03;ibm_kingston;0;True
2026-07-10 13:15:03;ibm_marrakesh;0;True
2026-07-10 14:15:06;ibm_fez;1;True
2026-07-10 14:15:06;ibm_kingston;0;True
2026-07-10 14:15:06;ibm_marrakesh;6;True
2026-07-10 15:15:10;ibm_fez;2;True
2026-07-10 15:15:10;ibm_kingston;2;True
2026-07-10 15:15:10;ibm_marrakesh;1;True
2026-07-10 16:15:13;ibm_fez;1;True
2026-07-10 16:15:13;ibm_kingston;1;True
2026-07-10 16:15:13;ibm_marrakesh;0;True
2026-07-10 17:15:17;ibm_fez;0;True
2026-07-10 17:15:17;ibm_kingston;7;True
2026-07-10 17:15:17;ibm_marrakesh;0;True
2026-07-10 18:15:20;ibm_fez;13;True
2026-07-10 18:15:20;ibm_kingston;18;True
2026-07-10 18:15:20;ibm_marrakesh;11;True
2026-07-10 19:15:24;ibm_fez;0;True
2026-07-10 19:15:24;ibm_kingston;1;True
2026-07-10 19:15:24;ibm_marrakesh;0;True
2026-07-10 20:15:27;ibm_fez;0;True
2026-07-10 20:15:27;ibm_kingston;9;True
2026-07-10 20:15:27;ibm_marrakesh;2;True
2026-07-10 21:15:31;ibm_fez;3;True
2026-07-10 21:15:31;ibm_kingston;0;True
2026-07-10 21:15:31;ibm_marrakesh;5;True
2026-07-10 22:15:34;ibm_fez;8;True
2026-07-10 22:15:34;ibm_kingston;0;True
2026-07-10 22:15:34;ibm_marrakesh;0;True
2026-07-10 23:15:38;ibm_fez;1;True
2026-07-10 23:15:38;ibm_kingston;0;True
2026-07-10 23:15:38;ibm_marrakesh;0;True
2026-07-11 00:15:41;ibm_fez;0;True
2026-07-11 00:15:41;ibm_kingston;1;True
2026-07-11 00:15:41;ibm_marrakesh;0;True
2026-07-11 01:15:45;ibm_fez;0;True
2026-07-11 01:15:45;ibm_kingston;0;True
2026-07-11 01:15:45;ibm_marrakesh;0;True
2026-07-11 02:15:49;ibm_fez;0;True
2026-07-11 02:15:49;ibm_kingston;0;True
2026-07-11 02:15:49;ibm_marrakesh;0;True
2026-07-11 03:15:52;ibm_fez;0;True
2026-07-11 03:15:52;ibm_kingston;0;True
2026-07-11 03:15:52;ibm_marrakesh;0;True
2026-07-11 04:15:56;ibm_fez;0;True
2026-07-11 04:15:56;ibm_kingston;0;True
2026-07-11 04:15:56;ibm_marrakesh;0;True
2026-07-11 05:16:00;ibm_fez;0;True
2026-07-11 05:16:00;ibm_kingston;0;True
2026-07-11 05:16:00;ibm_marrakesh;1;True
2026-07-11 06:16:03;ibm_fez;0;True
2026-07-11 06:16:03;ibm_kingston;0;True
2026-07-11 06:16:03;ibm_marrakesh;0;True
2026-07-11 07:16:07;ibm_fez;1;True
2026-07-11 07:16:07;ibm_kingston;0;True
2026-07-11 07:16:07;ibm_marrakesh;7;True
2026-07-11 08:16:10;ibm_fez;0;True
2026-07-11 08:16:10;ibm_kingston;0;True
2026-07-11 08:16:10;ibm_marrakesh;7;True
2026-07-11 09:16:14;ibm_fez;3;True
2026-07-11 09:16:14;ibm_kingston;1;True
2026-07-11 09:16:14;ibm_marrakesh;14;True
2026-07-11 10:16:18;ibm_fez;103;True
2026-07-11 10:16:18;ibm_kingston;1;True
2026-07-11 10:16:18;ibm_marrakesh;17;True
2026-07-11 11:16:22;ibm_fez;1;True
2026-07-11 11:16:22;ibm_kingston;17;True
2026-07-11 11:16:22;ibm_marrakesh;1;True
2026-07-11 12:16:25;ibm_fez;0;True
2026-07-11 12:16:25;ibm_kingston;8;True
2026-07-11 12:16:25;ibm_marrakesh;5;True
2026-07-11 13:16:29;ibm_fez;1;True
2026-07-11 13:16:29;ibm_kingston;3;True
2026-07-11 13:16:29;ibm_marrakesh;24;True
2026-07-11 14:16:33;ibm_fez;3;True
2026-07-11 14:16:33;ibm_kingston;2;True
2026-07-11 14:16:33;ibm_marrakesh;31;True
2026-07-11 15:16:37;ibm_fez;0;True
2026-07-11 15:16:37;ibm_kingston;3;True
2026-07-11 15:16:37;ibm_marrakesh;7;True
2026-07-11 16:16:40;ibm_fez;5;True
2026-07-11 16:16:40;ibm_kingston;2;True
2026-07-11 16:16:40;ibm_marrakesh;2;True
2026-07-11 17:16:45;ibm_fez;0;True
2026-07-11 17:16:45;ibm_kingston;1;True
2026-07-11 17:16:45;ibm_marrakesh;31;True
2026-07-11 18:16:48;ibm_fez;2;True
2026-07-11 18:16:48;ibm_kingston;1;True
2026-07-11 18:16:48;ibm_marrakesh;41;True
2026-07-11 19:16:52;ibm_fez;9;True
2026-07-11 19:16:52;ibm_kingston;3;True
2026-07-11 19:16:52;ibm_marrakesh;49;True
2026-07-11 20:16:56;ibm_fez;1;True
2026-07-11 20:16:56;ibm_kingston;2;True
2026-07-11 20:16:56;ibm_marrakesh;57;True
2026-07-11 21:17:00;ibm_fez;9;True
2026-07-11 21:17:00;ibm_kingston;2;True
2026-07-11 21:17:00;ibm_marrakesh;63;True
2026-07-11 22:17:03;ibm_fez;0;True
2026-07-11 22:17:03;ibm_kingston;5;True
2026-07-11 22:17:03;ibm_marrakesh;65;True
2026-07-11 23:17:07;ibm_fez;0;True
2026-07-11 23:17:07;ibm_kingston;3;True
2026-07-11 23:17:07;ibm_marrakesh;69;True
2026-07-12 00:17:10;ibm_fez;4;True
2026-07-12 00:17:10;ibm_kingston;2;True
2026-07-12 00:17:10;ibm_marrakesh;68;True
2026-07-12 01:17:14;ibm_fez;1;True
2026-07-12 01:17:14;ibm_kingston;0;True
2026-07-12 01:17:14;ibm_marrakesh;35;True
2026-07-12 02:17:17;ibm_fez;0;True
2026-07-12 02:17:17;ibm_kingston;1;True
2026-07-12 02:17:17;ibm_marrakesh;37;True
2026-07-12 03:17:22;ibm_fez;2;True
2026-07-12 03:17:22;ibm_kingston;4;True
2026-07-12 03:17:22;ibm_marrakesh;41;True
2026-07-12 04:17:25;ibm_fez;5;True
2026-07-12 04:17:25;ibm_kingston;2;True
2026-07-12 04:17:25;ibm_marrakesh;40;True
2026-07-12 05:17:30;ibm_fez;2;True
2026-07-12 05:17:30;ibm_kingston;2;True
2026-07-12 05:17:30;ibm_marrakesh;43;True
2026-07-12 06:17:33;ibm_fez;17;True
2026-07-12 06:17:33;ibm_kingston;10;True
2026-07-12 06:17:33;ibm_marrakesh;92;True
2026-07-12 07:17:37;ibm_fez;3;True
2026-07-12 07:17:37;ibm_kingston;0;True
2026-07-12 07:17:37;ibm_marrakesh;44;True
2026-07-12 08:17:41;ibm_fez;2;True
2026-07-12 08:17:41;ibm_kingston;0;True
2026-07-12 08:17:41;ibm_marrakesh;45;True
2026-07-12 09:17:45;ibm_fez;5;True
2026-07-12 09:17:45;ibm_kingston;4;True
2026-07-12 09:17:45;ibm_marrakesh;48;True
2026-07-12 10:17:48;ibm_fez;4;True
2026-07-12 10:17:48;ibm_kingston;5;True
2026-07-12 10:17:48;ibm_marrakesh;0;True
2026-07-12 11:17:52;ibm_fez;12;True
2026-07-12 11:17:52;ibm_kingston;7;True
2026-07-12 11:17:52;ibm_marrakesh;12;True
2026-07-12 12:17:55;ibm_fez;7;True
2026-07-12 12:17:55;ibm_kingston;5;True
2026-07-12 12:17:55;ibm_marrakesh;16;True
2026-07-12 13:17:59;ibm_fez;0;True
2026-07-12 13:17:59;ibm_kingston;1;True
2026-07-12 13:17:59;ibm_marrakesh;23;True
2026-07-12 14:18:02;ibm_fez;3;True
2026-07-12 14:18:02;ibm_kingston;1;True
2026-07-12 14:18:02;ibm_marrakesh;2;True
2026-07-12 15:18:07;ibm_fez;2;True
2026-07-12 15:18:07;ibm_kingston;18;True
2026-07-12 15:18:07;ibm_marrakesh;0;True
2026-07-12 16:18:09;ibm_fez;0;True
2026-07-12 16:18:09;ibm_kingston;0;True
2026-07-12 16:18:09;ibm_marrakesh;0;True
2026-07-12 17:18:14;ibm_fez;0;True
2026-07-12 17:18:14;ibm_kingston;3;True
2026-07-12 17:18:14;ibm_marrakesh;1;True
2026-07-12 18:18:17;ibm_fez;0;True
2026-07-12 18:18:17;ibm_kingston;42;True
2026-07-12 18:18:17;ibm_marrakesh;1;True
2026-07-12 19:18:21;ibm_fez;1;True
2026-07-12 19:18:21;ibm_kingston;32;True
2026-07-12 19:18:21;ibm_marrakesh;0;True
2026-07-12 20:18:24;ibm_fez;3;True
2026-07-12 20:18:24;ibm_kingston;44;True
2026-07-12 20:18:24;ibm_marrakesh;0;True
2026-07-12 21:18:27;ibm_fez;18;True
2026-07-12 21:18:27;ibm_kingston;52;True
2026-07-12 21:18:27;ibm_marrakesh;0;True
2026-07-12 22:18:31;ibm_fez;16;True
2026-07-12 22:18:31;ibm_kingston;46;True
2026-07-12 22:18:31;ibm_marrakesh;0;True
2026-07-12 23:18:35;ibm_fez;1;True
2026-07-12 23:18:35;ibm_kingston;49;True
2026-07-12 23:18:35;ibm_marrakesh;1;True
2026-07-13 00:18:38;ibm_fez;2;True
2026-07-13 00:18:38;ibm_kingston;55;True
2026-07-13 00:18:38;ibm_marrakesh;0;True
2026-07-13 01:18:43;ibm_fez;2;True
2026-07-13 01:18:43;ibm_kingston;53;True
2026-07-13 01:18:43;ibm_marrakesh;0;True
2026-07-13 02:18:46;ibm_fez;2;True
2026-07-13 02:18:46;ibm_kingston;56;True
2026-07-13 02:18:46;ibm_marrakesh;1;True
2026-07-13 03:18:50;ibm_fez;0;True
2026-07-13 03:18:50;ibm_kingston;57;True
2026-07-13 03:18:50;ibm_marrakesh;0;True
2026-07-13 04:18:53;ibm_fez;4;True
2026-07-13 04:18:53;ibm_kingston;64;True
2026-07-13 04:18:53;ibm_marrakesh;1;True
2026-07-13 05:18:57;ibm_fez;5;True
2026-07-13 05:18:57;ibm_kingston;71;True
2026-07-13 05:18:57;ibm_marrakesh;1;True
2026-07-13 06:18:59;ibm_fez;2;True
2026-07-13 06:18:59;ibm_kingston;68;True
2026-07-13 06:18:59;ibm_marrakesh;2;True
2026-07-13 07:19:03;ibm_fez;6;True
2026-07-13 07:19:03;ibm_kingston;70;True
2026-07-13 07:19:03;ibm_marrakesh;4;True
2026-07-13 08:19:07;ibm_fez;1;True
2026-07-13 08:19:07;ibm_kingston;72;True
2026-07-13 08:19:07;ibm_marrakesh;2;True
2026-07-13 09:19:11;ibm_fez;2;True
2026-07-13 09:19:11;ibm_kingston;76;True
2026-07-13 09:19:11;ibm_marrakesh;1;True
2026-07-13 10:19:14;ibm_fez;1;True
2026-07-13 10:19:14;ibm_kingston;83;True
2026-07-13 10:19:14;ibm_marrakesh;4;True
2026-07-13 11:19:18;ibm_fez;0;True
2026-07-13 11:19:18;ibm_kingston;89;True
2026-07-13 11:19:18;ibm_marrakesh;2;True
2026-07-13 12:19:21;ibm_fez;1;True
2026-07-13 12:19:21;ibm_kingston;91;True
2026-07-13 12:19:21;ibm_marrakesh;1;True
2026-07-13 13:19:24;ibm_fez;9;True
2026-07-13 13:19:24;ibm_kingston;84;True
2026-07-13 13:19:24;ibm_marrakesh;8;True
2026-07-13 14:19:27;ibm_fez;14;True
2026-07-13 14:19:27;ibm_kingston;93;True
2026-07-13 14:19:27;ibm_marrakesh;2;True
2026-07-13 15:19:31;ibm_fez;28;True
2026-07-13 15:19:31;ibm_kingston;70;True
2026-07-13 15:19:31;ibm_marrakesh;10;True
2026-07-13 16:19:34;ibm_fez;16;True
2026-07-13 16:19:34;ibm_kingston;6;True
2026-07-13 16:19:34;ibm_marrakesh;2;True
2026-07-13 17:19:38;ibm_fez;20;True
2026-07-13 17:19:38;ibm_kingston;12;True
2026-07-13 17:19:38;ibm_marrakesh;5;True
2026-07-13 18:19:42;ibm_fez;24;True
2026-07-13 18:19:42;ibm_kingston;4;True
2026-07-13 18:19:42;ibm_marrakesh;6;True
2026-07-13 19:19:46;ibm_fez;6;True
2026-07-13 19:19:46;ibm_kingston;2;True
2026-07-13 19:19:46;ibm_marrakesh;3;True
2026-07-13 20:19:50;ibm_fez;3;True
2026-07-13 20:19:50;ibm_kingston;27;True
2026-07-13 20:19:50;ibm_marrakesh;2;True
2026-07-13 21:19:54;ibm_fez;38803;True
2026-07-13 21:19:54;ibm_kingston;46453;True
2026-07-13 21:19:54;ibm_marrakesh;1;True
2026-07-13 22:19:57;ibm_fez;4;True
2026-07-13 22:19:57;ibm_kingston;1;True
2026-07-13 22:19:57;ibm_marrakesh;8;True
2026-07-13 23:20:01;ibm_fez;1;True
2026-07-13 23:20:01;ibm_kingston;1;True
2026-07-13 23:20:01;ibm_marrakesh;1;True
2026-07-14 00:20:04;ibm_fez;1;True
2026-07-14 00:20:04;ibm_kingston;0;True
2026-07-14 00:20:04;ibm_marrakesh;1;True
2026-07-14 01:20:08;ibm_fez;1;True
2026-07-14 01:20:08;ibm_kingston;1;True
2026-07-14 01:20:08;ibm_marrakesh;1;True
2026-07-14 02:20:11;ibm_fez;0;True
2026-07-14 02:20:11;ibm_kingston;0;True
2026-07-14 02:20:11;ibm_marrakesh;0;True
2026-07-14 03:20:16;ibm_fez;0;True
2026-07-14 03:20:16;ibm_kingston;1;True
2026-07-14 03:20:16;ibm_marrakesh;0;True
2026-07-14 04:20:19;ibm_fez;12;True
2026-07-14 04:20:19;ibm_kingston;4;True
2026-07-14 04:20:19;ibm_marrakesh;0;True
2026-07-14 05:20:23;ibm_fez;1;True
2026-07-14 05:20:23;ibm_kingston;0;True
2026-07-14 05:20:23;ibm_marrakesh;0;True
2026-07-14 06:20:27;ibm_fez;1;True
2026-07-14 06:20:27;ibm_kingston;0;True
2026-07-14 06:20:27;ibm_marrakesh;0;True
2026-07-14 07:20:31;ibm_fez;1;True
2026-07-14 07:20:31;ibm_kingston;2;True
2026-07-14 07:20:31;ibm_marrakesh;0;True
2026-07-14 08:20:34;ibm_fez;0;True
2026-07-14 08:20:34;ibm_kingston;0;True
2026-07-14 08:20:34;ibm_marrakesh;0;True
2026-07-14 09:20:38;ibm_fez;2;True
2026-07-14 09:20:38;ibm_kingston;0;True
2026-07-14 09:20:38;ibm_marrakesh;2;True
2026-07-14 10:20:41;ibm_fez;1;True
2026-07-14 10:20:41;ibm_kingston;3;True
2026-07-14 10:20:41;ibm_marrakesh;2;True
2026-07-14 11:20:45;ibm_fez;1;True
2026-07-14 11:20:45;ibm_kingston;0;True
2026-07-14 11:20:45;ibm_marrakesh;6;True
2026-07-14 12:20:48;ibm_fez;3;True
2026-07-14 12:20:48;ibm_kingston;6;True
2026-07-14 12:20:48;ibm_marrakesh;1;True
2026-07-14 13:20:51;ibm_fez;12;True
2026-07-14 13:20:51;ibm_kingston;15;True
2026-07-14 13:20:51;ibm_marrakesh;0;True
2026-07-14 14:20:55;ibm_fez;13;True
2026-07-14 14:20:55;ibm_kingston;1;True
2026-07-14 14:20:55;ibm_marrakesh;3;True
2026-07-14 15:20:58;ibm_fez;2930;True
2026-07-14 15:20:58;ibm_kingston;6;True
2026-07-14 15:20:58;ibm_marrakesh;31;True
2026-07-14 16:21:02;ibm_fez;2932;True
2026-07-14 16:21:02;ibm_kingston;13;True
2026-07-14 16:21:02;ibm_marrakesh;5;True
2026-07-14 17:21:06;ibm_fez;2935;True
2026-07-14 17:21:06;ibm_kingston;26;True
2026-07-14 17:21:06;ibm_marrakesh;2;True
2026-07-14 18:21:09;ibm_fez;2937;True
2026-07-14 18:21:09;ibm_kingston;4;True
2026-07-14 18:21:09;ibm_marrakesh;0;True
2026-07-14 19:21:13;ibm_fez;2945;True
2026-07-14 19:21:13;ibm_kingston;1;True
2026-07-14 19:21:13;ibm_marrakesh;5;True
2026-07-14 20:21:16;ibm_fez;2941;True
2026-07-14 20:21:16;ibm_kingston;14;True
2026-07-14 20:21:16;ibm_marrakesh;0;True
2026-07-14 21:21:20;ibm_fez;2;True
2026-07-14 21:21:20;ibm_kingston;12;True
2026-07-14 21:21:20;ibm_marrakesh;1;True
2026-07-14 22:21:24;ibm_fez;6;True
2026-07-14 22:21:24;ibm_kingston;30;True
2026-07-14 22:21:24;ibm_marrakesh;0;True
2026-07-14 23:21:26;ibm_fez;4;True
2026-07-14 23:21:26;ibm_kingston;2;True
2026-07-14 23:21:26;ibm_marrakesh;8;True
2026-07-15 00:21:30;ibm_fez;8;True
2026-07-15 00:21:30;ibm_kingston;28;True
2026-07-15 00:21:30;ibm_marrakesh;3;True
2026-07-15 01:21:34;ibm_fez;37;True
2026-07-15 01:21:34;ibm_kingston;82;True
2026-07-15 01:21:34;ibm_marrakesh;0;True
2026-07-15 02:21:37;ibm_fez;11;True
2026-07-15 02:21:37;ibm_kingston;1;True
2026-07-15 02:21:37;ibm_marrakesh;7;True
2026-07-15 03:21:41;ibm_fez;1;True
2026-07-15 03:21:41;ibm_kingston;0;True
2026-07-15 03:21:41;ibm_marrakesh;0;True
2026-07-15 04:21:44;ibm_fez;1;True
2026-07-15 04:21:44;ibm_kingston;0;True
2026-07-15 04:21:44;ibm_marrakesh;0;True
2026-07-15 05:21:48;ibm_fez;4;True
2026-07-15 05:21:48;ibm_kingston;3;True
2026-07-15 05:21:48;ibm_marrakesh;0;True
2026-07-15 06:21:51;ibm_fez;28;True
2026-07-15 06:21:51;ibm_kingston;0;True
2026-07-15 06:21:51;ibm_marrakesh;3;True
2026-07-15 07:21:55;ibm_fez;6;True
2026-07-15 07:21:55;ibm_kingston;0;True
2026-07-15 07:21:55;ibm_marrakesh;1;True
2026-07-15 08:21:59;ibm_fez;12;True
2026-07-15 08:21:59;ibm_kingston;7;True
2026-07-15 08:21:59;ibm_marrakesh;11;True
2026-07-15 09:22:02;ibm_fez;5;True
2026-07-15 09:22:02;ibm_kingston;3;True
2026-07-15 09:22:02;ibm_marrakesh;0;True
2026-07-15 10:22:06;ibm_fez;4;True
2026-07-15 10:22:06;ibm_kingston;2;True
2026-07-15 10:22:06;ibm_marrakesh;2;True
2026-07-15 11:22:09;ibm_fez;7;True
2026-07-15 11:22:09;ibm_kingston;0;True
2026-07-15 11:22:09;ibm_marrakesh;6;True
2026-07-15 12:22:13;ibm_fez;5;True
2026-07-15 12:22:13;ibm_kingston;4;True
2026-07-15 12:22:13;ibm_marrakesh;13;True
2026-07-15 13:22:17;ibm_fez;17;True
2026-07-15 13:22:17;ibm_kingston;16;True
2026-07-15 13:22:17;ibm_marrakesh;2;True
2026-07-15 14:22:20;ibm_fez;32;True
2026-07-15 14:22:20;ibm_kingston;33;True
2026-07-15 14:22:20;ibm_marrakesh;108;True
2026-07-15 15:22:24;ibm_fez;51;True
2026-07-15 15:22:24;ibm_kingston;54;True
2026-07-15 15:22:24;ibm_marrakesh;112;True
2026-07-15 16:22:27;ibm_fez;106;True
2026-07-15 16:22:27;ibm_kingston;122;True
2026-07-15 16:22:27;ibm_marrakesh;147;True
2026-07-15 17:22:31;ibm_fez;339;True
2026-07-15 17:22:31;ibm_kingston;276;True
2026-07-15 17:22:31;ibm_marrakesh;358;True
2026-07-15 18:22:34;ibm_fez;451;True
2026-07-15 18:22:34;ibm_kingston;185;True
2026-07-15 18:22:34;ibm_marrakesh;375;True
2026-07-15 19:22:40;ibm_fez;460;True
2026-07-15 19:22:40;ibm_kingston;144;True
2026-07-15 19:22:40;ibm_marrakesh;377;True
2026-07-15 20:22:44;ibm_fez;435;True
2026-07-15 20:22:44;ibm_kingston;125;True
2026-07-15 20:22:44;ibm_marrakesh;377;True
2026-07-15 21:22:49;ibm_fez;187;True
2026-07-15 21:22:49;ibm_kingston;121;True
2026-07-15 21:22:49;ibm_marrakesh;381;True
2026-07-15 22:22:52;ibm_fez;172;True
2026-07-15 22:22:52;ibm_kingston;167;True
2026-07-15 22:22:52;ibm_marrakesh;304;True
2026-07-15 23:22:56;ibm_fez;156;True
2026-07-15 23:22:56;ibm_kingston;168;True
2026-07-15 23:22:56;ibm_marrakesh;301;True
2026-07-16 00:23:00;ibm_fez;157;True
2026-07-16 00:23:00;ibm_kingston;174;True
2026-07-16 00:23:00;ibm_marrakesh;312;True
2026-07-16 01:23:04;ibm_fez;152;True
2026-07-16 01:23:04;ibm_kingston;175;True
2026-07-16 01:23:04;ibm_marrakesh;258;True
2026-07-16 02:23:07;ibm_fez;157;True
2026-07-16 02:23:07;ibm_kingston;130;True
2026-07-16 02:23:07;ibm_marrakesh;158;True
2026-07-16 03:23:12;ibm_fez;141;True
2026-07-16 03:23:12;ibm_kingston;63;True
2026-07-16 03:23:12;ibm_marrakesh;107;True
2026-07-16 04:23:15;ibm_fez;97;True
2026-07-16 04:23:15;ibm_kingston;1;True
2026-07-16 04:23:15;ibm_marrakesh;164;True
2026-07-16 05:23:19;ibm_fez;65;True
2026-07-16 05:23:19;ibm_kingston;2;True
2026-07-16 05:23:19;ibm_marrakesh;164;True
2026-07-16 06:23:22;ibm_fez;6;True
2026-07-16 06:23:22;ibm_kingston;20;True
2026-07-16 06:23:22;ibm_marrakesh;74;True
2026-07-16 07:23:27;ibm_fez;28;True
2026-07-16 07:23:27;ibm_kingston;18;True
2026-07-16 07:23:27;ibm_marrakesh;149;True
2026-07-16 08:23:30;ibm_fez;16;True
2026-07-16 08:23:30;ibm_kingston;19;True
2026-07-16 08:23:30;ibm_marrakesh;151;True
2026-07-16 09:23:34;ibm_fez;40;True
2026-07-16 09:23:34;ibm_kingston;37;True
2026-07-16 09:23:34;ibm_marrakesh;42;True
2026-07-16 10:23:37;ibm_fez;43;True
2026-07-16 10:23:37;ibm_kingston;48;True
2026-07-16 10:23:37;ibm_marrakesh;48;True
2026-07-16 11:23:40;ibm_fez;25;True
2026-07-16 11:23:40;ibm_kingston;34;True
2026-07-16 11:23:40;ibm_marrakesh;51;True
2026-07-16 12:23:44;ibm_fez;16;True
2026-07-16 12:23:44;ibm_kingston;36;True
2026-07-16 12:23:44;ibm_marrakesh;1;True
2026-07-16 13:23:48;ibm_fez;56;True
2026-07-16 13:23:48;ibm_kingston;44;True
2026-07-16 13:23:48;ibm_marrakesh;8;True
2026-07-16 14:23:51;ibm_fez;4;True
2026-07-16 14:23:51;ibm_kingston;19;True
2026-07-16 14:23:51;ibm_marrakesh;15;True
2026-07-16 15:23:55;ibm_fez;16;True
2026-07-16 15:23:55;ibm_kingston;14;True
2026-07-16 15:23:55;ibm_marrakesh;25;True
2026-07-16 16:23:58;ibm_fez;33;True
2026-07-16 16:23:58;ibm_kingston;1;True
2026-07-16 16:23:58;ibm_marrakesh;3;True
2026-07-16 17:24:02;ibm_fez;10;True
2026-07-16 17:24:02;ibm_kingston;15;True
2026-07-16 17:24:02;ibm_marrakesh;0;True
2026-07-16 18:24:05;ibm_fez;22;True
2026-07-16 18:24:05;ibm_kingston;27;True
2026-07-16 18:24:05;ibm_marrakesh;37;True
2026-07-16 19:24:09;ibm_fez;29;True
2026-07-16 19:24:09;ibm_kingston;89;True
2026-07-16 19:24:09;ibm_marrakesh;16;True
2026-07-16 20:24:12;ibm_fez;36;True
2026-07-16 20:24:12;ibm_kingston;66;True
2026-07-16 20:24:12;ibm_marrakesh;12;True
2026-07-16 21:24:17;ibm_fez;40;True
2026-07-16 21:24:17;ibm_kingston;42;True
2026-07-16 21:24:17;ibm_marrakesh;11;True
2026-07-16 22:24:20;ibm_fez;44;True
2026-07-16 22:24:20;ibm_kingston;17;True
2026-07-16 22:24:20;ibm_marrakesh;6;True
2026-07-16 23:24:24;ibm_fez;0;True
2026-07-16 23:24:24;ibm_kingston;5;True
2026-07-16 23:24:24;ibm_marrakesh;1;True
2026-07-17 00:24:28;ibm_fez;0;True
2026-07-17 00:24:28;ibm_kingston;4;True
2026-07-17 00:24:28;ibm_marrakesh;1;True
2026-07-17 01:24:31;ibm_fez;0;True
2026-07-17 01:24:31;ibm_kingston;4;True
2026-07-17 01:24:31;ibm_marrakesh;0;True
2026-07-17 02:24:35;ibm_fez;2;True
2026-07-17 02:24:35;ibm_kingston;2;True
2026-07-17 02:24:35;ibm_marrakesh;2;True
2026-07-17 03:24:39;ibm_fez;4;True
2026-07-17 03:24:39;ibm_kingston;3;True
2026-07-17 03:24:39;ibm_marrakesh;0;True
2026-07-17 04:24:41;ibm_fez;3;True
2026-07-17 04:24:41;ibm_kingston;22;True
2026-07-17 04:24:41;ibm_marrakesh;3;True
2026-07-17 05:24:45;ibm_fez;7;True
2026-07-17 05:24:45;ibm_kingston;13;True
2026-07-17 05:24:45;ibm_marrakesh;8;True
2026-07-17 06:24:49;ibm_fez;3;True
2026-07-17 06:24:49;ibm_kingston;18;True
2026-07-17 06:24:49;ibm_marrakesh;1;True
2026-07-17 07:24:52;ibm_fez;3;True
2026-07-17 07:24:52;ibm_kingston;8;True
2026-07-17 07:24:52;ibm_marrakesh;1;True
2026-07-17 08:24:56;ibm_fez;0;True
2026-07-17 08:24:56;ibm_kingston;11;True
2026-07-17 08:24:56;ibm_marrakesh;1;True
2026-07-17 09:25:00;ibm_fez;0;True
2026-07-17 09:25:00;ibm_kingston;5;True
2026-07-17 09:25:00;ibm_marrakesh;1;True
2026-07-17 10:25:04;ibm_fez;0;True
2026-07-17 10:25:04;ibm_kingston;1;True
2026-07-17 10:25:04;ibm_marrakesh;0;True
2026-07-17 11:25:08;ibm_fez;2;True
2026-07-17 11:25:08;ibm_kingston;6;True
2026-07-17 11:25:08;ibm_marrakesh;22;True
2026-07-17 12:25:11;ibm_fez;0;True
2026-07-17 12:25:11;ibm_kingston;6;True
2026-07-17 12:25:11;ibm_marrakesh;2;True
2026-07-17 13:25:15;ibm_fez;42;True
2026-07-17 13:25:15;ibm_kingston;36;True
2026-07-17 13:25:15;ibm_marrakesh;0;True
2026-07-17 14:25:18;ibm_fez;24;True
2026-07-17 14:25:18;ibm_kingston;47;True
2026-07-17 14:25:18;ibm_marrakesh;25;True
2026-07-17 15:25:22;ibm_fez;0;True
2026-07-17 15:25:22;ibm_kingston;5;True
2026-07-17 15:25:22;ibm_marrakesh;6;True
2026-07-17 16:25:25;ibm_fez;8;True
2026-07-17 16:25:25;ibm_kingston;31;True
2026-07-17 16:25:25;ibm_marrakesh;13;True
2026-07-17 17:25:29;ibm_fez;21;True
2026-07-17 17:25:29;ibm_kingston;3;True
2026-07-17 17:25:29;ibm_marrakesh;27;True
2026-07-17 18:25:32;ibm_fez;2;True
2026-07-17 18:25:32;ibm_kingston;2;True
2026-07-17 18:25:32;ibm_marrakesh;5;True
2026-07-17 19:25:36;ibm_fez;3;True
2026-07-17 19:25:36;ibm_kingston;43;True
2026-07-17 19:25:36;ibm_marrakesh;6;True
2026-07-17 20:25:39;ibm_fez;1;True
2026-07-17 20:25:39;ibm_kingston;8;True
2026-07-17 20:25:39;ibm_marrakesh;7;True
2026-07-17 21:25:44;ibm_fez;12;True
2026-07-17 21:25:44;ibm_kingston;12;True
2026-07-17 21:25:44;ibm_marrakesh;9;True
2026-07-17 22:25:47;ibm_fez;1;True
2026-07-17 22:25:47;ibm_kingston;11;True
2026-07-17 22:25:47;ibm_marrakesh;10;True
2026-07-17 23:25:51;ibm_fez;24;True
2026-07-17 23:25:51;ibm_kingston;11;True
2026-07-17 23:25:51;ibm_marrakesh;12;True
2026-07-18 00:25:54;ibm_fez;1;True
2026-07-18 00:25:54;ibm_kingston;3;True
2026-07-18 00:25:54;ibm_marrakesh;6;True
2026-07-18 01:25:58;ibm_fez;0;True
2026-07-18 01:25:58;ibm_kingston;38;True
2026-07-18 01:25:58;ibm_marrakesh;2;True
2026-07-18 02:26:01;ibm_fez;1;True
2026-07-18 02:26:01;ibm_kingston;4;True
2026-07-18 02:26:01;ibm_marrakesh;3;True
2026-07-18 03:26:06;ibm_fez;8;True
2026-07-18 03:26:06;ibm_kingston;23;True
2026-07-18 03:26:06;ibm_marrakesh;1;True
2026-07-18 04:26:09;ibm_fez;1;True
2026-07-18 04:26:09;ibm_kingston;107;True
2026-07-18 04:26:09;ibm_marrakesh;2;True
2026-07-18 05:26:12;ibm_fez;0;True
2026-07-18 05:26:12;ibm_kingston;51;True
2026-07-18 05:26:12;ibm_marrakesh;2;True
2026-07-18 06:26:15;ibm_fez;0;True
2026-07-18 06:26:15;ibm_kingston;6;True
2026-07-18 06:26:15;ibm_marrakesh;1;True
2026-07-18 07:26:20;ibm_fez;0;True
2026-07-18 07:26:20;ibm_kingston;24;True
2026-07-18 07:26:20;ibm_marrakesh;0;True
2026-07-18 08:26:24;ibm_fez;7;True
2026-07-18 08:26:24;ibm_kingston;21;True
2026-07-18 08:26:24;ibm_marrakesh;0;True
2026-07-18 09:26:28;ibm_fez;47;True
2026-07-18 09:26:28;ibm_kingston;7;True
2026-07-18 09:26:28;ibm_marrakesh;2;True
2026-07-18 10:26:31;ibm_fez;51;True
2026-07-18 10:26:31;ibm_kingston;3;True
2026-07-18 10:26:31;ibm_marrakesh;0;True
2026-07-18 11:26:35;ibm_fez;55;True
2026-07-18 11:26:35;ibm_kingston;2;True
2026-07-18 11:26:35;ibm_marrakesh;0;True
2026-07-18 12:26:38;ibm_fez;4;True
2026-07-18 12:26:38;ibm_kingston;7;True
2026-07-18 12:26:38;ibm_marrakesh;0;True
2026-07-18 13:26:42;ibm_fez;8;True
2026-07-18 13:26:42;ibm_kingston;23;True
2026-07-18 13:26:42;ibm_marrakesh;0;True
2026-07-18 14:26:45;ibm_fez;1;True
2026-07-18 14:26:45;ibm_kingston;4;True
2026-07-18 14:26:45;ibm_marrakesh;2;True
2026-07-18 15:26:50;ibm_fez;0;True
2026-07-18 15:26:50;ibm_kingston;6;True
2026-07-18 15:26:50;ibm_marrakesh;0;True
2026-07-18 16:26:53;ibm_fez;2;True
2026-07-18 16:26:53;ibm_kingston;3;True
2026-07-18 16:26:53;ibm_marrakesh;0;True
2026-07-18 17:26:56;ibm_fez;0;True
2026-07-18 17:26:56;ibm_kingston;2;True
2026-07-18 17:26:56;ibm_marrakesh;1;True
2026-07-18 18:26:59;ibm_fez;7;True
2026-07-18 18:26:59;ibm_kingston;4;True
2026-07-18 18:26:59;ibm_marrakesh;2;True
2026-07-18 19:27:03;ibm_fez;5;True
2026-07-18 19:27:03;ibm_kingston;7;True
2026-07-18 19:27:03;ibm_marrakesh;6;True
2026-07-18 20:27:06;ibm_fez;0;True
2026-07-18 20:27:06;ibm_kingston;2;True
2026-07-18 20:27:06;ibm_marrakesh;3;True
2026-07-18 21:27:09;ibm_fez;1;True
2026-07-18 21:27:09;ibm_kingston;5;True
2026-07-18 21:27:09;ibm_marrakesh;3;True
2026-07-18 22:27:12;ibm_fez;0;True
2026-07-18 22:27:12;ibm_kingston;1;True
2026-07-18 22:27:12;ibm_marrakesh;1;True
2026-07-18 23:27:16;ibm_fez;0;True
2026-07-18 23:27:16;ibm_kingston;0;True
2026-07-18 23:27:16;ibm_marrakesh;0;True
2026-07-19 00:27:20;ibm_fez;1;True
2026-07-19 00:27:20;ibm_kingston;1;True
2026-07-19 00:27:20;ibm_marrakesh;1;True
2026-07-19 01:27:23;ibm_fez;1;True
2026-07-19 01:27:23;ibm_kingston;15;True
2026-07-19 01:27:23;ibm_marrakesh;4;True
2026-07-19 02:27:26;ibm_fez;1;True
2026-07-19 02:27:26;ibm_kingston;1;True
2026-07-19 02:27:26;ibm_marrakesh;0;True
2026-07-19 03:27:30;ibm_fez;3;True
2026-07-19 03:27:30;ibm_kingston;0;True
2026-07-19 03:27:30;ibm_marrakesh;0;True
2026-07-19 04:27:33;ibm_fez;2;True
2026-07-19 04:27:33;ibm_kingston;1;True
2026-07-19 04:27:33;ibm_marrakesh;0;True
2026-07-19 05:27:37;ibm_fez;0;True
2026-07-19 05:27:37;ibm_kingston;3;True
2026-07-19 05:27:37;ibm_marrakesh;0;True
2026-07-19 06:27:40;ibm_fez;2;True
2026-07-19 06:27:40;ibm_kingston;3;True
2026-07-19 06:27:40;ibm_marrakesh;0;True
2026-07-19 07:27:45;ibm_fez;0;True
2026-07-19 07:27:45;ibm_kingston;2;True
2026-07-19 07:27:45;ibm_marrakesh;0;True
2026-07-19 08:27:48;ibm_fez;0;True
2026-07-19 08:27:48;ibm_kingston;3;True
2026-07-19 08:27:48;ibm_marrakesh;0;True
2026-07-19 09:27:52;ibm_fez;0;True
2026-07-19 09:27:52;ibm_kingston;0;True
2026-07-19 09:27:52;ibm_marrakesh;0;True
2026-07-19 10:27:55;ibm_fez;0;True
2026-07-19 10:27:55;ibm_kingston;29;True
2026-07-19 10:27:55;ibm_marrakesh;0;True
2026-07-19 11:28:00;ibm_fez;0;True
2026-07-19 11:28:00;ibm_kingston;0;True
2026-07-19 11:28:00;ibm_marrakesh;0;True
2026-07-19 12:28:03;ibm_fez;0;True
2026-07-19 12:28:03;ibm_kingston;0;True
2026-07-19 12:28:03;ibm_marrakesh;1;True
2026-07-19 13:28:07;ibm_fez;1;True
2026-07-19 13:28:07;ibm_kingston;0;True
2026-07-19 13:28:07;ibm_marrakesh;2;True
2026-07-19 14:28:10;ibm_fez;0;True
2026-07-19 14:28:10;ibm_kingston;2;True
2026-07-19 14:28:10;ibm_marrakesh;2;True
2026-07-19 15:28:14;ibm_fez;0;True
2026-07-19 15:28:14;ibm_kingston;5;True
2026-07-19 15:28:14;ibm_marrakesh;1;True
2026-07-19 16:28:17;ibm_fez;3;True
2026-07-19 16:28:17;ibm_kingston;3;True
2026-07-19 16:28:17;ibm_marrakesh;1;True
2026-07-19 17:28:21;ibm_fez;3;True
2026-07-19 17:28:21;ibm_kingston;2;True
2026-07-19 17:28:21;ibm_marrakesh;1;True
2026-07-19 18:28:24;ibm_fez;2;True
2026-07-19 18:28:24;ibm_kingston;1;True
2026-07-19 18:28:24;ibm_marrakesh;0;True
2026-07-19 19:28:28;ibm_fez;2;True
2026-07-19 19:28:28;ibm_kingston;1;True
2026-07-19 19:28:28;ibm_marrakesh;0;True
2026-07-19 20:28:31;ibm_fez;1;True
2026-07-19 20:28:31;ibm_kingston;0;True
2026-07-19 20:28:31;ibm_marrakesh;1;True
2026-07-19 21:28:37;ibm_fez;2;True
2026-07-19 21:28:37;ibm_kingston;0;True
2026-07-19 21:28:37;ibm_marrakesh;0;True
2026-07-19 22:28:40;ibm_fez;0;True
2026-07-19 22:28:40;ibm_kingston;0;True
2026-07-19 22:28:40;ibm_marrakesh;1;True
2026-07-19 23:28:44;ibm_fez;1;True
2026-07-19 23:28:44;ibm_kingston;6;True
2026-07-19 23:28:44;ibm_marrakesh;2;True
2026-07-20 00:28:46;ibm_fez;1;True
2026-07-20 00:28:46;ibm_kingston;3;True
2026-07-20 00:28:46;ibm_marrakesh;0;True
2026-07-20 01:28:50;ibm_fez;1;True
2026-07-20 01:28:50;ibm_kingston;1;True
2026-07-20 01:28:50;ibm_marrakesh;0;True
2026-07-20 02:28:53;ibm_fez;3;True
2026-07-20 02:28:53;ibm_kingston;0;True
2026-07-20 02:28:53;ibm_marrakesh;0;True
2026-07-20 03:28:57;ibm_fez;24;True
2026-07-20 03:28:57;ibm_kingston;0;True
2026-07-20 03:28:57;ibm_marrakesh;0;True
2026-07-20 04:29:00;ibm_fez;0;True
2026-07-20 04:29:00;ibm_kingston;1;True
2026-07-20 04:29:00;ibm_marrakesh;0;True
2026-07-20 05:29:04;ibm_fez;0;True
2026-07-20 05:29:04;ibm_kingston;1;True
2026-07-20 05:29:04;ibm_marrakesh;1;True
2026-07-20 06:29:06;ibm_fez;1;True
2026-07-20 06:29:06;ibm_kingston;0;True
2026-07-20 06:29:06;ibm_marrakesh;0;True
2026-07-20 07:29:10;ibm_fez;0;True
2026-07-20 07:29:10;ibm_kingston;3;True
2026-07-20 07:29:10;ibm_marrakesh;3;True
2026-07-20 08:29:14;ibm_fez;0;True
2026-07-20 08:29:14;ibm_kingston;3;True
2026-07-20 08:29:14;ibm_marrakesh;5;True
2026-07-20 09:29:17;ibm_fez;2;True
2026-07-20 09:29:17;ibm_kingston;4;True
2026-07-20 09:29:17;ibm_marrakesh;0;True
2026-07-20 10:29:20;ibm_fez;0;True
2026-07-20 10:29:20;ibm_kingston;0;True
2026-07-20 10:29:20;ibm_marrakesh;0;True
2026-07-20 11:29:24;ibm_fez;10;True
2026-07-20 11:29:24;ibm_kingston;0;True
2026-07-20 11:29:24;ibm_marrakesh;1;True
2026-07-20 12:29:28;ibm_fez;2;True
2026-07-20 12:29:28;ibm_kingston;4;True
2026-07-20 12:29:28;ibm_marrakesh;2;True
2026-07-20 13:29:32;ibm_fez;0;True
2026-07-20 13:29:32;ibm_kingston;127;True
2026-07-20 13:29:32;ibm_marrakesh;0;True
2026-07-20 14:29:35;ibm_fez;1;True
2026-07-20 14:29:35;ibm_kingston;142;True
2026-07-20 14:29:35;ibm_marrakesh;0;True
2026-07-20 15:29:39;ibm_fez;4;True
2026-07-20 15:29:39;ibm_kingston;131;True
2026-07-20 15:29:39;ibm_marrakesh;2;True
2026-07-20 16:29:42;ibm_fez;1;True
2026-07-20 16:29:42;ibm_kingston;123;True
2026-07-20 16:29:42;ibm_marrakesh;0;True
2026-07-20 17:29:46;ibm_fez;2;True
2026-07-20 17:29:46;ibm_kingston;130;True
2026-07-20 17:29:46;ibm_marrakesh;17;True
2026-07-20 18:29:49;ibm_fez;35;True
2026-07-20 18:29:49;ibm_kingston;131;True
2026-07-20 18:29:49;ibm_marrakesh;8;True
2026-07-20 19:29:53;ibm_fez;9;True
2026-07-20 19:29:53;ibm_kingston;167;True
2026-07-20 19:29:53;ibm_marrakesh;2;True
2026-07-20 20:29:55;ibm_fez;8;True
2026-07-20 20:29:55;ibm_kingston;165;True
2026-07-20 20:29:55;ibm_marrakesh;1;True
2026-07-20 21:30:00;ibm_fez;0;True
2026-07-20 21:30:00;ibm_kingston;161;True
2026-07-20 21:30:00;ibm_marrakesh;1;True
2026-07-20 22:30:03;ibm_fez;0;True
2026-07-20 22:30:03;ibm_kingston;158;True
2026-07-20 22:30:03;ibm_marrakesh;0;True
2026-07-20 23:30:08;ibm_fez;14;True
2026-07-20 23:30:08;ibm_kingston;151;True
2026-07-20 23:30:08;ibm_marrakesh;0;True
2026-07-21 00:30:11;ibm_fez;0;True
2026-07-21 00:30:11;ibm_kingston;140;True
2026-07-21 00:30:11;ibm_marrakesh;0;True
2026-07-21 01:30:15;ibm_fez;1;True
2026-07-21 01:30:15;ibm_kingston;262;True
2026-07-21 01:30:15;ibm_marrakesh;0;True
2026-07-21 02:30:17;ibm_fez;0;True
2026-07-21 02:30:17;ibm_kingston;282;True
2026-07-21 02:30:17;ibm_marrakesh;0;True
2026-07-21 03:30:22;ibm_fez;0;True
2026-07-21 03:30:22;ibm_kingston;273;True
2026-07-21 03:30:22;ibm_marrakesh;1;True
2026-07-21 04:30:25;ibm_fez;15;True
2026-07-21 04:30:25;ibm_kingston;269;True
2026-07-21 04:30:25;ibm_marrakesh;4;True
2026-07-21 05:30:29;ibm_fez;1;True
2026-07-21 05:30:29;ibm_kingston;265;True
2026-07-21 05:30:29;ibm_marrakesh;1;True
2026-07-21 06:30:32;ibm_fez;85;True
2026-07-21 06:30:32;ibm_kingston;258;True
2026-07-21 06:30:32;ibm_marrakesh;1;True
2026-07-21 07:30:36;ibm_fez;5;True
2026-07-21 07:30:36;ibm_kingston;223;True
2026-07-21 07:30:36;ibm_marrakesh;1;True
2026-07-21 08:30:39;ibm_fez;1;True
2026-07-21 08:30:39;ibm_kingston;262;True
2026-07-21 08:30:39;ibm_marrakesh;0;True
2026-07-21 09:30:43;ibm_fez;0;True
2026-07-21 09:30:43;ibm_kingston;253;True
2026-07-21 09:30:43;ibm_marrakesh;0;True
2026-07-21 10:30:46;ibm_fez;0;True
2026-07-21 10:30:46;ibm_kingston;246;True
2026-07-21 10:30:46;ibm_marrakesh;0;True
2026-07-21 11:30:50;ibm_fez;1;True
2026-07-21 11:30:50;ibm_kingston;241;True
2026-07-21 11:30:50;ibm_marrakesh;2;True
2026-07-21 12:30:53;ibm_fez;71;True
2026-07-21 12:30:53;ibm_kingston;245;True
2026-07-21 12:30:53;ibm_marrakesh;21;True
2026-07-21 13:30:56;ibm_fez;58;True
2026-07-21 13:30:56;ibm_kingston;240;True
2026-07-21 13:30:56;ibm_marrakesh;17;True
2026-07-21 14:31:00;ibm_fez;0;True
2026-07-21 14:31:00;ibm_kingston;241;True
2026-07-21 14:31:00;ibm_marrakesh;48;True
2026-07-21 15:31:05;ibm_fez;0;True
2026-07-21 15:31:05;ibm_kingston;245;True
2026-07-21 15:31:05;ibm_marrakesh;0;True
2026-07-21 16:31:08;ibm_fez;1;True
2026-07-21 16:31:08;ibm_kingston;246;True
2026-07-21 16:31:08;ibm_marrakesh;1;True
2026-07-21 17:31:13;ibm_fez;2;True
2026-07-21 17:31:13;ibm_kingston;257;True
2026-07-21 17:31:13;ibm_marrakesh;21;True
2026-07-21 18:31:16;ibm_fez;55;True
2026-07-21 18:31:16;ibm_kingston;270;True
2026-07-21 18:31:16;ibm_marrakesh;2;True
2026-07-21 19:31:20;ibm_fez;75;True
2026-07-21 19:31:20;ibm_kingston;275;True
2026-07-21 19:31:20;ibm_marrakesh;3;True
2026-07-21 20:31:23;ibm_fez;3;True
2026-07-21 20:31:23;ibm_kingston;263;True
2026-07-21 20:31:23;ibm_marrakesh;6;True
2026-07-21 21:31:27;ibm_fez;52;True
2026-07-21 21:31:27;ibm_kingston;307;True
2026-07-21 21:31:27;ibm_marrakesh;1;True
2026-07-21 22:31:30;ibm_fez;50;True
2026-07-21 22:31:30;ibm_kingston;302;True
2026-07-21 22:31:30;ibm_marrakesh;0;True
2026-07-21 23:31:34;ibm_fez;55;True
2026-07-21 23:31:34;ibm_kingston;291;True
2026-07-21 23:31:34;ibm_marrakesh;3;True
2026-07-22 00:31:37;ibm_fez;5;True
2026-07-22 00:31:37;ibm_kingston;283;True
2026-07-22 00:31:37;ibm_marrakesh;0;True
2026-07-22 01:31:41;ibm_fez;0;True
2026-07-22 01:31:41;ibm_kingston;316;True
2026-07-22 01:31:41;ibm_marrakesh;0;True
2026-07-22 02:31:44;ibm_fez;2;True
2026-07-22 02:31:44;ibm_kingston;314;True
2026-07-22 02:31:44;ibm_marrakesh;0;True
2026-07-22 03:31:49;ibm_fez;1;True
2026-07-22 03:31:49;ibm_kingston;304;True
2026-07-22 03:31:49;ibm_marrakesh;0;True
2026-07-22 04:31:52;ibm_fez;2;True
2026-07-22 04:31:52;ibm_kingston;300;True
2026-07-22 04:31:52;ibm_marrakesh;2;True
2026-07-22 05:31:56;ibm_fez;0;True
2026-07-22 05:31:56;ibm_kingston;288;True
2026-07-22 05:31:56;ibm_marrakesh;1;True
2026-07-22 06:32:00;ibm_fez;32;True
2026-07-22 06:32:00;ibm_kingston;279;True
2026-07-22 06:32:00;ibm_marrakesh;10;True
2026-07-22 07:32:04;ibm_fez;1;True
2026-07-22 07:32:04;ibm_kingston;277;True
2026-07-22 07:32:04;ibm_marrakesh;2;True
2026-07-22 08:32:08;ibm_fez;1;True
2026-07-22 08:32:08;ibm_kingston;273;True
2026-07-22 08:32:08;ibm_marrakesh;0;True
2026-07-22 09:32:13;ibm_fez;11;True
2026-07-22 09:32:13;ibm_kingston;267;True
2026-07-22 09:32:13;ibm_marrakesh;18;True
2026-07-22 10:32:16;ibm_fez;5;True
2026-07-22 10:32:16;ibm_kingston;255;True
2026-07-22 10:32:16;ibm_marrakesh;7;True
2026-07-22 11:32:20;ibm_fez;3;True
2026-07-22 11:32:20;ibm_kingston;373;True
2026-07-22 11:32:20;ibm_marrakesh;3;True
2026-07-22 12:32:23;ibm_fez;1;True
2026-07-22 12:32:23;ibm_kingston;101;True
2026-07-22 12:32:23;ibm_marrakesh;0;True
2026-07-22 13:32:27;ibm_fez;1;True
2026-07-22 13:32:27;ibm_kingston;0;True
2026-07-22 13:32:27;ibm_marrakesh;0;True
2026-07-22 14:32:30;ibm_fez;1;True
2026-07-22 14:32:30;ibm_kingston;6;True
2026-07-22 14:32:30;ibm_marrakesh;6;True
2026-07-22 15:32:35;ibm_fez;3;True
2026-07-22 15:32:35;ibm_kingston;3;True
2026-07-22 15:32:35;ibm_marrakesh;13;True
2026-07-22 16:32:38;ibm_fez;14;True
2026-07-22 16:32:38;ibm_kingston;21;True
2026-07-22 16:32:38;ibm_marrakesh;0;True
2026-07-22 17:32:42;ibm_fez;2;True
2026-07-22 17:32:42;ibm_kingston;0;True
2026-07-22 17:32:42;ibm_marrakesh;9;True
2026-07-22 18:32:45;ibm_fez;0;True
2026-07-22 18:32:45;ibm_kingston;36;True
2026-07-22 18:32:45;ibm_marrakesh;6;True
2026-07-22 19:32:50;ibm_fez;1;True
2026-07-22 19:32:50;ibm_kingston;1;True
2026-07-22 19:32:50;ibm_marrakesh;1;True
2026-07-22 20:32:53;ibm_fez;0;True
2026-07-22 20:32:53;ibm_kingston;3;True
2026-07-22 20:32:53;ibm_marrakesh;0;True
2026-07-22 21:32:58;ibm_fez;1;True
2026-07-22 21:32:58;ibm_kingston;0;True
2026-07-22 21:32:58;ibm_marrakesh;0;True
2026-07-22 22:33:02;ibm_fez;5;True
2026-07-22 22:33:02;ibm_kingston;2;True
2026-07-22 22:33:02;ibm_marrakesh;1;True
2026-07-22 23:33:06;ibm_fez;17;True
2026-07-22 23:33:06;ibm_kingston;0;True
2026-07-22 23:33:06;ibm_marrakesh;0;True
2026-07-23 00:33:09;ibm_fez;5;True
2026-07-23 00:33:09;ibm_kingston;0;True
2026-07-23 00:33:09;ibm_marrakesh;0;True
2026-07-23 01:33:13;ibm_fez;29;True
2026-07-23 01:33:13;ibm_kingston;3;True
2026-07-23 01:33:13;ibm_marrakesh;16;True
2026-07-23 02:33:16;ibm_fez;36;True
2026-07-23 02:33:16;ibm_kingston;46;True
2026-07-23 02:33:16;ibm_marrakesh;2;True
2026-07-23 03:33:21;ibm_fez;40;True
2026-07-23 03:33:21;ibm_kingston;4;True
2026-07-23 03:33:21;ibm_marrakesh;3;True
2026-07-23 04:33:24;ibm_fez;40;True
2026-07-23 04:33:24;ibm_kingston;6;True
2026-07-23 04:33:24;ibm_marrakesh;16;True
2026-07-23 05:33:28;ibm_fez;50;True
2026-07-23 05:33:28;ibm_kingston;14;True
2026-07-23 05:33:28;ibm_marrakesh;13;True
2026-07-23 06:33:33;ibm_fez;51;True
2026-07-23 06:33:33;ibm_kingston;2;True
2026-07-23 06:33:33;ibm_marrakesh;3;True
2026-07-23 07:33:36;ibm_fez;56;True
2026-07-23 07:33:36;ibm_kingston;1;True
2026-07-23 07:33:36;ibm_marrakesh;1;True
2026-07-23 08:33:40;ibm_fez;60;True
2026-07-23 08:33:40;ibm_kingston;6;True
2026-07-23 08:33:40;ibm_marrakesh;2;True
2026-07-23 09:33:45;ibm_fez;0;True
2026-07-23 09:33:45;ibm_kingston;0;True
2026-07-23 09:33:45;ibm_marrakesh;0;True
2026-07-23 10:33:48;ibm_fez;64;True
2026-07-23 10:33:48;ibm_kingston;3;True
2026-07-23 10:33:48;ibm_marrakesh;5;True
2026-07-23 11:33:52;ibm_fez;0;True
2026-07-23 11:33:52;ibm_kingston;0;True
2026-07-23 11:33:52;ibm_marrakesh;0;True
2026-07-23 12:33:54;ibm_fez;0;True
2026-07-23 12:33:54;ibm_kingston;0;True
2026-07-23 12:33:54;ibm_marrakesh;0;True
2026-07-23 13:33:57;ibm_fez;0;True
2026-07-23 13:33:57;ibm_kingston;0;True
2026-07-23 13:33:57;ibm_marrakesh;0;True
2026-07-23 14:34:00;ibm_fez;0;True
2026-07-23 14:34:00;ibm_kingston;0;True
2026-07-23 14:34:00;ibm_marrakesh;0;True
2026-07-23 15:34:03;ibm_fez;4;True
2026-07-23 15:34:03;ibm_kingston;6;True
2026-07-23 15:34:03;ibm_marrakesh;20;True
2026-07-23 16:34:06;ibm_fez;4;True
2026-07-23 16:34:06;ibm_kingston;10;True
2026-07-23 16:34:06;ibm_marrakesh;12;True
2026-07-23 17:34:10;ibm_fez;17;True
2026-07-23 17:34:10;ibm_kingston;26;True
2026-07-23 17:34:10;ibm_marrakesh;27;True
2026-07-23 18:34:13;ibm_fez;0;True
2026-07-23 18:34:13;ibm_kingston;45;True
2026-07-23 18:34:13;ibm_marrakesh;0;True
2026-07-23 19:34:17;ibm_fez;40;True
2026-07-23 19:34:17;ibm_kingston;53;True
2026-07-23 19:34:17;ibm_marrakesh;48;True
2026-07-23 20:34:20;ibm_fez;20;True
2026-07-23 20:34:20;ibm_kingston;106;True
2026-07-23 20:34:20;ibm_marrakesh;39;True
2026-07-23 21:34:24;ibm_fez;48;True
2026-07-23 21:34:24;ibm_kingston;100;True
2026-07-23 21:34:24;ibm_marrakesh;0;True
2026-07-23 22:34:28;ibm_fez;52;True
2026-07-23 22:34:28;ibm_kingston;63;True
2026-07-23 22:34:28;ibm_marrakesh;53;True
2026-07-23 23:34:31;ibm_fez;43;True
2026-07-23 23:34:31;ibm_kingston;90;True
2026-07-23 23:34:31;ibm_marrakesh;23;True
2026-07-24 00:34:37;ibm_fez;25;True
2026-07-24 00:34:37;ibm_kingston;108;True
2026-07-24 00:34:37;ibm_marrakesh;22;True
2026-07-24 01:34:40;ibm_fez;7;True
2026-07-24 01:34:40;ibm_kingston;95;True
2026-07-24 01:34:40;ibm_marrakesh;19;True
2026-07-24 02:34:44;ibm_fez;86;True
2026-07-24 02:34:44;ibm_kingston;5;True
2026-07-24 02:34:44;ibm_marrakesh;105;True
2026-07-24 03:34:47;ibm_fez;1;True
2026-07-24 03:34:47;ibm_kingston;6;True
2026-07-24 03:34:47;ibm_marrakesh;86;True
2026-07-24 04:34:50;ibm_fez;62;True
2026-07-24 04:34:50;ibm_kingston;46;True
2026-07-24 04:34:50;ibm_marrakesh;73;True
2026-07-24 05:34:54;ibm_fez;17;True
2026-07-24 05:34:54;ibm_kingston;6;True
2026-07-24 05:34:54;ibm_marrakesh;52;True
2026-07-24 06:34:58;ibm_fez;36;True
2026-07-24 06:34:58;ibm_kingston;99;True
2026-07-24 06:34:58;ibm_marrakesh;84;True
2026-07-24 07:35:01;ibm_fez;44;True
2026-07-24 07:35:01;ibm_kingston;35;True
2026-07-24 07:35:01;ibm_marrakesh;23;True
2026-07-24 08:35:06;ibm_fez;8;True
2026-07-24 08:35:06;ibm_kingston;10;True
2026-07-24 08:35:06;ibm_marrakesh;17;True
2026-07-24 09:35:10;ibm_fez;301;True
2026-07-24 09:35:10;ibm_kingston;36;True
2026-07-24 09:35:10;ibm_marrakesh;53;True
2026-07-24 10:35:13;ibm_fez;293;True
2026-07-24 10:35:13;ibm_kingston;90;True
2026-07-24 10:35:13;ibm_marrakesh;83;True
2026-07-24 11:35:17;ibm_fez;201;True
2026-07-24 11:35:17;ibm_kingston;60;True
2026-07-24 11:35:17;ibm_marrakesh;105;True
2026-07-24 12:35:20;ibm_fez;94;True
2026-07-24 12:35:20;ibm_kingston;52;True
2026-07-24 12:35:20;ibm_marrakesh;22;True
2026-07-24 13:35:24;ibm_fez;54;True
2026-07-24 13:35:24;ibm_kingston;58;True
2026-07-24 13:35:24;ibm_marrakesh;98;True
2026-07-24 14:35:29;ibm_fez;87;True
2026-07-24 14:35:29;ibm_kingston;81;True
2026-07-24 14:35:29;ibm_marrakesh;115;True
2026-07-24 15:35:32;ibm_fez;86;True
2026-07-24 15:35:32;ibm_kingston;81;True
2026-07-24 15:35:32;ibm_marrakesh;121;True
2026-07-24 16:35:36;ibm_fez;131;True
2026-07-24 16:35:36;ibm_kingston;135;True
2026-07-24 16:35:36;ibm_marrakesh;137;True
2026-07-24 17:35:40;ibm_fez;158;True
2026-07-24 17:35:40;ibm_kingston;157;True
2026-07-24 17:35:40;ibm_marrakesh;145;True
2026-07-24 18:35:44;ibm_fez;136;True
2026-07-24 18:35:44;ibm_kingston;108;True
2026-07-24 18:35:44;ibm_marrakesh;84;True
2026-07-24 19:35:48;ibm_fez;169;True
2026-07-24 19:35:48;ibm_kingston;237;True
2026-07-24 19:35:48;ibm_marrakesh;83;True
2026-07-24 20:35:53;ibm_fez;96;True
2026-07-24 20:35:53;ibm_kingston;230;True
2026-07-24 20:35:53;ibm_marrakesh;120;True
2026-07-24 21:35:57;ibm_fez;83;True
2026-07-24 21:35:57;ibm_kingston;226;True
2026-07-24 21:35:57;ibm_marrakesh;60;True
2026-07-24 22:36:02;ibm_fez;85;True
2026-07-24 22:36:02;ibm_kingston;232;True
2026-07-24 22:36:02;ibm_marrakesh;122;True
2026-07-24 23:36:06;ibm_fez;79;True
2026-07-24 23:36:06;ibm_kingston;228;True
2026-07-24 23:36:06;ibm_marrakesh;59;True
2026-07-25 00:36:11;ibm_fez;63;True
2026-07-25 00:36:11;ibm_kingston;214;True
2026-07-25 00:36:11;ibm_marrakesh;4;True
2026-07-25 01:36:15;ibm_fez;47;True
2026-07-25 01:36:15;ibm_kingston;219;True
2026-07-25 01:36:15;ibm_marrakesh;19;True
2026-07-25 02:36:19;ibm_fez;9;True
2026-07-25 02:36:19;ibm_kingston;304;True
2026-07-25 02:36:19;ibm_marrakesh;2;True
2026-07-25 03:36:23;ibm_fez;5;True
2026-07-25 03:36:23;ibm_kingston;233;True
2026-07-25 03:36:23;ibm_marrakesh;9;True
2026-07-25 04:36:27;ibm_fez;5;True
2026-07-25 04:36:27;ibm_kingston;249;True
2026-07-25 04:36:27;ibm_marrakesh;0;True
2026-07-25 05:36:31;ibm_fez;6;True
2026-07-25 05:36:31;ibm_kingston;248;True
2026-07-25 05:36:31;ibm_marrakesh;4;True
2026-07-25 06:36:35;ibm_fez;25;True
2026-07-25 06:36:35;ibm_kingston;260;True
2026-07-25 06:36:35;ibm_marrakesh;19;True
2026-07-25 07:36:39;ibm_fez;25;True
2026-07-25 07:36:39;ibm_kingston;266;True
2026-07-25 07:36:39;ibm_marrakesh;54;True
2026-07-25 08:36:44;ibm_fez;52;True
2026-07-25 08:36:44;ibm_kingston;259;True
2026-07-25 08:36:44;ibm_marrakesh;20;True
2026-07-25 09:36:48;ibm_fez;94;True
2026-07-25 09:36:48;ibm_kingston;222;True
2026-07-25 09:36:48;ibm_marrakesh;5;True
2026-07-25 10:36:51;ibm_fez;40;True
2026-07-25 10:36:51;ibm_kingston;167;True
2026-07-25 10:36:51;ibm_marrakesh;17;True
2026-07-25 11:36:55;ibm_fez;38;True
2026-07-25 11:36:55;ibm_kingston;115;True
2026-07-25 11:36:55;ibm_marrakesh;4;True
2026-07-25 12:36:58;ibm_fez;17;True
2026-07-25 12:36:58;ibm_kingston;84;True
2026-07-25 12:36:58;ibm_marrakesh;6;True
2026-07-25 13:37:03;ibm_fez;16;True
2026-07-25 13:37:03;ibm_kingston;50;True
2026-07-25 13:37:03;ibm_marrakesh;11;True
2026-07-25 14:37:07;ibm_fez;24;True
2026-07-25 14:37:07;ibm_kingston;45;True
2026-07-25 14:37:07;ibm_marrakesh;16;True
2026-07-25 15:37:11;ibm_fez;21;True
2026-07-25 15:37:11;ibm_kingston;25;True
2026-07-25 15:37:11;ibm_marrakesh;15;True
2026-07-25 16:37:15;ibm_fez;19;True
2026-07-25 16:37:15;ibm_kingston;40;True
2026-07-25 16:37:15;ibm_marrakesh;17;True
2026-07-25 17:37:19;ibm_fez;39;True
2026-07-25 17:37:19;ibm_kingston;22;True
2026-07-25 17:37:19;ibm_marrakesh;40;True
2026-07-25 18:37:22;ibm_fez;22;True
2026-07-25 18:37:22;ibm_kingston;40;True
2026-07-25 18:37:22;ibm_marrakesh;14;True
2026-07-25 19:37:26;ibm_fez;25;True
2026-07-25 19:37:26;ibm_kingston;60;True
2026-07-25 19:37:26;ibm_marrakesh;15;True
2026-07-25 20:37:30;ibm_fez;27;True
2026-07-25 20:37:30;ibm_kingston;70;True
2026-07-25 20:37:30;ibm_marrakesh;17;True
2026-07-25 21:37:34;ibm_fez;15;True
2026-07-25 21:37:34;ibm_kingston;72;True
2026-07-25 21:37:34;ibm_marrakesh;14;True
2026-07-25 22:37:37;ibm_fez;4;True
2026-07-25 22:37:37;ibm_kingston;139;True
2026-07-25 22:37:37;ibm_marrakesh;0;True
2026-07-25 23:37:41;ibm_fez;2;True
2026-07-25 23:37:41;ibm_kingston;144;True
2026-07-25 23:37:41;ibm_marrakesh;0;True
2026-07-26 00:37:44;ibm_fez;5;True
2026-07-26 00:37:44;ibm_kingston;145;True
2026-07-26 00:37:44;ibm_marrakesh;1;True
2026-07-26 01:37:48;ibm_fez;8;True
2026-07-26 01:37:48;ibm_kingston;157;True
2026-07-26 01:37:48;ibm_marrakesh;0;True
2026-07-26 02:37:51;ibm_fez;2;True
2026-07-26 02:37:51;ibm_kingston;157;True
2026-07-26 02:37:51;ibm_marrakesh;0;True
2026-07-26 03:37:56;ibm_fez;15;True
2026-07-26 03:37:56;ibm_kingston;160;True
2026-07-26 03:37:56;ibm_marrakesh;1;True
2026-07-26 04:37:59;ibm_fez;8;True
2026-07-26 04:37:59;ibm_kingston;166;True
2026-07-26 04:37:59;ibm_marrakesh;4;True
2026-07-26 05:38:03;ibm_fez;8;True
2026-07-26 05:38:03;ibm_kingston;166;True
2026-07-26 05:38:03;ibm_marrakesh;4;True
2026-07-26 06:38:07;ibm_fez;2;True
2026-07-26 06:38:07;ibm_kingston;169;True
2026-07-26 06:38:07;ibm_marrakesh;16;True
2026-07-26 07:38:14;ibm_fez;6;True
2026-07-26 07:38:14;ibm_kingston;175;True
2026-07-26 07:38:14;ibm_marrakesh;9;True
2026-07-26 08:38:17;ibm_fez;9;True
2026-07-26 08:38:17;ibm_kingston;192;True
2026-07-26 08:38:17;ibm_marrakesh;25;True
2026-07-26 09:38:21;ibm_fez;45;True
2026-07-26 09:38:21;ibm_kingston;200;True
2026-07-26 09:38:21;ibm_marrakesh;10;True
2026-07-26 10:38:24;ibm_fez;52;True
2026-07-26 10:38:24;ibm_kingston;199;True
2026-07-26 10:38:24;ibm_marrakesh;21;True
2026-07-26 11:38:29;ibm_fez;26;True
2026-07-26 11:38:29;ibm_kingston;211;True
2026-07-26 11:38:29;ibm_marrakesh;55;True
2026-07-26 12:38:32;ibm_fez;38;True
2026-07-26 12:38:32;ibm_kingston;214;True
2026-07-26 12:38:32;ibm_marrakesh;32;True
2026-07-26 13:38:36;ibm_fez;56;True
2026-07-26 13:38:36;ibm_kingston;216;True
2026-07-26 13:38:36;ibm_marrakesh;52;True
2026-07-26 14:38:40;ibm_fez;56;True
2026-07-26 14:38:40;ibm_kingston;218;True
2026-07-26 14:38:40;ibm_marrakesh;40;True
2026-07-26 15:38:43;ibm_fez;67;True
2026-07-26 15:38:43;ibm_kingston;225;True
2026-07-26 15:38:43;ibm_marrakesh;60;True
2026-07-26 16:38:47;ibm_fez;57;True
2026-07-26 16:38:47;ibm_kingston;236;True
2026-07-26 16:38:47;ibm_marrakesh;65;True
2026-07-26 17:38:51;ibm_fez;95;True
2026-07-26 17:38:51;ibm_kingston;244;True
2026-07-26 17:38:51;ibm_marrakesh;67;True
2026-07-26 18:38:54;ibm_fez;66;True
2026-07-26 18:38:54;ibm_kingston;252;True
2026-07-26 18:38:54;ibm_marrakesh;82;True
2026-07-26 19:38:58;ibm_fez;114;True
2026-07-26 19:38:58;ibm_kingston;262;True
2026-07-26 19:38:58;ibm_marrakesh;73;True
2026-07-26 20:39:01;ibm_fez;92;True
2026-07-26 20:39:01;ibm_kingston;270;True
2026-07-26 20:39:01;ibm_marrakesh;88;True
2026-07-26 21:39:06;ibm_fez;90;True
2026-07-26 21:39:06;ibm_kingston;276;True
2026-07-26 21:39:06;ibm_marrakesh;106;True
2026-07-26 22:39:09;ibm_fez;115;True
2026-07-26 22:39:09;ibm_kingston;259;True
2026-07-26 22:39:09;ibm_marrakesh;68;True
2026-07-26 23:39:13;ibm_fez;72;True
2026-07-26 23:39:13;ibm_kingston;191;True
2026-07-26 23:39:13;ibm_marrakesh;63;True
2026-07-27 00:39:17;ibm_fez;69;True
2026-07-27 00:39:17;ibm_kingston;239;True
2026-07-27 00:39:17;ibm_marrakesh;44;True
2026-07-27 01:39:21;ibm_fez;61;True
2026-07-27 01:39:21;ibm_kingston;227;True
2026-07-27 01:39:21;ibm_marrakesh;1;True
2026-07-27 02:39:24;ibm_fez;51;True
2026-07-27 02:39:24;ibm_kingston;217;True
2026-07-27 02:39:24;ibm_marrakesh;3;True
2026-07-27 03:39:28;ibm_fez;47;True
2026-07-27 03:39:28;ibm_kingston;214;True
2026-07-27 03:39:28;ibm_marrakesh;15;True
2026-07-27 04:39:31;ibm_fez;48;True
2026-07-27 04:39:31;ibm_kingston;215;True
2026-07-27 04:39:31;ibm_marrakesh;18;True
2026-07-27 05:39:36;ibm_fez;53;True
2026-07-27 05:39:36;ibm_kingston;206;True
2026-07-27 05:39:36;ibm_marrakesh;31;True
2026-07-27 06:39:39;ibm_fez;59;True
2026-07-27 06:39:39;ibm_kingston;208;True
2026-07-27 06:39:39;ibm_marrakesh;53;True
2026-07-27 07:39:43;ibm_fez;51;True
2026-07-27 07:39:43;ibm_kingston;143;True
2026-07-27 07:39:43;ibm_marrakesh;50;True
2026-07-27 08:39:47;ibm_fez;82;True
2026-07-27 08:39:47;ibm_kingston;52;True
2026-07-27 08:39:47;ibm_marrakesh;2141;True
2026-07-27 09:39:51;ibm_fez;98;True
2026-07-27 09:39:51;ibm_kingston;90;True
2026-07-27 09:39:51;ibm_marrakesh;4;True
2026-07-27 10:39:54;ibm_fez;101;True
2026-07-27 10:39:54;ibm_kingston;93;True
2026-07-27 10:39:54;ibm_marrakesh;40;True
2026-07-27 11:39:58;ibm_fez;99;True
2026-07-27 11:39:58;ibm_kingston;217;True
2026-07-27 11:39:58;ibm_marrakesh;57;True
2026-07-27 12:40:01;ibm_fez;96;True
2026-07-27 12:40:01;ibm_kingston;208;True
2026-07-27 12:40:01;ibm_marrakesh;118;True
2026-07-27 13:40:06;ibm_fez;249;True
2026-07-27 13:40:06;ibm_kingston;239;True
2026-07-27 13:40:06;ibm_marrakesh;178;True
2026-07-27 14:40:10;ibm_fez;357;True
2026-07-27 14:40:10;ibm_kingston;286;True
2026-07-27 14:40:10;ibm_marrakesh;291;True
2026-07-27 15:40:14;ibm_fez;325;True
2026-07-27 15:40:14;ibm_kingston;320;True
2026-07-27 15:40:14;ibm_marrakesh;244;True
2026-07-27 16:40:17;ibm_fez;134;True
2026-07-27 16:40:17;ibm_kingston;327;True
2026-07-27 16:40:17;ibm_marrakesh;194;True
2026-07-27 17:40:21;ibm_fez;145;True
2026-07-27 17:40:21;ibm_kingston;339;True
2026-07-27 17:40:21;ibm_marrakesh;139;True
2026-07-27 18:40:25;ibm_fez;196;True
2026-07-27 18:40:25;ibm_kingston;335;True
2026-07-27 18:40:25;ibm_marrakesh;81;True
2026-07-27 19:40:29;ibm_fez;144;True
2026-07-27 19:40:29;ibm_kingston;378;True
2026-07-27 19:40:29;ibm_marrakesh;109;True
2026-07-27 20:40:32;ibm_fez;208;True
2026-07-27 20:40:32;ibm_kingston;379;True
2026-07-27 20:40:32;ibm_marrakesh;122;True
2026-07-27 21:40:36;ibm_fez;104;True
2026-07-27 21:40:36;ibm_kingston;374;True
2026-07-27 21:40:36;ibm_marrakesh;117;True
2026-07-27 22:40:40;ibm_fez;11;True
2026-07-27 22:40:40;ibm_kingston;366;True
2026-07-27 22:40:40;ibm_marrakesh;73;True
2026-07-27 23:40:44;ibm_fez;72;True
2026-07-27 23:40:44;ibm_kingston;361;True
2026-07-27 23:40:44;ibm_marrakesh;88;True
2026-07-28 00:40:47;ibm_fez;175;True
2026-07-28 00:40:47;ibm_kingston;362;True
2026-07-28 00:40:47;ibm_marrakesh;1665;True
2026-07-28 01:40:50;ibm_fez;17;True
2026-07-28 01:40:50;ibm_kingston;352;True
2026-07-28 01:40:50;ibm_marrakesh;1572;True
2026-07-28 02:40:54;ibm_fez;14;True
2026-07-28 02:40:54;ibm_kingston;404;True
2026-07-28 02:40:54;ibm_marrakesh;8;True
2026-07-28 03:40:57;ibm_fez;127;True
2026-07-28 03:40:57;ibm_kingston;401;True
2026-07-28 03:40:57;ibm_marrakesh;53;True
2026-07-28 04:41:01;ibm_fez;137;True
2026-07-28 04:41:01;ibm_kingston;402;True
2026-07-28 04:41:01;ibm_marrakesh;39;True
2026-07-28 05:41:04;ibm_fez;0;True
2026-07-28 05:41:04;ibm_kingston;0;True
2026-07-28 05:41:04;ibm_marrakesh;0;True
2026-07-28 06:41:52;ibm_fez;0;True
2026-07-28 06:41:52;ibm_kingston;0;True
2026-07-28 06:41:52;ibm_marrakesh;0;True
2026-07-28 07:41:55;ibm_fez;64;True
2026-07-28 07:41:55;ibm_kingston;408;True
2026-07-28 07:41:55;ibm_marrakesh;68;True
2026-07-28 08:41:59;ibm_fez;103;True
2026-07-28 08:41:59;ibm_kingston;413;True
2026-07-28 08:41:59;ibm_marrakesh;1548;True
2026-07-28 09:42:03;ibm_fez;162;True
2026-07-28 09:42:03;ibm_kingston;414;True
2026-07-28 09:42:03;ibm_marrakesh;1573;True
2026-07-28 10:42:07;ibm_fez;199;True
2026-07-28 10:42:07;ibm_kingston;469;True
2026-07-28 10:42:07;ibm_marrakesh;1640;True
2026-07-28 11:42:11;ibm_fez;253;True
2026-07-28 11:42:11;ibm_kingston;467;True
2026-07-28 11:42:11;ibm_marrakesh;1660;True
2026-07-28 12:42:16;ibm_fez;310;True
2026-07-28 12:42:16;ibm_kingston;468;True
2026-07-28 12:42:16;ibm_marrakesh;8;True
2026-07-28 13:42:19;ibm_fez;242;True
2026-07-28 13:42:19;ibm_kingston;473;True
2026-07-28 13:42:19;ibm_marrakesh;103;True
2026-07-28 14:42:23;ibm_fez;190;True
2026-07-28 14:42:23;ibm_kingston;473;True
2026-07-28 14:42:23;ibm_marrakesh;192;True
2026-07-28 15:42:27;ibm_fez;251;True
2026-07-28 15:42:27;ibm_kingston;479;True
2026-07-28 15:42:27;ibm_marrakesh;245;True
2026-07-28 16:42:31;ibm_fez;281;True
2026-07-28 16:42:31;ibm_kingston;555;True
2026-07-28 16:42:31;ibm_marrakesh;279;True
2026-07-28 17:42:35;ibm_fez;275;True
2026-07-28 17:42:35;ibm_kingston;556;True
2026-07-28 17:42:35;ibm_marrakesh;247;True
2026-07-28 18:42:39;ibm_fez;228;True
2026-07-28 18:42:39;ibm_kingston;534;True
2026-07-28 18:42:39;ibm_marrakesh;252;True
2026-07-28 19:42:42;ibm_fez;312;True
2026-07-28 19:42:42;ibm_kingston;552;True
2026-07-28 19:42:42;ibm_marrakesh;308;True
2026-07-28 20:42:46;ibm_fez;382;True
2026-07-28 20:42:46;ibm_kingston;553;True
2026-07-28 20:42:46;ibm_marrakesh;759;True
2026-07-28 21:42:50;ibm_fez;448;True
2026-07-28 21:42:50;ibm_kingston;598;True
2026-07-28 21:42:50;ibm_marrakesh;684;True
2026-07-28 22:42:54;ibm_fez;1065;True
2026-07-28 22:42:54;ibm_kingston;624;True
2026-07-28 22:42:54;ibm_marrakesh;622;True
2026-07-28 23:42:56;ibm_fez;2908;True
2026-07-28 23:42:56;ibm_kingston;616;True
2026-07-28 23:42:56;ibm_marrakesh;627;True
2026-07-29 00:42:59;ibm_fez;5023;True
2026-07-29 00:42:59;ibm_kingston;643;True
2026-07-29 00:42:59;ibm_marrakesh;627;True
2026-07-29 01:43:04;ibm_fez;5020;True
2026-07-29 01:43:04;ibm_kingston;640;True
2026-07-29 01:43:04;ibm_marrakesh;638;True
2026-07-29 02:43:07;ibm_fez;4975;True
2026-07-29 02:43:07;ibm_kingston;656;True
2026-07-29 02:43:07;ibm_marrakesh;650;True
2026-07-29 03:43:11;ibm_fez;4859;True
2026-07-29 03:43:11;ibm_kingston;670;True
2026-07-29 03:43:11;ibm_marrakesh;631;True
2026-07-29 04:43:14;ibm_fez;4708;True
2026-07-29 04:43:14;ibm_kingston;679;True
2026-07-29 04:43:14;ibm_marrakesh;665;True
2026-07-29 05:43:19;ibm_fez;4607;True
2026-07-29 05:43:19;ibm_kingston;690;True
2026-07-29 05:43:19;ibm_marrakesh;675;True
2026-07-29 06:43:22;ibm_fez;4399;True
2026-07-29 06:43:22;ibm_kingston;707;True
2026-07-29 06:43:22;ibm_marrakesh;705;True
2026-07-29 07:43:26;ibm_fez;4229;True
2026-07-29 07:43:26;ibm_kingston;764;True
2026-07-29 07:43:26;ibm_marrakesh;762;True
2026-07-29 08:43:29;ibm_fez;2;True
2026-07-29 08:43:29;ibm_kingston;767;True
2026-07-29 08:43:29;ibm_marrakesh;774;True
2026-07-29 09:43:32;ibm_fez;118;True
2026-07-29 09:43:32;ibm_kingston;739;True
2026-07-29 09:43:32;ibm_marrakesh;749;True
2026-07-29 10:43:36;ibm_fez;280;True
2026-07-29 10:43:36;ibm_kingston;735;True
2026-07-29 10:43:36;ibm_marrakesh;641;True
2026-07-29 11:43:39;ibm_fez;393;True
2026-07-29 11:43:39;ibm_kingston;708;True
2026-07-29 11:43:39;ibm_marrakesh;8;True
2026-07-29 12:43:43;ibm_fez;209;True
2026-07-29 12:43:43;ibm_kingston;611;True
2026-07-29 12:43:43;ibm_marrakesh;117;True
2026-07-29 13:43:47;ibm_fez;157;True
2026-07-29 13:43:47;ibm_kingston;466;True
2026-07-29 13:43:47;ibm_marrakesh;214;True
2026-07-29 14:43:51;ibm_fez;188;True
2026-07-29 14:43:51;ibm_kingston;368;True
2026-07-29 14:43:51;ibm_marrakesh;171;True
2026-07-29 15:43:55;ibm_fez;211;True
2026-07-29 15:43:55;ibm_kingston;274;True
2026-07-29 15:43:55;ibm_marrakesh;260;True
2026-07-29 16:43:59;ibm_fez;319;True
2026-07-29 16:43:59;ibm_kingston;268;True
2026-07-29 16:43:59;ibm_marrakesh;161;True
2026-07-29 17:44:03;ibm_fez;232;True
2026-07-29 17:44:03;ibm_kingston;249;True
2026-07-29 17:44:03;ibm_marrakesh;140;True
2026-07-29 18:44:06;ibm_fez;187;True
2026-07-29 18:44:06;ibm_kingston;247;True
2026-07-29 18:44:06;ibm_marrakesh;179;True
2026-07-29 19:44:10;ibm_fez;205;True
2026-07-29 19:44:10;ibm_kingston;229;True
2026-07-29 19:44:10;ibm_marrakesh;194;True
2026-07-29 20:44:13;ibm_fez;157;True
2026-07-29 20:44:13;ibm_kingston;181;True
2026-07-29 20:44:13;ibm_marrakesh;145;True
2026-07-29 21:44:17;ibm_fez;43;True
2026-07-29 21:44:17;ibm_kingston;86;True
2026-07-29 21:44:17;ibm_marrakesh;544;True
2026-07-29 22:44:21;ibm_fez;37;True
2026-07-29 22:44:21;ibm_kingston;12;True
2026-07-29 22:44:21;ibm_marrakesh;446;True
2026-07-29 23:44:24;ibm_fez;1907;True
2026-07-29 23:44:24;ibm_kingston;52;True
2026-07-29 23:44:24;ibm_marrakesh;1;True
2026-07-30 00:44:28;ibm_fez;11;True
2026-07-30 00:44:28;ibm_kingston;6;True
2026-07-30 00:44:28;ibm_marrakesh;9;True
2026-07-30 01:44:31;ibm_fez;4;True
2026-07-30 01:44:31;ibm_kingston;7;True
2026-07-30 01:44:31;ibm_marrakesh;2;True
2026-07-30 02:44:35;ibm_fez;5;True
2026-07-30 02:44:35;ibm_kingston;9;True
2026-07-30 02:44:35;ibm_marrakesh;19;True
2026-07-30 03:44:38;ibm_fez;3;True
2026-07-30 03:44:38;ibm_kingston;1;True
2026-07-30 03:44:38;ibm_marrakesh;0;True
2026-07-30 04:44:41;ibm_fez;4;True
2026-07-30 04:44:41;ibm_kingston;7;True
2026-07-30 04:44:41;ibm_marrakesh;2;True
2026-07-30 05:44:45;ibm_fez;30;True
2026-07-30 05:44:45;ibm_kingston;12;True
2026-07-30 05:44:45;ibm_marrakesh;1;True
2026-07-30 06:44:49;ibm_fez;0;True
2026-07-30 06:44:49;ibm_kingston;8;True
2026-07-30 06:44:49;ibm_marrakesh;12;True
2026-07-30 07:44:53;ibm_fez;95;True
2026-07-30 07:44:53;ibm_kingston;6;True
2026-07-30 07:44:53;ibm_marrakesh;8;True
2026-07-30 08:44:56;ibm_fez;95;True
2026-07-30 08:44:56;ibm_kingston;35;True
2026-07-30 08:44:56;ibm_marrakesh;6;True
2026-07-30 09:45:00;ibm_fez;12;True
2026-07-30 09:45:00;ibm_kingston;103;True
2026-07-30 09:45:00;ibm_marrakesh;15;True
2026-07-30 10:45:04;ibm_fez;60;True
2026-07-30 10:45:04;ibm_kingston;59;True
2026-07-30 10:45:04;ibm_marrakesh;42;True
2026-07-30 11:45:07;ibm_fez;27;True
2026-07-30 11:45:07;ibm_kingston;10;True
2026-07-30 11:45:07;ibm_marrakesh;17;True
2026-07-30 12:45:12;ibm_fez;16;True
2026-07-30 12:45:12;ibm_kingston;155;True
2026-07-30 12:45:12;ibm_marrakesh;10;True
2026-07-30 13:45:14;ibm_fez;2;True
2026-07-30 13:45:14;ibm_kingston;157;True
2026-07-30 13:45:14;ibm_marrakesh;10;True
2026-07-30 14:45:18;ibm_fez;32;True
2026-07-30 14:45:18;ibm_kingston;151;True
2026-07-30 14:45:18;ibm_marrakesh;36;True
2026-07-30 15:45:22;ibm_fez;46;True
2026-07-30 15:45:22;ibm_kingston;140;True
2026-07-30 15:45:22;ibm_marrakesh;46;True
2026-07-30 16:45:26;ibm_fez;95;True
2026-07-30 16:45:26;ibm_kingston;187;True
2026-07-30 16:45:26;ibm_marrakesh;62;True
2026-07-30 17:45:29;ibm_fez;26;True
2026-07-30 17:45:29;ibm_kingston;184;True
2026-07-30 17:45:29;ibm_marrakesh;10;True
2026-07-30 18:45:33;ibm_fez;54;True
2026-07-30 18:45:33;ibm_kingston;215;True
2026-07-30 18:45:33;ibm_marrakesh;55;True
2026-07-30 19:45:36;ibm_fez;54;True
2026-07-30 19:45:36;ibm_kingston;211;True
2026-07-30 19:45:36;ibm_marrakesh;38;True
2026-07-30 20:45:40;ibm_fez;64;True
2026-07-30 20:45:40;ibm_kingston;207;True
2026-07-30 20:45:40;ibm_marrakesh;53;True
2026-07-30 21:45:43;ibm_fez;82;True
2026-07-30 21:45:43;ibm_kingston;167;True
2026-07-30 21:45:43;ibm_marrakesh;79;True
2026-07-30 22:45:48;ibm_fez;81;True
2026-07-30 22:45:48;ibm_kingston;258;True
2026-07-30 22:45:48;ibm_marrakesh;82;True
2026-07-30 23:45:51;ibm_fez;89;True
2026-07-30 23:45:51;ibm_kingston;248;True
2026-07-30 23:45:51;ibm_marrakesh;47;True
2026-07-31 00:45:55;ibm_fez;81;True
2026-07-31 00:45:55;ibm_kingston;236;True
2026-07-31 00:45:55;ibm_marrakesh;7;True
2026-07-31 01:45:58;ibm_fez;81;True
2026-07-31 01:45:58;ibm_kingston;240;True
2026-07-31 01:45:58;ibm_marrakesh;123;True
2026-07-31 02:46:02;ibm_fez;127;True
2026-07-31 02:46:02;ibm_kingston;238;True
2026-07-31 02:46:02;ibm_marrakesh;72;True
2026-07-31 03:46:05;ibm_fez;150;True
2026-07-31 03:46:05;ibm_kingston;220;True
2026-07-31 03:46:05;ibm_marrakesh;132;True
2026-07-31 04:46:10;ibm_fez;143;True
2026-07-31 04:46:10;ibm_kingston;240;True
2026-07-31 04:46:10;ibm_marrakesh;156;True
2026-07-31 05:46:14;ibm_fez;149;True
2026-07-31 05:46:14;ibm_kingston;299;True
2026-07-31 05:46:14;ibm_marrakesh;159;True
2026-07-31 06:46:17;ibm_fez;173;True
2026-07-31 06:46:17;ibm_kingston;292;True
2026-07-31 06:46:17;ibm_marrakesh;164;True
2026-07-31 07:46:21;ibm_fez;252;True
2026-07-31 07:46:21;ibm_kingston;293;True
2026-07-31 07:46:21;ibm_marrakesh;177;True
2026-07-31 08:46:25;ibm_fez;291;True
2026-07-31 08:46:25;ibm_kingston;311;True
2026-07-31 08:46:25;ibm_marrakesh;173;True
2026-07-31 09:46:29;ibm_fez;326;True
2026-07-31 09:46:29;ibm_kingston;326;True
2026-07-31 09:46:29;ibm_marrakesh;272;True
2026-07-31 10:46:33;ibm_fez;387;True
2026-07-31 10:46:33;ibm_kingston;375;True
2026-07-31 10:46:33;ibm_marrakesh;274;True
2026-07-31 11:46:36;ibm_fez;351;True
2026-07-31 11:46:36;ibm_kingston;414;True
2026-07-31 11:46:36;ibm_marrakesh;265;True
2026-07-31 12:46:40;ibm_fez;415;True
2026-07-31 12:46:40;ibm_kingston;402;True
2026-07-31 12:46:40;ibm_marrakesh;273;True
2026-07-31 13:46:44;ibm_fez;518;True
2026-07-31 13:46:44;ibm_kingston;0;True
2026-07-31 13:46:44;ibm_marrakesh;0;True
2026-07-31 14:47:17;ibm_fez;654;True
2026-07-31 14:47:17;ibm_kingston;691;True
2026-07-31 14:47:17;ibm_marrakesh;275;True
2026-07-31 15:47:21;ibm_fez;546;True
2026-07-31 15:47:21;ibm_kingston;685;True
2026-07-31 15:47:21;ibm_marrakesh;357;True
2026-07-31 16:47:24;ibm_fez;498;True
2026-07-31 16:47:24;ibm_kingston;731;True
2026-07-31 16:47:24;ibm_marrakesh;397;True
2026-07-31 17:47:27;ibm_fez;490;True
2026-07-31 17:47:27;ibm_kingston;702;True
2026-07-31 17:47:27;ibm_marrakesh;557;True
2026-07-31 18:47:31;ibm_fez;485;True
2026-07-31 18:47:31;ibm_kingston;691;True
2026-07-31 18:47:31;ibm_marrakesh;491;True
2026-07-31 19:47:35;ibm_fez;476;True
2026-07-31 19:47:35;ibm_kingston;724;True
2026-07-31 19:47:35;ibm_marrakesh;468;True
2026-07-31 20:47:38;ibm_fez;434;True
2026-07-31 20:47:38;ibm_kingston;717;True
2026-07-31 20:47:38;ibm_marrakesh;223;True
2026-07-31 21:47:41;ibm_fez;393;True
2026-07-31 21:47:41;ibm_kingston;712;True
2026-07-31 21:47:41;ibm_marrakesh;98;True
2026-07-31 22:47:46;ibm_fez;256;True
2026-07-31 22:47:46;ibm_kingston;751;True
2026-07-31 22:47:46;ibm_marrakesh;47;True
2026-07-31 23:47:48;ibm_fez;74;True
2026-07-31 23:47:48;ibm_kingston;738;True
2026-07-31 23:47:48;ibm_marrakesh;8;True
2026-08-01 00:47:52;ibm_fez;1;True
2026-08-01 00:47:52;ibm_kingston;722;True
2026-08-01 00:47:52;ibm_marrakesh;1;True
2026-08-01 01:47:55;ibm_fez;292;True
2026-08-01 01:47:55;ibm_kingston;717;True
2026-08-01 01:47:55;ibm_marrakesh;5;True
2026-08-01 02:47:59;ibm_fez;187;True
2026-08-01 02:47:59;ibm_kingston;762;True
2026-08-01 02:47:59;ibm_marrakesh;1;True
2026-08-01 03:48:02;ibm_fez;83;True
2026-08-01 03:48:02;ibm_kingston;759;True
2026-08-01 03:48:02;ibm_marrakesh;1;True
2026-08-01 04:48:06;ibm_fez;1;True
2026-08-01 04:48:06;ibm_kingston;761;True
2026-08-01 04:48:06;ibm_marrakesh;1;True
2026-08-01 05:48:09;ibm_fez;2;True
2026-08-01 05:48:09;ibm_kingston;760;True
2026-08-01 05:48:09;ibm_marrakesh;3;True
2026-08-01 06:48:13;ibm_fez;4;True
2026-08-01 06:48:13;ibm_kingston;757;True
2026-08-01 06:48:13;ibm_marrakesh;1;True
2026-08-01 07:48:15;ibm_fez;0;True
2026-08-01 07:48:15;ibm_kingston;752;True
2026-08-01 07:48:15;ibm_marrakesh;0;True
2026-08-01 08:48:19;ibm_fez;4;True
2026-08-01 08:48:19;ibm_kingston;749;True
2026-08-01 08:48:19;ibm_marrakesh;0;True
2026-08-01 09:48:22;ibm_fez;1;True
2026-08-01 09:48:22;ibm_kingston;742;True
2026-08-01 09:48:22;ibm_marrakesh;0;True
2026-08-01 10:48:25;ibm_fez;2;True
2026-08-01 10:48:25;ibm_kingston;737;True
2026-08-01 10:48:25;ibm_marrakesh;0;True
2026-08-01 11:48:28;ibm_fez;2;True
2026-08-01 11:48:28;ibm_kingston;757;True
2026-08-01 11:48:28;ibm_marrakesh;0;True
2026-08-01 12:48:32;ibm_fez;2;True
2026-08-01 12:48:32;ibm_kingston;763;True
2026-08-01 12:48:32;ibm_marrakesh;1;True
2026-08-01 13:48:35;ibm_fez;0;True
2026-08-01 13:48:35;ibm_kingston;754;True
2026-08-01 13:48:35;ibm_marrakesh;0;True
2026-08-01 14:48:38;ibm_fez;0;True
2026-08-01 14:48:38;ibm_kingston;743;True
2026-08-01 14:48:38;ibm_marrakesh;0;True
2026-08-01 15:48:41;ibm_fez;0;True
2026-08-01 15:48:41;ibm_kingston;736;True
2026-08-01 15:48:41;ibm_marrakesh;1;True
2026-08-01 16:48:45;ibm_fez;2;True
2026-08-01 16:48:45;ibm_kingston;720;True
2026-08-01 16:48:45;ibm_marrakesh;0;True
2026-08-01 17:48:48;ibm_fez;6;True
2026-08-01 17:48:48;ibm_kingston;719;True
2026-08-01 17:48:48;ibm_marrakesh;1;True
2026-08-01 18:48:51;ibm_fez;0;True
2026-08-01 18:48:51;ibm_kingston;655;True
2026-08-01 18:48:51;ibm_marrakesh;0;True
2026-08-01 19:48:54;ibm_fez;0;True
2026-08-01 19:48:54;ibm_kingston;519;True
2026-08-01 19:48:54;ibm_marrakesh;1;True
2026-08-01 20:48:58;ibm_fez;5;True
2026-08-01 20:48:58;ibm_kingston;422;True
2026-08-01 20:48:58;ibm_marrakesh;2;True
2026-08-01 21:49:01;ibm_fez;16;True
2026-08-01 21:49:01;ibm_kingston;305;True
2026-08-01 21:49:01;ibm_marrakesh;1;True
2026-08-01 22:49:05;ibm_fez;0;True
2026-08-01 22:49:05;ibm_kingston;131;True
2026-08-01 22:49:05;ibm_marrakesh;0;True
2026-08-01 23:49:08;ibm_fez;1;True
2026-08-01 23:49:08;ibm_kingston;25;True
2026-08-01 23:49:08;ibm_marrakesh;0;True
2026-08-02 00:49:12;ibm_fez;0;True
2026-08-02 00:49:12;ibm_kingston;1;True
2026-08-02 00:49:12;ibm_marrakesh;0;True
2026-08-02 01:49:15;ibm_fez;1;True
2026-08-02 01:49:15;ibm_kingston;1;True
2026-08-02 01:49:15;ibm_marrakesh;0;True
2026-08-02 02:49:18;ibm_fez;0;True
2026-08-02 02:49:18;ibm_kingston;2;True
2026-08-02 02:49:18;ibm_marrakesh;1;True
2026-08-02 03:49:20;ibm_fez;2;True
2026-08-02 03:49:20;ibm_kingston;0;True
2026-08-02 03:49:20;ibm_marrakesh;0;True
2026-08-02 04:49:24;ibm_fez;0;True
2026-08-02 04:49:24;ibm_kingston;0;True
2026-08-02 04:49:24;ibm_marrakesh;0;True
2026-08-02 05:49:27;ibm_fez;0;True
2026-08-02 05:49:27;ibm_kingston;6;True
2026-08-02 05:49:27;ibm_marrakesh;0;True
2026-08-02 06:49:31;ibm_fez;1;True
2026-08-02 06:49:31;ibm_kingston;11;True
2026-08-02 06:49:31;ibm_marrakesh;0;True
2026-08-02 07:49:33;ibm_fez;0;True
2026-08-02 07:49:33;ibm_kingston;4;True
2026-08-02 07:49:33;ibm_marrakesh;4;True
2026-08-02 08:49:37;ibm_fez;0;True
2026-08-02 08:49:37;ibm_kingston;0;True
2026-08-02 08:49:37;ibm_marrakesh;0;True
2026-08-02 09:49:40;ibm_fez;0;True
2026-08-02 09:49:40;ibm_kingston;0;True
2026-08-02 09:49:40;ibm_marrakesh;0;True
2026-08-02 10:49:43;ibm_fez;1;True
2026-08-02 10:49:43;ibm_kingston;1;True
2026-08-02 10:49:43;ibm_marrakesh;0;True
2026-08-02 11:49:46;ibm_fez;0;True
2026-08-02 11:49:46;ibm_kingston;10;True
2026-08-02 11:49:46;ibm_marrakesh;0;True
2026-08-02 12:49:50;ibm_fez;0;True
2026-08-02 12:49:50;ibm_kingston;1;True
2026-08-02 12:49:50;ibm_marrakesh;4;True
2026-08-02 13:49:53;ibm_fez;1;True
2026-08-02 13:49:53;ibm_kingston;0;True
2026-08-02 13:49:53;ibm_marrakesh;0;True
2026-08-02 14:49:56;ibm_fez;0;True
2026-08-02 14:49:56;ibm_kingston;0;True
2026-08-02 14:49:56;ibm_marrakesh;3;True
2026-08-02 15:49:59;ibm_fez;0;True
2026-08-02 15:49:59;ibm_kingston;2;True
2026-08-02 15:49:59;ibm_marrakesh;3;True
2026-08-02 16:50:03;ibm_fez;0;True
2026-08-02 16:50:03;ibm_kingston;0;True
2026-08-02 16:50:03;ibm_marrakesh;7;True
2026-08-02 17:50:06;ibm_fez;0;True
2026-08-02 17:50:06;ibm_kingston;2;True
2026-08-02 17:50:06;ibm_marrakesh;8;True
2026-08-02 18:50:09;ibm_fez;0;True
2026-08-02 18:50:09;ibm_kingston;1;True
2026-08-02 18:50:09;ibm_marrakesh;0;True
2026-08-02 19:50:12;ibm_fez;1;True
2026-08-02 19:50:12;ibm_kingston;0;True
2026-08-02 19:50:12;ibm_marrakesh;0;True
2026-08-02 20:50:15;ibm_fez;0;True
2026-08-02 20:50:15;ibm_kingston;0;True
2026-08-02 20:50:15;ibm_marrakesh;0;True
2026-08-02 21:50:18;ibm_fez;0;True
2026-08-02 21:50:18;ibm_kingston;0;True
2026-08-02 21:50:18;ibm_marrakesh;0;True
2026-08-02 22:50:21;ibm_fez;2;True
2026-08-02 22:50:21;ibm_kingston;0;True
2026-08-02 22:50:21;ibm_marrakesh;0;True
2026-08-02 23:50:24;ibm_fez;1;True
2026-08-02 23:50:24;ibm_kingston;0;True
2026-08-02 23:50:24;ibm_marrakesh;0;True
2026-08-03 00:50:28;ibm_fez;0;True
2026-08-03 00:50:28;ibm_kingston;0;True
2026-08-03 00:50:28;ibm_marrakesh;0;True
2026-08-03 01:50:31;ibm_fez;1;True
2026-08-03 01:50:31;ibm_kingston;0;True
2026-08-03 01:50:31;ibm_marrakesh;0;True
2026-08-03 02:50:34;ibm_fez;31;True
2026-08-03 02:50:34;ibm_kingston;0;True
2026-08-03 02:50:34;ibm_marrakesh;1;True
2026-08-03 03:50:37;ibm_fez;61;True
2026-08-03 03:50:37;ibm_kingston;1;True
2026-08-03 03:50:37;ibm_marrakesh;0;True
2026-08-03 04:50:41;ibm_fez;64;True
2026-08-03 04:50:41;ibm_kingston;0;True
2026-08-03 04:50:41;ibm_marrakesh;0;True
2026-08-03 05:50:44;ibm_fez;68;True
2026-08-03 05:50:44;ibm_kingston;8;True
2026-08-03 05:50:44;ibm_marrakesh;1;True
2026-08-03 06:50:48;ibm_fez;74;True
2026-08-03 06:50:48;ibm_kingston;315;True
2026-08-03 06:50:48;ibm_marrakesh;2;True
2026-08-03 07:50:51;ibm_fez;7;True
2026-08-03 07:50:51;ibm_kingston;239;True
2026-08-03 07:50:51;ibm_marrakesh;0;True
2026-08-03 08:50:55;ibm_fez;3;True
2026-08-03 08:50:55;ibm_kingston;5;True
2026-08-03 08:50:55;ibm_marrakesh;0;True
2026-08-03 09:50:58;ibm_fez;1;True
2026-08-03 09:50:58;ibm_kingston;4;True
2026-08-03 09:50:58;ibm_marrakesh;1;True
2026-08-03 10:51:02;ibm_fez;1;True
2026-08-03 10:51:02;ibm_kingston;4;True
2026-08-03 10:51:02;ibm_marrakesh;0;True
2026-08-03 11:51:05;ibm_fez;0;True
2026-08-03 11:51:05;ibm_kingston;154;True
2026-08-03 11:51:05;ibm_marrakesh;0;True
2026-08-03 12:51:08;ibm_fez;1;True
2026-08-03 12:51:08;ibm_kingston;116;True
2026-08-03 12:51:08;ibm_marrakesh;0;True
2026-08-03 13:51:11;ibm_fez;5;True
2026-08-03 13:51:11;ibm_kingston;109;True
2026-08-03 13:51:11;ibm_marrakesh;0;True
2026-08-03 14:51:15;ibm_fez;4;True
2026-08-03 14:51:15;ibm_kingston;90;True
2026-08-03 14:51:15;ibm_marrakesh;0;True
2026-08-03 15:51:17;ibm_fez;40;True
2026-08-03 15:51:17;ibm_kingston;89;True
2026-08-03 15:51:17;ibm_marrakesh;4;True
2026-08-03 16:51:21;ibm_fez;58;True
2026-08-03 16:51:21;ibm_kingston;90;True
2026-08-03 16:51:21;ibm_marrakesh;7;True
2026-08-03 17:51:24;ibm_fez;97;True
2026-08-03 17:51:24;ibm_kingston;92;True
2026-08-03 17:51:24;ibm_marrakesh;11;True
2026-08-03 18:51:28;ibm_fez;1;True
2026-08-03 18:51:28;ibm_kingston;102;True
2026-08-03 18:51:28;ibm_marrakesh;11;True
2026-08-03 19:51:31;ibm_fez;0;True
2026-08-03 19:51:31;ibm_kingston;108;True
2026-08-03 19:51:31;ibm_marrakesh;2;True
2026-08-03 20:51:34;ibm_fez;14;True
2026-08-03 20:51:34;ibm_kingston;166;True
2026-08-03 20:51:34;ibm_marrakesh;1;True
2026-08-03 21:51:37;ibm_fez;7;True
2026-08-03 21:51:37;ibm_kingston;145;True
2026-08-03 21:51:37;ibm_marrakesh;2;True
2026-08-03 22:51:41;ibm_fez;21;True
2026-08-03 22:51:41;ibm_kingston;207;True
2026-08-03 22:51:41;ibm_marrakesh;6;True
2026-08-03 23:51:43;ibm_fez;50;True
2026-08-03 23:51:43;ibm_kingston;351;True
2026-08-03 23:51:43;ibm_marrakesh;46;True
2026-08-04 00:51:47;ibm_fez;1;True
2026-08-04 00:51:47;ibm_kingston;341;True
2026-08-04 00:51:47;ibm_marrakesh;1;True
2026-08-04 01:51:49;ibm_fez;11;True
2026-08-04 01:51:49;ibm_kingston;322;True
2026-08-04 01:51:49;ibm_marrakesh;2;True
2026-08-04 02:51:54;ibm_fez;16;True
2026-08-04 02:51:54;ibm_kingston;334;True
2026-08-04 02:51:54;ibm_marrakesh;3;True
2026-08-04 03:51:57;ibm_fez;16;True
2026-08-04 03:51:57;ibm_kingston;348;True
2026-08-04 03:51:57;ibm_marrakesh;1;True
2026-08-04 04:52:00;ibm_fez;11;True
2026-08-04 04:52:00;ibm_kingston;243;True
2026-08-04 04:52:00;ibm_marrakesh;1;True
2026-08-04 05:52:03;ibm_fez;20;True
2026-08-04 05:52:03;ibm_kingston;199;True
2026-08-04 05:52:03;ibm_marrakesh;1;True
2026-08-04 06:52:06;ibm_fez;32;True
2026-08-04 06:52:06;ibm_kingston;194;True
2026-08-04 06:52:06;ibm_marrakesh;4;True
2026-08-04 07:52:09;ibm_fez;1;True
2026-08-04 07:52:09;ibm_kingston;177;True
2026-08-04 07:52:09;ibm_marrakesh;1;True
2026-08-04 08:52:12;ibm_fez;2;True
2026-08-04 08:52:12;ibm_kingston;150;True
2026-08-04 08:52:12;ibm_marrakesh;3;True
2026-08-04 09:52:15;ibm_fez;9;True
2026-08-04 09:52:15;ibm_kingston;196;True
2026-08-04 09:52:15;ibm_marrakesh;4;True
2026-08-04 10:52:19;ibm_fez;0;True
2026-08-04 10:52:19;ibm_kingston;187;True
2026-08-04 10:52:19;ibm_marrakesh;0;True
2026-08-04 11:52:22;ibm_fez;8;True
2026-08-04 11:52:22;ibm_kingston;183;True
2026-08-04 11:52:22;ibm_marrakesh;9;True
2026-08-04 12:52:26;ibm_fez;10;True
2026-08-04 12:52:26;ibm_kingston;190;True
2026-08-04 12:52:26;ibm_marrakesh;15;True
2026-08-04 13:52:28;ibm_fez;0;True
2026-08-04 13:52:28;ibm_kingston;184;True
2026-08-04 13:52:28;ibm_marrakesh;3;True
2026-08-04 14:52:32;ibm_fez;1;True
2026-08-04 14:52:32;ibm_kingston;175;True
2026-08-04 14:52:32;ibm_marrakesh;4;True
2026-08-04 15:52:35;ibm_fez;1;True
2026-08-04 15:52:35;ibm_kingston;173;True
2026-08-04 15:52:35;ibm_marrakesh;0;True
2026-08-04 16:52:39;ibm_fez;2;True
2026-08-04 16:52:39;ibm_kingston;232;True
2026-08-04 16:52:39;ibm_marrakesh;2;True
2026-08-04 17:52:42;ibm_fez;31;True
2026-08-04 17:52:42;ibm_kingston;227;True
2026-08-04 17:52:42;ibm_marrakesh;9;True
2026-08-04 18:52:46;ibm_fez;4;True
2026-08-04 18:52:46;ibm_kingston;218;True
2026-08-04 18:52:46;ibm_marrakesh;9;True
2026-08-04 19:52:49;ibm_fez;4;True
2026-08-04 19:52:49;ibm_kingston;244;True
2026-08-04 19:52:49;ibm_marrakesh;11;True
2026-08-04 20:52:52;ibm_fez;4;True
2026-08-04 20:52:52;ibm_kingston;228;True
2026-08-04 20:52:52;ibm_marrakesh;6;True
2026-08-04 21:52:55;ibm_fez;5;True
2026-08-04 21:52:55;ibm_kingston;270;True
2026-08-04 21:52:55;ibm_marrakesh;4;True
2026-08-04 22:52:59;ibm_fez;0;True
2026-08-04 22:52:59;ibm_kingston;269;True
2026-08-04 22:52:59;ibm_marrakesh;6;True
2026-08-04 23:53:02;ibm_fez;9;True
2026-08-04 23:53:02;ibm_kingston;262;True
2026-08-04 23:53:02;ibm_marrakesh;7;True
2026-08-05 00:53:06;ibm_fez;4;True
2026-08-05 00:53:06;ibm_kingston;250;True
2026-08-05 00:53:06;ibm_marrakesh;7;True
2026-08-05 01:53:10;ibm_fez;3;True
2026-08-05 01:53:10;ibm_kingston;225;True
2026-08-05 01:53:10;ibm_marrakesh;5;True
2026-08-05 02:53:13;ibm_fez;0;True
2026-08-05 02:53:13;ibm_kingston;243;True
2026-08-05 02:53:13;ibm_marrakesh;6;True
2026-08-05 03:53:17;ibm_fez;2;True
2026-08-05 03:53:17;ibm_kingston;231;True
2026-08-05 03:53:17;ibm_marrakesh;1;True
2026-08-05 04:53:21;ibm_fez;2;True
2026-08-05 04:53:21;ibm_kingston;223;True
2026-08-05 04:53:21;ibm_marrakesh;0;True
2026-08-05 05:53:23;ibm_fez;5;True
2026-08-05 05:53:23;ibm_kingston;216;True
2026-08-05 05:53:23;ibm_marrakesh;2;True
2026-08-05 06:53:27;ibm_fez;0;True
2026-08-05 06:53:27;ibm_kingston;205;True
2026-08-05 06:53:27;ibm_marrakesh;1;True
2026-08-05 07:53:29;ibm_fez;1;True
2026-08-05 07:53:29;ibm_kingston;208;True
2026-08-05 07:53:29;ibm_marrakesh;1;True
2026-08-05 08:53:33;ibm_fez;1;True
2026-08-05 08:53:33;ibm_kingston;228;True
2026-08-05 08:53:33;ibm_marrakesh;8;True
2026-08-05 09:53:36;ibm_fez;6;True
2026-08-05 09:53:36;ibm_kingston;232;True
2026-08-05 09:53:36;ibm_marrakesh;0;True
2026-08-05 10:53:40;ibm_fez;29;True
2026-08-05 10:53:40;ibm_kingston;217;True
2026-08-05 10:53:40;ibm_marrakesh;3;True
2026-08-05 11:53:43;ibm_fez;11;True
2026-08-05 11:53:43;ibm_kingston;197;True
2026-08-05 11:53:43;ibm_marrakesh;7;True
2026-08-05 12:53:46;ibm_fez;1;True
2026-08-05 12:53:46;ibm_kingston;154;True
2026-08-05 12:53:46;ibm_marrakesh;8;True
2026-08-05 13:53:49;ibm_fez;13;True
2026-08-05 13:53:49;ibm_kingston;141;True
2026-08-05 13:53:49;ibm_marrakesh;38;True
2026-08-05 14:53:53;ibm_fez;50;True
2026-08-05 14:53:53;ibm_kingston;32;True
2026-08-05 14:53:53;ibm_marrakesh;53;True
2026-08-05 15:53:57;ibm_fez;55;True
2026-08-05 15:53:57;ibm_kingston;5;True
2026-08-05 15:53:57;ibm_marrakesh;0;True
2026-08-05 16:54:01;ibm_fez;1;True
2026-08-05 16:54:01;ibm_kingston;0;True
2026-08-05 16:54:01;ibm_marrakesh;0;True
2026-08-05 17:54:03;ibm_fez;4;True
2026-08-05 17:54:03;ibm_kingston;4;True
2026-08-05 17:54:03;ibm_marrakesh;6;True
2026-08-05 18:54:07;ibm_fez;12;True
2026-08-05 18:54:07;ibm_kingston;0;True
2026-08-05 18:54:07;ibm_marrakesh;2;True
2026-08-05 19:54:10;ibm_fez;49;True
2026-08-05 19:54:10;ibm_kingston;7;True
2026-08-05 19:54:10;ibm_marrakesh;2;True
2026-08-05 20:54:15;ibm_fez;0;True
2026-08-05 20:54:15;ibm_kingston;1;True
2026-08-05 20:54:15;ibm_marrakesh;1;True
2026-08-05 21:54:18;ibm_fez;0;True
2026-08-05 21:54:18;ibm_kingston;2;True
2026-08-05 21:54:18;ibm_marrakesh;0;True
2026-08-05 22:54:21;ibm_fez;2;True
2026-08-05 22:54:21;ibm_kingston;0;True
2026-08-05 22:54:21;ibm_marrakesh;0;True
2026-08-05 23:54:24;ibm_fez;0;True
2026-08-05 23:54:24;ibm_kingston;0;True
2026-08-05 23:54:24;ibm_marrakesh;0;True
2026-08-06 00:54:28;ibm_fez;1;True
2026-08-06 00:54:28;ibm_kingston;0;True
2026-08-06 00:54:28;ibm_marrakesh;0;True
2026-08-06 01:54:30;ibm_fez;1;True
2026-08-06 01:54:30;ibm_kingston;0;True
2026-08-06 01:54:30;ibm_marrakesh;1;True
2026-08-06 02:54:34;ibm_fez;1;True
2026-08-06 02:54:34;ibm_kingston;1;True
2026-08-06 02:54:34;ibm_marrakesh;0;True
2026-08-06 03:54:37;ibm_fez;1;True
2026-08-06 03:54:37;ibm_kingston;0;True
2026-08-06 03:54:37;ibm_marrakesh;4;True
2026-08-06 04:54:41;ibm_fez;1;True
2026-08-06 04:54:41;ibm_kingston;1;True
2026-08-06 04:54:41;ibm_marrakesh;0;True
2026-08-06 05:54:45;ibm_fez;2;True
2026-08-06 05:54:45;ibm_kingston;0;True
2026-08-06 05:54:45;ibm_marrakesh;5;True
2026-08-06 06:54:50;ibm_fez;1;True
2026-08-06 06:54:50;ibm_kingston;0;True
2026-08-06 06:54:50;ibm_marrakesh;0;True
2026-08-06 07:54:53;ibm_fez;24;True
2026-08-06 07:54:53;ibm_kingston;40;True
2026-08-06 07:54:53;ibm_marrakesh;1;True
2026-08-06 08:54:56;ibm_fez;1;True
2026-08-06 08:54:56;ibm_kingston;36;True
2026-08-06 08:54:56;ibm_marrakesh;0;True
2026-08-06 09:54:59;ibm_fez;12;True
2026-08-06 09:54:59;ibm_kingston;38;True
2026-08-06 09:54:59;ibm_marrakesh;2;True
2026-08-06 10:55:04;ibm_fez;12;True
2026-08-06 10:55:04;ibm_kingston;30;True
2026-08-06 10:55:04;ibm_marrakesh;1;True
2026-08-06 11:55:07;ibm_fez;14;True
2026-08-06 11:55:07;ibm_kingston;30;True
2026-08-06 11:55:07;ibm_marrakesh;0;True
2026-08-06 12:55:11;ibm_fez;27;True
2026-08-06 12:55:11;ibm_kingston;27;True
2026-08-06 12:55:11;ibm_marrakesh;0;True
2026-08-06 13:55:14;ibm_fez;30;True
2026-08-06 13:55:14;ibm_kingston;25;True
2026-08-06 13:55:14;ibm_marrakesh;4;True
2026-08-06 14:55:17;ibm_fez;41;True
2026-08-06 14:55:17;ibm_kingston;0;True
2026-08-06 14:55:17;ibm_marrakesh;15;True
2026-08-06 15:55:20;ibm_fez;39;True
2026-08-06 15:55:20;ibm_kingston;0;True
2026-08-06 15:55:20;ibm_marrakesh;1;True
2026-08-06 16:55:24;ibm_fez;46;True
2026-08-06 16:55:24;ibm_kingston;3;True
2026-08-06 16:55:24;ibm_marrakesh;0;True
2026-08-06 17:55:27;ibm_fez;49;True
2026-08-06 17:55:27;ibm_kingston;3;True
2026-08-06 17:55:27;ibm_marrakesh;0;True
2026-08-06 18:55:31;ibm_fez;51;True
2026-08-06 18:55:31;ibm_kingston;2;True
2026-08-06 18:55:31;ibm_marrakesh;2;True
2026-08-06 19:55:34;ibm_fez;54;True
2026-08-06 19:55:34;ibm_kingston;18;True
2026-08-06 19:55:34;ibm_marrakesh;1;True
2026-08-06 20:55:38;ibm_fez;55;True
2026-08-06 20:55:38;ibm_kingston;1;True
2026-08-06 20:55:38;ibm_marrakesh;10;True
2026-08-06 21:55:41;ibm_fez;56;True
2026-08-06 21:55:41;ibm_kingston;1;True
2026-08-06 21:55:41;ibm_marrakesh;0;True
2026-08-06 22:55:44;ibm_fez;57;True
2026-08-06 22:55:44;ibm_kingston;1;True
2026-08-06 22:55:44;ibm_marrakesh;0;True
2026-08-06 23:55:47;ibm_fez;61;True
2026-08-06 23:55:47;ibm_kingston;1;True
2026-08-06 23:55:47;ibm_marrakesh;1;True
2026-08-07 00:55:51;ibm_fez;61;True
2026-08-07 00:55:51;ibm_kingston;2;True
2026-08-07 00:55:51;ibm_marrakesh;0;True
2026-08-07 01:55:53;ibm_fez;71;True
2026-08-07 01:55:53;ibm_kingston;3;True
2026-08-07 01:55:53;ibm_marrakesh;0;True
2026-08-07 02:55:57;ibm_fez;87;True
2026-08-07 02:55:57;ibm_kingston;1;True
2026-08-07 02:55:57;ibm_marrakesh;4;True
2026-08-07 03:56:00;ibm_fez;37;True
2026-08-07 03:56:00;ibm_kingston;1;True
2026-08-07 03:56:00;ibm_marrakesh;1;True
2026-08-07 04:56:04;ibm_fez;2;True
2026-08-07 04:56:04;ibm_kingston;1;True
2026-08-07 04:56:04;ibm_marrakesh;2;True
2026-08-07 05:56:07;ibm_fez;1;True
2026-08-07 05:56:07;ibm_kingston;1;True
2026-08-07 05:56:07;ibm_marrakesh;1;True
2026-08-07 06:56:13;ibm_fez;4;True
2026-08-07 06:56:13;ibm_kingston;2;True
2026-08-07 06:56:13;ibm_marrakesh;0;True
2026-08-07 07:56:16;ibm_fez;87;True
2026-08-07 07:56:16;ibm_kingston;233;True
2026-08-07 07:56:16;ibm_marrakesh;2;True
2026-08-07 08:56:20;ibm_fez;0;True
2026-08-07 08:56:20;ibm_kingston;8;True
2026-08-07 08:56:20;ibm_marrakesh;0;True
2026-08-07 09:56:23;ibm_fez;3;True
2026-08-07 09:56:23;ibm_kingston;0;True
2026-08-07 09:56:23;ibm_marrakesh;0;True
2026-08-07 10:56:27;ibm_fez;62;True
2026-08-07 10:56:27;ibm_kingston;0;True
2026-08-07 10:56:27;ibm_marrakesh;0;True
2026-08-07 11:56:30;ibm_fez;1;True
2026-08-07 11:56:30;ibm_kingston;0;True
2026-08-07 11:56:30;ibm_marrakesh;0;True
2026-08-07 12:56:33;ibm_fez;0;True
2026-08-07 12:56:33;ibm_kingston;1;True
2026-08-07 12:56:33;ibm_marrakesh;1;True
2026-08-07 13:56:36;ibm_fez;1;True
2026-08-07 13:56:36;ibm_kingston;0;True
2026-08-07 13:56:36;ibm_marrakesh;0;True
2026-08-07 14:56:39;ibm_fez;8;True
2026-08-07 14:56:39;ibm_kingston;59;True
2026-08-07 14:56:39;ibm_marrakesh;3;True
2026-08-07 15:56:42;ibm_fez;6;True
2026-08-07 15:56:42;ibm_kingston;0;True
2026-08-07 15:56:42;ibm_marrakesh;0;True
2026-08-07 16:56:46;ibm_fez;1;True
2026-08-07 16:56:46;ibm_kingston;3;True
2026-08-07 16:56:46;ibm_marrakesh;0;True
2026-08-07 17:56:49;ibm_fez;13;True
2026-08-07 17:56:49;ibm_kingston;1;True
2026-08-07 17:56:49;ibm_marrakesh;3;True
2026-08-07 18:56:53;ibm_fez;14;True
2026-08-07 18:56:53;ibm_kingston;1;True
2026-08-07 18:56:53;ibm_marrakesh;1;True
2026-08-07 19:56:56;ibm_fez;0;True
2026-08-07 19:56:56;ibm_kingston;4;True
2026-08-07 19:56:56;ibm_marrakesh;5;True
2026-08-07 20:56:59;ibm_fez;8;True
2026-08-07 20:56:59;ibm_kingston;0;True
2026-08-07 20:56:59;ibm_marrakesh;0;True
2026-08-07 21:57:03;ibm_fez;6;True
2026-08-07 21:57:03;ibm_kingston;0;True
2026-08-07 21:57:03;ibm_marrakesh;0;True
2026-08-07 22:57:06;ibm_fez;9;True
2026-08-07 22:57:06;ibm_kingston;0;True
2026-08-07 22:57:06;ibm_marrakesh;1;True
2026-08-07 23:57:09;ibm_fez;449;True
2026-08-07 23:57:09;ibm_kingston;222;True
2026-08-07 23:57:09;ibm_marrakesh;1;True
2026-08-08 00:57:13;ibm_fez;0;True
2026-08-08 00:57:13;ibm_kingston;0;True
2026-08-08 00:57:13;ibm_marrakesh;0;True
2026-08-08 01:57:16;ibm_fez;3;True
2026-08-08 01:57:16;ibm_kingston;3;True
2026-08-08 01:57:16;ibm_marrakesh;2;True
2026-08-08 02:57:20;ibm_fez;1;True
2026-08-08 02:57:20;ibm_kingston;17;True
2026-08-08 02:57:20;ibm_marrakesh;1;True
2026-08-08 03:57:23;ibm_fez;0;True
2026-08-08 03:57:23;ibm_kingston;3;True
2026-08-08 03:57:23;ibm_marrakesh;0;True
2026-08-08 04:57:27;ibm_fez;4;True
2026-08-08 04:57:27;ibm_kingston;0;True
2026-08-08 04:57:27;ibm_marrakesh;1;True
2026-08-08 05:57:31;ibm_fez;0;True
2026-08-08 05:57:31;ibm_kingston;0;True
2026-08-08 05:57:31;ibm_marrakesh;0;True
2026-08-08 06:57:35;ibm_fez;1;True
2026-08-08 06:57:35;ibm_kingston;0;True
2026-08-08 06:57:35;ibm_marrakesh;0;True
2026-08-08 07:57:38;ibm_fez;5;True
2026-08-08 07:57:38;ibm_kingston;5;True
2026-08-08 07:57:38;ibm_marrakesh;1;True
2026-08-08 08:57:42;ibm_fez;0;True
2026-08-08 08:57:42;ibm_kingston;1;True
2026-08-08 08:57:42;ibm_marrakesh;0;True
2026-08-08 09:57:45;ibm_fez;0;True
2026-08-08 09:57:45;ibm_kingston;0;True
2026-08-08 09:57:45;ibm_marrakesh;0;True
2026-08-08 10:57:47;ibm_fez;1;True
2026-08-08 10:57:47;ibm_kingston;1;True
2026-08-08 10:57:47;ibm_marrakesh;3;True
2026-08-08 11:57:52;ibm_fez;0;True
2026-08-08 11:57:52;ibm_kingston;1;True
2026-08-08 11:57:52;ibm_marrakesh;1;True
2026-08-08 12:57:55;ibm_fez;0;True
2026-08-08 12:57:55;ibm_kingston;1;True
2026-08-08 12:57:55;ibm_marrakesh;2;True
2026-08-08 13:58:00;ibm_fez;0;True
2026-08-08 13:58:00;ibm_kingston;1;True
2026-08-08 13:58:00;ibm_marrakesh;0;True
2026-08-08 14:58:03;ibm_fez;4;True
2026-08-08 14:58:03;ibm_kingston;0;True
2026-08-08 14:58:03;ibm_marrakesh;1;True
2026-08-08 15:58:07;ibm_fez;0;True
2026-08-08 15:58:07;ibm_kingston;0;True
2026-08-08 15:58:07;ibm_marrakesh;0;True
2026-08-08 16:58:10;ibm_fez;0;True
2026-08-08 16:58:10;ibm_kingston;0;True
2026-08-08 16:58:10;ibm_marrakesh;0;True
2026-08-08 17:58:13;ibm_fez;0;True
2026-08-08 17:58:13;ibm_kingston;0;True
2026-08-08 17:58:13;ibm_marrakesh;0;True
2026-08-08 18:58:16;ibm_fez;0;True
2026-08-08 18:58:16;ibm_kingston;1;True
2026-08-08 18:58:16;ibm_marrakesh;1;True
2026-08-08 19:58:19;ibm_fez;0;True
2026-08-08 19:58:19;ibm_kingston;4;True
2026-08-08 19:58:19;ibm_marrakesh;0;True
2026-08-08 20:58:22;ibm_fez;0;True
2026-08-08 20:58:22;ibm_kingston;11;True
2026-08-08 20:58:22;ibm_marrakesh;0;True
2026-08-08 21:58:25;ibm_fez;0;True
2026-08-08 21:58:25;ibm_kingston;2;True
2026-08-08 21:58:25;ibm_marrakesh;0;True
2026-08-08 22:58:28;ibm_fez;0;True
2026-08-08 22:58:28;ibm_kingston;0;True
2026-08-08 22:58:28;ibm_marrakesh;0;True
2026-08-08 23:58:32;ibm_fez;0;True
2026-08-08 23:58:32;ibm_kingston;2;True
2026-08-08 23:58:32;ibm_marrakesh;0;True
2026-08-09 00:58:35;ibm_fez;0;True
2026-08-09 00:58:35;ibm_kingston;0;True
2026-08-09 00:58:35;ibm_marrakesh;1;True
2026-08-09 01:58:39;ibm_fez;0;True
2026-08-09 01:58:39;ibm_kingston;1;True
2026-08-09 01:58:39;ibm_marrakesh;0;True
2026-08-09 02:58:42;ibm_fez;1;True
2026-08-09 02:58:42;ibm_kingston;6;True
2026-08-09 02:58:42;ibm_marrakesh;0;True
2026-08-09 03:58:46;ibm_fez;0;True
2026-08-09 03:58:46;ibm_kingston;8;True
2026-08-09 03:58:46;ibm_marrakesh;0;True
2026-08-09 04:58:49;ibm_fez;0;True
2026-08-09 04:58:49;ibm_kingston;6;True
2026-08-09 04:58:49;ibm_marrakesh;4;True
2026-08-09 05:58:52;ibm_fez;2;True
2026-08-09 05:58:52;ibm_kingston;8;True
2026-08-09 05:58:52;ibm_marrakesh;5;True
2026-08-09 06:58:55;ibm_fez;3;True
2026-08-09 06:58:55;ibm_kingston;2;True
2026-08-09 06:58:55;ibm_marrakesh;7;True
2026-08-09 07:58:59;ibm_fez;1;True
2026-08-09 07:58:59;ibm_kingston;1;True
2026-08-09 07:58:59;ibm_marrakesh;8;True
2026-08-09 08:59:01;ibm_fez;1;True
2026-08-09 08:59:01;ibm_kingston;2;True
2026-08-09 08:59:01;ibm_marrakesh;9;True
2026-08-09 09:59:05;ibm_fez;0;True
2026-08-09 09:59:05;ibm_kingston;1;True
2026-08-09 09:59:05;ibm_marrakesh;71;True
2026-08-09 10:59:08;ibm_fez;0;True
2026-08-09 10:59:08;ibm_kingston;2;True
2026-08-09 10:59:08;ibm_marrakesh;16;True
2026-08-09 11:59:11;ibm_fez;4;True
2026-08-09 11:59:11;ibm_kingston;1;True
2026-08-09 11:59:11;ibm_marrakesh;25;True
2026-08-09 12:59:15;ibm_fez;447;True
2026-08-09 12:59:15;ibm_kingston;226;True
2026-08-09 12:59:15;ibm_marrakesh;27;True
2026-08-09 13:59:18;ibm_fez;440;True
2026-08-09 13:59:18;ibm_kingston;256;True
2026-08-09 13:59:18;ibm_marrakesh;28;True
2026-08-09 14:59:21;ibm_fez;436;True
2026-08-09 14:59:21;ibm_kingston;261;True
2026-08-09 14:59:21;ibm_marrakesh;45;True
2026-08-09 15:59:25;ibm_fez;440;True
2026-08-09 15:59:25;ibm_kingston;271;True
2026-08-09 15:59:25;ibm_marrakesh;49;True
2026-08-09 16:59:28;ibm_fez;441;True
2026-08-09 16:59:28;ibm_kingston;308;True
2026-08-09 16:59:28;ibm_marrakesh;61;True
2026-08-09 17:59:32;ibm_fez;448;True
2026-08-09 17:59:32;ibm_kingston;325;True
2026-08-09 17:59:32;ibm_marrakesh;68;True
2026-08-09 18:59:35;ibm_fez;455;True
2026-08-09 18:59:35;ibm_kingston;326;True
2026-08-09 18:59:35;ibm_marrakesh;71;True
2026-08-09 19:59:39;ibm_fez;453;True
2026-08-09 19:59:39;ibm_kingston;332;True
2026-08-09 19:59:39;ibm_marrakesh;77;True
2026-08-09 20:59:43;ibm_fez;458;True
2026-08-09 20:59:43;ibm_kingston;332;True
2026-08-09 20:59:43;ibm_marrakesh;81;True
2026-08-09 21:59:48;ibm_fez;457;True
2026-08-09 21:59:48;ibm_kingston;331;True
2026-08-09 21:59:48;ibm_marrakesh;85;True
2026-08-09 22:59:51;ibm_fez;457;True
2026-08-09 22:59:51;ibm_kingston;331;True
2026-08-09 22:59:51;ibm_marrakesh;85;True
2026-08-09 23:59:55;ibm_fez;458;True
2026-08-09 23:59:55;ibm_kingston;355;True
2026-08-09 23:59:55;ibm_marrakesh;87;True
2026-08-10 00:59:58;ibm_fez;452;True
2026-08-10 00:59:58;ibm_kingston;360;True
2026-08-10 00:59:58;ibm_marrakesh;87;True
2026-08-10 02:00:02;ibm_fez;447;True
2026-08-10 02:00:02;ibm_kingston;357;True
2026-08-10 02:00:02;ibm_marrakesh;5;True
2026-08-10 03:00:05;ibm_fez;443;True
2026-08-10 03:00:05;ibm_kingston;368;True
2026-08-10 03:00:05;ibm_marrakesh;30;True
2026-08-10 04:00:09;ibm_fez;449;True
2026-08-10 04:00:09;ibm_kingston;369;True
2026-08-10 04:00:09;ibm_marrakesh;34;True
2026-08-10 05:00:12;ibm_fez;443;True
2026-08-10 05:00:12;ibm_kingston;392;True
2026-08-10 05:00:12;ibm_marrakesh;3;True
2026-08-10 06:00:16;ibm_fez;451;True
2026-08-10 06:00:16;ibm_kingston;390;True
2026-08-10 06:00:16;ibm_marrakesh;17;True
2026-08-10 07:00:19;ibm_fez;448;True
2026-08-10 07:00:19;ibm_kingston;377;True
2026-08-10 07:00:19;ibm_marrakesh;0;True
2026-08-10 08:00:22;ibm_fez;432;True
2026-08-10 08:00:22;ibm_kingston;378;True
2026-08-10 08:00:22;ibm_marrakesh;0;True
2026-08-10 09:00:26;ibm_fez;430;True
2026-08-10 09:00:26;ibm_kingston;369;True
2026-08-10 09:00:26;ibm_marrakesh;6;True
2026-08-10 10:00:29;ibm_fez;429;True
2026-08-10 10:00:29;ibm_kingston;364;True
2026-08-10 10:00:29;ibm_marrakesh;26;True
2026-08-10 11:00:33;ibm_fez;423;True
2026-08-10 11:00:33;ibm_kingston;364;True
2026-08-10 11:00:33;ibm_marrakesh;34;True
2026-08-10 12:00:36;ibm_fez;419;True
2026-08-10 12:00:36;ibm_kingston;395;True
2026-08-10 12:00:36;ibm_marrakesh;34;True
2026-08-10 13:00:40;ibm_fez;423;True
2026-08-10 13:00:40;ibm_kingston;391;True
2026-08-10 13:00:40;ibm_marrakesh;3;True
2026-08-10 14:00:43;ibm_fez;427;True
2026-08-10 14:00:43;ibm_kingston;394;True
2026-08-10 14:00:43;ibm_marrakesh;3;True
2026-08-10 15:00:48;ibm_fez;432;True
2026-08-10 15:00:48;ibm_kingston;382;True
2026-08-10 15:00:48;ibm_marrakesh;2;True
2026-08-10 16:00:51;ibm_fez;430;True
2026-08-10 16:00:51;ibm_kingston;379;True
2026-08-10 16:00:51;ibm_marrakesh;6;True
2026-08-10 17:00:55;ibm_fez;437;True
2026-08-10 17:00:55;ibm_kingston;470;True
2026-08-10 17:00:55;ibm_marrakesh;6;True
2026-08-10 18:00:58;ibm_fez;444;True
2026-08-10 18:00:58;ibm_kingston;472;True
2026-08-10 18:00:58;ibm_marrakesh;2;True
2026-08-10 19:01:02;ibm_fez;438;True
2026-08-10 19:01:02;ibm_kingston;480;True
2026-08-10 19:01:02;ibm_marrakesh;2;True
2026-08-10 20:01:05;ibm_fez;438;True
2026-08-10 20:01:05;ibm_kingston;482;True
2026-08-10 20:01:05;ibm_marrakesh;98;True
2026-08-10 21:01:09;ibm_fez;441;True
2026-08-10 21:01:09;ibm_kingston;483;True
2026-08-10 21:01:09;ibm_marrakesh;15;True
2026-08-10 22:01:12;ibm_fez;441;True
2026-08-10 22:01:12;ibm_kingston;476;True
2026-08-10 22:01:12;ibm_marrakesh;1;True
2026-08-10 23:01:16;ibm_fez;442;True
2026-08-10 23:01:16;ibm_kingston;476;True
2026-08-10 23:01:16;ibm_marrakesh;5;True
2026-08-11 00:01:19;ibm_fez;443;True
2026-08-11 00:01:19;ibm_kingston;472;True
2026-08-11 00:01:19;ibm_marrakesh;1;True
2026-08-11 01:01:23;ibm_fez;445;True
2026-08-11 01:01:23;ibm_kingston;469;True
2026-08-11 01:01:23;ibm_marrakesh;11;True
2026-08-11 02:01:26;ibm_fez;443;True
2026-08-11 02:01:26;ibm_kingston;471;True
2026-08-11 02:01:26;ibm_marrakesh;1;True
2026-08-11 03:01:30;ibm_fez;439;True
2026-08-11 03:01:30;ibm_kingston;462;True
2026-08-11 03:01:30;ibm_marrakesh;10;True
2026-08-11 04:01:32;ibm_fez;438;True
2026-08-11 04:01:32;ibm_kingston;459;True
2026-08-11 04:01:32;ibm_marrakesh;24;True
2026-08-11 05:01:36;ibm_fez;440;True
2026-08-11 05:01:36;ibm_kingston;454;True
2026-08-11 05:01:36;ibm_marrakesh;40;True
2026-08-11 06:01:40;ibm_fez;432;True
2026-08-11 06:01:40;ibm_kingston;422;True
2026-08-11 06:01:40;ibm_marrakesh;7;True
2026-08-11 07:01:43;ibm_fez;432;True
2026-08-11 07:01:43;ibm_kingston;413;True
2026-08-11 07:01:43;ibm_marrakesh;13;True
2026-08-11 08:01:47;ibm_fez;430;True
2026-08-11 08:01:47;ibm_kingston;409;True
2026-08-11 08:01:47;ibm_marrakesh;20;True
2026-08-11 09:01:51;ibm_fez;427;True
2026-08-11 09:01:51;ibm_kingston;403;True
2026-08-11 09:01:51;ibm_marrakesh;1;True
2026-08-11 10:01:54;ibm_fez;430;True
2026-08-11 10:01:54;ibm_kingston;408;True
2026-08-11 10:01:54;ibm_marrakesh;38;True
2026-08-11 11:01:59;ibm_fez;432;True
2026-08-11 11:01:59;ibm_kingston;406;True
2026-08-11 11:01:59;ibm_marrakesh;2;True
2026-08-11 12:02:02;ibm_fez;431;True
2026-08-11 12:02:02;ibm_kingston;403;True
2026-08-11 12:02:02;ibm_marrakesh;1;True
2026-08-11 13:02:05;ibm_fez;427;True
2026-08-11 13:02:05;ibm_kingston;399;True
2026-08-11 13:02:05;ibm_marrakesh;3;True
2026-08-11 14:02:08;ibm_fez;427;True
2026-08-11 14:02:08;ibm_kingston;396;True
2026-08-11 14:02:08;ibm_marrakesh;2;True
2026-08-11 15:02:11;ibm_fez;433;True
2026-08-11 15:02:11;ibm_kingston;388;True
2026-08-11 15:02:11;ibm_marrakesh;2;True
2026-08-11 16:02:14;ibm_fez;430;True
2026-08-11 16:02:14;ibm_kingston;387;True
2026-08-11 16:02:14;ibm_marrakesh;3;True
2026-08-11 17:02:17;ibm_fez;429;True
2026-08-11 17:02:17;ibm_kingston;385;True
2026-08-11 17:02:17;ibm_marrakesh;1;True
2026-08-11 18:02:20;ibm_fez;430;True
2026-08-11 18:02:20;ibm_kingston;300;True
2026-08-11 18:02:20;ibm_marrakesh;1;True
2026-08-11 19:02:24;ibm_fez;427;True
2026-08-11 19:02:24;ibm_kingston;214;True
2026-08-11 19:02:24;ibm_marrakesh;2;True
2026-08-11 20:02:26;ibm_fez;424;True
2026-08-11 20:02:26;ibm_kingston;55;True
2026-08-11 20:02:26;ibm_marrakesh;5;True
2026-08-11 21:02:30;ibm_fez;425;True
2026-08-11 21:02:30;ibm_kingston;2;True
2026-08-11 21:02:30;ibm_marrakesh;2;True
2026-08-11 22:02:33;ibm_fez;424;True
2026-08-11 22:02:33;ibm_kingston;18;True
2026-08-11 22:02:33;ibm_marrakesh;156;True
2026-08-11 23:02:36;ibm_fez;422;True
2026-08-11 23:02:36;ibm_kingston;2;True
2026-08-11 23:02:36;ibm_marrakesh;125;True
2026-08-12 00:02:39;ibm_fez;423;True
2026-08-12 00:02:39;ibm_kingston;0;True
2026-08-12 00:02:39;ibm_marrakesh;0;True
2026-08-12 01:02:43;ibm_fez;423;True
2026-08-12 01:02:43;ibm_kingston;1;True
2026-08-12 01:02:43;ibm_marrakesh;5;True
2026-08-12 02:02:47;ibm_fez;430;True
2026-08-12 02:02:47;ibm_kingston;0;True
2026-08-12 02:02:47;ibm_marrakesh;5;True
2026-08-12 03:02:50;ibm_fez;432;True
2026-08-12 03:02:50;ibm_kingston;15;True
2026-08-12 03:02:50;ibm_marrakesh;8;True
2026-08-12 04:02:54;ibm_fez;434;True
2026-08-12 04:02:54;ibm_kingston;10;True
2026-08-12 04:02:54;ibm_marrakesh;2;True
2026-08-12 05:02:57;ibm_fez;435;True
2026-08-12 05:02:57;ibm_kingston;3;True
2026-08-12 05:02:57;ibm_marrakesh;18;True
2026-08-12 06:03:00;ibm_fez;435;True
2026-08-12 06:03:00;ibm_kingston;22;True
2026-08-12 06:03:00;ibm_marrakesh;0;True
2026-08-12 07:03:04;ibm_fez;423;True
2026-08-12 07:03:04;ibm_kingston;17;True
2026-08-12 07:03:04;ibm_marrakesh;0;True
2026-08-12 08:03:07;ibm_fez;428;True
2026-08-12 08:03:07;ibm_kingston;22;True
2026-08-12 08:03:07;ibm_marrakesh;5;True
2026-08-12 09:03:11;ibm_fez;430;True
2026-08-12 09:03:11;ibm_kingston;68;True
2026-08-12 09:03:11;ibm_marrakesh;1;True
2026-08-12 10:03:14;ibm_fez;439;True
2026-08-12 10:03:14;ibm_kingston;2;True
2026-08-12 10:03:14;ibm_marrakesh;4;True
2026-08-12 11:03:17;ibm_fez;432;True
2026-08-12 11:03:17;ibm_kingston;135;True
2026-08-12 11:03:17;ibm_marrakesh;0;True
2026-08-12 12:03:21;ibm_fez;434;True
2026-08-12 12:03:21;ibm_kingston;1;True
2026-08-12 12:03:21;ibm_marrakesh;1;True
2026-08-12 13:03:23;ibm_fez;436;True
2026-08-12 13:03:23;ibm_kingston;7;True
2026-08-12 13:03:23;ibm_marrakesh;1;True
2026-08-12 14:03:27;ibm_fez;439;True
2026-08-12 14:03:27;ibm_kingston;10;True
2026-08-12 14:03:27;ibm_marrakesh;0;True
2026-08-12 15:03:31;ibm_fez;443;True
2026-08-12 15:03:31;ibm_kingston;10;True
2026-08-12 15:03:31;ibm_marrakesh;0;True
2026-08-12 16:03:35;ibm_fez;444;True
2026-08-12 16:03:35;ibm_kingston;129;True
2026-08-12 16:03:35;ibm_marrakesh;3;True
2026-08-12 17:03:38;ibm_fez;493;True
2026-08-12 17:03:38;ibm_kingston;91;True
2026-08-12 17:03:38;ibm_marrakesh;2;True
2026-08-12 18:03:42;ibm_fez;490;True
2026-08-12 18:03:42;ibm_kingston;82;True
2026-08-12 18:03:42;ibm_marrakesh;15;True
2026-08-12 19:03:44;ibm_fez;490;True
2026-08-12 19:03:44;ibm_kingston;70;True
2026-08-12 19:03:44;ibm_marrakesh;30;True
2026-08-12 20:03:48;ibm_fez;491;True
2026-08-12 20:03:48;ibm_kingston;59;True
2026-08-12 20:03:48;ibm_marrakesh;22;True
2026-08-12 21:03:51;ibm_fez;493;True
2026-08-12 21:03:51;ibm_kingston;54;True
2026-08-12 21:03:51;ibm_marrakesh;2;True
2026-08-12 22:03:55;ibm_fez;491;True
2026-08-12 22:03:55;ibm_kingston;5;True
2026-08-12 22:03:55;ibm_marrakesh;1;True
2026-08-12 23:03:58;ibm_fez;488;True
2026-08-12 23:03:58;ibm_kingston;2;True
2026-08-12 23:03:58;ibm_marrakesh;0;True
2026-08-13 00:04:02;ibm_fez;488;True
2026-08-13 00:04:02;ibm_kingston;2;True
2026-08-13 00:04:02;ibm_marrakesh;0;True
2026-08-13 01:04:05;ibm_fez;489;True
2026-08-13 01:04:05;ibm_kingston;1;True
2026-08-13 01:04:05;ibm_marrakesh;1;True
2026-08-13 02:04:08;ibm_fez;491;True
2026-08-13 02:04:08;ibm_kingston;10;True
2026-08-13 02:04:08;ibm_marrakesh;0;True
2026-08-13 03:04:11;ibm_fez;492;True
2026-08-13 03:04:11;ibm_kingston;14;True
2026-08-13 03:04:11;ibm_marrakesh;0;True
2026-08-13 04:04:15;ibm_fez;494;True
2026-08-13 04:04:15;ibm_kingston;24;True
2026-08-13 04:04:15;ibm_marrakesh;27;True
2026-08-13 05:04:18;ibm_fez;495;True
2026-08-13 05:04:18;ibm_kingston;24;True
2026-08-13 05:04:18;ibm_marrakesh;8;True
2026-08-13 06:04:22;ibm_fez;501;True
2026-08-13 06:04:22;ibm_kingston;29;True
2026-08-13 06:04:22;ibm_marrakesh;21;True
2026-08-13 07:04:26;ibm_fez;515;True
2026-08-13 07:04:26;ibm_kingston;33;True
2026-08-13 07:04:26;ibm_marrakesh;2;True
2026-08-13 08:04:29;ibm_fez;518;True
2026-08-13 08:04:29;ibm_kingston;35;True
2026-08-13 08:04:29;ibm_marrakesh;17;True
2026-08-13 09:04:32;ibm_fez;525;True
2026-08-13 09:04:32;ibm_kingston;15;True
2026-08-13 09:04:32;ibm_marrakesh;8;True
2026-08-13 10:04:36;ibm_fez;526;True
2026-08-13 10:04:36;ibm_kingston;36;True
2026-08-13 10:04:36;ibm_marrakesh;38;True
2026-08-13 11:04:39;ibm_fez;526;True
2026-08-13 11:04:39;ibm_kingston;41;True
2026-08-13 11:04:39;ibm_marrakesh;1;True
2026-08-13 12:04:44;ibm_fez;523;True
2026-08-13 12:04:44;ibm_kingston;37;True
2026-08-13 12:04:44;ibm_marrakesh;39;True
2026-08-13 13:04:47;ibm_fez;525;True
2026-08-13 13:04:47;ibm_kingston;47;True
2026-08-13 13:04:47;ibm_marrakesh;1;True
2026-08-13 14:04:51;ibm_fez;525;True
2026-08-13 14:04:51;ibm_kingston;46;True
2026-08-13 14:04:51;ibm_marrakesh;0;True
2026-08-13 15:04:54;ibm_fez;530;True
2026-08-13 15:04:54;ibm_kingston;31;True
2026-08-13 15:04:54;ibm_marrakesh;11;True
2026-08-13 16:04:57;ibm_fez;530;True
2026-08-13 16:04:57;ibm_kingston;39;True
2026-08-13 16:04:57;ibm_marrakesh;27;True
2026-08-13 17:05:00;ibm_fez;534;True
2026-08-13 17:05:00;ibm_kingston;31;True
2026-08-13 17:05:00;ibm_marrakesh;26;True
2026-08-13 18:05:04;ibm_fez;96929;True
2026-08-13 18:05:04;ibm_kingston;92331;True
2026-08-13 18:05:04;ibm_marrakesh;75525;True
2026-08-13 19:05:08;ibm_fez;96926;True
2026-08-13 19:05:08;ibm_kingston;92364;True
2026-08-13 19:05:08;ibm_marrakesh;75456;True
2026-08-13 20:05:12;ibm_fez;96926;True
2026-08-13 20:05:12;ibm_kingston;92332;True
2026-08-13 20:05:12;ibm_marrakesh;75425;True
2026-08-13 21:05:15;ibm_fez;96930;True
2026-08-13 21:05:15;ibm_kingston;92303;True
2026-08-13 21:05:15;ibm_marrakesh;75394;True
2026-08-13 22:05:19;ibm_fez;96931;True
2026-08-13 22:05:19;ibm_kingston;92010;True
2026-08-13 22:05:19;ibm_marrakesh;75351;True
2026-08-13 23:05:24;ibm_fez;24392;True
2026-08-13 23:05:24;ibm_kingston;2;True
2026-08-13 23:05:24;ibm_marrakesh;1;True
2026-08-14 00:05:28;ibm_fez;24629;True
2026-08-14 00:05:28;ibm_kingston;11;True
2026-08-14 00:05:28;ibm_marrakesh;0;True
2026-08-14 01:05:32;ibm_fez;24628;True
2026-08-14 01:05:32;ibm_kingston;13;True
2026-08-14 01:05:32;ibm_marrakesh;1;True
2026-08-14 02:05:35;ibm_fez;24630;True
2026-08-14 02:05:35;ibm_kingston;66;True
2026-08-14 02:05:35;ibm_marrakesh;0;True
2026-08-14 03:05:38;ibm_fez;24636;True
2026-08-14 03:05:38;ibm_kingston;64;True
2026-08-14 03:05:38;ibm_marrakesh;4;True
2026-08-14 04:05:42;ibm_fez;24637;True
2026-08-14 04:05:42;ibm_kingston;70;True
2026-08-14 04:05:42;ibm_marrakesh;4;True
2026-08-14 05:05:45;ibm_fez;24638;True
2026-08-14 05:05:45;ibm_kingston;73;True
2026-08-14 05:05:45;ibm_marrakesh;17;True
2026-08-14 06:05:49;ibm_fez;24634;True
2026-08-14 06:05:49;ibm_kingston;77;True
2026-08-14 06:05:49;ibm_marrakesh;27;True
2026-08-14 07:05:53;ibm_fez;24636;True
2026-08-14 07:05:53;ibm_kingston;76;True
2026-08-14 07:05:53;ibm_marrakesh;41;True
2026-08-14 08:05:57;ibm_fez;24643;True
2026-08-14 08:05:57;ibm_kingston;80;True
2026-08-14 08:05:57;ibm_marrakesh;3;True
2026-08-14 09:05:59;ibm_fez;24648;True
2026-08-14 09:05:59;ibm_kingston;86;True
2026-08-14 09:05:59;ibm_marrakesh;3;True
2026-08-14 10:06:03;ibm_fez;24645;True
2026-08-14 10:06:03;ibm_kingston;88;True
2026-08-14 10:06:03;ibm_marrakesh;1;True
2026-08-14 11:06:06;ibm_fez;24646;True
2026-08-14 11:06:06;ibm_kingston;93;True
2026-08-14 11:06:06;ibm_marrakesh;5;True
2026-08-14 12:06:10;ibm_fez;24648;True
2026-08-14 12:06:10;ibm_kingston;99;True
2026-08-14 12:06:10;ibm_marrakesh;1;True
2026-08-14 13:06:13;ibm_fez;24651;True
2026-08-14 13:06:13;ibm_kingston;121;True
2026-08-14 13:06:13;ibm_marrakesh;22;True
2026-08-14 14:06:17;ibm_fez;24657;True
2026-08-14 14:06:17;ibm_kingston;107;True
2026-08-14 14:06:17;ibm_marrakesh;32;True
2026-08-14 15:06:21;ibm_fez;24655;True
2026-08-14 15:06:21;ibm_kingston;5;True
2026-08-14 15:06:21;ibm_marrakesh;44;True
2026-08-14 16:06:24;ibm_fez;24659;True
2026-08-14 16:06:24;ibm_kingston;0;True
2026-08-14 16:06:24;ibm_marrakesh;1;True
2026-08-14 17:06:27;ibm_fez;24661;True
2026-08-14 17:06:27;ibm_kingston;2;True
2026-08-14 17:06:27;ibm_marrakesh;0;True
2026-08-14 18:06:32;ibm_fez;24663;True
2026-08-14 18:06:32;ibm_kingston;10;True
2026-08-14 18:06:32;ibm_marrakesh;3;True
2026-08-14 19:06:35;ibm_fez;24663;True
2026-08-14 19:06:35;ibm_kingston;19;True
2026-08-14 19:06:35;ibm_marrakesh;1;True
2026-08-14 20:06:39;ibm_fez;24662;True
2026-08-14 20:06:39;ibm_kingston;22;True
2026-08-14 20:06:39;ibm_marrakesh;1;True
2026-08-14 21:06:42;ibm_fez;24668;True
2026-08-14 21:06:42;ibm_kingston;22;True
2026-08-14 21:06:42;ibm_marrakesh;0;True
2026-08-14 22:06:46;ibm_fez;24666;True
2026-08-14 22:06:46;ibm_kingston;22;True
2026-08-14 22:06:46;ibm_marrakesh;0;True
2026-08-14 23:06:49;ibm_fez;24664;True
2026-08-14 23:06:49;ibm_kingston;27;True
2026-08-14 23:06:49;ibm_marrakesh;0;True
2026-08-15 00:06:52;ibm_fez;24666;True
2026-08-15 00:06:52;ibm_kingston;26;True
2026-08-15 00:06:52;ibm_marrakesh;0;True
2026-08-15 01:06:56;ibm_fez;24667;True
2026-08-15 01:06:56;ibm_kingston;27;True
2026-08-15 01:06:56;ibm_marrakesh;1;True
2026-08-15 02:07:00;ibm_fez;24667;True
2026-08-15 02:07:00;ibm_kingston;29;True
2026-08-15 02:07:00;ibm_marrakesh;0;True
2026-08-15 03:07:03;ibm_fez;24667;True
2026-08-15 03:07:03;ibm_kingston;30;True
2026-08-15 03:07:03;ibm_marrakesh;0;True
2026-08-15 04:07:07;ibm_fez;24665;True
2026-08-15 04:07:07;ibm_kingston;31;True
2026-08-15 04:07:07;ibm_marrakesh;1;True
2026-08-15 05:07:10;ibm_fez;24668;True
2026-08-15 05:07:10;ibm_kingston;37;True
2026-08-15 05:07:10;ibm_marrakesh;0;True
2026-08-15 06:07:14;ibm_fez;24668;True
2026-08-15 06:07:14;ibm_kingston;35;True
2026-08-15 06:07:14;ibm_marrakesh;0;True
2026-08-15 07:07:18;ibm_fez;24669;True
2026-08-15 07:07:18;ibm_kingston;34;True
2026-08-15 07:07:18;ibm_marrakesh;1;True
2026-08-15 08:07:22;ibm_fez;24670;True
2026-08-15 08:07:22;ibm_kingston;0;True
2026-08-15 08:07:22;ibm_marrakesh;18;True
2026-08-15 09:07:25;ibm_fez;24671;True
2026-08-15 09:07:25;ibm_kingston;0;True
2026-08-15 09:07:25;ibm_marrakesh;8;True
2026-08-15 10:07:29;ibm_fez;24671;True
2026-08-15 10:07:29;ibm_kingston;6;True
2026-08-15 10:07:29;ibm_marrakesh;4;True
2026-08-15 11:07:32;ibm_fez;24672;True
2026-08-15 11:07:32;ibm_kingston;0;True
2026-08-15 11:07:32;ibm_marrakesh;3;True
2026-08-15 12:07:36;ibm_fez;24707;True
2026-08-15 12:07:36;ibm_kingston;0;True
2026-08-15 12:07:36;ibm_marrakesh;1;True
2026-08-15 13:07:39;ibm_fez;24708;True
2026-08-15 13:07:39;ibm_kingston;3;True
2026-08-15 13:07:39;ibm_marrakesh;0;True
2026-08-15 14:07:42;ibm_fez;24704;True
2026-08-15 14:07:42;ibm_kingston;5;True
2026-08-15 14:07:42;ibm_marrakesh;4;True
2026-08-15 15:07:45;ibm_fez;24709;True
2026-08-15 15:07:45;ibm_kingston;4;True
2026-08-15 15:07:45;ibm_marrakesh;0;True
2026-08-15 16:07:49;ibm_fez;24755;True
2026-08-15 16:07:49;ibm_kingston;1;True
2026-08-15 16:07:49;ibm_marrakesh;0;True
2026-08-15 17:07:52;ibm_fez;24778;True
2026-08-15 17:07:52;ibm_kingston;2;True
2026-08-15 17:07:52;ibm_marrakesh;1;True
2026-08-15 18:07:56;ibm_fez;24775;True
2026-08-15 18:07:56;ibm_kingston;2;True
2026-08-15 18:07:56;ibm_marrakesh;1;True
2026-08-15 19:07:59;ibm_fez;24794;True
2026-08-15 19:07:59;ibm_kingston;3;True
2026-08-15 19:07:59;ibm_marrakesh;1;True
2026-08-15 20:08:04;ibm_fez;24785;True
2026-08-15 20:08:04;ibm_kingston;2;True
2026-08-15 20:08:04;ibm_marrakesh;0;True
2026-08-15 21:08:06;ibm_fez;24833;True
2026-08-15 21:08:06;ibm_kingston;5;True
2026-08-15 21:08:06;ibm_marrakesh;0;True
2026-08-15 22:08:10;ibm_fez;24835;True
2026-08-15 22:08:10;ibm_kingston;1;True
2026-08-15 22:08:10;ibm_marrakesh;0;True
2026-08-15 23:08:13;ibm_fez;24886;True
2026-08-15 23:08:13;ibm_kingston;7;True
2026-08-15 23:08:13;ibm_marrakesh;0;True
2026-08-16 00:08:19;ibm_fez;24886;True
2026-08-16 00:08:19;ibm_kingston;1;True
2026-08-16 00:08:19;ibm_marrakesh;0;True
2026-08-16 01:08:22;ibm_fez;24884;True
2026-08-16 01:08:22;ibm_kingston;1;True
2026-08-16 01:08:22;ibm_marrakesh;0;True
2026-08-16 02:08:26;ibm_fez;24883;True
2026-08-16 02:08:26;ibm_kingston;1;True
2026-08-16 02:08:26;ibm_marrakesh;0;True
2026-08-16 03:08:28;ibm_fez;24887;True
2026-08-16 03:08:28;ibm_kingston;8;True
2026-08-16 03:08:28;ibm_marrakesh;6;True
2026-08-16 04:08:33;ibm_fez;24882;True
2026-08-16 04:08:33;ibm_kingston;15;True
2026-08-16 04:08:33;ibm_marrakesh;0;True
2026-08-16 05:08:36;ibm_fez;24883;True
2026-08-16 05:08:36;ibm_kingston;19;True
2026-08-16 05:08:36;ibm_marrakesh;2;True
2026-08-16 06:08:40;ibm_fez;24883;True
2026-08-16 06:08:40;ibm_kingston;17;True
2026-08-16 06:08:40;ibm_marrakesh;0;True
2026-08-16 07:08:43;ibm_fez;24879;True
2026-08-16 07:08:43;ibm_kingston;5;True
2026-08-16 07:08:43;ibm_marrakesh;0;True
2026-08-16 08:08:46;ibm_fez;24875;True
2026-08-16 08:08:46;ibm_kingston;1;True
2026-08-16 08:08:46;ibm_marrakesh;1;True
2026-08-16 09:08:49;ibm_fez;24877;True
2026-08-16 09:08:49;ibm_kingston;1;True
2026-08-16 09:08:49;ibm_marrakesh;0;True
2026-08-16 10:08:54;ibm_fez;24879;True
2026-08-16 10:08:54;ibm_kingston;8;True
2026-08-16 10:08:54;ibm_marrakesh;0;True
2026-08-16 11:08:57;ibm_fez;24874;True
2026-08-16 11:08:57;ibm_kingston;5;True
2026-08-16 11:08:57;ibm_marrakesh;4;True
2026-08-16 12:09:01;ibm_fez;24875;True
2026-08-16 12:09:01;ibm_kingston;7;True
2026-08-16 12:09:01;ibm_marrakesh;3;True
2026-08-16 13:09:04;ibm_fez;24870;True
2026-08-16 13:09:04;ibm_kingston;9;True
2026-08-16 13:09:04;ibm_marrakesh;3;True
2026-08-16 14:09:11;ibm_fez;24869;True
2026-08-16 14:09:11;ibm_kingston;10;True
2026-08-16 14:09:11;ibm_marrakesh;6;True
2026-08-16 15:09:14;ibm_fez;24864;True
2026-08-16 15:09:14;ibm_kingston;11;True
2026-08-16 15:09:14;ibm_marrakesh;4;True
2026-08-16 16:09:18;ibm_fez;24863;True
2026-08-16 16:09:18;ibm_kingston;12;True
2026-08-16 16:09:18;ibm_marrakesh;0;True
2026-08-16 17:09:21;ibm_fez;24862;True
2026-08-16 17:09:21;ibm_kingston;29;True
2026-08-16 17:09:21;ibm_marrakesh;12;True
2026-08-16 18:09:25;ibm_fez;24854;True
2026-08-16 18:09:25;ibm_kingston;64;True
2026-08-16 18:09:25;ibm_marrakesh;14;True
2026-08-16 19:09:28;ibm_fez;24859;True
2026-08-16 19:09:28;ibm_kingston;53;True
2026-08-16 19:09:28;ibm_marrakesh;0;True
2026-08-16 20:09:32;ibm_fez;24863;True
2026-08-16 20:09:32;ibm_kingston;55;True
2026-08-16 20:09:32;ibm_marrakesh;0;True
2026-08-16 21:09:35;ibm_fez;24859;True
2026-08-16 21:09:35;ibm_kingston;54;True
2026-08-16 21:09:35;ibm_marrakesh;1;True
2026-08-16 22:09:39;ibm_fez;24852;True
2026-08-16 22:09:39;ibm_kingston;54;True
2026-08-16 22:09:39;ibm_marrakesh;0;True
2026-08-16 23:09:42;ibm_fez;24843;True
2026-08-16 23:09:42;ibm_kingston;58;True
2026-08-16 23:09:42;ibm_marrakesh;4;True
2026-08-17 00:09:45;ibm_fez;24844;True
2026-08-17 00:09:45;ibm_kingston;82;True
2026-08-17 00:09:45;ibm_marrakesh;15;True
2026-08-17 01:09:48;ibm_fez;24835;True
2026-08-17 01:09:48;ibm_kingston;98;True
2026-08-17 01:09:48;ibm_marrakesh;0;True
2026-08-17 02:09:52;ibm_fez;24833;True
2026-08-17 02:09:52;ibm_kingston;124;True
2026-08-17 02:09:52;ibm_marrakesh;15;True
2026-08-17 03:09:55;ibm_fez;24826;True
2026-08-17 03:09:55;ibm_kingston;140;True
2026-08-17 03:09:55;ibm_marrakesh;14;True
2026-08-17 04:09:59;ibm_fez;24823;True
2026-08-17 04:09:59;ibm_kingston;160;True
2026-08-17 04:09:59;ibm_marrakesh;17;True
2026-08-17 05:10:02;ibm_fez;24815;True
2026-08-17 05:10:02;ibm_kingston;171;True
2026-08-17 05:10:02;ibm_marrakesh;2;True
2026-08-17 06:10:06;ibm_fez;24811;True
2026-08-17 06:10:06;ibm_kingston;171;True
2026-08-17 06:10:06;ibm_marrakesh;1;True
2026-08-17 07:10:09;ibm_fez;24803;True
2026-08-17 07:10:09;ibm_kingston;174;True
2026-08-17 07:10:09;ibm_marrakesh;3;True
2026-08-17 08:10:13;ibm_fez;24800;True
2026-08-17 08:10:13;ibm_kingston;177;True
2026-08-17 08:10:13;ibm_marrakesh;1;True
2026-08-17 09:10:16;ibm_fez;24792;True
2026-08-17 09:10:16;ibm_kingston;176;True
2026-08-17 09:10:16;ibm_marrakesh;5;True
2026-08-17 10:10:20;ibm_fez;24784;True
2026-08-17 10:10:20;ibm_kingston;170;True
2026-08-17 10:10:20;ibm_marrakesh;1;True
2026-08-17 11:10:23;ibm_fez;24780;True
2026-08-17 11:10:23;ibm_kingston;177;True
2026-08-17 11:10:23;ibm_marrakesh;9;True
2026-08-17 12:10:28;ibm_fez;24776;True
2026-08-17 12:10:28;ibm_kingston;176;True
2026-08-17 12:10:28;ibm_marrakesh;2;True
2026-08-17 13:10:31;ibm_fez;24774;True
2026-08-17 13:10:31;ibm_kingston;176;True
2026-08-17 13:10:31;ibm_marrakesh;3;True
2026-08-17 14:10:37;ibm_fez;24773;True
2026-08-17 14:10:37;ibm_kingston;179;True
2026-08-17 14:10:37;ibm_marrakesh;0;True
2026-08-17 15:10:40;ibm_fez;24800;True
2026-08-17 15:10:40;ibm_kingston;180;True
2026-08-17 15:10:40;ibm_marrakesh;7;True
2026-08-17 16:10:44;ibm_fez;24793;True
2026-08-17 16:10:44;ibm_kingston;181;True
2026-08-17 16:10:44;ibm_marrakesh;2;True
2026-08-17 17:10:48;ibm_fez;24797;True
2026-08-17 17:10:48;ibm_kingston;163;True
2026-08-17 17:10:48;ibm_marrakesh;18;True
2026-08-17 18:10:54;ibm_fez;24791;True
2026-08-17 18:10:54;ibm_kingston;162;True
2026-08-17 18:10:54;ibm_marrakesh;52;True
2026-08-17 19:10:57;ibm_fez;24744;True
2026-08-17 19:10:57;ibm_kingston;179;True
2026-08-17 19:10:57;ibm_marrakesh;48;True
2026-08-17 20:11:01;ibm_fez;24739;True
2026-08-17 20:11:01;ibm_kingston;184;True
2026-08-17 20:11:01;ibm_marrakesh;1;True
2026-08-17 21:11:04;ibm_fez;24734;True
2026-08-17 21:11:04;ibm_kingston;93;True
2026-08-17 21:11:04;ibm_marrakesh;1;True
2026-08-17 22:11:08;ibm_fez;24728;True
2026-08-17 22:11:08;ibm_kingston;0;True
2026-08-17 22:11:08;ibm_marrakesh;1;True
2026-08-17 23:11:11;ibm_fez;24721;True
2026-08-17 23:11:11;ibm_kingston;0;True
2026-08-17 23:11:11;ibm_marrakesh;1;True
2026-08-18 00:11:15;ibm_fez;24714;True
2026-08-18 00:11:15;ibm_kingston;1;True
2026-08-18 00:11:15;ibm_marrakesh;0;True
2026-08-18 01:11:18;ibm_fez;24711;True
2026-08-18 01:11:18;ibm_kingston;0;True
2026-08-18 01:11:18;ibm_marrakesh;1;True
2026-08-18 02:11:21;ibm_fez;24709;True
2026-08-18 02:11:21;ibm_kingston;2;True
2026-08-18 02:11:21;ibm_marrakesh;0;True
2026-08-18 03:11:24;ibm_fez;24705;True
2026-08-18 03:11:24;ibm_kingston;6;True
2026-08-18 03:11:24;ibm_marrakesh;0;True
2026-08-18 04:11:28;ibm_fez;24697;True
2026-08-18 04:11:28;ibm_kingston;12;True
2026-08-18 04:11:28;ibm_marrakesh;0;True
2026-08-18 05:11:31;ibm_fez;24697;True
2026-08-18 05:11:31;ibm_kingston;17;True
2026-08-18 05:11:31;ibm_marrakesh;1;True
2026-08-18 06:11:35;ibm_fez;24690;True
2026-08-18 06:11:35;ibm_kingston;18;True
2026-08-18 06:11:35;ibm_marrakesh;3;True
2026-08-18 07:11:39;ibm_fez;24681;True
2026-08-18 07:11:39;ibm_kingston;19;True
2026-08-18 07:11:39;ibm_marrakesh;2;True
2026-08-18 08:11:44;ibm_fez;24637;True
2026-08-18 08:11:44;ibm_kingston;9;True
2026-08-18 08:11:44;ibm_marrakesh;8;True
2026-08-18 09:11:47;ibm_fez;24503;True
2026-08-18 09:11:47;ibm_kingston;5;True
2026-08-18 09:11:47;ibm_marrakesh;10;True
2026-08-18 10:11:51;ibm_fez;24253;True
2026-08-18 10:11:51;ibm_kingston;7;True
2026-08-18 10:11:51;ibm_marrakesh;13;True
2026-08-18 11:11:54;ibm_fez;23751;True
2026-08-18 11:11:54;ibm_kingston;109;True
2026-08-18 11:11:54;ibm_marrakesh;36;True
2026-08-18 12:11:57;ibm_fez;23446;True
2026-08-18 12:11:57;ibm_kingston;106;True
2026-08-18 12:11:57;ibm_marrakesh;39;True
2026-08-18 13:12:01;ibm_fez;7;True
2026-08-18 13:12:01;ibm_kingston;101;True
2026-08-18 13:12:01;ibm_marrakesh;33;True
2026-08-18 14:12:05;ibm_fez;47;True
2026-08-18 14:12:05;ibm_kingston;13;True
2026-08-18 14:12:05;ibm_marrakesh;47;True
2026-08-18 15:12:08;ibm_fez;21;True
2026-08-18 15:12:08;ibm_kingston;23;True
2026-08-18 15:12:08;ibm_marrakesh;27;True
2026-08-18 16:12:12;ibm_fez;28;True
2026-08-18 16:12:12;ibm_kingston;28;True
2026-08-18 16:12:12;ibm_marrakesh;32;True
2026-08-18 17:12:15;ibm_fez;37;True
2026-08-18 17:12:15;ibm_kingston;34;True
2026-08-18 17:12:15;ibm_marrakesh;30;True
2026-08-18 18:12:19;ibm_fez;10;True
2026-08-18 18:12:19;ibm_kingston;28;True
2026-08-18 18:12:19;ibm_marrakesh;31;True
2026-08-18 19:12:22;ibm_fez;10;True
2026-08-18 19:12:22;ibm_kingston;13;True
2026-08-18 19:12:22;ibm_marrakesh;12;True
2026-08-18 20:12:26;ibm_fez;10;True
2026-08-18 20:12:26;ibm_kingston;3;True
2026-08-18 20:12:26;ibm_marrakesh;7;True
2026-08-18 21:12:29;ibm_fez;1;True
2026-08-18 21:12:29;ibm_kingston;7;True
2026-08-18 21:12:29;ibm_marrakesh;7;True
2026-08-18 22:12:32;ibm_fez;0;True
2026-08-18 22:12:32;ibm_kingston;3;True
2026-08-18 22:12:32;ibm_marrakesh;9;True
2026-08-18 23:12:35;ibm_fez;0;True
2026-08-18 23:12:35;ibm_kingston;2;True
2026-08-18 23:12:35;ibm_marrakesh;12;True
2026-08-19 00:12:39;ibm_fez;1;True
2026-08-19 00:12:39;ibm_kingston;1;True
2026-08-19 00:12:39;ibm_marrakesh;12;True
2026-08-19 01:12:42;ibm_fez;2;True
2026-08-19 01:12:42;ibm_kingston;1;True
2026-08-19 01:12:42;ibm_marrakesh;10;True
2026-08-19 02:12:45;ibm_fez;2;True
2026-08-19 02:12:45;ibm_kingston;2;True
2026-08-19 02:12:45;ibm_marrakesh;7;True
2026-08-19 03:12:50;ibm_fez;0;True
2026-08-19 03:12:50;ibm_kingston;5;True
2026-08-19 03:12:50;ibm_marrakesh;10;True
2026-08-19 04:12:53;ibm_fez;0;True
2026-08-19 04:12:53;ibm_kingston;0;True
2026-08-19 04:12:53;ibm_marrakesh;16;True
2026-08-19 05:12:57;ibm_fez;0;True
2026-08-19 05:12:57;ibm_kingston;0;True
2026-08-19 05:12:57;ibm_marrakesh;22;True
2026-08-19 06:13:00;ibm_fez;0;True
2026-08-19 06:13:00;ibm_kingston;1;True
2026-08-19 06:13:00;ibm_marrakesh;16;True
2026-08-19 07:13:04;ibm_fez;4;True
2026-08-19 07:13:04;ibm_kingston;5;True
2026-08-19 07:13:04;ibm_marrakesh;14;True
2026-08-19 08:13:07;ibm_fez;1;True
2026-08-19 08:13:07;ibm_kingston;9;True
2026-08-19 08:13:07;ibm_marrakesh;4;True
2026-08-19 09:13:11;ibm_fez;10;True
2026-08-19 09:13:11;ibm_kingston;16;True
2026-08-19 09:13:11;ibm_marrakesh;26;True
2026-08-19 10:13:14;ibm_fez;13;True
2026-08-19 10:13:14;ibm_kingston;21;True
2026-08-19 10:13:14;ibm_marrakesh;13;True
2026-08-19 11:13:18;ibm_fez;2;True
2026-08-19 11:13:18;ibm_kingston;31;True
2026-08-19 11:13:18;ibm_marrakesh;9;True
2026-08-19 12:13:21;ibm_fez;2;True
2026-08-19 12:13:21;ibm_kingston;26;True
2026-08-19 12:13:21;ibm_marrakesh;7;True
2026-08-19 13:13:24;ibm_fez;4;True
2026-08-19 13:13:24;ibm_kingston;31;True
2026-08-19 13:13:24;ibm_marrakesh;0;True
2026-08-19 14:13:27;ibm_fez;11;True
2026-08-19 14:13:27;ibm_kingston;251;True
2026-08-19 14:13:27;ibm_marrakesh;21;True
2026-08-19 15:13:30;ibm_fez;0;True
2026-08-19 15:13:30;ibm_kingston;254;True
2026-08-19 15:13:30;ibm_marrakesh;3;True
2026-08-19 16:13:33;ibm_fez;0;True
2026-08-19 16:13:33;ibm_kingston;248;True
2026-08-19 16:13:33;ibm_marrakesh;6;True
2026-08-19 17:13:37;ibm_fez;1;True
2026-08-19 17:13:37;ibm_kingston;250;True
2026-08-19 17:13:37;ibm_marrakesh;11;True
2026-08-19 18:13:40;ibm_fez;2;True
2026-08-19 18:13:40;ibm_kingston;252;True
2026-08-19 18:13:40;ibm_marrakesh;7;True
2026-08-19 19:13:43;ibm_fez;1;True
2026-08-19 19:13:43;ibm_kingston;251;True
2026-08-19 19:13:43;ibm_marrakesh;7;True
2026-08-19 20:13:47;ibm_fez;1;True
2026-08-19 20:13:47;ibm_kingston;251;True
2026-08-19 20:13:47;ibm_marrakesh;8;True
2026-08-19 21:13:50;ibm_fez;2;True
2026-08-19 21:13:50;ibm_kingston;254;True
2026-08-19 21:13:50;ibm_marrakesh;15;True
2026-08-19 22:13:54;ibm_fez;3;True
2026-08-19 22:13:54;ibm_kingston;253;True
2026-08-19 22:13:54;ibm_marrakesh;2;True
2026-08-19 23:13:57;ibm_fez;2;True
2026-08-19 23:13:57;ibm_kingston;259;True
2026-08-19 23:13:57;ibm_marrakesh;1;True
2026-08-20 00:14:01;ibm_fez;0;True
2026-08-20 00:14:01;ibm_kingston;4;True
2026-08-20 00:14:01;ibm_marrakesh;0;True
2026-08-20 01:14:04;ibm_fez;2;True
2026-08-20 01:14:04;ibm_kingston;0;True
2026-08-20 01:14:04;ibm_marrakesh;1;True
2026-08-20 02:14:07;ibm_fez;2;True
2026-08-20 02:14:07;ibm_kingston;2;True
2026-08-20 02:14:07;ibm_marrakesh;2;True
2026-08-20 03:14:10;ibm_fez;3;True
2026-08-20 03:14:10;ibm_kingston;5;True
2026-08-20 03:14:10;ibm_marrakesh;0;True
2026-08-20 04:14:14;ibm_fez;3;True
2026-08-20 04:14:14;ibm_kingston;1;True
2026-08-20 04:14:14;ibm_marrakesh;1;True
2026-08-20 05:14:17;ibm_fez;4;True
2026-08-20 05:14:17;ibm_kingston;0;True
2026-08-20 05:14:17;ibm_marrakesh;0;True
2026-08-20 06:14:21;ibm_fez;2;True
2026-08-20 06:14:21;ibm_kingston;2;True
2026-08-20 06:14:21;ibm_marrakesh;3;True
2026-08-20 07:14:24;ibm_fez;8;True
2026-08-20 07:14:24;ibm_kingston;6;True
2026-08-20 07:14:24;ibm_marrakesh;25;True
2026-08-20 08:14:28;ibm_fez;3;True
2026-08-20 08:14:28;ibm_kingston;8;True
2026-08-20 08:14:28;ibm_marrakesh;1;True
2026-08-20 09:14:31;ibm_fez;3;True
2026-08-20 09:14:31;ibm_kingston;4;True
2026-08-20 09:14:31;ibm_marrakesh;0;True
2026-08-20 10:14:35;ibm_fez;2;True
2026-08-20 10:14:35;ibm_kingston;189;True
2026-08-20 10:14:35;ibm_marrakesh;3;True
2026-08-20 11:14:39;ibm_fez;2;True
2026-08-20 11:14:39;ibm_kingston;151;True
2026-08-20 11:14:39;ibm_marrakesh;3;True
2026-08-20 12:14:43;ibm_fez;91;True
2026-08-20 12:14:43;ibm_kingston;166;True
2026-08-20 12:14:43;ibm_marrakesh;1;True
2026-08-20 13:14:46;ibm_fez;6;True
2026-08-20 13:14:46;ibm_kingston;170;True
2026-08-20 13:14:46;ibm_marrakesh;0;True
2026-08-20 14:14:50;ibm_fez;0;True
2026-08-20 14:14:50;ibm_kingston;107;True
2026-08-20 14:14:50;ibm_marrakesh;0;True
2026-08-20 15:14:53;ibm_fez;1;True
2026-08-20 15:14:53;ibm_kingston;31;True
2026-08-20 15:14:53;ibm_marrakesh;1;True
2026-08-20 16:14:57;ibm_fez;2;True
2026-08-20 16:14:57;ibm_kingston;1;True
2026-08-20 16:14:57;ibm_marrakesh;0;True
2026-08-20 17:15:00;ibm_fez;6;True
2026-08-20 17:15:00;ibm_kingston;3;True
2026-08-20 17:15:00;ibm_marrakesh;3;True
2026-08-20 18:15:04;ibm_fez;2;True
2026-08-20 18:15:04;ibm_kingston;0;True
2026-08-20 18:15:04;ibm_marrakesh;2;True
2026-08-20 19:15:07;ibm_fez;3;True
2026-08-20 19:15:07;ibm_kingston;3;True
2026-08-20 19:15:07;ibm_marrakesh;1;True
2026-08-20 20:15:10;ibm_fez;5;True
2026-08-20 20:15:10;ibm_kingston;9;True
2026-08-20 20:15:10;ibm_marrakesh;0;True
2026-08-20 21:15:13;ibm_fez;1;True
2026-08-20 21:15:13;ibm_kingston;16;True
2026-08-20 21:15:13;ibm_marrakesh;2;True
2026-08-20 22:15:17;ibm_fez;2;True
2026-08-20 22:15:17;ibm_kingston;13;True
2026-08-20 22:15:17;ibm_marrakesh;0;True
2026-08-20 23:15:20;ibm_fez;2;True
2026-08-20 23:15:20;ibm_kingston;0;True
2026-08-20 23:15:20;ibm_marrakesh;1;True
2026-08-21 00:15:24;ibm_fez;2;True
2026-08-21 00:15:24;ibm_kingston;1;True
2026-08-21 00:15:24;ibm_marrakesh;1;True
2026-08-21 01:15:27;ibm_fez;2;True
2026-08-21 01:15:27;ibm_kingston;2;True
2026-08-21 01:15:27;ibm_marrakesh;1;True
2026-08-21 02:15:31;ibm_fez;1;True
2026-08-21 02:15:31;ibm_kingston;3;True
2026-08-21 02:15:31;ibm_marrakesh;0;True
2026-08-21 03:15:34;ibm_fez;1;True
2026-08-21 03:15:34;ibm_kingston;2;True
2026-08-21 03:15:34;ibm_marrakesh;0;True
2026-08-21 04:15:37;ibm_fez;2;True
2026-08-21 04:15:37;ibm_kingston;9;True
2026-08-21 04:15:37;ibm_marrakesh;0;True
2026-08-21 05:15:41;ibm_fez;1;True
2026-08-21 05:15:41;ibm_kingston;1;True
2026-08-21 05:15:41;ibm_marrakesh;0;True
2026-08-21 06:15:44;ibm_fez;1;True
2026-08-21 06:15:44;ibm_kingston;1;True
2026-08-21 06:15:44;ibm_marrakesh;0;True
2026-08-21 07:15:47;ibm_fez;3;True
2026-08-21 07:15:47;ibm_kingston;4;True
2026-08-21 07:15:47;ibm_marrakesh;0;True
2026-08-21 08:15:51;ibm_fez;1;True
2026-08-21 08:15:51;ibm_kingston;2;True
2026-08-21 08:15:51;ibm_marrakesh;0;True
2026-08-21 09:15:54;ibm_fez;1;True
2026-08-21 09:15:54;ibm_kingston;1;True
2026-08-21 09:15:54;ibm_marrakesh;0;True
2026-08-21 10:15:58;ibm_fez;1;True
2026-08-21 10:15:58;ibm_kingston;1;True
2026-08-21 10:15:58;ibm_marrakesh;5;True
2026-08-21 11:16:01;ibm_fez;5;True
2026-08-21 11:16:01;ibm_kingston;287;True
2026-08-21 11:16:01;ibm_marrakesh;190;True
2026-08-21 12:16:06;ibm_fez;7;True
2026-08-21 12:16:06;ibm_kingston;291;True
2026-08-21 12:16:06;ibm_marrakesh;1;True
2026-08-21 13:16:09;ibm_fez;14;True
2026-08-21 13:16:09;ibm_kingston;294;True
2026-08-21 13:16:09;ibm_marrakesh;1;True
2026-08-21 14:16:13;ibm_fez;3;True
2026-08-21 14:16:13;ibm_kingston;303;True
2026-08-21 14:16:13;ibm_marrakesh;5;True
2026-08-21 15:16:16;ibm_fez;2;True
2026-08-21 15:16:16;ibm_kingston;308;True
2026-08-21 15:16:16;ibm_marrakesh;4;True
2026-08-21 16:16:21;ibm_fez;28;True
2026-08-21 16:16:21;ibm_kingston;309;True
2026-08-21 16:16:21;ibm_marrakesh;10;True
2026-08-21 17:16:24;ibm_fez;8;True
2026-08-21 17:16:24;ibm_kingston;308;True
2026-08-21 17:16:24;ibm_marrakesh;5;True
2026-08-21 18:16:28;ibm_fez;6;True
2026-08-21 18:16:28;ibm_kingston;324;True
2026-08-21 18:16:28;ibm_marrakesh;5;True
2026-08-21 19:16:31;ibm_fez;1;True
2026-08-21 19:16:31;ibm_kingston;320;True
2026-08-21 19:16:31;ibm_marrakesh;8;True
2026-08-21 20:16:36;ibm_fez;1;True
2026-08-21 20:16:36;ibm_kingston;312;True
2026-08-21 20:16:36;ibm_marrakesh;13;True
2026-08-21 21:16:39;ibm_fez;0;True
2026-08-21 21:16:39;ibm_kingston;322;True
2026-08-21 21:16:39;ibm_marrakesh;4;True
2026-08-21 22:16:43;ibm_fez;3;True
2026-08-21 22:16:43;ibm_kingston;309;True
2026-08-21 22:16:43;ibm_marrakesh;3;True
2026-08-21 23:16:46;ibm_fez;1;True
2026-08-21 23:16:46;ibm_kingston;266;True
2026-08-21 23:16:46;ibm_marrakesh;3;True
2026-08-22 00:16:49;ibm_fez;0;True
2026-08-22 00:16:49;ibm_kingston;0;True
2026-08-22 00:16:49;ibm_marrakesh;2;True
2026-08-22 01:16:52;ibm_fez;3;True
2026-08-22 01:16:52;ibm_kingston;5;True
2026-08-22 01:16:52;ibm_marrakesh;9;True
2026-08-22 02:16:57;ibm_fez;1;True
2026-08-22 02:16:57;ibm_kingston;1;True
2026-08-22 02:16:57;ibm_marrakesh;13;True
2026-08-22 03:17:00;ibm_fez;1;True
2026-08-22 03:17:00;ibm_kingston;4;True
2026-08-22 03:17:00;ibm_marrakesh;2;True
2026-08-22 04:17:03;ibm_fez;2;True
2026-08-22 04:17:03;ibm_kingston;12;True
2026-08-22 04:17:03;ibm_marrakesh;0;True
2026-08-22 05:17:06;ibm_fez;0;True
2026-08-22 05:17:06;ibm_kingston;0;True
2026-08-22 05:17:06;ibm_marrakesh;1;True
2026-08-22 06:17:10;ibm_fez;1;True
2026-08-22 06:17:10;ibm_kingston;1;True
2026-08-22 06:17:10;ibm_marrakesh;0;True
2026-08-22 07:17:13;ibm_fez;1;True
2026-08-22 07:17:13;ibm_kingston;1;True
2026-08-22 07:17:13;ibm_marrakesh;0;True
2026-08-22 08:17:17;ibm_fez;1;True
2026-08-22 08:17:17;ibm_kingston;1;True
2026-08-22 08:17:17;ibm_marrakesh;1;True
2026-08-22 09:17:20;ibm_fez;1;True
2026-08-22 09:17:20;ibm_kingston;1;True
2026-08-22 09:17:20;ibm_marrakesh;0;True
2026-08-22 10:17:23;ibm_fez;0;True
2026-08-22 10:17:23;ibm_kingston;0;True
2026-08-22 10:17:23;ibm_marrakesh;0;True
2026-08-22 11:17:26;ibm_fez;1;True
2026-08-22 11:17:26;ibm_kingston;1;True
2026-08-22 11:17:26;ibm_marrakesh;2;True
2026-08-22 12:17:30;ibm_fez;2;True
2026-08-22 12:17:30;ibm_kingston;4;True
2026-08-22 12:17:30;ibm_marrakesh;1;True
2026-08-22 13:17:33;ibm_fez;1;True
2026-08-22 13:17:33;ibm_kingston;12;True
2026-08-22 13:17:33;ibm_marrakesh;2;True
2026-08-22 14:17:37;ibm_fez;2;True
2026-08-22 14:17:37;ibm_kingston;17;True
2026-08-22 14:17:37;ibm_marrakesh;0;True
2026-08-22 15:17:40;ibm_fez;4;True
2026-08-22 15:17:40;ibm_kingston;13;True
2026-08-22 15:17:40;ibm_marrakesh;0;True
2026-08-22 16:17:44;ibm_fez;2;True
2026-08-22 16:17:44;ibm_kingston;20;True
2026-08-22 16:17:44;ibm_marrakesh;0;True
2026-08-22 17:17:47;ibm_fez;0;True
2026-08-22 17:17:47;ibm_kingston;21;True
2026-08-22 17:17:47;ibm_marrakesh;0;True
2026-08-22 18:17:51;ibm_fez;0;True
2026-08-22 18:17:51;ibm_kingston;19;True
2026-08-22 18:17:51;ibm_marrakesh;0;True
2026-08-22 19:17:54;ibm_fez;2;True
2026-08-22 19:17:54;ibm_kingston;8;True
2026-08-22 19:17:54;ibm_marrakesh;1;True
2026-08-22 20:17:58;ibm_fez;0;True
2026-08-22 20:17:58;ibm_kingston;3;True
2026-08-22 20:17:58;ibm_marrakesh;0;True
2026-08-22 21:18:01;ibm_fez;1;True
2026-08-22 21:18:01;ibm_kingston;0;True
2026-08-22 21:18:01;ibm_marrakesh;0;True
2026-08-22 22:18:05;ibm_fez;2;True
2026-08-22 22:18:05;ibm_kingston;5;True
2026-08-22 22:18:05;ibm_marrakesh;3;True
2026-08-22 23:18:08;ibm_fez;1;True
2026-08-22 23:18:08;ibm_kingston;6;True
2026-08-22 23:18:08;ibm_marrakesh;3;True
2026-08-23 00:18:12;ibm_fez;0;True
2026-08-23 00:18:12;ibm_kingston;6;True
2026-08-23 00:18:12;ibm_marrakesh;1;True
2026-08-23 01:18:15;ibm_fez;0;True
2026-08-23 01:18:15;ibm_kingston;9;True
2026-08-23 01:18:15;ibm_marrakesh;0;True
2026-08-23 02:18:19;ibm_fez;1;True
2026-08-23 02:18:19;ibm_kingston;0;True
2026-08-23 02:18:19;ibm_marrakesh;1;True
2026-08-23 03:18:22;ibm_fez;0;True
2026-08-23 03:18:22;ibm_kingston;1;True
2026-08-23 03:18:22;ibm_marrakesh;1;True
2026-08-23 04:18:26;ibm_fez;0;True
2026-08-23 04:18:26;ibm_kingston;0;True
2026-08-23 04:18:26;ibm_marrakesh;2;True
2026-08-23 05:18:29;ibm_fez;0;True
2026-08-23 05:18:29;ibm_kingston;9;True
2026-08-23 05:18:29;ibm_marrakesh;0;True
2026-08-23 06:18:33;ibm_fez;1;True
2026-08-23 06:18:33;ibm_kingston;0;True
2026-08-23 06:18:33;ibm_marrakesh;1;True
2026-08-23 07:18:36;ibm_fez;1;True
2026-08-23 07:18:36;ibm_kingston;60;True
2026-08-23 07:18:36;ibm_marrakesh;0;True
2026-08-23 08:18:41;ibm_fez;1;True
2026-08-23 08:18:41;ibm_kingston;6;True
2026-08-23 08:18:41;ibm_marrakesh;0;True
2026-08-23 09:18:44;ibm_fez;1;True
2026-08-23 09:18:44;ibm_kingston;3;True
2026-08-23 09:18:44;ibm_marrakesh;0;True
2026-08-23 10:18:48;ibm_fez;1;True
2026-08-23 10:18:48;ibm_kingston;12;True
2026-08-23 10:18:48;ibm_marrakesh;0;True
2026-08-23 11:18:51;ibm_fez;1;True
2026-08-23 11:18:51;ibm_kingston;10;True
2026-08-23 11:18:51;ibm_marrakesh;0;True
2026-08-23 12:18:55;ibm_fez;1;True
2026-08-23 12:18:55;ibm_kingston;2;True
2026-08-23 12:18:55;ibm_marrakesh;0;True
2026-08-23 13:18:58;ibm_fez;0;True
2026-08-23 13:18:58;ibm_kingston;1;True
2026-08-23 13:18:58;ibm_marrakesh;0;True
2026-08-23 14:19:02;ibm_fez;0;True
2026-08-23 14:19:02;ibm_kingston;10;True
2026-08-23 14:19:02;ibm_marrakesh;0;True
2026-08-23 15:19:05;ibm_fez;3;True
2026-08-23 15:19:05;ibm_kingston;0;True
2026-08-23 15:19:05;ibm_marrakesh;0;True
2026-08-23 16:19:09;ibm_fez;0;True
2026-08-23 16:19:09;ibm_kingston;1;True
2026-08-23 16:19:09;ibm_marrakesh;1;True
2026-08-23 17:19:12;ibm_fez;1;True
2026-08-23 17:19:12;ibm_kingston;5;True
2026-08-23 17:19:12;ibm_marrakesh;0;True
2026-08-23 18:19:16;ibm_fez;2;True
2026-08-23 18:19:16;ibm_kingston;6;True
2026-08-23 18:19:16;ibm_marrakesh;0;True
2026-08-23 19:19:19;ibm_fez;1;True
2026-08-23 19:19:19;ibm_kingston;1;True
2026-08-23 19:19:19;ibm_marrakesh;3;True
2026-08-23 20:19:23;ibm_fez;0;True
2026-08-23 20:19:23;ibm_kingston;5;True
2026-08-23 20:19:23;ibm_marrakesh;3;True
2026-08-23 21:19:26;ibm_fez;1;True
2026-08-23 21:19:26;ibm_kingston;47;True
2026-08-23 21:19:26;ibm_marrakesh;0;True
2026-08-23 22:19:30;ibm_fez;1;True
2026-08-23 22:19:30;ibm_kingston;27;True
2026-08-23 22:19:30;ibm_marrakesh;3;True
2026-08-23 23:19:33;ibm_fez;0;True
2026-08-23 23:19:33;ibm_kingston;19;True
2026-08-23 23:19:33;ibm_marrakesh;0;True
2026-08-24 00:19:36;ibm_fez;1;True
2026-08-24 00:19:36;ibm_kingston;0;True
2026-08-24 00:19:36;ibm_marrakesh;0;True
2026-08-24 01:19:39;ibm_fez;10;True
2026-08-24 01:19:39;ibm_kingston;0;True
2026-08-24 01:19:39;ibm_marrakesh;0;True
2026-08-24 02:19:43;ibm_fez;0;True
2026-08-24 02:19:43;ibm_kingston;9;True
2026-08-24 02:19:43;ibm_marrakesh;1;True
2026-08-24 03:19:46;ibm_fez;0;True
2026-08-24 03:19:46;ibm_kingston;0;True
2026-08-24 03:19:46;ibm_marrakesh;0;True
2026-08-24 04:19:53;ibm_fez;1;True
2026-08-24 04:19:53;ibm_kingston;0;True
2026-08-24 04:19:53;ibm_marrakesh;0;True
2026-08-24 05:19:57;ibm_fez;1;True
2026-08-24 05:19:57;ibm_kingston;0;True
2026-08-24 05:19:57;ibm_marrakesh;0;True
2026-08-24 06:20:32;ibm_fez;0;True
2026-08-24 06:20:32;ibm_kingston;0;True
2026-08-24 06:20:32;ibm_marrakesh;1;True
2026-08-24 07:20:36;ibm_fez;0;True
2026-08-24 07:20:36;ibm_kingston;0;True
2026-08-24 07:20:36;ibm_marrakesh;0;True
2026-08-24 08:20:40;ibm_fez;0;True
2026-08-24 08:20:40;ibm_kingston;0;True
2026-08-24 08:20:40;ibm_marrakesh;0;True
2026-08-24 09:20:42;ibm_fez;2;True
2026-08-24 09:20:42;ibm_kingston;0;True
2026-08-24 09:20:42;ibm_marrakesh;1;True
2026-08-24 10:20:47;ibm_fez;134;True
2026-08-24 10:20:47;ibm_kingston;1;True
2026-08-24 10:20:47;ibm_marrakesh;1;True
2026-08-24 11:20:51;ibm_fez;284;True
2026-08-24 11:20:51;ibm_kingston;7;True
2026-08-24 11:20:51;ibm_marrakesh;1;True
2026-08-24 12:20:55;ibm_fez;158;True
2026-08-24 12:20:55;ibm_kingston;12;True
2026-08-24 12:20:55;ibm_marrakesh;1;True
2026-08-24 13:20:58;ibm_fez;38;True
2026-08-24 13:20:58;ibm_kingston;4;True
2026-08-24 13:20:58;ibm_marrakesh;13;True
2026-08-24 14:21:01;ibm_fez;3;True
2026-08-24 14:21:01;ibm_kingston;4;True
2026-08-24 14:21:01;ibm_marrakesh;9;True
2026-08-24 15:21:04;ibm_fez;1;True
2026-08-24 15:21:04;ibm_kingston;2;True
2026-08-24 15:21:04;ibm_marrakesh;22;True
2026-08-24 16:21:09;ibm_fez;2;True
2026-08-24 16:21:09;ibm_kingston;4;True
2026-08-24 16:21:09;ibm_marrakesh;8;True
2026-08-24 17:21:12;ibm_fez;9694;True
2026-08-24 17:21:12;ibm_kingston;246;True
2026-08-24 17:21:12;ibm_marrakesh;12054;True
2026-08-24 18:21:16;ibm_fez;9620;True
2026-08-24 18:21:16;ibm_kingston;276;True
2026-08-24 18:21:16;ibm_marrakesh;12053;True
2026-08-24 19:21:19;ibm_fez;9592;True
2026-08-24 19:21:19;ibm_kingston;270;True
2026-08-24 19:21:19;ibm_marrakesh;12035;True
2026-08-24 20:21:23;ibm_fez;9573;True
2026-08-24 20:21:23;ibm_kingston;139;True
2026-08-24 20:21:23;ibm_marrakesh;12015;True
2026-08-24 21:21:26;ibm_fez;9560;True
2026-08-24 21:21:26;ibm_kingston;23;True
2026-08-24 21:21:26;ibm_marrakesh;12001;True
2026-08-24 22:21:30;ibm_fez;0;True
2026-08-24 22:21:30;ibm_kingston;1;True
2026-08-24 22:21:30;ibm_marrakesh;2898;True
2026-08-24 23:21:33;ibm_fez;2;True
2026-08-24 23:21:33;ibm_kingston;1;True
2026-08-24 23:21:33;ibm_marrakesh;2881;True
2026-08-25 00:21:38;ibm_fez;11;True
2026-08-25 00:21:38;ibm_kingston;12;True
2026-08-25 00:21:38;ibm_marrakesh;2876;True
2026-08-25 01:21:41;ibm_fez;2;True
2026-08-25 01:21:41;ibm_kingston;15;True
2026-08-25 01:21:41;ibm_marrakesh;2857;True
2026-08-25 02:21:45;ibm_fez;7;True
2026-08-25 02:21:45;ibm_kingston;2;True
2026-08-25 02:21:45;ibm_marrakesh;4176;True
2026-08-25 03:21:48;ibm_fez;14;True
2026-08-25 03:21:48;ibm_kingston;11;True
2026-08-25 03:21:48;ibm_marrakesh;4186;True
2026-08-25 04:21:51;ibm_fez;16;True
2026-08-25 04:21:51;ibm_kingston;24;True
2026-08-25 04:21:51;ibm_marrakesh;4177;True
2026-08-25 05:21:54;ibm_fez;45;True
2026-08-25 05:21:54;ibm_kingston;429;True
2026-08-25 05:21:54;ibm_marrakesh;4188;True
2026-08-25 06:21:58;ibm_fez;64;True
2026-08-25 06:21:58;ibm_kingston;2;True
2026-08-25 06:21:58;ibm_marrakesh;4198;True
2026-08-25 07:22:02;ibm_fez;78;True
2026-08-25 07:22:02;ibm_kingston;2;True
2026-08-25 07:22:02;ibm_marrakesh;4200;True
2026-08-25 08:22:05;ibm_fez;92;True
2026-08-25 08:22:05;ibm_kingston;4;True
2026-08-25 08:22:05;ibm_marrakesh;3980;True
2026-08-25 09:22:09;ibm_fez;106;True
2026-08-25 09:22:09;ibm_kingston;1;True
2026-08-25 09:22:09;ibm_marrakesh;3824;True
2026-08-25 10:22:13;ibm_fez;113;True
2026-08-25 10:22:13;ibm_kingston;0;True
2026-08-25 10:22:13;ibm_marrakesh;1;True
2026-08-25 11:22:16;ibm_fez;147;True
2026-08-25 11:22:16;ibm_kingston;0;True
2026-08-25 11:22:16;ibm_marrakesh;9;True
2026-08-25 12:22:19;ibm_fez;149;True
2026-08-25 12:22:19;ibm_kingston;6;True
2026-08-25 12:22:19;ibm_marrakesh;1;True
2026-08-25 13:22:22;ibm_fez;119;True
2026-08-25 13:22:22;ibm_kingston;3;True
2026-08-25 13:22:22;ibm_marrakesh;1;True
2026-08-25 14:22:26;ibm_fez;0;True
2026-08-25 14:22:26;ibm_kingston;2;True
2026-08-25 14:22:26;ibm_marrakesh;2;True
2026-08-25 15:22:29;ibm_fez;1;True
2026-08-25 15:22:29;ibm_kingston;1;True
2026-08-25 15:22:29;ibm_marrakesh;1;True
2026-08-25 16:22:33;ibm_fez;2;True
2026-08-25 16:22:33;ibm_kingston;1;True
2026-08-25 16:22:33;ibm_marrakesh;19;True
2026-08-25 17:22:36;ibm_fez;2;True
2026-08-25 17:22:36;ibm_kingston;0;True
2026-08-25 17:22:36;ibm_marrakesh;1;True
2026-08-25 18:22:40;ibm_fez;3;True
2026-08-25 18:22:40;ibm_kingston;2;True
2026-08-25 18:22:40;ibm_marrakesh;5;True
2026-08-25 19:22:44;ibm_fez;2;True
2026-08-25 19:22:44;ibm_kingston;1;True
2026-08-25 19:22:44;ibm_marrakesh;1;True
2026-08-25 20:22:47;ibm_fez;3;True
2026-08-25 20:22:47;ibm_kingston;3;True
2026-08-25 20:22:47;ibm_marrakesh;4;True
2026-08-25 21:22:50;ibm_fez;2;True
2026-08-25 21:22:50;ibm_kingston;3;True
2026-08-25 21:22:50;ibm_marrakesh;3;True
2026-08-25 22:22:54;ibm_fez;1;True
2026-08-25 22:22:54;ibm_kingston;2;True
2026-08-25 22:22:54;ibm_marrakesh;1;True
2026-08-25 23:22:57;ibm_fez;4;True
2026-08-25 23:22:57;ibm_kingston;2;True
2026-08-25 23:22:57;ibm_marrakesh;1;True
2026-08-26 00:23:01;ibm_fez;1;True
2026-08-26 00:23:01;ibm_kingston;1;True
2026-08-26 00:23:01;ibm_marrakesh;1;True
2026-08-26 01:23:04;ibm_fez;1;True
2026-08-26 01:23:04;ibm_kingston;2;True
2026-08-26 01:23:04;ibm_marrakesh;0;True
2026-08-26 02:23:07;ibm_fez;1;True
2026-08-26 02:23:07;ibm_kingston;3;True
2026-08-26 02:23:07;ibm_marrakesh;1;True
2026-08-26 03:23:11;ibm_fez;5;True
2026-08-26 03:23:11;ibm_kingston;9;True
2026-08-26 03:23:11;ibm_marrakesh;4;True
2026-08-26 04:23:15;ibm_fez;15;True
2026-08-26 04:23:15;ibm_kingston;5;True
2026-08-26 04:23:15;ibm_marrakesh;5;True
2026-08-26 05:23:17;ibm_fez;2;True
2026-08-26 05:23:17;ibm_kingston;5;True
2026-08-26 05:23:17;ibm_marrakesh;2;True
2026-08-26 06:23:21;ibm_fez;4;True
2026-08-26 06:23:21;ibm_kingston;5;True
2026-08-26 06:23:21;ibm_marrakesh;3;True
2026-08-26 07:23:24;ibm_fez;2;True
2026-08-26 07:23:24;ibm_kingston;2;True
2026-08-26 07:23:24;ibm_marrakesh;2;True
2026-08-26 08:23:28;ibm_fez;3;True
2026-08-26 08:23:28;ibm_kingston;3;True
2026-08-26 08:23:28;ibm_marrakesh;9;True
2026-08-26 09:23:32;ibm_fez;2;True
2026-08-26 09:23:32;ibm_kingston;2;True
2026-08-26 09:23:32;ibm_marrakesh;14;True
2026-08-26 10:23:36;ibm_fez;2;True
2026-08-26 10:23:36;ibm_kingston;2;True
2026-08-26 10:23:36;ibm_marrakesh;2;True
2026-08-26 11:23:40;ibm_fez;2;True
2026-08-26 11:23:40;ibm_kingston;0;True
2026-08-26 11:23:40;ibm_marrakesh;1;True
2026-08-26 12:23:43;ibm_fez;1;True
2026-08-26 12:23:43;ibm_kingston;0;True
2026-08-26 12:23:43;ibm_marrakesh;1;True
2026-08-26 13:23:46;ibm_fez;1;True
2026-08-26 13:23:46;ibm_kingston;0;True
2026-08-26 13:23:46;ibm_marrakesh;1;True
2026-08-26 14:23:50;ibm_fez;0;True
2026-08-26 14:23:50;ibm_kingston;1;True
2026-08-26 14:23:50;ibm_marrakesh;2;True
2026-08-26 15:23:54;ibm_fez;4;True
2026-08-26 15:23:54;ibm_kingston;2;True
2026-08-26 15:23:54;ibm_marrakesh;1;True
2026-08-26 16:23:58;ibm_fez;2;True
2026-08-26 16:23:58;ibm_kingston;12;True
2026-08-26 16:23:58;ibm_marrakesh;18;True
2026-08-26 17:24:01;ibm_fez;1;True
2026-08-26 17:24:01;ibm_kingston;21;True
2026-08-26 17:24:01;ibm_marrakesh;0;True
2026-08-26 18:24:05;ibm_fez;2;True
2026-08-26 18:24:05;ibm_kingston;24;True
2026-08-26 18:24:05;ibm_marrakesh;5;True
2026-08-26 19:24:08;ibm_fez;5;True
2026-08-26 19:24:08;ibm_kingston;47;True
2026-08-26 19:24:08;ibm_marrakesh;8;True
2026-08-26 20:24:12;ibm_fez;1;True
2026-08-26 20:24:12;ibm_kingston;65;True
2026-08-26 20:24:12;ibm_marrakesh;17;True
2026-08-26 21:24:15;ibm_fez;3;True
2026-08-26 21:24:15;ibm_kingston;78;True
2026-08-26 21:24:15;ibm_marrakesh;1;True
2026-08-26 22:24:19;ibm_fez;1;True
2026-08-26 22:24:19;ibm_kingston;68;True
2026-08-26 22:24:19;ibm_marrakesh;1;True
2026-08-26 23:24:22;ibm_fez;1;True
2026-08-26 23:24:22;ibm_kingston;68;True
2026-08-26 23:24:22;ibm_marrakesh;0;True
2026-08-27 00:24:27;ibm_fez;1;True
2026-08-27 00:24:27;ibm_kingston;75;True
2026-08-27 00:24:27;ibm_marrakesh;0;True
2026-08-27 01:24:30;ibm_fez;7;True
2026-08-27 01:24:30;ibm_kingston;95;True
2026-08-27 01:24:30;ibm_marrakesh;1;True
2026-08-27 02:24:34;ibm_fez;1;True
2026-08-27 02:24:34;ibm_kingston;96;True
2026-08-27 02:24:34;ibm_marrakesh;1;True
2026-08-27 03:24:37;ibm_fez;1;True
2026-08-27 03:24:37;ibm_kingston;79;True
2026-08-27 03:24:37;ibm_marrakesh;0;True
2026-08-27 04:24:40;ibm_fez;8;True
2026-08-27 04:24:40;ibm_kingston;2;True
2026-08-27 04:24:40;ibm_marrakesh;2;True
2026-08-27 05:24:43;ibm_fez;2;True
2026-08-27 05:24:43;ibm_kingston;1;True
2026-08-27 05:24:43;ibm_marrakesh;12;True
2026-08-27 06:24:47;ibm_fez;18;True
2026-08-27 06:24:47;ibm_kingston;5;True
2026-08-27 06:24:47;ibm_marrakesh;1;True
2026-08-27 07:24:51;ibm_fez;10;True
2026-08-27 07:24:51;ibm_kingston;4;True
2026-08-27 07:24:51;ibm_marrakesh;6;True
2026-08-27 08:24:55;ibm_fez;2;True
2026-08-27 08:24:55;ibm_kingston;19;True
2026-08-27 08:24:55;ibm_marrakesh;10;True
2026-08-27 09:24:59;ibm_fez;22;True
2026-08-27 09:24:59;ibm_kingston;18;True
2026-08-27 09:24:59;ibm_marrakesh;30;True
2026-08-27 10:25:02;ibm_fez;10;True
2026-08-27 10:25:02;ibm_kingston;39;True
2026-08-27 10:25:02;ibm_marrakesh;8;True
2026-08-27 11:25:06;ibm_fez;489;True
2026-08-27 11:25:06;ibm_kingston;41;True
2026-08-27 11:25:06;ibm_marrakesh;24;True
2026-08-27 12:25:09;ibm_fez;3;True
2026-08-27 12:25:09;ibm_kingston;60;True
2026-08-27 12:25:09;ibm_marrakesh;25;True
2026-08-27 13:25:12;ibm_fez;3;True
2026-08-27 13:25:12;ibm_kingston;60;True
2026-08-27 13:25:12;ibm_marrakesh;29;True
2026-08-27 14:25:15;ibm_fez;28;True
2026-08-27 14:25:15;ibm_kingston;52;True
2026-08-27 14:25:15;ibm_marrakesh;2;True
2026-08-27 15:25:19;ibm_fez;27;True
2026-08-27 15:25:19;ibm_kingston;59;True
2026-08-27 15:25:19;ibm_marrakesh;11;True
2026-08-27 16:25:23;ibm_fez;2;True
2026-08-27 16:25:23;ibm_kingston;60;True
2026-08-27 16:25:23;ibm_marrakesh;1;True
2026-08-27 17:25:27;ibm_fez;0;True
2026-08-27 17:25:27;ibm_kingston;77;True
2026-08-27 17:25:27;ibm_marrakesh;1;True
2026-08-27 18:25:30;ibm_fez;0;True
2026-08-27 18:25:30;ibm_kingston;78;True
2026-08-27 18:25:30;ibm_marrakesh;2;True
2026-08-27 19:25:34;ibm_fez;23;True
2026-08-27 19:25:34;ibm_kingston;70;True
2026-08-27 19:25:34;ibm_marrakesh;2;True
2026-08-27 20:25:37;ibm_fez;3;True
2026-08-27 20:25:37;ibm_kingston;106;True
2026-08-27 20:25:37;ibm_marrakesh;0;True
2026-08-27 21:25:40;ibm_fez;14;True
2026-08-27 21:25:40;ibm_kingston;137;True
2026-08-27 21:25:40;ibm_marrakesh;13;True
2026-08-27 22:25:45;ibm_fez;2;True
2026-08-27 22:25:45;ibm_kingston;70;True
2026-08-27 22:25:45;ibm_marrakesh;0;True
2026-08-27 23:25:48;ibm_fez;0;True
2026-08-27 23:25:48;ibm_kingston;61;True
2026-08-27 23:25:48;ibm_marrakesh;0;True
2026-08-28 00:25:52;ibm_fez;10;True
2026-08-28 00:25:52;ibm_kingston;63;True
2026-08-28 00:25:52;ibm_marrakesh;1;True
2026-08-28 01:25:55;ibm_fez;1;True
2026-08-28 01:25:55;ibm_kingston;63;True
2026-08-28 01:25:55;ibm_marrakesh;0;True
2026-08-28 02:25:58;ibm_fez;0;True
2026-08-28 02:25:58;ibm_kingston;34;True
2026-08-28 02:25:58;ibm_marrakesh;0;True
2026-08-28 03:26:01;ibm_fez;2;True
2026-08-28 03:26:01;ibm_kingston;1;True
2026-08-28 03:26:01;ibm_marrakesh;0;True
2026-08-28 04:26:05;ibm_fez;4;True
2026-08-28 04:26:05;ibm_kingston;0;True
2026-08-28 04:26:05;ibm_marrakesh;3;True
2026-08-28 05:26:09;ibm_fez;1;True
2026-08-28 05:26:09;ibm_kingston;1;True
2026-08-28 05:26:09;ibm_marrakesh;0;True
2026-08-28 06:26:13;ibm_fez;22;True
2026-08-28 06:26:13;ibm_kingston;16;True
2026-08-28 06:26:13;ibm_marrakesh;0;True
2026-08-28 07:26:16;ibm_fez;21;True
2026-08-28 07:26:16;ibm_kingston;2;True
2026-08-28 07:26:16;ibm_marrakesh;0;True
2026-08-28 08:26:20;ibm_fez;3;True
2026-08-28 08:26:20;ibm_kingston;1;True
2026-08-28 08:26:20;ibm_marrakesh;2;True
2026-08-28 09:26:23;ibm_fez;3;True
2026-08-28 09:26:23;ibm_kingston;2;True
2026-08-28 09:26:23;ibm_marrakesh;1;True
2026-08-28 10:26:27;ibm_fez;7;True
2026-08-28 10:26:27;ibm_kingston;2;True
2026-08-28 10:26:27;ibm_marrakesh;2;True
2026-08-28 11:26:30;ibm_fez;1;True
2026-08-28 11:26:30;ibm_kingston;0;True
2026-08-28 11:26:30;ibm_marrakesh;16;True
2026-08-28 12:26:34;ibm_fez;0;True
2026-08-28 12:26:34;ibm_kingston;1;True
2026-08-28 12:26:34;ibm_marrakesh;1;True
2026-08-28 13:26:37;ibm_fez;0;True
2026-08-28 13:26:37;ibm_kingston;0;True
2026-08-28 13:26:37;ibm_marrakesh;1;True
2026-08-28 14:26:40;ibm_fez;9;True
2026-08-28 14:26:40;ibm_kingston;7;True
2026-08-28 14:26:40;ibm_marrakesh;1;True
2026-08-28 15:26:44;ibm_fez;26;True
2026-08-28 15:26:44;ibm_kingston;83;True
2026-08-28 15:26:44;ibm_marrakesh;3;True
2026-08-28 16:26:47;ibm_fez;3;True
2026-08-28 16:26:47;ibm_kingston;0;True
2026-08-28 16:26:47;ibm_marrakesh;2;True
2026-08-28 17:26:51;ibm_fez;3;True
2026-08-28 17:26:51;ibm_kingston;1;True
2026-08-28 17:26:51;ibm_marrakesh;1;True
2026-08-28 18:26:55;ibm_fez;3;True
2026-08-28 18:26:55;ibm_kingston;1;True
2026-08-28 18:26:55;ibm_marrakesh;2;True
2026-08-28 19:26:58;ibm_fez;13;True
2026-08-28 19:26:58;ibm_kingston;56;True
2026-08-28 19:26:58;ibm_marrakesh;2;True
2026-08-28 20:27:02;ibm_fez;13;True
2026-08-28 20:27:02;ibm_kingston;29;True
2026-08-28 20:27:02;ibm_marrakesh;0;True
2026-08-28 21:27:04;ibm_fez;0;True
2026-08-28 21:27:04;ibm_kingston;2;True
2026-08-28 21:27:04;ibm_marrakesh;1;True
2026-08-28 22:27:09;ibm_fez;6;True
2026-08-28 22:27:09;ibm_kingston;0;True
2026-08-28 22:27:09;ibm_marrakesh;3;True
2026-08-28 23:27:12;ibm_fez;2;True
2026-08-28 23:27:12;ibm_kingston;0;True
2026-08-28 23:27:12;ibm_marrakesh;0;True
2026-08-29 00:27:15;ibm_fez;2;True
2026-08-29 00:27:15;ibm_kingston;0;True
2026-08-29 00:27:15;ibm_marrakesh;0;True
2026-08-29 01:27:19;ibm_fez;12;True
2026-08-29 01:27:19;ibm_kingston;0;True
2026-08-29 01:27:19;ibm_marrakesh;0;True
2026-08-29 02:27:23;ibm_fez;1;True
2026-08-29 02:27:23;ibm_kingston;1;True
2026-08-29 02:27:23;ibm_marrakesh;0;True
2026-08-29 03:27:26;ibm_fez;2;True
2026-08-29 03:27:26;ibm_kingston;12;True
2026-08-29 03:27:26;ibm_marrakesh;1;True
2026-08-29 04:27:30;ibm_fez;2;True
2026-08-29 04:27:30;ibm_kingston;14;True
2026-08-29 04:27:30;ibm_marrakesh;0;True
2026-08-29 05:27:33;ibm_fez;1;True
2026-08-29 05:27:33;ibm_kingston;1;True
2026-08-29 05:27:33;ibm_marrakesh;0;True
2026-08-29 06:27:37;ibm_fez;10;True
2026-08-29 06:27:37;ibm_kingston;1;True
2026-08-29 06:27:37;ibm_marrakesh;8;True
2026-08-29 07:27:41;ibm_fez;5;True
2026-08-29 07:27:41;ibm_kingston;1;True
2026-08-29 07:27:41;ibm_marrakesh;11;True
2026-08-29 08:27:45;ibm_fez;1;True
2026-08-29 08:27:45;ibm_kingston;3;True
2026-08-29 08:27:45;ibm_marrakesh;0;True
2026-08-29 09:27:48;ibm_fez;1;True
2026-08-29 09:27:48;ibm_kingston;12;True
2026-08-29 09:27:48;ibm_marrakesh;7;True
2026-08-29 10:27:52;ibm_fez;2;True
2026-08-29 10:27:52;ibm_kingston;23;True
2026-08-29 10:27:52;ibm_marrakesh;12;True
2026-08-29 11:27:55;ibm_fez;4;True
2026-08-29 11:27:55;ibm_kingston;1;True
2026-08-29 11:27:55;ibm_marrakesh;1;True
2026-08-29 12:27:59;ibm_fez;8;True
2026-08-29 12:27:59;ibm_kingston;1;True
2026-08-29 12:27:59;ibm_marrakesh;2;True
2026-08-29 13:28:02;ibm_fez;1;True
2026-08-29 13:28:02;ibm_kingston;4;True
2026-08-29 13:28:02;ibm_marrakesh;73;True
2026-08-29 14:28:06;ibm_fez;9;True
2026-08-29 14:28:06;ibm_kingston;3;True
2026-08-29 14:28:06;ibm_marrakesh;3;True
2026-08-29 15:28:09;ibm_fez;22;True
2026-08-29 15:28:09;ibm_kingston;0;True
2026-08-29 15:28:09;ibm_marrakesh;4;True
2026-08-29 16:28:14;ibm_fez;24;True
2026-08-29 16:28:14;ibm_kingston;3;True
2026-08-29 16:28:14;ibm_marrakesh;2;True
2026-08-29 17:28:17;ibm_fez;30;True
2026-08-29 17:28:17;ibm_kingston;1;True
2026-08-29 17:28:17;ibm_marrakesh;3;True
2026-08-29 18:28:21;ibm_fez;29;True
2026-08-29 18:28:21;ibm_kingston;5;True
2026-08-29 18:28:21;ibm_marrakesh;3;True
2026-08-29 19:28:24;ibm_fez;33;True
2026-08-29 19:28:24;ibm_kingston;0;True
2026-08-29 19:28:24;ibm_marrakesh;2;True
2026-08-29 20:28:28;ibm_fez;37;True
2026-08-29 20:28:28;ibm_kingston;11;True
2026-08-29 20:28:28;ibm_marrakesh;4;True
2026-08-29 21:28:31;ibm_fez;42;True
2026-08-29 21:28:31;ibm_kingston;1;True
2026-08-29 21:28:31;ibm_marrakesh;4;True
2026-08-29 22:28:35;ibm_fez;12;True
2026-08-29 22:28:35;ibm_kingston;3;True
2026-08-29 22:28:35;ibm_marrakesh;2;True
2026-08-29 23:28:38;ibm_fez;3;True
2026-08-29 23:28:38;ibm_kingston;2;True
2026-08-29 23:28:38;ibm_marrakesh;3;True
2026-08-30 00:28:41;ibm_fez;4;True
2026-08-30 00:28:41;ibm_kingston;1;True
2026-08-30 00:28:41;ibm_marrakesh;21;True
2026-08-30 01:28:44;ibm_fez;1;True
2026-08-30 01:28:44;ibm_kingston;4;True
2026-08-30 01:28:44;ibm_marrakesh;0;True
2026-08-30 02:28:49;ibm_fez;0;True
2026-08-30 02:28:49;ibm_kingston;0;True
2026-08-30 02:28:49;ibm_marrakesh;0;True
2026-08-30 03:28:51;ibm_fez;1;True
2026-08-30 03:28:51;ibm_kingston;0;True
2026-08-30 03:28:51;ibm_marrakesh;0;True
2026-08-30 04:28:55;ibm_fez;0;True
2026-08-30 04:28:55;ibm_kingston;0;True
2026-08-30 04:28:55;ibm_marrakesh;1;True
2026-08-30 05:28:58;ibm_fez;1;True
2026-08-30 05:28:58;ibm_kingston;0;True
2026-08-30 05:28:58;ibm_marrakesh;0;True
2026-08-30 06:29:01;ibm_fez;1;True
2026-08-30 06:29:01;ibm_kingston;0;True
2026-08-30 06:29:01;ibm_marrakesh;0;True
2026-08-30 07:29:04;ibm_fez;1;True
2026-08-30 07:29:04;ibm_kingston;0;True
2026-08-30 07:29:04;ibm_marrakesh;0;True
2026-08-30 08:29:07;ibm_fez;1;True
2026-08-30 08:29:07;ibm_kingston;6;True
2026-08-30 08:29:07;ibm_marrakesh;1;True
2026-08-30 09:29:10;ibm_fez;1;True
2026-08-30 09:29:10;ibm_kingston;5;True
2026-08-30 09:29:10;ibm_marrakesh;1;True
2026-08-30 10:29:14;ibm_fez;3;True
2026-08-30 10:29:14;ibm_kingston;1;True
2026-08-30 10:29:14;ibm_marrakesh;1;True
2026-08-30 11:29:17;ibm_fez;4;True
2026-08-30 11:29:17;ibm_kingston;1;True
2026-08-30 11:29:17;ibm_marrakesh;2;True
2026-08-30 12:29:21;ibm_fez;4;True
2026-08-30 12:29:21;ibm_kingston;2;True
2026-08-30 12:29:21;ibm_marrakesh;6;True
2026-08-30 13:29:23;ibm_fez;2;True
2026-08-30 13:29:23;ibm_kingston;4;True
2026-08-30 13:29:23;ibm_marrakesh;1;True
2026-08-30 14:29:27;ibm_fez;0;True
2026-08-30 14:29:27;ibm_kingston;16;True
2026-08-30 14:29:27;ibm_marrakesh;12;True
2026-08-30 15:29:31;ibm_fez;5;True
2026-08-30 15:29:31;ibm_kingston;20;True
2026-08-30 15:29:31;ibm_marrakesh;3;True
2026-08-30 16:29:35;ibm_fez;1;True
2026-08-30 16:29:35;ibm_kingston;21;True
2026-08-30 16:29:35;ibm_marrakesh;1;True
2026-08-30 17:29:37;ibm_fez;0;True
2026-08-30 17:29:37;ibm_kingston;20;True
2026-08-30 17:29:37;ibm_marrakesh;0;True
2026-08-30 18:29:44;ibm_fez;0;True
2026-08-30 18:29:44;ibm_kingston;21;True
2026-08-30 18:29:44;ibm_marrakesh;0;True
2026-08-30 19:29:47;ibm_fez;1;True
2026-08-30 19:29:47;ibm_kingston;25;True
2026-08-30 19:29:47;ibm_marrakesh;0;True
2026-08-30 20:29:51;ibm_fez;0;True
2026-08-30 20:29:51;ibm_kingston;22;True
2026-08-30 20:29:51;ibm_marrakesh;3;True
2026-08-30 21:29:54;ibm_fez;0;True
2026-08-30 21:29:54;ibm_kingston;24;True
2026-08-30 21:29:54;ibm_marrakesh;6;True
2026-08-30 22:29:57;ibm_fez;1;True
2026-08-30 22:29:57;ibm_kingston;24;True
2026-08-30 22:29:57;ibm_marrakesh;2;True
2026-08-30 23:30:00;ibm_fez;0;True
2026-08-30 23:30:00;ibm_kingston;24;True
2026-08-30 23:30:00;ibm_marrakesh;2;True
2026-08-31 00:30:04;ibm_fez;0;True
2026-08-31 00:30:04;ibm_kingston;26;True
2026-08-31 00:30:04;ibm_marrakesh;9;True
2026-08-31 01:30:08;ibm_fez;0;True
2026-08-31 01:30:08;ibm_kingston;3;True
2026-08-31 01:30:08;ibm_marrakesh;1;True
2026-08-31 02:30:11;ibm_fez;8;True
2026-08-31 02:30:11;ibm_kingston;3;True
2026-08-31 02:30:11;ibm_marrakesh;3;True
2026-08-31 03:30:15;ibm_fez;0;True
2026-08-31 03:30:15;ibm_kingston;7;True
2026-08-31 03:30:15;ibm_marrakesh;12;True
2026-08-31 04:30:19;ibm_fez;23;True
2026-08-31 04:30:19;ibm_kingston;15;True
2026-08-31 04:30:19;ibm_marrakesh;1;True
2026-08-31 05:30:22;ibm_fez;0;True
2026-08-31 05:30:22;ibm_kingston;15;True
2026-08-31 05:30:22;ibm_marrakesh;0;True
2026-08-31 06:30:25;ibm_fez;1;True
2026-08-31 06:30:25;ibm_kingston;8;True
2026-08-31 06:30:25;ibm_marrakesh;0;True
2026-08-31 07:30:29;ibm_fez;1;True
2026-08-31 07:30:29;ibm_kingston;1;True
2026-08-31 07:30:29;ibm_marrakesh;2;True
2026-08-31 08:30:32;ibm_fez;1;True
2026-08-31 08:30:32;ibm_kingston;0;True
2026-08-31 08:30:32;ibm_marrakesh;0;True
2026-08-31 09:30:35;ibm_fez;2;True
2026-08-31 09:30:35;ibm_kingston;0;True
2026-08-31 09:30:35;ibm_marrakesh;1;True
2026-08-31 10:30:38;ibm_fez;2;True
2026-08-31 10:30:38;ibm_kingston;1;True
2026-08-31 10:30:38;ibm_marrakesh;4;True
2026-08-31 11:30:41;ibm_fez;32;True
2026-08-31 11:30:41;ibm_kingston;1;True
2026-08-31 11:30:41;ibm_marrakesh;9;True
2026-08-31 12:30:44;ibm_fez;42;True
2026-08-31 12:30:44;ibm_kingston;1;True
2026-08-31 12:30:44;ibm_marrakesh;16;True
2026-08-31 13:30:48;ibm_fez;46;True
2026-08-31 13:30:48;ibm_kingston;2;True
2026-08-31 13:30:48;ibm_marrakesh;2;True
2026-08-31 14:30:51;ibm_fez;12;True
2026-08-31 14:30:51;ibm_kingston;1;True
2026-08-31 14:30:51;ibm_marrakesh;4;True
2026-08-31 15:30:56;ibm_fez;3;True
2026-08-31 15:30:56;ibm_kingston;1;True
2026-08-31 15:30:56;ibm_marrakesh;5;True
2026-08-31 16:30:59;ibm_fez;4;True
2026-08-31 16:30:59;ibm_kingston;1;True
2026-08-31 16:30:59;ibm_marrakesh;1;True
2026-08-31 17:31:03;ibm_fez;3;True
2026-08-31 17:31:03;ibm_kingston;1;True
2026-08-31 17:31:03;ibm_marrakesh;1;True
2026-08-31 18:31:06;ibm_fez;8;True
2026-08-31 18:31:06;ibm_kingston;1;True
2026-08-31 18:31:06;ibm_marrakesh;1;True
2026-08-31 19:31:10;ibm_fez;7;True
2026-08-31 19:31:10;ibm_kingston;1;True
2026-08-31 19:31:10;ibm_marrakesh;0;True
2026-08-31 20:31:13;ibm_fez;2;True
2026-08-31 20:31:13;ibm_kingston;0;True
2026-08-31 20:31:13;ibm_marrakesh;2;True
2026-08-31 21:31:17;ibm_fez;0;True
2026-08-31 21:31:17;ibm_kingston;0;True
2026-08-31 21:31:17;ibm_marrakesh;1;True
2026-08-31 22:31:20;ibm_fez;3;True
2026-08-31 22:31:20;ibm_kingston;0;True
2026-08-31 22:31:20;ibm_marrakesh;0;True
2026-08-31 23:31:23;ibm_fez;0;True
2026-08-31 23:31:23;ibm_kingston;0;True
2026-08-31 23:31:23;ibm_marrakesh;1;True
2026-09-01 00:31:26;ibm_fez;0;True
2026-09-01 00:31:26;ibm_kingston;0;True
2026-09-01 00:31:26;ibm_marrakesh;0;True
2026-09-01 01:31:30;ibm_fez;0;True
2026-09-01 01:31:30;ibm_kingston;1;True
2026-09-01 01:31:30;ibm_marrakesh;1;True
2026-09-01 02:31:33;ibm_fez;0;True
2026-09-01 02:31:33;ibm_kingston;0;True
2026-09-01 02:31:33;ibm_marrakesh;0;True
2026-09-01 03:31:37;ibm_fez;7;True
2026-09-01 03:31:37;ibm_kingston;6;True
2026-09-01 03:31:37;ibm_marrakesh;0;True
2026-09-01 04:31:40;ibm_fez;1;True
2026-09-01 04:31:40;ibm_kingston;1;True
2026-09-01 04:31:40;ibm_marrakesh;0;True
2026-09-01 05:31:43;ibm_fez;5;True
2026-09-01 05:31:43;ibm_kingston;9;True
2026-09-01 05:31:43;ibm_marrakesh;2;True
2026-09-01 06:31:46;ibm_fez;3;True
2026-09-01 06:31:46;ibm_kingston;2;True
2026-09-01 06:31:46;ibm_marrakesh;0;True
2026-09-01 07:31:51;ibm_fez;19;True
2026-09-01 07:31:51;ibm_kingston;34;True
2026-09-01 07:31:51;ibm_marrakesh;3;True
2026-09-01 08:31:54;ibm_fez;14;True
2026-09-01 08:31:54;ibm_kingston;35;True
2026-09-01 08:31:54;ibm_marrakesh;1;True
2026-09-01 09:31:58;ibm_fez;0;True
2026-09-01 09:31:58;ibm_kingston;37;True
2026-09-01 09:31:58;ibm_marrakesh;18;True
2026-09-01 10:32:01;ibm_fez;5;True
2026-09-01 10:32:01;ibm_kingston;17;True
2026-09-01 10:32:01;ibm_marrakesh;25;True
2026-09-01 11:32:04;ibm_fez;13;True
2026-09-01 11:32:04;ibm_kingston;6;True
2026-09-01 11:32:04;ibm_marrakesh;5;True
2026-09-01 12:32:08;ibm_fez;0;True
2026-09-01 12:32:08;ibm_kingston;4;True
2026-09-01 12:32:08;ibm_marrakesh;0;True
2026-09-01 13:32:11;ibm_fez;13;True
2026-09-01 13:32:11;ibm_kingston;6;True
2026-09-01 13:32:11;ibm_marrakesh;7;True
2026-09-01 14:32:15;ibm_fez;27;True
2026-09-01 14:32:15;ibm_kingston;7;True
2026-09-01 14:32:15;ibm_marrakesh;13;True
2026-09-01 15:32:18;ibm_fez;38;True
2026-09-01 15:32:18;ibm_kingston;1;True
2026-09-01 15:32:18;ibm_marrakesh;0;True
2026-09-01 16:32:22;ibm_fez;42;True
2026-09-01 16:32:22;ibm_kingston;6;True
2026-09-01 16:32:22;ibm_marrakesh;0;True
2026-09-01 17:32:26;ibm_fez;46;True
2026-09-01 17:32:26;ibm_kingston;19;True
2026-09-01 17:32:26;ibm_marrakesh;20;True
2026-09-01 18:32:29;ibm_fez;88;True
2026-09-01 18:32:29;ibm_kingston;73;True
2026-09-01 18:32:29;ibm_marrakesh;30;True
2026-09-01 19:32:33;ibm_fez;123;True
2026-09-01 19:32:33;ibm_kingston;99;True
2026-09-01 19:32:33;ibm_marrakesh;41;True
2026-09-01 20:32:36;ibm_fez;120;True
2026-09-01 20:32:36;ibm_kingston;109;True
2026-09-01 20:32:36;ibm_marrakesh;2;True
2026-09-01 21:32:40;ibm_fez;125;True
2026-09-01 21:32:40;ibm_kingston;112;True
2026-09-01 21:32:40;ibm_marrakesh;0;True
2026-09-01 22:32:43;ibm_fez;126;True
2026-09-01 22:32:43;ibm_kingston;62;True
2026-09-01 22:32:43;ibm_marrakesh;1;True
2026-09-01 23:32:47;ibm_fez;128;True
2026-09-01 23:32:47;ibm_kingston;63;True
2026-09-01 23:32:47;ibm_marrakesh;41;True
2026-09-02 00:32:49;ibm_fez;133;True
2026-09-02 00:32:49;ibm_kingston;10;True
2026-09-02 00:32:49;ibm_marrakesh;44;True
2026-09-02 01:32:53;ibm_fez;121;True
2026-09-02 01:32:53;ibm_kingston;12;True
2026-09-02 01:32:53;ibm_marrakesh;52;True
2026-09-02 02:32:57;ibm_fez;0;True
2026-09-02 02:32:57;ibm_kingston;6;True
2026-09-02 02:32:57;ibm_marrakesh;2;True
2026-09-02 03:33:00;ibm_fez;0;True
2026-09-02 03:33:00;ibm_kingston;9;True
2026-09-02 03:33:00;ibm_marrakesh;0;True
2026-09-02 04:33:07;ibm_fez;14;True
2026-09-02 04:33:07;ibm_kingston;1;True
2026-09-02 04:33:07;ibm_marrakesh;3;True
2026-09-02 05:33:10;ibm_fez;2;True
2026-09-02 05:33:10;ibm_kingston;15;True
2026-09-02 05:33:10;ibm_marrakesh;1;True
2026-09-02 06:33:13;ibm_fez;0;True
2026-09-02 06:33:13;ibm_kingston;2;True
2026-09-02 06:33:13;ibm_marrakesh;21;True
2026-09-02 07:33:17;ibm_fez;7;True
2026-09-02 07:33:17;ibm_kingston;10;True
2026-09-02 07:33:17;ibm_marrakesh;7;True
2026-09-02 08:33:20;ibm_fez;3;True
2026-09-02 08:33:20;ibm_kingston;30;True
2026-09-02 08:33:20;ibm_marrakesh;5;True
2026-09-02 09:33:28;ibm_fez;1;True
2026-09-02 09:33:28;ibm_kingston;12;True
2026-09-02 09:33:28;ibm_marrakesh;1;True
2026-09-02 10:33:31;ibm_fez;307;True
2026-09-02 10:33:31;ibm_kingston;196;True
2026-09-02 10:33:31;ibm_marrakesh;412;True
2026-09-02 11:33:36;ibm_fez;0;True
2026-09-02 11:33:36;ibm_kingston;1;True
2026-09-02 11:33:36;ibm_marrakesh;1;True
2026-09-02 12:33:39;ibm_fez;3;True
2026-09-02 12:33:39;ibm_kingston;22;True
2026-09-02 12:33:39;ibm_marrakesh;0;True
2026-09-02 13:33:47;ibm_fez;5;True
2026-09-02 13:33:47;ibm_kingston;4;True
2026-09-02 13:33:47;ibm_marrakesh;29;True
2026-09-02 14:33:52;ibm_fez;9;True
2026-09-02 14:33:52;ibm_kingston;25;True
2026-09-02 14:33:52;ibm_marrakesh;33;True
2026-09-02 15:33:55;ibm_fez;3;True
2026-09-02 15:33:55;ibm_kingston;73;True
2026-09-02 15:33:55;ibm_marrakesh;4;True
2026-09-02 16:33:59;ibm_fez;3;True
2026-09-02 16:33:59;ibm_kingston;84;True
2026-09-02 16:33:59;ibm_marrakesh;0;True
2026-09-02 17:34:02;ibm_fez;11;True
2026-09-02 17:34:02;ibm_kingston;72;True
2026-09-02 17:34:02;ibm_marrakesh;0;True
2026-09-02 18:34:06;ibm_fez;20;True
2026-09-02 18:34:06;ibm_kingston;80;True
2026-09-02 18:34:06;ibm_marrakesh;6;True
2026-09-02 19:34:09;ibm_fez;5;True
2026-09-02 19:34:09;ibm_kingston;1;True
2026-09-02 19:34:09;ibm_marrakesh;14;True
2026-09-02 20:34:13;ibm_fez;5;True
2026-09-02 20:34:13;ibm_kingston;27;True
2026-09-02 20:34:13;ibm_marrakesh;0;True
2026-09-02 21:34:16;ibm_fez;0;True
2026-09-02 21:34:16;ibm_kingston;0;True
2026-09-02 21:34:16;ibm_marrakesh;0;True
2026-09-02 22:34:20;ibm_fez;18;True
2026-09-02 22:34:20;ibm_kingston;4;True
2026-09-02 22:34:20;ibm_marrakesh;0;True
2026-09-02 23:34:24;ibm_fez;20;True
2026-09-02 23:34:24;ibm_kingston;3;True
2026-09-02 23:34:24;ibm_marrakesh;0;True
2026-09-03 00:34:28;ibm_fez;17;True
2026-09-03 00:34:28;ibm_kingston;2;True
2026-09-03 00:34:28;ibm_marrakesh;1;True
2026-09-03 01:34:31;ibm_fez;4;True
2026-09-03 01:34:31;ibm_kingston;0;True
2026-09-03 01:34:31;ibm_marrakesh;0;True
2026-09-03 02:34:34;ibm_fez;0;True
2026-09-03 02:34:34;ibm_kingston;6;True
2026-09-03 02:34:34;ibm_marrakesh;1;True
2026-09-03 03:34:37;ibm_fez;4;True
2026-09-03 03:34:37;ibm_kingston;9;True
2026-09-03 03:34:37;ibm_marrakesh;3;True
2026-09-03 04:34:40;ibm_fez;48;True
2026-09-03 04:34:40;ibm_kingston;26;True
2026-09-03 04:34:40;ibm_marrakesh;28;True
2026-09-03 05:35:42;ibm_fez;59;True
2026-09-03 05:35:42;ibm_kingston;12;True
2026-09-03 05:35:42;ibm_marrakesh;20;True
2026-09-03 06:35:46;ibm_fez;51;True
2026-09-03 06:35:46;ibm_kingston;58;True
2026-09-03 06:35:46;ibm_marrakesh;59;True
2026-09-03 07:35:49;ibm_fez;1;True
2026-09-03 07:35:49;ibm_kingston;61;True
2026-09-03 07:35:49;ibm_marrakesh;30;True
2026-09-03 08:35:52;ibm_fez;3;True
2026-09-03 08:35:52;ibm_kingston;87;True
2026-09-03 08:35:52;ibm_marrakesh;28;True
2026-09-03 09:35:56;ibm_fez;3;True
2026-09-03 09:35:56;ibm_kingston;92;True
2026-09-03 09:35:56;ibm_marrakesh;32;True
2026-09-03 10:35:59;ibm_fez;1;True
2026-09-03 10:35:59;ibm_kingston;81;True
2026-09-03 10:35:59;ibm_marrakesh;1;True
2026-09-03 11:36:02;ibm_fez;6;True
2026-09-03 11:36:02;ibm_kingston;83;True
2026-09-03 11:36:02;ibm_marrakesh;1;True
2026-09-03 12:36:06;ibm_fez;4;True
2026-09-03 12:36:06;ibm_kingston;72;True
2026-09-03 12:36:06;ibm_marrakesh;0;True
2026-09-03 13:36:09;ibm_fez;1;True
2026-09-03 13:36:09;ibm_kingston;54;True
2026-09-03 13:36:09;ibm_marrakesh;0;True
2026-09-03 14:36:13;ibm_fez;5;True
2026-09-03 14:36:13;ibm_kingston;16;True
2026-09-03 14:36:13;ibm_marrakesh;1;True
2026-09-03 15:36:16;ibm_fez;1;True
2026-09-03 15:36:16;ibm_kingston;8;True
2026-09-03 15:36:16;ibm_marrakesh;0;True
2026-09-03 16:36:22;ibm_fez;1;True
2026-09-03 16:36:22;ibm_kingston;2;True
2026-09-03 16:36:22;ibm_marrakesh;0;True
2026-09-03 17:36:24;ibm_fez;1;True
2026-09-03 17:36:24;ibm_kingston;8;True
2026-09-03 17:36:24;ibm_marrakesh;1;True
2026-09-03 18:36:28;ibm_fez;2;True
2026-09-03 18:36:28;ibm_kingston;11;True
2026-09-03 18:36:28;ibm_marrakesh;0;True
2026-09-03 19:36:31;ibm_fez;5;True
2026-09-03 19:36:31;ibm_kingston;0;True
2026-09-03 19:36:31;ibm_marrakesh;4;True
2026-09-03 20:36:35;ibm_fez;0;True
2026-09-03 20:36:35;ibm_kingston;19;True
2026-09-03 20:36:35;ibm_marrakesh;0;True
2026-09-03 21:36:37;ibm_fez;0;True
2026-09-03 21:36:37;ibm_kingston;21;True
2026-09-03 21:36:37;ibm_marrakesh;0;True
2026-09-03 22:36:41;ibm_fez;0;True
2026-09-03 22:36:41;ibm_kingston;23;True
2026-09-03 22:36:41;ibm_marrakesh;0;True
2026-09-03 23:36:45;ibm_fez;0;True
2026-09-03 23:36:45;ibm_kingston;25;True
2026-09-03 23:36:45;ibm_marrakesh;0;True
2026-09-04 00:36:48;ibm_fez;0;True
2026-09-04 00:36:48;ibm_kingston;26;True
2026-09-04 00:36:48;ibm_marrakesh;0;True
2026-09-04 01:36:52;ibm_fez;7;True
2026-09-04 01:36:52;ibm_kingston;27;True
2026-09-04 01:36:52;ibm_marrakesh;2;True
2026-09-04 02:36:55;ibm_fez;0;True
2026-09-04 02:36:55;ibm_kingston;32;True
2026-09-04 02:36:55;ibm_marrakesh;2;True
2026-09-04 03:36:59;ibm_fez;10;True
2026-09-04 03:36:59;ibm_kingston;35;True
2026-09-04 03:36:59;ibm_marrakesh;7;True
2026-09-04 04:37:03;ibm_fez;4;True
2026-09-04 04:37:03;ibm_kingston;40;True
2026-09-04 04:37:03;ibm_marrakesh;12;True
2026-09-04 05:37:07;ibm_fez;0;True
2026-09-04 05:37:07;ibm_kingston;20;True
2026-09-04 05:37:07;ibm_marrakesh;0;True
2026-09-04 06:37:10;ibm_fez;1;True
2026-09-04 06:37:10;ibm_kingston;24;True
2026-09-04 06:37:10;ibm_marrakesh;2;True
2026-09-04 07:37:14;ibm_fez;0;True
2026-09-04 07:37:14;ibm_kingston;31;True
2026-09-04 07:37:14;ibm_marrakesh;1;True
2026-09-04 08:37:17;ibm_fez;0;True
2026-09-04 08:37:17;ibm_kingston;37;True
2026-09-04 08:37:17;ibm_marrakesh;1;True
2026-09-04 09:37:21;ibm_fez;1;True
2026-09-04 09:37:21;ibm_kingston;46;True
2026-09-04 09:37:21;ibm_marrakesh;0;True
2026-09-04 10:37:24;ibm_fez;0;True
2026-09-04 10:37:24;ibm_kingston;49;True
2026-09-04 10:37:24;ibm_marrakesh;0;True
2026-09-04 11:37:27;ibm_fez;0;True
2026-09-04 11:37:27;ibm_kingston;51;True
2026-09-04 11:37:27;ibm_marrakesh;0;True
2026-09-04 12:37:30;ibm_fez;1;True
2026-09-04 12:37:30;ibm_kingston;53;True
2026-09-04 12:37:30;ibm_marrakesh;1;True
2026-09-04 13:37:34;ibm_fez;1;True
2026-09-04 13:37:34;ibm_kingston;56;True
2026-09-04 13:37:34;ibm_marrakesh;0;True
2026-09-04 14:37:37;ibm_fez;0;True
2026-09-04 14:37:37;ibm_kingston;59;True
2026-09-04 14:37:37;ibm_marrakesh;0;True
2026-09-04 15:37:40;ibm_fez;0;True
2026-09-04 15:37:40;ibm_kingston;63;True
2026-09-04 15:37:40;ibm_marrakesh;1;True
2026-09-04 16:37:43;ibm_fez;1;True
2026-09-04 16:37:43;ibm_kingston;64;True
2026-09-04 16:37:43;ibm_marrakesh;0;True
2026-09-04 17:37:46;ibm_fez;1;True
2026-09-04 17:37:46;ibm_kingston;70;True
2026-09-04 17:37:46;ibm_marrakesh;0;True
2026-09-04 18:37:49;ibm_fez;0;True
2026-09-04 18:37:49;ibm_kingston;72;True
2026-09-04 18:37:49;ibm_marrakesh;0;True
2026-09-04 19:37:53;ibm_fez;0;True
2026-09-04 19:37:53;ibm_kingston;74;True
2026-09-04 19:37:53;ibm_marrakesh;0;True
2026-09-04 20:37:56;ibm_fez;0;True
2026-09-04 20:37:56;ibm_kingston;63;True
2026-09-04 20:37:56;ibm_marrakesh;1;True
2026-09-04 21:38:00;ibm_fez;0;True
2026-09-04 21:38:00;ibm_kingston;65;True
2026-09-04 21:38:00;ibm_marrakesh;3;True
2026-09-04 22:38:03;ibm_fez;0;True
2026-09-04 22:38:03;ibm_kingston;61;True
2026-09-04 22:38:03;ibm_marrakesh;0;True
2026-09-04 23:38:07;ibm_fez;0;True
2026-09-04 23:38:07;ibm_kingston;46;True
2026-09-04 23:38:07;ibm_marrakesh;0;True
2026-09-05 00:38:10;ibm_fez;0;True
2026-09-05 00:38:10;ibm_kingston;3;True
2026-09-05 00:38:10;ibm_marrakesh;0;True
2026-09-05 01:38:14;ibm_fez;0;True
2026-09-05 01:38:14;ibm_kingston;1;True
2026-09-05 01:38:14;ibm_marrakesh;0;True
2026-09-05 02:38:17;ibm_fez;0;True
2026-09-05 02:38:17;ibm_kingston;0;True
2026-09-05 02:38:17;ibm_marrakesh;0;True
2026-09-05 03:38:20;ibm_fez;0;True
2026-09-05 03:38:20;ibm_kingston;2;True
2026-09-05 03:38:20;ibm_marrakesh;0;True
2026-09-05 04:38:24;ibm_fez;8;True
2026-09-05 04:38:24;ibm_kingston;19;True
2026-09-05 04:38:24;ibm_marrakesh;11;True
2026-09-05 05:38:27;ibm_fez;0;True
2026-09-05 05:38:27;ibm_kingston;0;True
2026-09-05 05:38:27;ibm_marrakesh;1;True
2026-09-05 06:38:33;ibm_fez;0;True
2026-09-05 06:38:33;ibm_kingston;10;True
2026-09-05 06:38:33;ibm_marrakesh;1;True
2026-09-05 07:38:36;ibm_fez;4;True
2026-09-05 07:38:36;ibm_kingston;7;True
2026-09-05 07:38:36;ibm_marrakesh;2;True
2026-09-05 08:38:40;ibm_fez;11;True
2026-09-05 08:38:40;ibm_kingston;4;True
2026-09-05 08:38:40;ibm_marrakesh;0;True
2026-09-05 09:38:43;ibm_fez;0;True
2026-09-05 09:38:43;ibm_kingston;6;True
2026-09-05 09:38:43;ibm_marrakesh;0;True
2026-09-05 10:38:47;ibm_fez;1;True
2026-09-05 10:38:47;ibm_kingston;4;True
2026-09-05 10:38:47;ibm_marrakesh;0;True
2026-09-05 11:38:50;ibm_fez;0;True
2026-09-05 11:38:50;ibm_kingston;0;True
2026-09-05 11:38:50;ibm_marrakesh;0;True
2026-09-05 12:38:54;ibm_fez;0;True
2026-09-05 12:38:54;ibm_kingston;1;True
2026-09-05 12:38:54;ibm_marrakesh;2;True
2026-09-05 13:38:57;ibm_fez;2;True
2026-09-05 13:38:57;ibm_kingston;2;True
2026-09-05 13:38:57;ibm_marrakesh;0;True
2026-09-05 14:39:01;ibm_fez;1;True
2026-09-05 14:39:01;ibm_kingston;8;True
2026-09-05 14:39:01;ibm_marrakesh;2;True
2026-09-05 15:39:04;ibm_fez;1;True
2026-09-05 15:39:04;ibm_kingston;0;True
2026-09-05 15:39:04;ibm_marrakesh;0;True
2026-09-05 16:39:08;ibm_fez;2;True
2026-09-05 16:39:08;ibm_kingston;0;True
2026-09-05 16:39:08;ibm_marrakesh;0;True
2026-09-05 17:39:11;ibm_fez;1;True
2026-09-05 17:39:11;ibm_kingston;0;True
2026-09-05 17:39:11;ibm_marrakesh;0;True
2026-09-05 18:39:16;ibm_fez;0;True
2026-09-05 18:39:16;ibm_kingston;0;True
2026-09-05 18:39:16;ibm_marrakesh;1;True
2026-09-05 19:39:19;ibm_fez;1;True
2026-09-05 19:39:19;ibm_kingston;0;True
2026-09-05 19:39:19;ibm_marrakesh;0;True
2026-09-05 20:39:23;ibm_fez;0;True
2026-09-05 20:39:23;ibm_kingston;1;True
2026-09-05 20:39:23;ibm_marrakesh;0;True
2026-09-05 21:39:26;ibm_fez;0;True
2026-09-05 21:39:26;ibm_kingston;2;True
2026-09-05 21:39:26;ibm_marrakesh;0;True
2026-09-05 22:39:29;ibm_fez;0;True
2026-09-05 22:39:29;ibm_kingston;1;True
2026-09-05 22:39:29;ibm_marrakesh;0;True
2026-09-05 23:39:32;ibm_fez;0;True
2026-09-05 23:39:32;ibm_kingston;0;True
2026-09-05 23:39:32;ibm_marrakesh;0;True
2026-09-06 00:39:36;ibm_fez;0;True
2026-09-06 00:39:36;ibm_kingston;12;True
2026-09-06 00:39:36;ibm_marrakesh;0;True
2026-09-06 01:39:39;ibm_fez;0;True
2026-09-06 01:39:39;ibm_kingston;0;True
2026-09-06 01:39:39;ibm_marrakesh;1;True
2026-09-06 02:39:43;ibm_fez;1;True
2026-09-06 02:39:43;ibm_kingston;0;True
2026-09-06 02:39:43;ibm_marrakesh;0;True
2026-09-06 03:39:46;ibm_fez;0;True
2026-09-06 03:39:46;ibm_kingston;0;True
2026-09-06 03:39:46;ibm_marrakesh;0;True
2026-09-06 04:39:49;ibm_fez;24;True
2026-09-06 04:39:49;ibm_kingston;24;True
2026-09-06 04:39:49;ibm_marrakesh;36;True
2026-09-06 05:39:52;ibm_fez;2;True
2026-09-06 05:39:52;ibm_kingston;0;True
2026-09-06 05:39:52;ibm_marrakesh;3;True
2026-09-06 06:39:56;ibm_fez;1;True
2026-09-06 06:39:56;ibm_kingston;7;True
2026-09-06 06:39:56;ibm_marrakesh;0;True
2026-09-06 07:39:59;ibm_fez;0;True
2026-09-06 07:39:59;ibm_kingston;8;True
2026-09-06 07:39:59;ibm_marrakesh;0;True
2026-09-06 08:40:03;ibm_fez;0;True
2026-09-06 08:40:03;ibm_kingston;0;True
2026-09-06 08:40:03;ibm_marrakesh;0;True
2026-09-06 09:40:06;ibm_fez;6;True
2026-09-06 09:40:06;ibm_kingston;9;True
2026-09-06 09:40:06;ibm_marrakesh;5;True
2026-09-06 10:40:10;ibm_fez;0;True
2026-09-06 10:40:10;ibm_kingston;15;True
2026-09-06 10:40:10;ibm_marrakesh;0;True
2026-09-06 11:40:13;ibm_fez;0;True
2026-09-06 11:40:13;ibm_kingston;13;True
2026-09-06 11:40:13;ibm_marrakesh;2;True
2026-09-06 12:40:16;ibm_fez;0;True
2026-09-06 12:40:16;ibm_kingston;13;True
2026-09-06 12:40:16;ibm_marrakesh;0;True
2026-09-06 13:40:19;ibm_fez;1;True
2026-09-06 13:40:19;ibm_kingston;20;True
2026-09-06 13:40:19;ibm_marrakesh;0;True
2026-09-06 14:40:23;ibm_fez;1;True
2026-09-06 14:40:23;ibm_kingston;20;True
2026-09-06 14:40:23;ibm_marrakesh;0;True
2026-09-06 15:40:27;ibm_fez;0;True
2026-09-06 15:40:27;ibm_kingston;12;True
2026-09-06 15:40:27;ibm_marrakesh;0;True
2026-09-06 16:40:31;ibm_fez;1;True
2026-09-06 16:40:31;ibm_kingston;15;True
2026-09-06 16:40:31;ibm_marrakesh;0;True
2026-09-06 17:40:34;ibm_fez;1;True
2026-09-06 17:40:34;ibm_kingston;18;True
2026-09-06 17:40:34;ibm_marrakesh;0;True
2026-09-06 18:40:37;ibm_fez;0;True
2026-09-06 18:40:37;ibm_kingston;8;True
2026-09-06 18:40:37;ibm_marrakesh;0;True
2026-09-06 19:40:41;ibm_fez;0;True
2026-09-06 19:40:41;ibm_kingston;10;True
2026-09-06 19:40:41;ibm_marrakesh;0;True
2026-09-06 20:40:44;ibm_fez;3;True
2026-09-06 20:40:44;ibm_kingston;10;True
2026-09-06 20:40:44;ibm_marrakesh;0;True
2026-09-06 21:40:47;ibm_fez;2;True
2026-09-06 21:40:47;ibm_kingston;7;True
2026-09-06 21:40:47;ibm_marrakesh;1;True
2026-09-06 22:40:51;ibm_fez;0;True
2026-09-06 22:40:51;ibm_kingston;10;True
2026-09-06 22:40:51;ibm_marrakesh;0;True
2026-09-06 23:40:55;ibm_fez;0;True
2026-09-06 23:40:55;ibm_kingston;11;True
2026-09-06 23:40:55;ibm_marrakesh;10;True
2026-09-07 00:40:59;ibm_fez;0;True
2026-09-07 00:40:59;ibm_kingston;15;True
2026-09-07 00:40:59;ibm_marrakesh;0;True
2026-09-07 01:41:02;ibm_fez;0;True
2026-09-07 01:41:02;ibm_kingston;18;True
2026-09-07 01:41:02;ibm_marrakesh;0;True
2026-09-07 02:41:06;ibm_fez;0;True
2026-09-07 02:41:06;ibm_kingston;20;True
2026-09-07 02:41:06;ibm_marrakesh;3;True
2026-09-07 03:41:09;ibm_fez;4;True
2026-09-07 03:41:09;ibm_kingston;15;True
2026-09-07 03:41:09;ibm_marrakesh;2;True
2026-09-07 04:41:13;ibm_fez;22;True
2026-09-07 04:41:13;ibm_kingston;58;True
2026-09-07 04:41:13;ibm_marrakesh;11;True
2026-09-07 05:41:16;ibm_fez;7;True
2026-09-07 05:41:16;ibm_kingston;50;True
2026-09-07 05:41:16;ibm_marrakesh;0;True
2026-09-07 06:41:20;ibm_fez;1;True
2026-09-07 06:41:20;ibm_kingston;24;True
2026-09-07 06:41:20;ibm_marrakesh;3;True
2026-09-07 07:41:24;ibm_fez;1;True
2026-09-07 07:41:24;ibm_kingston;27;True
2026-09-07 07:41:24;ibm_marrakesh;1;True
2026-09-07 08:41:27;ibm_fez;1;True
2026-09-07 08:41:27;ibm_kingston;23;True
2026-09-07 08:41:27;ibm_marrakesh;0;True
2026-09-07 09:41:30;ibm_fez;1;True
2026-09-07 09:41:30;ibm_kingston;29;True
2026-09-07 09:41:30;ibm_marrakesh;0;True
2026-09-07 10:41:33;ibm_fez;0;True
2026-09-07 10:41:33;ibm_kingston;26;True
2026-09-07 10:41:33;ibm_marrakesh;0;True
2026-09-07 11:41:37;ibm_fez;2;True
2026-09-07 11:41:37;ibm_kingston;29;True
2026-09-07 11:41:37;ibm_marrakesh;1;True
2026-09-07 12:41:41;ibm_fez;1;True
2026-09-07 12:41:41;ibm_kingston;26;True
2026-09-07 12:41:41;ibm_marrakesh;0;True
2026-09-07 13:41:44;ibm_fez;1;True
2026-09-07 13:41:44;ibm_kingston;25;True
2026-09-07 13:41:44;ibm_marrakesh;0;True
2026-09-07 14:41:47;ibm_fez;0;True
2026-09-07 14:41:47;ibm_kingston;30;True
2026-09-07 14:41:47;ibm_marrakesh;0;True
2026-09-07 15:41:51;ibm_fez;6;True
2026-09-07 15:41:51;ibm_kingston;30;True
2026-09-07 15:41:51;ibm_marrakesh;0;True
2026-09-07 16:41:53;ibm_fez;0;True
2026-09-07 16:41:53;ibm_kingston;37;True
2026-09-07 16:41:53;ibm_marrakesh;1;True
2026-09-07 17:41:57;ibm_fez;0;True
2026-09-07 17:41:57;ibm_kingston;38;True
2026-09-07 17:41:57;ibm_marrakesh;1;True
2026-09-07 18:42:00;ibm_fez;0;True
2026-09-07 18:42:00;ibm_kingston;44;True
2026-09-07 18:42:00;ibm_marrakesh;0;True
2026-09-07 19:42:04;ibm_fez;1;True
2026-09-07 19:42:04;ibm_kingston;43;True
2026-09-07 19:42:04;ibm_marrakesh;0;True
2026-09-07 20:42:07;ibm_fez;1;True
2026-09-07 20:42:07;ibm_kingston;50;True
2026-09-07 20:42:07;ibm_marrakesh;0;True
2026-09-07 21:42:11;ibm_fez;0;True
2026-09-07 21:42:11;ibm_kingston;53;True
2026-09-07 21:42:11;ibm_marrakesh;7;True
2026-09-07 22:42:14;ibm_fez;0;True
2026-09-07 22:42:14;ibm_kingston;40;True
2026-09-07 22:42:14;ibm_marrakesh;12;True
2026-09-07 23:42:18;ibm_fez;0;True
2026-09-07 23:42:18;ibm_kingston;46;True
2026-09-07 23:42:18;ibm_marrakesh;0;True
2026-09-08 00:42:24;ibm_fez;0;True
2026-09-08 00:42:24;ibm_kingston;42;True
2026-09-08 00:42:24;ibm_marrakesh;0;True
2026-09-08 01:42:28;ibm_fez;1;True
2026-09-08 01:42:28;ibm_kingston;52;True
2026-09-08 01:42:28;ibm_marrakesh;2;True
2026-09-08 02:42:31;ibm_fez;0;True
2026-09-08 02:42:31;ibm_kingston;54;True
2026-09-08 02:42:31;ibm_marrakesh;3;True
2026-09-08 03:42:34;ibm_fez;2;True
2026-09-08 03:42:34;ibm_kingston;51;True
2026-09-08 03:42:34;ibm_marrakesh;6;True
2026-09-08 04:42:37;ibm_fez;34;True
2026-09-08 04:42:37;ibm_kingston;79;True
2026-09-08 04:42:37;ibm_marrakesh;21;True
2026-09-08 05:42:42;ibm_fez;31;True
2026-09-08 05:42:42;ibm_kingston;73;True
2026-09-08 05:42:42;ibm_marrakesh;1;True
2026-09-08 06:42:45;ibm_fez;16;True
2026-09-08 06:42:45;ibm_kingston;67;True
2026-09-08 06:42:45;ibm_marrakesh;5;True
2026-09-08 07:42:49;ibm_fez;4;True
2026-09-08 07:42:49;ibm_kingston;82;True
2026-09-08 07:42:49;ibm_marrakesh;4;True
2026-09-08 08:42:52;ibm_fez;10;True
2026-09-08 08:42:52;ibm_kingston;77;True
2026-09-08 08:42:52;ibm_marrakesh;5;True
2026-09-08 09:42:55;ibm_fez;2;True
2026-09-08 09:42:55;ibm_kingston;81;True
2026-09-08 09:42:55;ibm_marrakesh;2;True
2026-09-08 10:42:59;ibm_fez;9;True
2026-09-08 10:42:59;ibm_kingston;81;True
2026-09-08 10:42:59;ibm_marrakesh;0;True
2026-09-08 11:43:01;ibm_fez;0;True
2026-09-08 11:43:01;ibm_kingston;74;True
2026-09-08 11:43:01;ibm_marrakesh;2;True
2026-09-08 12:43:05;ibm_fez;9;True
2026-09-08 12:43:05;ibm_kingston;78;True
2026-09-08 12:43:05;ibm_marrakesh;1;True
2026-09-08 13:43:08;ibm_fez;0;True
2026-09-08 13:43:08;ibm_kingston;79;True
2026-09-08 13:43:08;ibm_marrakesh;1;True
2026-09-08 14:43:12;ibm_fez;0;True
2026-09-08 14:43:12;ibm_kingston;81;True
2026-09-08 14:43:12;ibm_marrakesh;1;True
2026-09-08 15:43:14;ibm_fez;16;True
2026-09-08 15:43:14;ibm_kingston;90;True
2026-09-08 15:43:14;ibm_marrakesh;1;True
2026-09-08 16:43:19;ibm_fez;37;True
2026-09-08 16:43:19;ibm_kingston;84;True
2026-09-08 16:43:19;ibm_marrakesh;2;True
2026-09-08 17:43:22;ibm_fez;16;True
2026-09-08 17:43:22;ibm_kingston;93;True
2026-09-08 17:43:22;ibm_marrakesh;1;True
2026-09-08 18:43:28;ibm_fez;18;True
2026-09-08 18:43:28;ibm_kingston;97;True
2026-09-08 18:43:28;ibm_marrakesh;2;True
2026-09-08 19:43:31;ibm_fez;2;True
2026-09-08 19:43:31;ibm_kingston;81;True
2026-09-08 19:43:31;ibm_marrakesh;0;True
2026-09-08 20:43:35;ibm_fez;0;True
2026-09-08 20:43:35;ibm_kingston;84;True
2026-09-08 20:43:35;ibm_marrakesh;1;True
2026-09-08 21:43:38;ibm_fez;2;True
2026-09-08 21:43:38;ibm_kingston;183;True
2026-09-08 21:43:38;ibm_marrakesh;0;True
2026-09-08 22:43:42;ibm_fez;0;True
2026-09-08 22:43:42;ibm_kingston;187;True
2026-09-08 22:43:42;ibm_marrakesh;3;True
2026-09-08 23:43:45;ibm_fez;0;True
2026-09-08 23:43:45;ibm_kingston;182;True
2026-09-08 23:43:45;ibm_marrakesh;0;True
2026-09-09 00:43:48;ibm_fez;1;True
2026-09-09 00:43:48;ibm_kingston;188;True
2026-09-09 00:43:48;ibm_marrakesh;0;True
2026-09-09 01:43:51;ibm_fez;3;True
2026-09-09 01:43:51;ibm_kingston;190;True
2026-09-09 01:43:51;ibm_marrakesh;0;True
2026-09-09 02:43:55;ibm_fez;0;True
2026-09-09 02:43:55;ibm_kingston;204;True
2026-09-09 02:43:55;ibm_marrakesh;2;True
2026-09-09 03:43:58;ibm_fez;3;True
2026-09-09 03:43:58;ibm_kingston;175;True
2026-09-09 03:43:58;ibm_marrakesh;0;True
2026-09-09 04:44:02;ibm_fez;34;True
2026-09-09 04:44:02;ibm_kingston;222;True
2026-09-09 04:44:02;ibm_marrakesh;9;True
2026-09-09 05:44:05;ibm_fez;1;True
2026-09-09 05:44:05;ibm_kingston;205;True
2026-09-09 05:44:05;ibm_marrakesh;1;True
2026-09-09 06:44:08;ibm_fez;0;True
2026-09-09 06:44:08;ibm_kingston;199;True
2026-09-09 06:44:08;ibm_marrakesh;1;True
2026-09-09 07:44:12;ibm_fez;2;True
2026-09-09 07:44:12;ibm_kingston;181;True
2026-09-09 07:44:12;ibm_marrakesh;0;True
2026-09-09 08:44:16;ibm_fez;0;True
2026-09-09 08:44:16;ibm_kingston;187;True
2026-09-09 08:44:16;ibm_marrakesh;1;True
2026-09-09 09:44:18;ibm_fez;3;True
2026-09-09 09:44:18;ibm_kingston;231;True
2026-09-09 09:44:18;ibm_marrakesh;0;True
2026-09-09 10:44:23;ibm_fez;0;True
2026-09-09 10:44:23;ibm_kingston;237;True
2026-09-09 10:44:23;ibm_marrakesh;0;True
2026-09-09 11:44:26;ibm_fez;0;True
2026-09-09 11:44:26;ibm_kingston;240;True
2026-09-09 11:44:26;ibm_marrakesh;0;True
2026-09-09 12:44:30;ibm_fez;0;True
2026-09-09 12:44:30;ibm_kingston;238;True
2026-09-09 12:44:30;ibm_marrakesh;6;True
2026-09-09 13:44:33;ibm_fez;11;True
2026-09-09 13:44:33;ibm_kingston;242;True
2026-09-09 13:44:33;ibm_marrakesh;8;True
2026-09-09 14:44:36;ibm_fez;7;True
2026-09-09 14:44:36;ibm_kingston;284;True
2026-09-09 14:44:36;ibm_marrakesh;12;True
2026-09-09 15:44:39;ibm_fez;3;True
2026-09-09 15:44:39;ibm_kingston;293;True
2026-09-09 15:44:39;ibm_marrakesh;4;True
2026-09-09 16:44:43;ibm_fez;0;True
2026-09-09 16:44:43;ibm_kingston;290;True
2026-09-09 16:44:43;ibm_marrakesh;2;True
2026-09-09 17:44:45;ibm_fez;12;True
2026-09-09 17:44:45;ibm_kingston;152;True
2026-09-09 17:44:45;ibm_marrakesh;3;True
2026-09-09 18:44:49;ibm_fez;4;True
2026-09-09 18:44:49;ibm_kingston;11;True
2026-09-09 18:44:49;ibm_marrakesh;4;True
2026-09-09 19:44:53;ibm_fez;1;True
2026-09-09 19:44:53;ibm_kingston;13;True
2026-09-09 19:44:53;ibm_marrakesh;0;True
2026-09-09 20:44:56;ibm_fez;0;True
2026-09-09 20:44:56;ibm_kingston;3;True
2026-09-09 20:44:56;ibm_marrakesh;3;True
2026-09-09 21:44:59;ibm_fez;19;True
2026-09-09 21:44:59;ibm_kingston;18;True
2026-09-09 21:44:59;ibm_marrakesh;23;True
2026-09-09 22:45:02;ibm_fez;1;True
2026-09-09 22:45:02;ibm_kingston;0;True
2026-09-09 22:45:02;ibm_marrakesh;9;True
2026-09-09 23:45:05;ibm_fez;0;True
2026-09-09 23:45:05;ibm_kingston;3;True
2026-09-09 23:45:05;ibm_marrakesh;6;True
2026-09-10 00:45:08;ibm_fez;0;True
2026-09-10 00:45:08;ibm_kingston;2;True
2026-09-10 00:45:08;ibm_marrakesh;3;True
2026-09-10 01:45:12;ibm_fez;7;True
2026-09-10 01:45:12;ibm_kingston;0;True
2026-09-10 01:45:12;ibm_marrakesh;1;True
2026-09-10 02:45:15;ibm_fez;0;True
2026-09-10 02:45:15;ibm_kingston;0;True
2026-09-10 02:45:15;ibm_marrakesh;0;True
2026-09-10 03:45:19;ibm_fez;0;True
2026-09-10 03:45:19;ibm_kingston;6;True
2026-09-10 03:45:19;ibm_marrakesh;1;True
2026-09-10 04:45:22;ibm_fez;8;True
2026-09-10 04:45:22;ibm_kingston;8;True
2026-09-10 04:45:22;ibm_marrakesh;41;True
2026-09-10 05:45:26;ibm_fez;0;True
2026-09-10 05:45:26;ibm_kingston;0;True
2026-09-10 05:45:26;ibm_marrakesh;1;True
2026-09-10 06:45:29;ibm_fez;1;True
2026-09-10 06:45:29;ibm_kingston;1;True
2026-09-10 06:45:29;ibm_marrakesh;1;True
2026-09-10 07:45:33;ibm_fez;7;True
2026-09-10 07:45:33;ibm_kingston;8;True
2026-09-10 07:45:33;ibm_marrakesh;4;True
2026-09-10 08:45:37;ibm_fez;1;True
2026-09-10 08:45:37;ibm_kingston;4;True
2026-09-10 08:45:37;ibm_marrakesh;9;True
2026-09-10 09:45:44;ibm_fez;2;True
2026-09-10 09:45:44;ibm_kingston;1;True
2026-09-10 09:45:44;ibm_marrakesh;7;True
2026-09-10 10:45:47;ibm_fez;2;True
2026-09-10 10:45:47;ibm_kingston;0;True
2026-09-10 10:45:47;ibm_marrakesh;2;True
2026-09-10 11:45:53;ibm_fez;2;True
2026-09-10 11:45:53;ibm_kingston;5;True
2026-09-10 11:45:53;ibm_marrakesh;4;True
2026-09-10 12:45:59;ibm_fez;41;True
2026-09-10 12:45:59;ibm_kingston;0;True
2026-09-10 12:45:59;ibm_marrakesh;3;True
2026-09-10 13:46:03;ibm_fez;47;True
2026-09-10 13:46:03;ibm_kingston;11;True
2026-09-10 13:46:03;ibm_marrakesh;812;True
2026-09-10 14:46:08;ibm_fez;41;True
2026-09-10 14:46:08;ibm_kingston;3;True
2026-09-10 14:46:08;ibm_marrakesh;783;True
2026-09-10 15:46:12;ibm_fez;3;True
2026-09-10 15:46:12;ibm_kingston;14;True
2026-09-10 15:46:12;ibm_marrakesh;0;True
2026-09-10 16:46:15;ibm_fez;2;True
2026-09-10 16:46:15;ibm_kingston;0;True
2026-09-10 16:46:15;ibm_marrakesh;0;True
2026-09-10 17:46:19;ibm_fez;1;True
2026-09-10 17:46:19;ibm_kingston;0;True
2026-09-10 17:46:19;ibm_marrakesh;4;True
2026-09-10 18:46:22;ibm_fez;26;True
2026-09-10 18:46:22;ibm_kingston;0;True
2026-09-10 18:46:22;ibm_marrakesh;1;True
2026-09-10 19:46:26;ibm_fez;0;True
2026-09-10 19:46:26;ibm_kingston;0;True
2026-09-10 19:46:26;ibm_marrakesh;0;True
2026-09-10 20:46:29;ibm_fez;0;True
2026-09-10 20:46:29;ibm_kingston;1;True
2026-09-10 20:46:29;ibm_marrakesh;3;True
2026-09-10 21:46:32;ibm_fez;38804;True
2026-09-10 21:46:32;ibm_kingston;68516;True
2026-09-10 21:46:32;ibm_marrakesh;0;True
2026-09-10 22:46:36;ibm_fez;112;True
2026-09-10 22:46:36;ibm_kingston;1;True
2026-09-10 22:46:36;ibm_marrakesh;1;True
2026-09-10 23:46:40;ibm_fez;39;True
2026-09-10 23:46:40;ibm_kingston;0;True
2026-09-10 23:46:40;ibm_marrakesh;3;True
2026-09-11 00:46:42;ibm_fez;0;True
2026-09-11 00:46:42;ibm_kingston;0;True
2026-09-11 00:46:42;ibm_marrakesh;1;True
2026-09-11 01:46:46;ibm_fez;0;True
2026-09-11 01:46:46;ibm_kingston;0;True
2026-09-11 01:46:46;ibm_marrakesh;1;True
2026-09-11 02:46:50;ibm_fez;0;True
2026-09-11 02:46:50;ibm_kingston;0;True
2026-09-11 02:46:50;ibm_marrakesh;1;True
2026-09-11 03:46:53;ibm_fez;2;True
2026-09-11 03:46:53;ibm_kingston;0;True
2026-09-11 03:46:53;ibm_marrakesh;0;True
2026-09-11 04:46:57;ibm_fez;52;True
2026-09-11 04:46:57;ibm_kingston;8;True
2026-09-11 04:46:57;ibm_marrakesh;13;True
2026-09-11 05:47:00;ibm_fez;14;True
2026-09-11 05:47:00;ibm_kingston;0;True
2026-09-11 05:47:00;ibm_marrakesh;0;True
2026-09-11 06:47:03;ibm_fez;0;True
2026-09-11 06:47:03;ibm_kingston;0;True
2026-09-11 06:47:03;ibm_marrakesh;0;True
2026-09-11 07:47:07;ibm_fez;2;True
2026-09-11 07:47:07;ibm_kingston;1;True
2026-09-11 07:47:07;ibm_marrakesh;1;True
2026-09-11 08:47:11;ibm_fez;0;True
2026-09-11 08:47:11;ibm_kingston;0;True
2026-09-11 08:47:11;ibm_marrakesh;0;True
2026-09-11 09:47:14;ibm_fez;2;True
2026-09-11 09:47:14;ibm_kingston;0;True
2026-09-11 09:47:14;ibm_marrakesh;0;True
2026-09-11 10:47:17;ibm_fez;1;True
2026-09-11 10:47:17;ibm_kingston;1;True
2026-09-11 10:47:17;ibm_marrakesh;1;True
2026-09-11 11:47:21;ibm_fez;2;True
2026-09-11 11:47:21;ibm_kingston;0;True
2026-09-11 11:47:21;ibm_marrakesh;0;True
2026-09-11 12:47:24;ibm_fez;0;True
2026-09-11 12:47:24;ibm_kingston;48;True
2026-09-11 12:47:24;ibm_marrakesh;9;True
2026-09-11 13:47:28;ibm_fez;1;True
2026-09-11 13:47:28;ibm_kingston;5;True
2026-09-11 13:47:28;ibm_marrakesh;1;True
2026-09-11 14:47:31;ibm_fez;1;True
2026-09-11 14:47:31;ibm_kingston;4;True
2026-09-11 14:47:31;ibm_marrakesh;5;True
2026-09-11 15:47:35;ibm_fez;0;True
2026-09-11 15:47:35;ibm_kingston;0;True
2026-09-11 15:47:35;ibm_marrakesh;1;True
2026-09-11 16:47:39;ibm_fez;1;True
2026-09-11 16:47:39;ibm_kingston;0;True
2026-09-11 16:47:39;ibm_marrakesh;3;True
2026-09-11 17:47:42;ibm_fez;0;True
2026-09-11 17:47:42;ibm_kingston;0;True
2026-09-11 17:47:42;ibm_marrakesh;2;True
2026-09-11 18:47:46;ibm_fez;0;True
2026-09-11 18:47:46;ibm_kingston;2;True
2026-09-11 18:47:46;ibm_marrakesh;4;True
2026-09-11 19:47:49;ibm_fez;0;True
2026-09-11 19:47:49;ibm_kingston;0;True
2026-09-11 19:47:49;ibm_marrakesh;1;True
2026-09-11 20:47:53;ibm_fez;1;True
2026-09-11 20:47:53;ibm_kingston;1;True
2026-09-11 20:47:53;ibm_marrakesh;1;True
2026-09-11 21:47:57;ibm_fez;0;True
2026-09-11 21:47:57;ibm_kingston;0;True
2026-09-11 21:47:57;ibm_marrakesh;1;True
2026-09-11 22:48:00;ibm_fez;0;True
2026-09-11 22:48:00;ibm_kingston;1;True
2026-09-11 22:48:00;ibm_marrakesh;1;True
2026-09-11 23:48:03;ibm_fez;0;True
2026-09-11 23:48:03;ibm_kingston;1;True
2026-09-11 23:48:03;ibm_marrakesh;4;True
2026-09-12 00:48:06;ibm_fez;0;True
2026-09-12 00:48:06;ibm_kingston;0;True
2026-09-12 00:48:06;ibm_marrakesh;4;True
2026-09-12 01:48:10;ibm_fez;0;True
2026-09-12 01:48:10;ibm_kingston;0;True
2026-09-12 01:48:10;ibm_marrakesh;1;True
2026-09-12 02:48:13;ibm_fez;0;True
2026-09-12 02:48:13;ibm_kingston;0;True
2026-09-12 02:48:13;ibm_marrakesh;1;True
2026-09-12 03:48:17;ibm_fez;0;True
2026-09-12 03:48:17;ibm_kingston;0;True
2026-09-12 03:48:17;ibm_marrakesh;0;True
2026-09-12 04:48:20;ibm_fez;48;True
2026-09-12 04:48:20;ibm_kingston;10;True
2026-09-12 04:48:20;ibm_marrakesh;9;True
2026-09-12 05:48:24;ibm_fez;34;True
2026-09-12 05:48:24;ibm_kingston;0;True
2026-09-12 05:48:24;ibm_marrakesh;4;True
2026-09-12 06:48:27;ibm_fez;0;True
2026-09-12 06:48:27;ibm_kingston;0;True
2026-09-12 06:48:27;ibm_marrakesh;0;True
2026-09-12 07:48:31;ibm_fez;0;True
2026-09-12 07:48:31;ibm_kingston;0;True
2026-09-12 07:48:31;ibm_marrakesh;2;True
2026-09-12 08:48:35;ibm_fez;1;True
2026-09-12 08:48:35;ibm_kingston;0;True
2026-09-12 08:48:35;ibm_marrakesh;2;True
2026-09-12 09:48:39;ibm_fez;0;True
2026-09-12 09:48:39;ibm_kingston;0;True
2026-09-12 09:48:39;ibm_marrakesh;0;True
2026-09-12 10:48:42;ibm_fez;2;True
2026-09-12 10:48:42;ibm_kingston;0;True
2026-09-12 10:48:42;ibm_marrakesh;0;True
2026-09-12 11:48:45;ibm_fez;1;True
2026-09-12 11:48:45;ibm_kingston;1;True
2026-09-12 11:48:45;ibm_marrakesh;0;True
2026-09-12 12:48:49;ibm_fez;0;True
2026-09-12 12:48:49;ibm_kingston;1;True
2026-09-12 12:48:49;ibm_marrakesh;0;True
2026-09-12 13:48:53;ibm_fez;0;True
2026-09-12 13:48:53;ibm_kingston;1;True
2026-09-12 13:48:53;ibm_marrakesh;2;True
2026-09-12 14:48:56;ibm_fez;0;True
2026-09-12 14:48:56;ibm_kingston;2;True
2026-09-12 14:48:56;ibm_marrakesh;1;True
2026-09-12 15:48:59;ibm_fez;0;True
2026-09-12 15:48:59;ibm_kingston;0;True
2026-09-12 15:48:59;ibm_marrakesh;0;True
2026-09-12 16:49:02;ibm_fez;0;True
2026-09-12 16:49:02;ibm_kingston;0;True
2026-09-12 16:49:02;ibm_marrakesh;0;True
2026-09-12 17:49:06;ibm_fez;0;True
2026-09-12 17:49:06;ibm_kingston;0;True
2026-09-12 17:49:06;ibm_marrakesh;0;True
2026-09-12 18:49:09;ibm_fez;0;True
2026-09-12 18:49:09;ibm_kingston;0;True
2026-09-12 18:49:09;ibm_marrakesh;0;True
2026-09-12 19:49:12;ibm_fez;0;True
2026-09-12 19:49:12;ibm_kingston;0;True
2026-09-12 19:49:12;ibm_marrakesh;1;True
2026-09-12 20:49:16;ibm_fez;0;True
2026-09-12 20:49:16;ibm_kingston;0;True
2026-09-12 20:49:16;ibm_marrakesh;0;True
2026-09-12 21:49:20;ibm_fez;1;True
2026-09-12 21:49:20;ibm_kingston;0;True
2026-09-12 21:49:20;ibm_marrakesh;0;True
2026-09-12 22:49:23;ibm_fez;0;True
2026-09-12 22:49:23;ibm_kingston;0;True
2026-09-12 22:49:23;ibm_marrakesh;0;True
2026-09-12 23:49:27;ibm_fez;0;True
2026-09-12 23:49:27;ibm_kingston;0;True
2026-09-12 23:49:27;ibm_marrakesh;1;True
2026-09-13 00:49:30;ibm_fez;0;True
2026-09-13 00:49:30;ibm_kingston;0;True
2026-09-13 00:49:30;ibm_marrakesh;0;True
2026-09-13 01:49:34;ibm_fez;0;True
2026-09-13 01:49:34;ibm_kingston;9;True
2026-09-13 01:49:34;ibm_marrakesh;0;True
2026-09-13 02:49:37;ibm_fez;0;True
2026-09-13 02:49:37;ibm_kingston;0;True
2026-09-13 02:49:37;ibm_marrakesh;0;True
2026-09-13 03:49:41;ibm_fez;0;True
2026-09-13 03:49:41;ibm_kingston;0;True
2026-09-13 03:49:41;ibm_marrakesh;8;True
2026-09-13 04:49:44;ibm_fez;31;True
2026-09-13 04:49:44;ibm_kingston;1;True
2026-09-13 04:49:44;ibm_marrakesh;0;True
2026-09-13 05:49:49;ibm_fez;56;True
2026-09-13 05:49:49;ibm_kingston;0;True
2026-09-13 05:49:49;ibm_marrakesh;0;True
2026-09-13 06:49:53;ibm_fez;1;True
2026-09-13 06:49:53;ibm_kingston;0;True
2026-09-13 06:49:53;ibm_marrakesh;0;True
2026-09-13 07:49:57;ibm_fez;0;True
2026-09-13 07:49:57;ibm_kingston;0;True
2026-09-13 07:49:57;ibm_marrakesh;0;True
2026-09-13 08:50:00;ibm_fez;0;True
2026-09-13 08:50:00;ibm_kingston;0;True
2026-09-13 08:50:00;ibm_marrakesh;0;True
2026-09-13 09:50:04;ibm_fez;0;True
2026-09-13 09:50:04;ibm_kingston;0;True
2026-09-13 09:50:04;ibm_marrakesh;0;True
2026-09-13 10:50:08;ibm_fez;0;True
2026-09-13 10:50:08;ibm_kingston;1;True
2026-09-13 10:50:08;ibm_marrakesh;0;True
2026-09-13 11:50:12;ibm_fez;2;True
2026-09-13 11:50:12;ibm_kingston;0;True
2026-09-13 11:50:12;ibm_marrakesh;1;True
2026-09-13 12:50:16;ibm_fez;0;True
2026-09-13 12:50:16;ibm_kingston;0;True
2026-09-13 12:50:16;ibm_marrakesh;0;True
2026-09-13 13:50:20;ibm_fez;1;True
2026-09-13 13:50:20;ibm_kingston;0;True
2026-09-13 13:50:20;ibm_marrakesh;0;True
2026-09-13 14:50:24;ibm_fez;2;True
2026-09-13 14:50:24;ibm_kingston;0;True
2026-09-13 14:50:24;ibm_marrakesh;0;True
2026-09-13 15:50:27;ibm_fez;0;True
2026-09-13 15:50:27;ibm_kingston;0;True
2026-09-13 15:50:27;ibm_marrakesh;0;True
2026-09-13 16:50:30;ibm_fez;0;True
2026-09-13 16:50:30;ibm_kingston;0;True
2026-09-13 16:50:30;ibm_marrakesh;0;True
2026-09-13 17:50:33;ibm_fez;0;True
2026-09-13 17:50:33;ibm_kingston;0;True
2026-09-13 17:50:33;ibm_marrakesh;0;True
2026-09-13 18:50:37;ibm_fez;0;True
2026-09-13 18:50:37;ibm_kingston;0;True
2026-09-13 18:50:37;ibm_marrakesh;2;True
2026-09-13 19:50:40;ibm_fez;2;True
2026-09-13 19:50:40;ibm_kingston;0;True
2026-09-13 19:50:40;ibm_marrakesh;0;True
2026-09-13 20:50:44;ibm_fez;0;True
2026-09-13 20:50:44;ibm_kingston;0;True
2026-09-13 20:50:44;ibm_marrakesh;0;True
2026-09-13 21:50:46;ibm_fez;0;True
2026-09-13 21:50:46;ibm_kingston;1;True
2026-09-13 21:50:46;ibm_marrakesh;0;True
2026-09-13 22:50:50;ibm_fez;0;True
2026-09-13 22:50:50;ibm_kingston;0;True
2026-09-13 22:50:50;ibm_marrakesh;0;True
2026-09-13 23:50:53;ibm_fez;1;True
2026-09-13 23:50:53;ibm_kingston;0;True
2026-09-13 23:50:53;ibm_marrakesh;0;True
2026-09-14 00:50:57;ibm_fez;0;True
2026-09-14 00:50:57;ibm_kingston;2;True
2026-09-14 00:50:57;ibm_marrakesh;0;True
2026-09-14 01:51:00;ibm_fez;1;True
2026-09-14 01:51:00;ibm_kingston;0;True
2026-09-14 01:51:00;ibm_marrakesh;0;True
2026-09-14 02:51:04;ibm_fez;0;True
2026-09-14 02:51:04;ibm_kingston;0;True
2026-09-14 02:51:04;ibm_marrakesh;0;True
2026-09-14 03:51:06;ibm_fez;1;True
2026-09-14 03:51:06;ibm_kingston;2;True
2026-09-14 03:51:06;ibm_marrakesh;6;True
2026-09-14 04:51:10;ibm_fez;56;True
2026-09-14 04:51:10;ibm_kingston;11;True
2026-09-14 04:51:10;ibm_marrakesh;12;True
2026-09-14 05:51:13;ibm_fez;34;True
2026-09-14 05:51:13;ibm_kingston;0;True
2026-09-14 05:51:13;ibm_marrakesh;0;True
2026-09-14 06:51:17;ibm_fez;0;True
2026-09-14 06:51:17;ibm_kingston;2;True
2026-09-14 06:51:17;ibm_marrakesh;0;True
2026-09-14 07:51:20;ibm_fez;1;True
2026-09-14 07:51:20;ibm_kingston;6;True
2026-09-14 07:51:20;ibm_marrakesh;0;True
2026-09-14 08:51:24;ibm_fez;0;True
2026-09-14 08:51:24;ibm_kingston;1;True
2026-09-14 08:51:24;ibm_marrakesh;0;True
2026-09-14 09:51:27;ibm_fez;0;True
2026-09-14 09:51:27;ibm_kingston;3;True
2026-09-14 09:51:27;ibm_marrakesh;0;True
2026-09-14 10:51:30;ibm_fez;5;True
2026-09-14 10:51:30;ibm_kingston;4;True
2026-09-14 10:51:30;ibm_marrakesh;0;True
2026-09-14 11:51:34;ibm_fez;1;True
2026-09-14 11:51:34;ibm_kingston;3;True
2026-09-14 11:51:34;ibm_marrakesh;0;True
2026-09-14 12:51:38;ibm_fez;37;True
2026-09-14 12:51:38;ibm_kingston;27;True
2026-09-14 12:51:38;ibm_marrakesh;0;True
2026-09-14 13:51:41;ibm_fez;19;True
2026-09-14 13:51:41;ibm_kingston;25;True
2026-09-14 13:51:41;ibm_marrakesh;2;True
2026-09-14 14:51:45;ibm_fez;62;True
2026-09-14 14:51:45;ibm_kingston;35;True
2026-09-14 14:51:45;ibm_marrakesh;11;True
2026-09-14 15:51:48;ibm_fez;2;True
2026-09-14 15:51:48;ibm_kingston;2;True
2026-09-14 15:51:48;ibm_marrakesh;6;True
2026-09-14 16:51:51;ibm_fez;0;True
2026-09-14 16:51:51;ibm_kingston;7;True
2026-09-14 16:51:51;ibm_marrakesh;7;True
2026-09-14 17:51:54;ibm_fez;0;True
2026-09-14 17:51:54;ibm_kingston;18;True
2026-09-14 17:51:54;ibm_marrakesh;4;True
2026-09-14 18:51:57;ibm_fez;4;True
2026-09-14 18:51:57;ibm_kingston;35;True
2026-09-14 18:51:57;ibm_marrakesh;3;True
2026-09-14 19:52:01;ibm_fez;1;True
2026-09-14 19:52:01;ibm_kingston;32;True
2026-09-14 19:52:01;ibm_marrakesh;2;True
2026-09-14 20:52:05;ibm_fez;1;True
2026-09-14 20:52:05;ibm_kingston;33;True
2026-09-14 20:52:05;ibm_marrakesh;0;True
2026-09-14 21:52:08;ibm_fez;0;True
2026-09-14 21:52:08;ibm_kingston;28;True
2026-09-14 21:52:08;ibm_marrakesh;0;True
2026-09-14 22:52:12;ibm_fez;1;True
2026-09-14 22:52:12;ibm_kingston;3;True
2026-09-14 22:52:12;ibm_marrakesh;0;True
2026-09-14 23:52:15;ibm_fez;0;True
2026-09-14 23:52:15;ibm_kingston;0;True
2026-09-14 23:52:15;ibm_marrakesh;0;True
2026-09-15 00:52:18;ibm_fez;3;True
2026-09-15 00:52:18;ibm_kingston;0;True
2026-09-15 00:52:18;ibm_marrakesh;3;True
2026-09-15 01:52:22;ibm_fez;0;True
2026-09-15 01:52:22;ibm_kingston;3;True
2026-09-15 01:52:22;ibm_marrakesh;0;True
2026-09-15 02:52:25;ibm_fez;1;True
2026-09-15 02:52:25;ibm_kingston;0;True
2026-09-15 02:52:25;ibm_marrakesh;1;True
2026-09-15 03:52:29;ibm_fez;0;True
2026-09-15 03:52:29;ibm_kingston;0;True
2026-09-15 03:52:29;ibm_marrakesh;1;True
2026-09-15 04:52:32;ibm_fez;48;True
2026-09-15 04:52:32;ibm_kingston;7;True
2026-09-15 04:52:32;ibm_marrakesh;17;True
2026-09-15 05:52:36;ibm_fez;91;True
2026-09-15 05:52:36;ibm_kingston;1;True
2026-09-15 05:52:36;ibm_marrakesh;0;True
2026-09-15 06:52:39;ibm_fez;1;True
2026-09-15 06:52:39;ibm_kingston;5;True
2026-09-15 06:52:39;ibm_marrakesh;1;True
2026-09-15 07:52:43;ibm_fez;17;True
2026-09-15 07:52:43;ibm_kingston;6;True
2026-09-15 07:52:43;ibm_marrakesh;13;True
2026-09-15 08:52:46;ibm_fez;2;True
2026-09-15 08:52:46;ibm_kingston;1;True
2026-09-15 08:52:46;ibm_marrakesh;23;True
2026-09-15 09:52:50;ibm_fez;18388;True
2026-09-15 09:52:50;ibm_kingston;3;True
2026-09-15 09:52:50;ibm_marrakesh;0;True
2026-09-15 10:52:54;ibm_fez;17841;True
2026-09-15 10:52:54;ibm_kingston;1;True
2026-09-15 10:52:54;ibm_marrakesh;0;True
2026-09-15 11:52:57;ibm_fez;1;True
2026-09-15 11:52:57;ibm_kingston;2;True
2026-09-15 11:52:57;ibm_marrakesh;2;True
2026-09-15 12:53:00;ibm_fez;17662;True
2026-09-15 12:53:00;ibm_kingston;1;True
2026-09-15 12:53:00;ibm_marrakesh;0;True
2026-09-15 13:53:04;ibm_fez;1;True
2026-09-15 13:53:04;ibm_kingston;3;True
2026-09-15 13:53:04;ibm_marrakesh;2;True
2026-09-15 14:53:07;ibm_fez;17;True
2026-09-15 14:53:07;ibm_kingston;18;True
2026-09-15 14:53:07;ibm_marrakesh;18;True
2026-09-15 15:53:12;ibm_fez;20;True
2026-09-15 15:53:12;ibm_kingston;21;True
2026-09-15 15:53:12;ibm_marrakesh;18;True
2026-09-15 16:53:15;ibm_fez;24;True
2026-09-15 16:53:15;ibm_kingston;19;True
2026-09-15 16:53:15;ibm_marrakesh;9;True
2026-09-15 17:53:19;ibm_fez;26;True
2026-09-15 17:53:19;ibm_kingston;31;True
2026-09-15 17:53:19;ibm_marrakesh;37;True
2026-09-15 18:53:23;ibm_fez;29;True
2026-09-15 18:53:23;ibm_kingston;48;True
2026-09-15 18:53:23;ibm_marrakesh;49;True
2026-09-15 19:53:27;ibm_fez;115;True
2026-09-15 19:53:27;ibm_kingston;60;True
2026-09-15 19:53:27;ibm_marrakesh;62;True
2026-09-15 20:53:30;ibm_fez;115;True
2026-09-15 20:53:30;ibm_kingston;54;True
2026-09-15 20:53:30;ibm_marrakesh;78;True
2026-09-15 21:53:34;ibm_fez;116;True
2026-09-15 21:53:34;ibm_kingston;23;True
2026-09-15 21:53:34;ibm_marrakesh;58;True
2026-09-15 22:53:38;ibm_fez;120;True
2026-09-15 22:53:38;ibm_kingston;0;True
2026-09-15 22:53:38;ibm_marrakesh;58;True
2026-09-15 23:53:42;ibm_fez;122;True
2026-09-15 23:53:42;ibm_kingston;1;True
2026-09-15 23:53:42;ibm_marrakesh;60;True
2026-09-16 00:53:45;ibm_fez;126;True
2026-09-16 00:53:45;ibm_kingston;2;True
2026-09-16 00:53:45;ibm_marrakesh;82;True
2026-09-16 01:53:49;ibm_fez;129;True
2026-09-16 01:53:49;ibm_kingston;3;True
2026-09-16 01:53:49;ibm_marrakesh;82;True
2026-09-16 02:53:52;ibm_fez;132;True
2026-09-16 02:53:52;ibm_kingston;5;True
2026-09-16 02:53:52;ibm_marrakesh;67;True
2026-09-16 03:53:56;ibm_fez;132;True
2026-09-16 03:53:56;ibm_kingston;1;True
2026-09-16 03:53:56;ibm_marrakesh;8;True
2026-09-16 04:53:59;ibm_fez;135;True
2026-09-16 04:53:59;ibm_kingston;45;True
2026-09-16 04:53:59;ibm_marrakesh;35;True
2026-09-16 05:54:03;ibm_fez;136;True
2026-09-16 05:54:03;ibm_kingston;3;True
2026-09-16 05:54:03;ibm_marrakesh;29;True
2026-09-16 06:54:07;ibm_fez;47;True
2026-09-16 06:54:07;ibm_kingston;1;True
2026-09-16 06:54:07;ibm_marrakesh;4;True
2026-09-16 07:54:11;ibm_fez;3;True
2026-09-16 07:54:11;ibm_kingston;2;True
2026-09-16 07:54:11;ibm_marrakesh;11;True
2026-09-16 08:54:14;ibm_fez;0;True
2026-09-16 08:54:14;ibm_kingston;4;True
2026-09-16 08:54:14;ibm_marrakesh;7;True
2026-09-16 09:54:20;ibm_fez;0;True
2026-09-16 09:54:20;ibm_kingston;0;True
2026-09-16 09:54:20;ibm_marrakesh;7;True
2026-09-16 10:54:23;ibm_fez;0;True
2026-09-16 10:54:23;ibm_kingston;4;True
2026-09-16 10:54:23;ibm_marrakesh;0;True
2026-09-16 11:54:27;ibm_fez;16;True
2026-09-16 11:54:27;ibm_kingston;22;True
2026-09-16 11:54:27;ibm_marrakesh;0;True
2026-09-16 12:54:30;ibm_fez;110;True
2026-09-16 12:54:30;ibm_kingston;7;True
2026-09-16 12:54:30;ibm_marrakesh;1;True
2026-09-16 13:54:34;ibm_fez;236;True
2026-09-16 13:54:34;ibm_kingston;73;True
2026-09-16 13:54:34;ibm_marrakesh;2;True
2026-09-16 14:54:41;ibm_fez;244;True
2026-09-16 14:54:41;ibm_kingston;116;True
2026-09-16 14:54:41;ibm_marrakesh;11;True
2026-09-16 15:54:45;ibm_fez;172;True
2026-09-16 15:54:45;ibm_kingston;42;True
2026-09-16 15:54:45;ibm_marrakesh;33;True
2026-09-16 16:54:48;ibm_fez;123;True
2026-09-16 16:54:48;ibm_kingston;4;True
2026-09-16 16:54:48;ibm_marrakesh;1;True
2026-09-16 17:54:53;ibm_fez;126;True
2026-09-16 17:54:53;ibm_kingston;12;True
2026-09-16 17:54:53;ibm_marrakesh;1;True
2026-09-16 18:54:56;ibm_fez;66;True
2026-09-16 18:54:56;ibm_kingston;16;True
2026-09-16 18:54:56;ibm_marrakesh;1;True
2026-09-16 19:55:03;ibm_fez;204;True
2026-09-16 19:55:03;ibm_kingston;117;True
2026-09-16 19:55:03;ibm_marrakesh;0;True
2026-09-16 20:55:06;ibm_fez;205;True
2026-09-16 20:55:06;ibm_kingston;113;True
2026-09-16 20:55:06;ibm_marrakesh;10;True
2026-09-16 21:55:11;ibm_fez;201;True
2026-09-16 21:55:11;ibm_kingston;116;True
2026-09-16 21:55:11;ibm_marrakesh;1;True
2026-09-16 22:55:15;ibm_fez;105;True
2026-09-16 22:55:15;ibm_kingston;121;True
2026-09-16 22:55:15;ibm_marrakesh;4;True
2026-09-16 23:55:19;ibm_fez;0;True
2026-09-16 23:55:19;ibm_kingston;2;True
2026-09-16 23:55:19;ibm_marrakesh;0;True
2026-09-17 00:55:22;ibm_fez;2;True
2026-09-17 00:55:22;ibm_kingston;3;True
2026-09-17 00:55:22;ibm_marrakesh;0;True
2026-09-17 01:55:26;ibm_fez;1;True
2026-09-17 01:55:26;ibm_kingston;11;True
2026-09-17 01:55:26;ibm_marrakesh;2;True
2026-09-17 02:55:30;ibm_fez;1;True
2026-09-17 02:55:30;ibm_kingston;17;True
2026-09-17 02:55:30;ibm_marrakesh;2;True
2026-09-17 03:55:35;ibm_fez;0;True
2026-09-17 03:55:35;ibm_kingston;0;True
2026-09-17 03:55:35;ibm_marrakesh;1;True
2026-09-17 04:55:39;ibm_fez;51;True
2026-09-17 04:55:39;ibm_kingston;6;True
2026-09-17 04:55:39;ibm_marrakesh;26;True
2026-09-17 05:55:42;ibm_fez;21;True
2026-09-17 05:55:42;ibm_kingston;1;True
2026-09-17 05:55:42;ibm_marrakesh;0;True
2026-09-17 06:55:46;ibm_fez;3;True
2026-09-17 06:55:46;ibm_kingston;1;True
2026-09-17 06:55:46;ibm_marrakesh;0;True
2026-09-17 07:55:49;ibm_fez;0;True
2026-09-17 07:55:49;ibm_kingston;1;True
2026-09-17 07:55:49;ibm_marrakesh;0;True
2026-09-17 08:55:52;ibm_fez;1;True
2026-09-17 08:55:52;ibm_kingston;1;True
2026-09-17 08:55:52;ibm_marrakesh;0;True
2026-09-17 09:55:55;ibm_fez;4;True
2026-09-17 09:55:55;ibm_kingston;3;True
2026-09-17 09:55:55;ibm_marrakesh;0;True
2026-09-17 10:55:59;ibm_fez;15;True
2026-09-17 10:55:59;ibm_kingston;0;True
2026-09-17 10:55:59;ibm_marrakesh;0;True
2026-09-17 11:56:02;ibm_fez;60;True
2026-09-17 11:56:02;ibm_kingston;1;True
2026-09-17 11:56:02;ibm_marrakesh;2;True
2026-09-17 12:56:06;ibm_fez;63;True
2026-09-17 12:56:06;ibm_kingston;13;True
2026-09-17 12:56:06;ibm_marrakesh;3;True
2026-09-17 13:56:09;ibm_fez;67;True
2026-09-17 13:56:09;ibm_kingston;3;True
2026-09-17 13:56:09;ibm_marrakesh;1;True
2026-09-17 14:56:12;ibm_fez;70;True
2026-09-17 14:56:12;ibm_kingston;6;True
2026-09-17 14:56:12;ibm_marrakesh;0;True
2026-09-17 15:56:16;ibm_fez;89;True
2026-09-17 15:56:16;ibm_kingston;2;True
2026-09-17 15:56:16;ibm_marrakesh;0;True
2026-09-17 16:56:19;ibm_fez;83;True
2026-09-17 16:56:19;ibm_kingston;1;True
2026-09-17 16:56:19;ibm_marrakesh;0;True
2026-09-17 17:56:22;ibm_fez;95;True
2026-09-17 17:56:22;ibm_kingston;1;True
2026-09-17 17:56:22;ibm_marrakesh;2;True
2026-09-17 18:56:27;ibm_fez;97;True
2026-09-17 18:56:27;ibm_kingston;8;True
2026-09-17 18:56:27;ibm_marrakesh;1;True
2026-09-17 19:56:30;ibm_fez;98;True
2026-09-17 19:56:30;ibm_kingston;0;True
2026-09-17 19:56:30;ibm_marrakesh;0;True
2026-09-17 20:56:34;ibm_fez;97;True
2026-09-17 20:56:34;ibm_kingston;0;True
2026-09-17 20:56:34;ibm_marrakesh;1;True
2026-09-17 21:56:37;ibm_fez;98;True
2026-09-17 21:56:37;ibm_kingston;1;True
2026-09-17 21:56:37;ibm_marrakesh;0;True
2026-09-17 22:56:42;ibm_fez;95;True
2026-09-17 22:56:42;ibm_kingston;0;True
2026-09-17 22:56:42;ibm_marrakesh;0;True
2026-09-17 23:56:45;ibm_fez;105;True
2026-09-17 23:56:45;ibm_kingston;0;True
2026-09-17 23:56:45;ibm_marrakesh;0;True
2026-09-18 00:56:49;ibm_fez;106;True
2026-09-18 00:56:49;ibm_kingston;2;True
2026-09-18 00:56:49;ibm_marrakesh;3;True
2026-09-18 01:56:52;ibm_fez;112;True
2026-09-18 01:56:52;ibm_kingston;0;True
2026-09-18 01:56:52;ibm_marrakesh;2;True
2026-09-18 02:56:56;ibm_fez;99;True
2026-09-18 02:56:56;ibm_kingston;0;True
2026-09-18 02:56:56;ibm_marrakesh;0;True
2026-09-18 03:56:59;ibm_fez;0;True
2026-09-18 03:56:59;ibm_kingston;3;True
2026-09-18 03:56:59;ibm_marrakesh;23;True
2026-09-18 04:57:03;ibm_fez;65;True
2026-09-18 04:57:03;ibm_kingston;2;True
2026-09-18 04:57:03;ibm_marrakesh;1;True
2026-09-18 05:57:07;ibm_fez;64;True
2026-09-18 05:57:07;ibm_kingston;2;True
2026-09-18 05:57:07;ibm_marrakesh;1;True
2026-09-18 06:57:11;ibm_fez;2;True
2026-09-18 06:57:11;ibm_kingston;50;True
2026-09-18 06:57:11;ibm_marrakesh;7;True
2026-09-18 07:57:14;ibm_fez;0;True
2026-09-18 07:57:14;ibm_kingston;69;True
2026-09-18 07:57:14;ibm_marrakesh;8;True
2026-09-18 08:57:19;ibm_fez;2;True
2026-09-18 08:57:19;ibm_kingston;72;True
2026-09-18 08:57:19;ibm_marrakesh;7;True
