Timestamp;QPU_Name;Estado;Tareas_Normales_Cola;Trabajos_Hibridos_Cola
2026-04-30 07:39:40;Cepheus-1-108Q;ONLINE;1;0
2026-04-30 07:39:40;Garnet;ONLINE;0;0
2026-04-30 07:39:40;Forte 1;OFFLINE;8;0
2026-04-30 08:39:45;Cepheus-1-108Q;ONLINE;1;0
2026-04-30 08:39:45;Garnet;ONLINE;1;0
2026-04-30 08:39:45;Forte 1;OFFLINE;8;0
2026-04-30 09:39:51;Cepheus-1-108Q;ONLINE;0;0
2026-04-30 09:39:51;Garnet;ONLINE;0;0
2026-04-30 09:39:51;Forte 1;OFFLINE;8;0
2026-04-30 10:39:56;Cepheus-1-108Q;ONLINE;0;0
2026-04-30 10:39:56;Garnet;ONLINE;0;0
2026-04-30 10:39:56;Forte 1;OFFLINE;8;0
2026-04-30 11:40:02;Cepheus-1-108Q;ONLINE;0;0
2026-04-30 11:40:02;Garnet;ONLINE;0;0
2026-04-30 11:40:02;Forte 1;OFFLINE;8;0
2026-04-30 12:40:07;Cepheus-1-108Q;ONLINE;0;0
2026-04-30 12:40:07;Garnet;ONLINE;0;0
2026-04-30 12:40:07;Forte 1;OFFLINE;8;0
2026-04-30 13:40:13;Cepheus-1-108Q;ONLINE;0;0
2026-04-30 13:40:13;Garnet;ONLINE;0;0
2026-04-30 13:40:13;Forte 1;OFFLINE;8;0
2026-04-30 14:40:18;Cepheus-1-108Q;ONLINE;0;0
2026-04-30 14:40:18;Garnet;ONLINE;0;0
2026-04-30 14:40:18;Forte 1;OFFLINE;8;0
2026-04-30 15:40:23;Cepheus-1-108Q;ONLINE;0;0
2026-04-30 15:40:23;Garnet;ONLINE;0;0
2026-04-30 15:40:23;Forte 1;OFFLINE;8;0
2026-04-30 16:40:29;Cepheus-1-108Q;ONLINE;0;0
2026-04-30 16:40:29;Garnet;ONLINE;1;0
2026-04-30 16:40:29;Forte 1;OFFLINE;8;0
2026-04-30 17:40:35;Cepheus-1-108Q;ONLINE;0;0
2026-04-30 17:40:35;Garnet;ONLINE;0;0 (1 prioritized hybrid job running)
2026-04-30 17:40:35;Forte 1;OFFLINE;8;0
2026-04-30 18:40:41;Cepheus-1-108Q;ONLINE;0;0
2026-04-30 18:40:41;Garnet;ONLINE;0;0
2026-04-30 18:40:41;Forte 1;OFFLINE;8;0
2026-04-30 19:40:46;Cepheus-1-108Q;ONLINE;1;0
2026-04-30 19:40:46;Garnet;ONLINE;0;0
2026-04-30 19:40:46;Forte 1;OFFLINE;8;0
2026-04-30 20:40:51;Cepheus-1-108Q;ONLINE;1;0
2026-04-30 20:40:51;Garnet;ONLINE;0;0
2026-04-30 20:40:51;Forte 1;OFFLINE;8;0
2026-04-30 21:40:57;Cepheus-1-108Q;ONLINE;0;0
2026-04-30 21:40:57;Garnet;ONLINE;0;0
2026-04-30 21:40:57;Forte 1;OFFLINE;8;0
2026-04-30 22:41:02;Cepheus-1-108Q;ONLINE;0;0
2026-04-30 22:41:02;Garnet;ONLINE;0;0
2026-04-30 22:41:02;Forte 1;OFFLINE;8;0
2026-04-30 23:41:08;Cepheus-1-108Q;ONLINE;1;0
2026-04-30 23:41:08;Garnet;ONLINE;0;0
2026-04-30 23:41:08;Forte 1;OFFLINE;8;0
2026-05-01 00:41:13;Cepheus-1-108Q;ONLINE;0;0
2026-05-01 00:41:13;Garnet;ONLINE;0;0
2026-05-01 00:41:13;Forte 1;OFFLINE;8;0
2026-05-01 01:41:19;Cepheus-1-108Q;ONLINE;0;0
2026-05-01 01:41:19;Garnet;ONLINE;0;0
2026-05-01 01:41:19;Forte 1;OFFLINE;8;0
2026-05-01 02:41:24;Cepheus-1-108Q;ONLINE;0;0
2026-05-01 02:41:24;Garnet;ONLINE;1;0
2026-05-01 02:41:24;Forte 1;OFFLINE;8;0
2026-05-01 03:41:29;Cepheus-1-108Q;ONLINE;0;0
2026-05-01 03:41:29;Garnet;ONLINE;0;0
2026-05-01 03:41:29;Forte 1;OFFLINE;8;0
2026-05-01 04:41:35;Cepheus-1-108Q;ONLINE;1;0
2026-05-01 04:41:35;Garnet;ONLINE;0;0
2026-05-01 04:41:35;Forte 1;OFFLINE;8;0
2026-05-01 05:41:40;Cepheus-1-108Q;ONLINE;0;0
2026-05-01 05:41:40;Garnet;ONLINE;0;0
2026-05-01 05:41:40;Forte 1;OFFLINE;8;0
2026-05-01 06:41:46;Cepheus-1-108Q;ONLINE;0;0
2026-05-01 06:41:46;Garnet;ONLINE;0;0
2026-05-01 06:41:46;Forte 1;OFFLINE;8;0
2026-05-01 07:41:51;Cepheus-1-108Q;ONLINE;0;0
2026-05-01 07:41:51;Garnet;ONLINE;0;0
2026-05-01 07:41:51;Forte 1;OFFLINE;8;0
2026-05-01 08:41:56;Cepheus-1-108Q;ONLINE;1;0
2026-05-01 08:41:56;Garnet;ONLINE;0;0
2026-05-01 08:41:56;Forte 1;OFFLINE;8;0
2026-05-01 09:42:01;Cepheus-1-108Q;ONLINE;1;0
2026-05-01 09:42:01;Garnet;ONLINE;0;0
2026-05-01 09:42:01;Forte 1;OFFLINE;8;0
2026-05-01 10:42:07;Cepheus-1-108Q;ONLINE;1;0
2026-05-01 10:42:07;Garnet;ONLINE;0;0
2026-05-01 10:42:07;Forte 1;OFFLINE;8;0
2026-05-01 11:42:12;Cepheus-1-108Q;ONLINE;0;0
2026-05-01 11:42:12;Garnet;ONLINE;0;0
2026-05-01 11:42:12;Forte 1;OFFLINE;8;0
2026-05-01 12:42:17;Cepheus-1-108Q;ONLINE;0;0
2026-05-01 12:42:17;Garnet;ONLINE;0;0
2026-05-01 12:42:17;Forte 1;OFFLINE;8;0
2026-05-01 13:42:23;Cepheus-1-108Q;ONLINE;0;0
2026-05-01 13:42:23;Garnet;ONLINE;0;0
2026-05-01 13:42:23;Forte 1;OFFLINE;8;0
2026-05-01 14:42:29;Cepheus-1-108Q;ONLINE;1;0
2026-05-01 14:42:29;Garnet;ONLINE;0;0
2026-05-01 14:42:29;Forte 1;OFFLINE;8;0
2026-05-01 15:42:34;Cepheus-1-108Q;ONLINE;0;0
2026-05-01 15:42:34;Garnet;ONLINE;6;0
2026-05-01 15:42:34;Forte 1;OFFLINE;8;0
2026-05-01 16:42:40;Cepheus-1-108Q;ONLINE;0;0
2026-05-01 16:42:40;Garnet;ONLINE;6;0
2026-05-01 16:42:40;Forte 1;ONLINE;8;0
2026-05-01 17:42:45;Cepheus-1-108Q;ONLINE;1;0
2026-05-01 17:42:45;Garnet;ONLINE;0;0
2026-05-01 17:42:45;Forte 1;ONLINE;0;1
2026-05-01 18:42:50;Cepheus-1-108Q;ONLINE;1;0
2026-05-01 18:42:50;Garnet;ONLINE;0;0
2026-05-01 18:42:50;Forte 1;ONLINE;2;0
2026-05-01 19:42:55;Cepheus-1-108Q;ONLINE;1;0
2026-05-01 19:42:55;Garnet;ONLINE;0;0
2026-05-01 19:42:55;Forte 1;ONLINE;0;0
2026-05-01 20:43:01;Cepheus-1-108Q;ONLINE;1;0
2026-05-01 20:43:01;Garnet;ONLINE;0;0
2026-05-01 20:43:01;Forte 1;ONLINE;0;0 (1 prioritized hybrid job running)
2026-05-01 21:43:06;Cepheus-1-108Q;ONLINE;1;0
2026-05-01 21:43:06;Garnet;ONLINE;0;0
2026-05-01 21:43:06;Forte 1;ONLINE;0;0 (1 prioritized hybrid job running)
2026-05-01 22:43:12;Cepheus-1-108Q;ONLINE;0;0
2026-05-01 22:43:12;Garnet;ONLINE;0;0
2026-05-01 22:43:12;Forte 1;ONLINE;0;0
2026-05-01 23:43:17;Cepheus-1-108Q;ONLINE;0;0
2026-05-01 23:43:17;Garnet;ONLINE;0;0
2026-05-01 23:43:17;Forte 1;ONLINE;0;0
2026-05-02 00:43:23;Cepheus-1-108Q;ONLINE;1;0
2026-05-02 00:43:23;Garnet;ONLINE;1;0
2026-05-02 00:43:23;Forte 1;ONLINE;0;0
2026-05-02 01:43:28;Cepheus-1-108Q;ONLINE;2;0
2026-05-02 01:43:28;Garnet;ONLINE;1;0
2026-05-02 01:43:28;Forte 1;ONLINE;0;0
2026-05-02 02:43:34;Cepheus-1-108Q;ONLINE;0;0
2026-05-02 02:43:34;Garnet;ONLINE;1;0
2026-05-02 02:43:34;Forte 1;ONLINE;0;0
2026-05-02 03:43:39;Cepheus-1-108Q;ONLINE;0;0
2026-05-02 03:43:39;Garnet;ONLINE;1;0
2026-05-02 03:43:39;Forte 1;ONLINE;0;0
2026-05-02 04:43:44;Cepheus-1-108Q;ONLINE;1;0
2026-05-02 04:43:44;Garnet;ONLINE;1;0
2026-05-02 04:43:44;Forte 1;ONLINE;0;0
2026-05-02 05:43:49;Cepheus-1-108Q;ONLINE;0;0
2026-05-02 05:43:49;Garnet;ONLINE;1;0
2026-05-02 05:43:49;Forte 1;ONLINE;0;0
2026-05-02 06:43:54;Cepheus-1-108Q;ONLINE;0;0
2026-05-02 06:43:54;Garnet;ONLINE;1;0
2026-05-02 06:43:54;Forte 1;ONLINE;0;0
2026-05-02 07:44:00;Cepheus-1-108Q;ONLINE;1;0
2026-05-02 07:44:00;Garnet;ONLINE;1;0
2026-05-02 07:44:00;Forte 1;ONLINE;0;0
2026-05-02 08:44:05;Cepheus-1-108Q;ONLINE;1;0
2026-05-02 08:44:05;Garnet;ONLINE;1;0
2026-05-02 08:44:05;Forte 1;ONLINE;0;0
2026-05-02 09:44:11;Cepheus-1-108Q;ONLINE;1;0
2026-05-02 09:44:11;Garnet;ONLINE;1;0
2026-05-02 09:44:11;Forte 1;ONLINE;0;0
2026-05-02 10:44:16;Cepheus-1-108Q;ONLINE;0;0
2026-05-02 10:44:16;Garnet;ONLINE;1;0
2026-05-02 10:44:16;Forte 1;ONLINE;0;0
2026-05-02 11:44:22;Cepheus-1-108Q;ONLINE;0;0
2026-05-02 11:44:22;Garnet;ONLINE;1;0
2026-05-02 11:44:22;Forte 1;ONLINE;0;0
2026-05-02 12:44:27;Cepheus-1-108Q;ONLINE;0;0
2026-05-02 12:44:27;Garnet;ONLINE;1;0
2026-05-02 12:44:27;Forte 1;ONLINE;0;0
2026-05-02 13:44:33;Cepheus-1-108Q;ONLINE;0;0
2026-05-02 13:44:33;Garnet;ONLINE;1;0
2026-05-02 13:44:33;Forte 1;ONLINE;0;0
2026-05-02 14:44:39;Cepheus-1-108Q;ONLINE;0;0
2026-05-02 14:44:39;Garnet;ONLINE;1;0
2026-05-02 14:44:39;Forte 1;ONLINE;0;0
2026-05-02 15:44:44;Cepheus-1-108Q;ONLINE;0;0
2026-05-02 15:44:44;Garnet;ONLINE;3;0
2026-05-02 15:44:44;Forte 1;ONLINE;0;0
2026-05-02 16:44:50;Cepheus-1-108Q;ONLINE;0;0
2026-05-02 16:44:50;Garnet;ONLINE;3;0
2026-05-02 16:44:50;Forte 1;ONLINE;0;0
2026-05-02 17:44:55;Cepheus-1-108Q;ONLINE;0;0
2026-05-02 17:44:55;Garnet;ONLINE;3;0
2026-05-02 17:44:55;Forte 1;ONLINE;0;0
2026-05-02 18:45:00;Cepheus-1-108Q;ONLINE;0;0
2026-05-02 18:45:00;Garnet;ONLINE;3;0
2026-05-02 18:45:00;Forte 1;ONLINE;0;0
2026-05-02 19:45:05;Cepheus-1-108Q;ONLINE;1;0
2026-05-02 19:45:05;Garnet;ONLINE;3;0
2026-05-02 19:45:05;Forte 1;ONLINE;0;0
2026-05-02 20:45:11;Cepheus-1-108Q;ONLINE;1;0
2026-05-02 20:45:11;Garnet;ONLINE;3;0
2026-05-02 20:45:11;Forte 1;ONLINE;0;0
2026-05-02 21:45:16;Cepheus-1-108Q;ONLINE;0;0
2026-05-02 21:45:16;Garnet;ONLINE;3;0
2026-05-02 21:45:16;Forte 1;ONLINE;0;0
2026-05-02 22:45:22;Cepheus-1-108Q;ONLINE;0;0
2026-05-02 22:45:22;Garnet;ONLINE;3;0
2026-05-02 22:45:22;Forte 1;ONLINE;0;0
2026-05-02 23:45:27;Cepheus-1-108Q;ONLINE;1;0
2026-05-02 23:45:27;Garnet;ONLINE;4;0
2026-05-02 23:45:27;Forte 1;ONLINE;0;0
2026-05-03 00:45:33;Cepheus-1-108Q;ONLINE;1;0
2026-05-03 00:45:33;Garnet;ONLINE;4;0
2026-05-03 00:45:33;Forte 1;ONLINE;1;0
2026-05-03 01:45:38;Cepheus-1-108Q;ONLINE;0;0
2026-05-03 01:45:38;Garnet;ONLINE;4;0
2026-05-03 01:45:38;Forte 1;ONLINE;0;0
2026-05-03 02:45:44;Cepheus-1-108Q;ONLINE;0;0
2026-05-03 02:45:44;Garnet;ONLINE;4;0
2026-05-03 02:45:44;Forte 1;ONLINE;0;0
2026-05-03 03:45:49;Cepheus-1-108Q;ONLINE;0;0
2026-05-03 03:45:49;Garnet;ONLINE;4;0
2026-05-03 03:45:49;Forte 1;ONLINE;0;0
2026-05-03 04:45:54;Cepheus-1-108Q;ONLINE;0;0
2026-05-03 04:45:54;Garnet;ONLINE;4;0
2026-05-03 04:45:54;Forte 1;ONLINE;0;0
2026-05-03 05:46:00;Cepheus-1-108Q;ONLINE;0;0
2026-05-03 05:46:00;Garnet;ONLINE;4;0
2026-05-03 05:46:00;Forte 1;ONLINE;0;0
2026-05-03 06:46:05;Cepheus-1-108Q;ONLINE;0;0
2026-05-03 06:46:05;Garnet;ONLINE;4;0
2026-05-03 06:46:05;Forte 1;ONLINE;0;0
2026-05-03 07:46:10;Cepheus-1-108Q;ONLINE;1;0
2026-05-03 07:46:10;Garnet;ONLINE;4;0
2026-05-03 07:46:10;Forte 1;ONLINE;0;0
2026-05-03 08:46:15;Cepheus-1-108Q;ONLINE;2;0
2026-05-03 08:46:15;Garnet;ONLINE;4;0
2026-05-03 08:46:15;Forte 1;ONLINE;0;0
2026-05-03 09:46:20;Cepheus-1-108Q;ONLINE;0;0
2026-05-03 09:46:20;Garnet;ONLINE;4;0
2026-05-03 09:46:20;Forte 1;ONLINE;1;0
2026-05-03 10:46:25;Cepheus-1-108Q;ONLINE;0;0
2026-05-03 10:46:25;Garnet;ONLINE;4;0
2026-05-03 10:46:25;Forte 1;ONLINE;0;0
2026-05-03 11:46:31;Cepheus-1-108Q;ONLINE;0;0
2026-05-03 11:46:31;Garnet;ONLINE;8;0
2026-05-03 11:46:31;Forte 1;ONLINE;8;0
2026-05-03 12:46:35;Cepheus-1-108Q;ONLINE;0;0
2026-05-03 12:46:35;Garnet;ONLINE;8;0
2026-05-03 12:46:35;Forte 1;ONLINE;8;0
2026-05-03 13:46:41;Cepheus-1-108Q;ONLINE;0;0
2026-05-03 13:46:41;Garnet;ONLINE;8;0
2026-05-03 13:46:41;Forte 1;ONLINE;0;0
2026-05-03 14:46:46;Cepheus-1-108Q;ONLINE;1;0
2026-05-03 14:46:46;Garnet;ONLINE;8;0
2026-05-03 14:46:46;Forte 1;ONLINE;0;0
2026-05-03 15:46:52;Cepheus-1-108Q;ONLINE;0;0
2026-05-03 15:46:52;Garnet;ONLINE;8;0
2026-05-03 15:46:52;Forte 1;ONLINE;0;0
2026-05-03 16:46:57;Cepheus-1-108Q;ONLINE;0;0
2026-05-03 16:46:57;Garnet;ONLINE;9;0
2026-05-03 16:46:57;Forte 1;ONLINE;0;0
2026-05-03 17:47:03;Cepheus-1-108Q;ONLINE;0;0
2026-05-03 17:47:03;Garnet;ONLINE;9;0
2026-05-03 17:47:03;Forte 1;ONLINE;0;0
2026-05-03 18:47:08;Cepheus-1-108Q;ONLINE;0;0
2026-05-03 18:47:08;Garnet;ONLINE;9;0
2026-05-03 18:47:08;Forte 1;ONLINE;0;0
2026-05-03 19:47:14;Cepheus-1-108Q;ONLINE;1;0
2026-05-03 19:47:14;Garnet;ONLINE;9;0
2026-05-03 19:47:14;Forte 1;ONLINE;0;0
2026-05-03 20:47:19;Cepheus-1-108Q;ONLINE;1;0
2026-05-03 20:47:19;Garnet;ONLINE;9;0
2026-05-03 20:47:19;Forte 1;ONLINE;0;0
2026-05-03 21:47:25;Cepheus-1-108Q;ONLINE;0;0
2026-05-03 21:47:25;Garnet;ONLINE;9;0
2026-05-03 21:47:25;Forte 1;ONLINE;0;0
2026-05-03 22:47:31;Cepheus-1-108Q;ONLINE;0;0
2026-05-03 22:47:31;Garnet;ONLINE;9;0
2026-05-03 22:47:31;Forte 1;ONLINE;0;0
2026-05-03 23:47:36;Cepheus-1-108Q;ONLINE;0;0
2026-05-03 23:47:36;Garnet;ONLINE;9;0
2026-05-03 23:47:36;Forte 1;ONLINE;0;0
2026-05-04 00:47:41;Cepheus-1-108Q;ONLINE;0;0
2026-05-04 00:47:41;Garnet;ONLINE;0;0
2026-05-04 00:47:41;Forte 1;ONLINE;0;0
2026-05-04 01:47:47;Cepheus-1-108Q;ONLINE;0;0
2026-05-04 01:47:47;Garnet;ONLINE;1;0
2026-05-04 01:47:47;Forte 1;ONLINE;0;0
2026-05-04 02:47:52;Cepheus-1-108Q;ONLINE;1;0
2026-05-04 02:47:52;Garnet;ONLINE;1;0
2026-05-04 02:47:52;Forte 1;ONLINE;0;0
2026-05-04 03:47:57;Cepheus-1-108Q;ONLINE;0;0
2026-05-04 03:47:57;Garnet;ONLINE;0;0
2026-05-04 03:47:57;Forte 1;ONLINE;0;0
2026-05-04 04:48:03;Cepheus-1-108Q;ONLINE;0;0
2026-05-04 04:48:03;Garnet;ONLINE;0;0
2026-05-04 04:48:03;Forte 1;ONLINE;0;0 (1 prioritized hybrid job running)
2026-05-04 05:48:08;Cepheus-1-108Q;ONLINE;0;0
2026-05-04 05:48:08;Garnet;ONLINE;0;0
2026-05-04 05:48:08;Forte 1;ONLINE;1;0 (1 prioritized hybrid job running)
2026-05-04 06:48:14;Cepheus-1-108Q;ONLINE;0;0
2026-05-04 06:48:14;Garnet;ONLINE;0;0
2026-05-04 06:48:14;Forte 1;ONLINE;1;0 (1 prioritized hybrid job running)
2026-05-04 07:48:19;Cepheus-1-108Q;ONLINE;1;0
2026-05-04 07:48:19;Garnet;ONLINE;0;0
2026-05-04 07:48:19;Forte 1;ONLINE;0;0
2026-05-04 08:48:24;Cepheus-1-108Q;ONLINE;1;0
2026-05-04 08:48:24;Garnet;ONLINE;0;0
2026-05-04 08:48:24;Forte 1;ONLINE;0;0
2026-05-04 09:48:30;Cepheus-1-108Q;ONLINE;0;0
2026-05-04 09:48:30;Garnet;ONLINE;1;0
2026-05-04 09:48:30;Forte 1;ONLINE;0;0
2026-05-04 10:48:35;Cepheus-1-108Q;ONLINE;0;0
2026-05-04 10:48:35;Garnet;ONLINE;1;0
2026-05-04 10:48:35;Forte 1;ONLINE;0;0
2026-05-04 11:48:41;Cepheus-1-108Q;ONLINE;0;0
2026-05-04 11:48:41;Garnet;ONLINE;1;0
2026-05-04 11:48:41;Forte 1;ONLINE;0;0
2026-05-04 12:48:46;Cepheus-1-108Q;ONLINE;0;0
2026-05-04 12:48:46;Garnet;ONLINE;0;0
2026-05-04 12:48:46;Forte 1;ONLINE;0;0
2026-05-04 13:48:52;Cepheus-1-108Q;ONLINE;0;0
2026-05-04 13:48:52;Garnet;ONLINE;0;0
2026-05-04 13:48:52;Forte 1;ONLINE;0;0
2026-05-04 14:48:57;Cepheus-1-108Q;ONLINE;0;0
2026-05-04 14:48:57;Garnet;ONLINE;0;0
2026-05-04 14:48:57;Forte 1;ONLINE;0;0 (1 prioritized hybrid job running)
2026-05-04 15:49:03;Cepheus-1-108Q;ONLINE;0;0
2026-05-04 15:49:03;Garnet;ONLINE;6;0
2026-05-04 15:49:03;Forte 1;ONLINE;0;0
2026-05-04 16:49:08;Cepheus-1-108Q;ONLINE;0;0
2026-05-04 16:49:08;Garnet;ONLINE;6;0
2026-05-04 16:49:08;Forte 1;ONLINE;0;0
2026-05-04 17:49:14;Cepheus-1-108Q;ONLINE;0;0
2026-05-04 17:49:14;Garnet;ONLINE;0;0
2026-05-04 17:49:14;Forte 1;ONLINE;0;0
2026-05-04 18:49:19;Cepheus-1-108Q;ONLINE;0;0
2026-05-04 18:49:19;Garnet;ONLINE;0;0
2026-05-04 18:49:19;Forte 1;ONLINE;0;0
2026-05-04 19:49:24;Cepheus-1-108Q;ONLINE;0;0
2026-05-04 19:49:24;Garnet;ONLINE;0;0
2026-05-04 19:49:24;Forte 1;ONLINE;0;0 (1 prioritized hybrid job running)
2026-05-04 20:49:30;Cepheus-1-108Q;ONLINE;0;0
2026-05-04 20:49:30;Garnet;ONLINE;0;0
2026-05-04 20:49:30;Forte 1;ONLINE;0;0 (1 prioritized hybrid job running)
2026-05-04 21:49:35;Cepheus-1-108Q;ONLINE;1;0
2026-05-04 21:49:35;Garnet;ONLINE;0;0
2026-05-04 21:49:35;Forte 1;ONLINE;0;0
2026-05-04 22:49:40;Cepheus-1-108Q;ONLINE;0;0
2026-05-04 22:49:40;Garnet;ONLINE;0;0
2026-05-04 22:49:40;Forte 1;ONLINE;0;0 (1 prioritized hybrid job running)
2026-05-04 23:49:46;Cepheus-1-108Q;ONLINE;0;0
2026-05-04 23:49:46;Garnet;ONLINE;0;0
2026-05-04 23:49:46;Forte 1;ONLINE;1;1
2026-05-05 00:49:51;Cepheus-1-108Q;ONLINE;1;0
2026-05-05 00:49:51;Garnet;ONLINE;0;0
2026-05-05 00:49:51;Forte 1;ONLINE;1;1
2026-05-05 01:49:56;Cepheus-1-108Q;ONLINE;0;0
2026-05-05 01:49:56;Garnet;ONLINE;1;0
2026-05-05 01:49:56;Forte 1;ONLINE;1;0
2026-05-05 02:50:02;Cepheus-1-108Q;ONLINE;0;0
2026-05-05 02:50:02;Garnet;ONLINE;1;0
2026-05-05 02:50:02;Forte 1;ONLINE;1;0
2026-05-05 03:50:07;Cepheus-1-108Q;ONLINE;0;0
2026-05-05 03:50:07;Garnet;ONLINE;0;0
2026-05-05 03:50:07;Forte 1;ONLINE;1;0
2026-05-05 04:50:13;Cepheus-1-108Q;ONLINE;0;0
2026-05-05 04:50:13;Garnet;ONLINE;0;0
2026-05-05 04:50:13;Forte 1;ONLINE;0;0
2026-05-05 05:50:18;Cepheus-1-108Q;ONLINE;0;0
2026-05-05 05:50:18;Garnet;ONLINE;0;0
2026-05-05 05:50:18;Forte 1;ONLINE;0;0
2026-05-05 06:50:23;Cepheus-1-108Q;ONLINE;0;0
2026-05-05 06:50:23;Garnet;ONLINE;0;0
2026-05-05 06:50:23;Forte 1;ONLINE;0;0
2026-05-05 07:50:29;Cepheus-1-108Q;ONLINE;1;0
2026-05-05 07:50:29;Garnet;ONLINE;0;0
2026-05-05 07:50:29;Forte 1;ONLINE;0;0
2026-05-05 08:50:34;Cepheus-1-108Q;ONLINE;1;0
2026-05-05 08:50:34;Garnet;ONLINE;0;0
2026-05-05 08:50:34;Forte 1;ONLINE;0;0
2026-05-05 09:50:40;Cepheus-1-108Q;ONLINE;0;0
2026-05-05 09:50:40;Garnet;ONLINE;0;0
2026-05-05 09:50:40;Forte 1;ONLINE;0;0
2026-05-05 10:50:45;Cepheus-1-108Q;ONLINE;0;0
2026-05-05 10:50:45;Garnet;ONLINE;0;0
2026-05-05 10:50:45;Forte 1;ONLINE;0;0
2026-05-05 11:50:50;Cepheus-1-108Q;ONLINE;0;0
2026-05-05 11:50:50;Garnet;ONLINE;0;0
2026-05-05 11:50:50;Forte 1;ONLINE;0;0
2026-05-05 12:50:56;Cepheus-1-108Q;ONLINE;0;0
2026-05-05 12:50:56;Garnet;ONLINE;0;0
2026-05-05 12:50:56;Forte 1;ONLINE;0;0 (1 prioritized hybrid job running)
2026-05-05 13:51:01;Cepheus-1-108Q;ONLINE;0;0
2026-05-05 13:51:01;Garnet;ONLINE;0;0
2026-05-05 13:51:01;Forte 1;ONLINE;0;0 (1 prioritized hybrid job running)
2026-05-05 14:51:07;Cepheus-1-108Q;ONLINE;0;0
2026-05-05 14:51:07;Garnet;ONLINE;0;0
2026-05-05 14:51:07;Forte 1;ONLINE;1;0 (1 prioritized hybrid job running)
2026-05-05 15:51:12;Cepheus-1-108Q;ONLINE;0;0
2026-05-05 15:51:12;Garnet;ONLINE;6;0
2026-05-05 15:51:12;Forte 1;ONLINE;1;0
2026-05-05 16:51:18;Cepheus-1-108Q;ONLINE;0;0
2026-05-05 16:51:18;Garnet;ONLINE;7;0
2026-05-05 16:51:18;Forte 1;ONLINE;1;0
2026-05-05 17:51:23;Cepheus-1-108Q;ONLINE;1;0
2026-05-05 17:51:23;Garnet;ONLINE;0;0
2026-05-05 17:51:23;Forte 1;ONLINE;1;0
2026-05-05 18:51:28;Cepheus-1-108Q;ONLINE;0;0
2026-05-05 18:51:28;Garnet;ONLINE;0;0
2026-05-05 18:51:28;Forte 1;ONLINE;115;0
2026-05-05 19:51:34;Cepheus-1-108Q;ONLINE;1;0
2026-05-05 19:51:34;Garnet;ONLINE;0;0
2026-05-05 19:51:34;Forte 1;ONLINE;1;0
2026-05-05 20:51:39;Cepheus-1-108Q;ONLINE;1;0
2026-05-05 20:51:39;Garnet;ONLINE;0;0
2026-05-05 20:51:39;Forte 1;ONLINE;2;0
2026-05-05 21:51:45;Cepheus-1-108Q;ONLINE;0;0
2026-05-05 21:51:45;Garnet;ONLINE;0;0
2026-05-05 21:51:45;Forte 1;ONLINE;2;0
2026-05-05 22:51:50;Cepheus-1-108Q;ONLINE;1;0
2026-05-05 22:51:50;Garnet;ONLINE;0;0
2026-05-05 22:51:50;Forte 1;ONLINE;2;0
2026-05-05 23:51:56;Cepheus-1-108Q;ONLINE;0;0
2026-05-05 23:51:56;Garnet;ONLINE;0;0
2026-05-05 23:51:56;Forte 1;ONLINE;0;0
2026-05-06 00:52:01;Cepheus-1-108Q;ONLINE;1;0
2026-05-06 00:52:01;Garnet;ONLINE;0;0
2026-05-06 00:52:01;Forte 1;ONLINE;0;0
2026-05-06 01:52:06;Cepheus-1-108Q;ONLINE;0;0
2026-05-06 01:52:06;Garnet;ONLINE;1;0
2026-05-06 01:52:06;Forte 1;ONLINE;1;0
2026-05-06 02:52:11;Cepheus-1-108Q;ONLINE;1;0
2026-05-06 02:52:11;Garnet;ONLINE;1;0
2026-05-06 02:52:11;Forte 1;ONLINE;0;0
2026-05-06 03:52:16;Cepheus-1-108Q;ONLINE;0;0
2026-05-06 03:52:16;Garnet;ONLINE;0;0
2026-05-06 03:52:16;Forte 1;ONLINE;0;0
2026-05-06 04:52:21;Cepheus-1-108Q;ONLINE;1;0
2026-05-06 04:52:21;Garnet;ONLINE;0;0
2026-05-06 04:52:21;Forte 1;ONLINE;0;0
2026-05-06 05:52:27;Cepheus-1-108Q;ONLINE;2;0
2026-05-06 05:52:27;Garnet;ONLINE;0;0
2026-05-06 05:52:27;Forte 1;ONLINE;0;0
2026-05-06 06:52:32;Cepheus-1-108Q;ONLINE;0;0
2026-05-06 06:52:32;Garnet;ONLINE;0;0
2026-05-06 06:52:32;Forte 1;ONLINE;0;0
2026-05-06 07:52:37;Cepheus-1-108Q;ONLINE;0;0
2026-05-06 07:52:37;Garnet;ONLINE;0;0
2026-05-06 07:52:37;Forte 1;ONLINE;0;0
2026-05-06 08:52:42;Cepheus-1-108Q;ONLINE;0;0
2026-05-06 08:52:42;Garnet;ONLINE;0;0
2026-05-06 08:52:42;Forte 1;ONLINE;0;0
2026-05-06 09:52:47;Cepheus-1-108Q;ONLINE;0;0
2026-05-06 09:52:47;Garnet;ONLINE;0;0
2026-05-06 09:52:47;Forte 1;ONLINE;0;0
2026-05-06 10:52:52;Cepheus-1-108Q;ONLINE;1;0
2026-05-06 10:52:52;Garnet;ONLINE;0;0
2026-05-06 10:52:52;Forte 1;ONLINE;0;0
2026-05-06 11:52:57;Cepheus-1-108Q;ONLINE;0;0
2026-05-06 11:52:57;Garnet;ONLINE;0;0
2026-05-06 11:52:57;Forte 1;ONLINE;0;0
2026-05-06 12:53:02;Cepheus-1-108Q;ONLINE;0;0
2026-05-06 12:53:02;Garnet;ONLINE;0;0
2026-05-06 12:53:02;Forte 1;ONLINE;0;0
2026-05-06 13:53:07;Cepheus-1-108Q;ONLINE;0;0
2026-05-06 13:53:07;Garnet;ONLINE;0;0
2026-05-06 13:53:07;Forte 1;ONLINE;0;0
2026-05-06 14:53:13;Cepheus-1-108Q;ONLINE;0;0
2026-05-06 14:53:13;Garnet;ONLINE;0;0
2026-05-06 14:53:13;Forte 1;ONLINE;0;0
2026-05-06 15:53:18;Cepheus-1-108Q;ONLINE;1;0
2026-05-06 15:53:18;Garnet;ONLINE;6;0
2026-05-06 15:53:18;Forte 1;ONLINE;0;0
2026-05-06 16:53:23;Cepheus-1-108Q;ONLINE;0;0
2026-05-06 16:53:23;Garnet;ONLINE;6;0
2026-05-06 16:53:23;Forte 1;ONLINE;1;0 (1 prioritized hybrid job running)
2026-05-06 17:53:29;Cepheus-1-108Q;ONLINE;1;0
2026-05-06 17:53:29;Garnet;ONLINE;0;0
2026-05-06 17:53:29;Forte 1;ONLINE;0;0 (1 prioritized hybrid job running)
2026-05-06 18:53:34;Cepheus-1-108Q;ONLINE;0;0
2026-05-06 18:53:34;Garnet;ONLINE;0;0
2026-05-06 18:53:34;Forte 1;ONLINE;0;0 (1 prioritized hybrid job running)
2026-05-06 19:53:39;Cepheus-1-108Q;ONLINE;1;0
2026-05-06 19:53:39;Garnet;ONLINE;0;0
2026-05-06 19:53:39;Forte 1;ONLINE;0;1
2026-05-06 20:53:45;Cepheus-1-108Q;ONLINE;2;0
2026-05-06 20:53:45;Garnet;ONLINE;0;0
2026-05-06 20:53:45;Forte 1;ONLINE;0;1
2026-05-06 21:53:50;Cepheus-1-108Q;ONLINE;0;0
2026-05-06 21:53:50;Garnet;ONLINE;0;0 (1 prioritized hybrid job running)
2026-05-06 21:53:50;Forte 1;ONLINE;0;0 (1 prioritized hybrid job running)
2026-05-06 22:53:55;Cepheus-1-108Q;ONLINE;0;0
2026-05-06 22:53:55;Garnet;ONLINE;0;0
2026-05-06 22:53:55;Forte 1;ONLINE;0;0 (1 prioritized hybrid job running)
2026-05-06 23:54:01;Cepheus-1-108Q;ONLINE;0;0
2026-05-06 23:54:01;Garnet;ONLINE;0;0
2026-05-06 23:54:01;Forte 1;ONLINE;0;0
2026-05-07 00:54:07;Cepheus-1-108Q;ONLINE;0;0
2026-05-07 00:54:07;Garnet;ONLINE;0;0
2026-05-07 00:54:07;Forte 1;ONLINE;0;0
2026-05-07 01:54:12;Cepheus-1-108Q;ONLINE;0;0
2026-05-07 01:54:12;Garnet;ONLINE;1;0
2026-05-07 01:54:12;Forte 1;ONLINE;0;0
2026-05-07 02:54:17;Cepheus-1-108Q;ONLINE;0;0
2026-05-07 02:54:17;Garnet;ONLINE;1;0
2026-05-07 02:54:17;Forte 1;ONLINE;0;0
2026-05-07 03:54:22;Cepheus-1-108Q;ONLINE;0;0
2026-05-07 03:54:22;Garnet;ONLINE;0;0
2026-05-07 03:54:22;Forte 1;ONLINE;0;0
2026-05-07 04:54:27;Cepheus-1-108Q;ONLINE;0;0
2026-05-07 04:54:27;Garnet;ONLINE;0;0
2026-05-07 04:54:27;Forte 1;ONLINE;0;0
2026-05-07 05:54:32;Cepheus-1-108Q;ONLINE;0;0
2026-05-07 05:54:32;Garnet;ONLINE;0;0
2026-05-07 05:54:32;Forte 1;ONLINE;1;0
2026-05-07 06:54:38;Cepheus-1-108Q;ONLINE;0;0
2026-05-07 06:54:38;Garnet;ONLINE;0;0
2026-05-07 06:54:38;Forte 1;ONLINE;0;0
2026-05-07 07:54:43;Cepheus-1-108Q;ONLINE;2;0
2026-05-07 07:54:43;Garnet;ONLINE;0;0
2026-05-07 07:54:43;Forte 1;ONLINE;0;0
2026-05-07 08:54:48;Cepheus-1-108Q;ONLINE;2;0
2026-05-07 08:54:48;Garnet;ONLINE;0;0
2026-05-07 08:54:48;Forte 1;ONLINE;0;0
2026-05-07 09:54:53;Cepheus-1-108Q;ONLINE;0;0
2026-05-07 09:54:53;Garnet;ONLINE;0;0
2026-05-07 09:54:53;Forte 1;ONLINE;0;0
2026-05-07 10:54:59;Cepheus-1-108Q;ONLINE;0;0
2026-05-07 10:54:59;Garnet;ONLINE;7;0
2026-05-07 10:54:59;Forte 1;ONLINE;0;0
2026-05-07 11:55:04;Cepheus-1-108Q;ONLINE;0;0
2026-05-07 11:55:04;Garnet;ONLINE;8;0
2026-05-07 11:55:04;Forte 1;ONLINE;0;0
2026-05-07 12:55:09;Cepheus-1-108Q;ONLINE;0;0
2026-05-07 12:55:09;Garnet;ONLINE;8;0
2026-05-07 12:55:09;Forte 1;ONLINE;4;0
2026-05-07 13:55:15;Cepheus-1-108Q;ONLINE;0;0
2026-05-07 13:55:15;Garnet;ONLINE;15;0
2026-05-07 13:55:15;Forte 1;ONLINE;0;0
2026-05-07 14:55:20;Cepheus-1-108Q;ONLINE;1;0
2026-05-07 14:55:20;Garnet;ONLINE;1;0
2026-05-07 14:55:20;Forte 1;ONLINE;0;0
2026-05-07 15:55:25;Cepheus-1-108Q;ONLINE;0;0
2026-05-07 15:55:25;Garnet;ONLINE;10;0
2026-05-07 15:55:25;Forte 1;ONLINE;4;0
2026-05-07 16:55:30;Cepheus-1-108Q;ONLINE;0;0
2026-05-07 16:55:30;Garnet;ONLINE;11;0
2026-05-07 16:55:30;Forte 1;ONLINE;0;0
2026-05-07 17:55:35;Cepheus-1-108Q;ONLINE;0;0
2026-05-07 17:55:35;Garnet;ONLINE;0;0
2026-05-07 17:55:35;Forte 1;ONLINE;0;0
2026-05-07 18:55:39;Cepheus-1-108Q;ONLINE;0;0
2026-05-07 18:55:39;Garnet;ONLINE;0;0
2026-05-07 18:55:39;Forte 1;ONLINE;0;0
2026-05-07 19:55:45;Cepheus-1-108Q;ONLINE;5;0
2026-05-07 19:55:45;Garnet;ONLINE;0;0
2026-05-07 19:55:45;Forte 1;ONLINE;0;0
2026-05-07 20:55:50;Cepheus-1-108Q;ONLINE;18;0
2026-05-07 20:55:50;Garnet;ONLINE;0;0
2026-05-07 20:55:50;Forte 1;ONLINE;0;0
2026-05-07 21:55:55;Cepheus-1-108Q;ONLINE;0;0
2026-05-07 21:55:55;Garnet;ONLINE;0;0
2026-05-07 21:55:55;Forte 1;ONLINE;0;0
2026-05-07 22:56:01;Cepheus-1-108Q;ONLINE;0;0
2026-05-07 22:56:01;Garnet;ONLINE;0;0
2026-05-07 22:56:01;Forte 1;ONLINE;0;0
2026-05-07 23:56:07;Cepheus-1-108Q;ONLINE;0;0
2026-05-07 23:56:07;Garnet;ONLINE;0;0
2026-05-07 23:56:07;Forte 1;ONLINE;0;0
2026-05-08 00:56:12;Cepheus-1-108Q;ONLINE;0;0
2026-05-08 00:56:12;Garnet;ONLINE;0;0
2026-05-08 00:56:12;Forte 1;ONLINE;0;0
2026-05-08 01:56:17;Cepheus-1-108Q;ONLINE;0;0
2026-05-08 01:56:17;Garnet;ONLINE;1;0
2026-05-08 01:56:17;Forte 1;ONLINE;0;0
2026-05-08 02:56:22;Cepheus-1-108Q;ONLINE;0;0
2026-05-08 02:56:22;Garnet;ONLINE;4;0
2026-05-08 02:56:22;Forte 1;ONLINE;0;0
2026-05-08 03:56:27;Cepheus-1-108Q;ONLINE;0;0
2026-05-08 03:56:27;Garnet;ONLINE;0;0
2026-05-08 03:56:27;Forte 1;ONLINE;0;0
2026-05-08 04:56:32;Cepheus-1-108Q;ONLINE;0;1
2026-05-08 04:56:32;Garnet;ONLINE;0;0
2026-05-08 04:56:32;Forte 1;ONLINE;0;0
2026-05-08 05:56:38;Cepheus-1-108Q;ONLINE;0;0
2026-05-08 05:56:38;Garnet;ONLINE;0;0
2026-05-08 05:56:38;Forte 1;ONLINE;0;0
2026-05-08 06:56:43;Cepheus-1-108Q;ONLINE;0;0
2026-05-08 06:56:43;Garnet;ONLINE;0;0
2026-05-08 06:56:43;Forte 1;ONLINE;0;0
2026-05-08 07:56:48;Cepheus-1-108Q;ONLINE;1;0
2026-05-08 07:56:48;Garnet;ONLINE;0;0
2026-05-08 07:56:48;Forte 1;ONLINE;0;0
2026-05-08 08:56:54;Cepheus-1-108Q;ONLINE;3;0
2026-05-08 08:56:54;Garnet;ONLINE;0;0
2026-05-08 08:56:54;Forte 1;ONLINE;0;0
2026-05-08 09:56:59;Cepheus-1-108Q;ONLINE;0;0
2026-05-08 09:56:59;Garnet;ONLINE;0;0
2026-05-08 09:56:59;Forte 1;ONLINE;0;0
2026-05-08 10:57:04;Cepheus-1-108Q;ONLINE;0;0
2026-05-08 10:57:04;Garnet;ONLINE;0;0
2026-05-08 10:57:04;Forte 1;ONLINE;0;0
2026-05-08 11:57:09;Cepheus-1-108Q;ONLINE;0;0
2026-05-08 11:57:09;Garnet;ONLINE;0;0
2026-05-08 11:57:09;Forte 1;ONLINE;4;0
2026-05-08 12:57:15;Cepheus-1-108Q;ONLINE;0;0
2026-05-08 12:57:15;Garnet;ONLINE;0;0
2026-05-08 12:57:15;Forte 1;ONLINE;8;0
2026-05-08 13:57:20;Cepheus-1-108Q;ONLINE;0;0
2026-05-08 13:57:20;Garnet;ONLINE;0;0
2026-05-08 13:57:20;Forte 1;ONLINE;31;0
2026-05-08 14:57:25;Cepheus-1-108Q;ONLINE;0;0
2026-05-08 14:57:25;Garnet;ONLINE;0;0
2026-05-08 14:57:25;Forte 1;ONLINE;31;0
2026-05-08 15:57:31;Cepheus-1-108Q;ONLINE;1;0
2026-05-08 15:57:31;Garnet;ONLINE;142;0
2026-05-08 15:57:31;Forte 1;ONLINE;31;0
2026-05-08 16:57:36;Cepheus-1-108Q;ONLINE;1;0
2026-05-08 16:57:36;Garnet;ONLINE;151;0
2026-05-08 16:57:36;Forte 1;ONLINE;32;0
2026-05-08 17:57:41;Cepheus-1-108Q;ONLINE;0;0
2026-05-08 17:57:41;Garnet;ONLINE;0;0
2026-05-08 17:57:41;Forte 1;ONLINE;32;0
2026-05-08 18:57:46;Cepheus-1-108Q;ONLINE;0;0
2026-05-08 18:57:46;Garnet;ONLINE;0;0
2026-05-08 18:57:46;Forte 1;ONLINE;32;0
2026-05-08 19:57:52;Cepheus-1-108Q;ONLINE;1;0
2026-05-08 19:57:52;Garnet;ONLINE;0;0
2026-05-08 19:57:52;Forte 1;ONLINE;32;0
2026-05-08 20:57:57;Cepheus-1-108Q;ONLINE;1;0
2026-05-08 20:57:57;Garnet;ONLINE;0;0
2026-05-08 20:57:57;Forte 1;ONLINE;32;0
2026-05-08 21:58:02;Cepheus-1-108Q;ONLINE;1;0
2026-05-08 21:58:02;Garnet;ONLINE;0;0
2026-05-08 21:58:02;Forte 1;ONLINE;32;0
2026-05-08 22:58:07;Cepheus-1-108Q;ONLINE;0;0
2026-05-08 22:58:07;Garnet;ONLINE;0;0
2026-05-08 22:58:07;Forte 1;ONLINE;32;0
2026-05-08 23:58:12;Cepheus-1-108Q;ONLINE;0;0
2026-05-08 23:58:12;Garnet;ONLINE;0;0
2026-05-08 23:58:12;Forte 1;ONLINE;32;0
2026-05-09 00:58:18;Cepheus-1-108Q;ONLINE;0;0
2026-05-09 00:58:18;Garnet;ONLINE;1;0
2026-05-09 00:58:18;Forte 1;ONLINE;32;0
2026-05-09 01:58:23;Cepheus-1-108Q;ONLINE;0;0
2026-05-09 01:58:23;Garnet;ONLINE;1;0
2026-05-09 01:58:23;Forte 1;ONLINE;32;0
2026-05-09 02:58:28;Cepheus-1-108Q;ONLINE;0;0
2026-05-09 02:58:28;Garnet;ONLINE;1;0
2026-05-09 02:58:28;Forte 1;ONLINE;32;0
2026-05-09 03:58:34;Cepheus-1-108Q;ONLINE;0;0
2026-05-09 03:58:34;Garnet;ONLINE;1;0
2026-05-09 03:58:34;Forte 1;ONLINE;32;0
2026-05-09 04:58:39;Cepheus-1-108Q;ONLINE;0;0
2026-05-09 04:58:39;Garnet;ONLINE;1;0
2026-05-09 04:58:39;Forte 1;ONLINE;32;0
2026-05-09 05:58:44;Cepheus-1-108Q;ONLINE;0;0
2026-05-09 05:58:44;Garnet;ONLINE;1;0
2026-05-09 05:58:44;Forte 1;ONLINE;32;0
2026-05-09 06:58:49;Cepheus-1-108Q;ONLINE;0;0
2026-05-09 06:58:49;Garnet;ONLINE;1;0
2026-05-09 06:58:49;Forte 1;ONLINE;32;0
2026-05-09 07:58:54;Cepheus-1-108Q;ONLINE;0;0
2026-05-09 07:58:54;Garnet;ONLINE;1;0
2026-05-09 07:58:54;Forte 1;ONLINE;32;0
2026-05-09 08:58:59;Cepheus-1-108Q;ONLINE;0;0
2026-05-09 08:58:59;Garnet;ONLINE;1;0
2026-05-09 08:58:59;Forte 1;ONLINE;32;0
2026-05-09 09:59:05;Cepheus-1-108Q;ONLINE;0;0
2026-05-09 09:59:05;Garnet;ONLINE;1;0
2026-05-09 09:59:05;Forte 1;ONLINE;32;0
2026-05-09 10:59:10;Cepheus-1-108Q;ONLINE;0;0
2026-05-09 10:59:10;Garnet;ONLINE;1;0
2026-05-09 10:59:10;Forte 1;ONLINE;32;0
2026-05-09 11:59:15;Cepheus-1-108Q;ONLINE;0;0
2026-05-09 11:59:15;Garnet;ONLINE;1;0
2026-05-09 11:59:15;Forte 1;ONLINE;32;0
2026-05-09 12:59:20;Cepheus-1-108Q;ONLINE;0;0
2026-05-09 12:59:20;Garnet;ONLINE;1;0
2026-05-09 12:59:20;Forte 1;ONLINE;32;0
2026-05-09 13:59:25;Cepheus-1-108Q;ONLINE;0;0
2026-05-09 13:59:25;Garnet;ONLINE;1;0
2026-05-09 13:59:25;Forte 1;ONLINE;32;0
2026-05-09 14:59:30;Cepheus-1-108Q;ONLINE;0;0
2026-05-09 14:59:30;Garnet;ONLINE;1;0
2026-05-09 14:59:30;Forte 1;ONLINE;32;0
2026-05-09 15:59:35;Cepheus-1-108Q;ONLINE;0;0
2026-05-09 15:59:35;Garnet;ONLINE;1;0
2026-05-09 15:59:35;Forte 1;ONLINE;32;0
2026-05-09 16:59:40;Cepheus-1-108Q;ONLINE;0;0
2026-05-09 16:59:40;Garnet;ONLINE;1;0
2026-05-09 16:59:40;Forte 1;ONLINE;32;0
2026-05-09 17:59:46;Cepheus-1-108Q;ONLINE;0;0
2026-05-09 17:59:46;Garnet;ONLINE;2;0
2026-05-09 17:59:46;Forte 1;ONLINE;32;0
2026-05-09 18:59:52;Cepheus-1-108Q;ONLINE;0;0
2026-05-09 18:59:52;Garnet;ONLINE;2;0
2026-05-09 18:59:52;Forte 1;ONLINE;32;0
2026-05-09 19:59:57;Cepheus-1-108Q;ONLINE;1;0
2026-05-09 19:59:57;Garnet;ONLINE;3;0
2026-05-09 19:59:57;Forte 1;OFFLINE;32;0
2026-05-09 21:00:02;Cepheus-1-108Q;ONLINE;1;0
2026-05-09 21:00:02;Garnet;ONLINE;3;0
2026-05-09 21:00:02;Forte 1;OFFLINE;31;0
2026-05-09 22:00:08;Cepheus-1-108Q;ONLINE;0;0
2026-05-09 22:00:08;Garnet;ONLINE;3;0
2026-05-09 22:00:08;Forte 1;OFFLINE;31;0
2026-05-09 23:00:13;Cepheus-1-108Q;ONLINE;0;0
2026-05-09 23:00:13;Garnet;ONLINE;3;0
2026-05-09 23:00:13;Forte 1;OFFLINE;31;0
2026-05-10 00:00:18;Cepheus-1-108Q;ONLINE;0;0
2026-05-10 00:00:18;Garnet;ONLINE;4;0
2026-05-10 00:00:18;Forte 1;OFFLINE;31;0
2026-05-10 01:00:23;Cepheus-1-108Q;ONLINE;0;0
2026-05-10 01:00:23;Garnet;ONLINE;4;0
2026-05-10 01:00:23;Forte 1;OFFLINE;31;0
2026-05-10 02:00:28;Cepheus-1-108Q;ONLINE;0;0
2026-05-10 02:00:28;Garnet;ONLINE;5;0
2026-05-10 02:00:28;Forte 1;OFFLINE;31;0
2026-05-10 03:00:33;Cepheus-1-108Q;ONLINE;1;0
2026-05-10 03:00:33;Garnet;ONLINE;5;0
2026-05-10 03:00:33;Forte 1;OFFLINE;31;0
2026-05-10 04:00:39;Cepheus-1-108Q;ONLINE;0;0
2026-05-10 04:00:39;Garnet;ONLINE;5;0
2026-05-10 04:00:39;Forte 1;OFFLINE;31;0
2026-05-10 05:00:44;Cepheus-1-108Q;ONLINE;0;0
2026-05-10 05:00:44;Garnet;ONLINE;6;0
2026-05-10 05:00:44;Forte 1;OFFLINE;31;0
2026-05-10 06:00:50;Cepheus-1-108Q;ONLINE;0;0
2026-05-10 06:00:50;Garnet;ONLINE;6;0
2026-05-10 06:00:50;Forte 1;OFFLINE;31;0
2026-05-10 07:00:55;Cepheus-1-108Q;ONLINE;0;0
2026-05-10 07:00:55;Garnet;ONLINE;6;0
2026-05-10 07:00:55;Forte 1;OFFLINE;31;0
2026-05-10 08:01:00;Cepheus-1-108Q;ONLINE;0;0
2026-05-10 08:01:00;Garnet;ONLINE;6;0
2026-05-10 08:01:00;Forte 1;OFFLINE;31;0
2026-05-10 09:01:05;Cepheus-1-108Q;ONLINE;3;0
2026-05-10 09:01:05;Garnet;ONLINE;6;0
2026-05-10 09:01:05;Forte 1;OFFLINE;31;0
2026-05-10 10:01:10;Cepheus-1-108Q;ONLINE;3;0
2026-05-10 10:01:10;Garnet;ONLINE;6;0
2026-05-10 10:01:10;Forte 1;OFFLINE;31;0
2026-05-10 11:01:16;Cepheus-1-108Q;ONLINE;0;0
2026-05-10 11:01:16;Garnet;ONLINE;6;0
2026-05-10 11:01:16;Forte 1;OFFLINE;31;0
2026-05-10 12:01:21;Cepheus-1-108Q;ONLINE;0;0
2026-05-10 12:01:21;Garnet;ONLINE;6;0
2026-05-10 12:01:21;Forte 1;OFFLINE;31;0
2026-05-10 13:01:26;Cepheus-1-108Q;ONLINE;1;0
2026-05-10 13:01:26;Garnet;ONLINE;6;0
2026-05-10 13:01:26;Forte 1;OFFLINE;31;0
2026-05-10 14:01:31;Cepheus-1-108Q;ONLINE;0;0
2026-05-10 14:01:31;Garnet;ONLINE;6;0
2026-05-10 14:01:31;Forte 1;OFFLINE;31;0
2026-05-10 15:01:36;Cepheus-1-108Q;ONLINE;0;0
2026-05-10 15:01:36;Garnet;ONLINE;6;0
2026-05-10 15:01:36;Forte 1;OFFLINE;31;0
2026-05-10 16:01:41;Cepheus-1-108Q;ONLINE;0;0
2026-05-10 16:01:41;Garnet;ONLINE;6;0
2026-05-10 16:01:41;Forte 1;OFFLINE;31;0
2026-05-10 17:01:46;Cepheus-1-108Q;ONLINE;0;0
2026-05-10 17:01:46;Garnet;ONLINE;6;0
2026-05-10 17:01:46;Forte 1;OFFLINE;31;0
2026-05-10 18:01:52;Cepheus-1-108Q;ONLINE;1;0
2026-05-10 18:01:52;Garnet;ONLINE;6;0
2026-05-10 18:01:52;Forte 1;OFFLINE;31;0
2026-05-10 19:01:57;Cepheus-1-108Q;ONLINE;0;0
2026-05-10 19:01:57;Garnet;ONLINE;6;0
2026-05-10 19:01:57;Forte 1;OFFLINE;31;0
2026-05-10 20:02:03;Cepheus-1-108Q;ONLINE;1;0
2026-05-10 20:02:03;Garnet;ONLINE;7;0
2026-05-10 20:02:03;Forte 1;OFFLINE;31;0
2026-05-10 21:02:08;Cepheus-1-108Q;ONLINE;0;0
2026-05-10 21:02:08;Garnet;ONLINE;7;0
2026-05-10 21:02:08;Forte 1;OFFLINE;31;0
2026-05-10 22:02:13;Cepheus-1-108Q;ONLINE;0;0
2026-05-10 22:02:13;Garnet;ONLINE;7;0
2026-05-10 22:02:13;Forte 1;OFFLINE;31;0
2026-05-10 23:02:19;Cepheus-1-108Q;ONLINE;0;0
2026-05-10 23:02:19;Garnet;ONLINE;7;0
2026-05-10 23:02:19;Forte 1;OFFLINE;31;0
2026-05-11 00:02:24;Cepheus-1-108Q;ONLINE;0;0
2026-05-11 00:02:24;Garnet;ONLINE;0;0
2026-05-11 00:02:24;Forte 1;OFFLINE;31;0
2026-05-11 01:02:29;Cepheus-1-108Q;ONLINE;0;0
2026-05-11 01:02:29;Garnet;ONLINE;0;0
2026-05-11 01:02:29;Forte 1;OFFLINE;31;0
2026-05-11 02:02:34;Cepheus-1-108Q;ONLINE;0;0 (1 prioritized hybrid job running)
2026-05-11 02:02:34;Garnet;ONLINE;1;0
2026-05-11 02:02:34;Forte 1;OFFLINE;31;0
2026-05-11 03:02:39;Cepheus-1-108Q;ONLINE;0;0
2026-05-11 03:02:39;Garnet;ONLINE;1;0
2026-05-11 03:02:39;Forte 1;OFFLINE;31;0
2026-05-11 04:02:44;Cepheus-1-108Q;ONLINE;0;0
2026-05-11 04:02:44;Garnet;ONLINE;0;0
2026-05-11 04:02:44;Forte 1;OFFLINE;31;0
2026-05-11 05:02:50;Cepheus-1-108Q;ONLINE;0;0
2026-05-11 05:02:50;Garnet;ONLINE;0;0
2026-05-11 05:02:50;Forte 1;OFFLINE;31;0
2026-05-11 06:02:55;Cepheus-1-108Q;ONLINE;0;0
2026-05-11 06:02:55;Garnet;ONLINE;0;0
2026-05-11 06:02:55;Forte 1;OFFLINE;31;0
2026-05-11 07:03:00;Cepheus-1-108Q;ONLINE;1;0 (1 prioritized hybrid job running)
2026-05-11 07:03:00;Garnet;ONLINE;0;0
2026-05-11 07:03:00;Forte 1;OFFLINE;31;0
2026-05-11 08:03:05;Cepheus-1-108Q;ONLINE;0;0
2026-05-11 08:03:05;Garnet;ONLINE;0;0
2026-05-11 08:03:05;Forte 1;OFFLINE;31;0
2026-05-11 09:03:11;Cepheus-1-108Q;ONLINE;0;0
2026-05-11 09:03:11;Garnet;ONLINE;0;0
2026-05-11 09:03:11;Forte 1;OFFLINE;31;0
2026-05-11 10:03:16;Cepheus-1-108Q;ONLINE;0;0
2026-05-11 10:03:16;Garnet;ONLINE;0;0
2026-05-11 10:03:16;Forte 1;OFFLINE;31;0
2026-05-11 11:03:21;Cepheus-1-108Q;ONLINE;0;0
2026-05-11 11:03:21;Garnet;ONLINE;0;0
2026-05-11 11:03:21;Forte 1;OFFLINE;31;0
2026-05-11 12:03:26;Cepheus-1-108Q;ONLINE;0;0
2026-05-11 12:03:26;Garnet;ONLINE;0;0
2026-05-11 12:03:26;Forte 1;OFFLINE;31;0
2026-05-11 13:03:31;Cepheus-1-108Q;ONLINE;0;0
2026-05-11 13:03:31;Garnet;ONLINE;0;0
2026-05-11 13:03:31;Forte 1;OFFLINE;31;0
2026-05-11 14:03:36;Cepheus-1-108Q;ONLINE;0;0
2026-05-11 14:03:36;Garnet;ONLINE;0;0
2026-05-11 14:03:36;Forte 1;OFFLINE;31;0
2026-05-11 15:03:42;Cepheus-1-108Q;ONLINE;1;0
2026-05-11 15:03:42;Garnet;ONLINE;0;0
2026-05-11 15:03:42;Forte 1;OFFLINE;31;0
2026-05-11 16:03:47;Cepheus-1-108Q;ONLINE;0;0
2026-05-11 16:03:47;Garnet;ONLINE;6;0
2026-05-11 16:03:47;Forte 1;OFFLINE;31;0
2026-05-11 17:03:52;Cepheus-1-108Q;ONLINE;0;0
2026-05-11 17:03:52;Garnet;ONLINE;6;0
2026-05-11 17:03:52;Forte 1;OFFLINE;31;0
2026-05-11 18:03:57;Cepheus-1-108Q;ONLINE;1;0
2026-05-11 18:03:57;Garnet;ONLINE;0;0
2026-05-11 18:03:57;Forte 1;OFFLINE;31;0
2026-05-11 19:04:03;Cepheus-1-108Q;ONLINE;2;0
2026-05-11 19:04:03;Garnet;ONLINE;0;0
2026-05-11 19:04:03;Forte 1;OFFLINE;31;0
2026-05-11 20:04:08;Cepheus-1-108Q;ONLINE;6;0
2026-05-11 20:04:08;Garnet;ONLINE;0;0
2026-05-11 20:04:08;Forte 1;OFFLINE;31;0
2026-05-11 21:04:14;Cepheus-1-108Q;ONLINE;0;0
2026-05-11 21:04:14;Garnet;ONLINE;0;0
2026-05-11 21:04:14;Forte 1;OFFLINE;31;0
2026-05-11 22:04:19;Cepheus-1-108Q;ONLINE;1;0
2026-05-11 22:04:19;Garnet;ONLINE;1;0
2026-05-11 22:04:19;Forte 1;OFFLINE;31;0
2026-05-11 23:04:24;Cepheus-1-108Q;ONLINE;0;0
2026-05-11 23:04:24;Garnet;ONLINE;0;0
2026-05-11 23:04:24;Forte 1;OFFLINE;31;0
2026-05-12 00:04:29;Cepheus-1-108Q;ONLINE;1;0
2026-05-12 00:04:29;Garnet;ONLINE;0;0
2026-05-12 00:04:29;Forte 1;OFFLINE;31;0
2026-05-12 01:04:35;Cepheus-1-108Q;ONLINE;0;0
2026-05-12 01:04:35;Garnet;ONLINE;0;0
2026-05-12 01:04:35;Forte 1;OFFLINE;31;0
2026-05-12 02:04:40;Cepheus-1-108Q;ONLINE;0;0
2026-05-12 02:04:40;Garnet;ONLINE;2;0
2026-05-12 02:04:40;Forte 1;OFFLINE;31;0
2026-05-12 03:04:45;Cepheus-1-108Q;ONLINE;0;0
2026-05-12 03:04:45;Garnet;ONLINE;2;0
2026-05-12 03:04:45;Forte 1;OFFLINE;31;0
2026-05-12 04:04:50;Cepheus-1-108Q;ONLINE;0;0
2026-05-12 04:04:50;Garnet;ONLINE;0;0
2026-05-12 04:04:50;Forte 1;OFFLINE;31;0
2026-05-12 05:04:56;Cepheus-1-108Q;ONLINE;1;0
2026-05-12 05:04:56;Garnet;ONLINE;0;0
2026-05-12 05:04:56;Forte 1;OFFLINE;31;0
2026-05-12 06:05:01;Cepheus-1-108Q;ONLINE;0;0
2026-05-12 06:05:01;Garnet;ONLINE;0;0
2026-05-12 06:05:01;Forte 1;OFFLINE;31;0
2026-05-12 07:05:06;Cepheus-1-108Q;ONLINE;2;0
2026-05-12 07:05:06;Garnet;ONLINE;0;0
2026-05-12 07:05:06;Forte 1;OFFLINE;31;0
2026-05-12 08:05:12;Cepheus-1-108Q;ONLINE;4;0
2026-05-12 08:05:12;Garnet;ONLINE;0;0
2026-05-12 08:05:12;Forte 1;OFFLINE;31;0
2026-05-12 09:05:17;Cepheus-1-108Q;ONLINE;1;0
2026-05-12 09:05:17;Garnet;ONLINE;0;0
2026-05-12 09:05:17;Forte 1;OFFLINE;31;0
2026-05-12 10:05:22;Cepheus-1-108Q;ONLINE;0;0
2026-05-12 10:05:22;Garnet;ONLINE;0;0
2026-05-12 10:05:22;Forte 1;OFFLINE;31;0
2026-05-12 11:05:28;Cepheus-1-108Q;ONLINE;8;0
2026-05-12 11:05:28;Garnet;ONLINE;6;0
2026-05-12 11:05:28;Forte 1;OFFLINE;31;0
2026-05-12 12:05:33;Cepheus-1-108Q;ONLINE;1;0
2026-05-12 12:05:33;Garnet;ONLINE;0;0
2026-05-12 12:05:33;Forte 1;OFFLINE;31;0
2026-05-12 13:05:38;Cepheus-1-108Q;ONLINE;1;0
2026-05-12 13:05:38;Garnet;ONLINE;0;0
2026-05-12 13:05:38;Forte 1;OFFLINE;31;0
2026-05-12 14:05:43;Cepheus-1-108Q;ONLINE;1;0
2026-05-12 14:05:43;Garnet;ONLINE;0;0
2026-05-12 14:05:43;Forte 1;OFFLINE;31;0
2026-05-12 15:05:49;Cepheus-1-108Q;ONLINE;1;0
2026-05-12 15:05:49;Garnet;ONLINE;1;0
2026-05-12 15:05:49;Forte 1;OFFLINE;31;0
2026-05-12 16:05:54;Cepheus-1-108Q;ONLINE;10;0
2026-05-12 16:05:54;Garnet;ONLINE;16;0
2026-05-12 16:05:54;Forte 1;OFFLINE;31;0
2026-05-12 17:05:59;Cepheus-1-108Q;ONLINE;4;0
2026-05-12 17:05:59;Garnet;ONLINE;20;0
2026-05-12 17:05:59;Forte 1;OFFLINE;31;0
2026-05-12 18:06:05;Cepheus-1-108Q;ONLINE;3;0
2026-05-12 18:06:05;Garnet;ONLINE;0;0
2026-05-12 18:06:05;Forte 1;OFFLINE;31;0
2026-05-12 19:06:10;Cepheus-1-108Q;ONLINE;2;0
2026-05-12 19:06:10;Garnet;ONLINE;0;0
2026-05-12 19:06:10;Forte 1;OFFLINE;31;0
2026-05-12 20:06:15;Cepheus-1-108Q;ONLINE;4;0
2026-05-12 20:06:15;Garnet;ONLINE;0;0
2026-05-12 20:06:15;Forte 1;OFFLINE;31;0
2026-05-12 21:06:21;Cepheus-1-108Q;ONLINE;0;0
2026-05-12 21:06:21;Garnet;ONLINE;1;0
2026-05-12 21:06:21;Forte 1;OFFLINE;31;0
2026-05-12 22:06:26;Cepheus-1-108Q;ONLINE;6;0
2026-05-12 22:06:26;Garnet;ONLINE;0;0
2026-05-12 22:06:26;Forte 1;OFFLINE;31;0
2026-05-12 23:06:31;Cepheus-1-108Q;ONLINE;6;0
2026-05-12 23:06:31;Garnet;ONLINE;0;0
2026-05-12 23:06:31;Forte 1;OFFLINE;31;0
2026-05-13 00:06:36;Cepheus-1-108Q;ONLINE;4;0
2026-05-13 00:06:36;Garnet;ONLINE;0;0
2026-05-13 00:06:36;Forte 1;OFFLINE;31;0
2026-05-13 01:06:42;Cepheus-1-108Q;ONLINE;0;0
2026-05-13 01:06:42;Garnet;ONLINE;0;0
2026-05-13 01:06:42;Forte 1;OFFLINE;31;0
2026-05-13 02:06:47;Cepheus-1-108Q;ONLINE;1;0
2026-05-13 02:06:47;Garnet;ONLINE;0;0
2026-05-13 02:06:47;Forte 1;OFFLINE;31;0
2026-05-13 03:06:52;Cepheus-1-108Q;ONLINE;1;0
2026-05-13 03:06:52;Garnet;ONLINE;0;0
2026-05-13 03:06:52;Forte 1;OFFLINE;31;0
2026-05-13 04:06:58;Cepheus-1-108Q;ONLINE;0;0
2026-05-13 04:06:58;Garnet;ONLINE;0;0
2026-05-13 04:06:58;Forte 1;OFFLINE;31;0
2026-05-13 05:07:02;Cepheus-1-108Q;ONLINE;0;0
2026-05-13 05:07:02;Garnet;ONLINE;0;0
2026-05-13 05:07:02;Forte 1;OFFLINE;31;0
2026-05-13 06:07:07;Cepheus-1-108Q;ONLINE;0;0
2026-05-13 06:07:07;Garnet;ONLINE;0;0
2026-05-13 06:07:07;Forte 1;OFFLINE;31;0
2026-05-13 07:07:13;Cepheus-1-108Q;ONLINE;0;0
2026-05-13 07:07:13;Garnet;ONLINE;0;0
2026-05-13 07:07:13;Forte 1;OFFLINE;31;0
2026-05-13 08:07:18;Cepheus-1-108Q;ONLINE;4;0
2026-05-13 08:07:18;Garnet;ONLINE;0;0
2026-05-13 08:07:18;Forte 1;OFFLINE;31;0
2026-05-13 09:07:23;Cepheus-1-108Q;ONLINE;4;0
2026-05-13 09:07:23;Garnet;ONLINE;0;0
2026-05-13 09:07:23;Forte 1;OFFLINE;31;0
2026-05-13 10:07:29;Cepheus-1-108Q;ONLINE;0;0
2026-05-13 10:07:29;Garnet;ONLINE;1;0
2026-05-13 10:07:29;Forte 1;OFFLINE;31;0
2026-05-13 11:07:34;Cepheus-1-108Q;ONLINE;0;0
2026-05-13 11:07:34;Garnet;ONLINE;1;0
2026-05-13 11:07:34;Forte 1;OFFLINE;31;0
2026-05-13 12:07:40;Cepheus-1-108Q;ONLINE;0;0
2026-05-13 12:07:40;Garnet;ONLINE;1;0
2026-05-13 12:07:40;Forte 1;OFFLINE;31;0
2026-05-13 13:07:45;Cepheus-1-108Q;ONLINE;0;0
2026-05-13 13:07:45;Garnet;ONLINE;1;0
2026-05-13 13:07:45;Forte 1;OFFLINE;31;0
2026-05-13 14:07:50;Cepheus-1-108Q;ONLINE;1;0
2026-05-13 14:07:50;Garnet;ONLINE;0;0
2026-05-13 14:07:50;Forte 1;OFFLINE;31;0
2026-05-13 15:07:55;Cepheus-1-108Q;ONLINE;0;0
2026-05-13 15:07:55;Garnet;ONLINE;0;0
2026-05-13 15:07:55;Forte 1;OFFLINE;31;0
2026-05-13 16:08:00;Cepheus-1-108Q;ONLINE;10;0
2026-05-13 16:08:00;Garnet;ONLINE;6;0
2026-05-13 16:08:00;Forte 1;OFFLINE;31;0
2026-05-13 17:08:06;Cepheus-1-108Q;ONLINE;10;0
2026-05-13 17:08:06;Garnet;ONLINE;6;0
2026-05-13 17:08:06;Forte 1;OFFLINE;31;0
2026-05-13 18:08:11;Cepheus-1-108Q;ONLINE;10;0
2026-05-13 18:08:11;Garnet;ONLINE;0;0
2026-05-13 18:08:11;Forte 1;OFFLINE;31;0
2026-05-13 19:08:16;Cepheus-1-108Q;OFFLINE;3;0
2026-05-13 19:08:16;Garnet;ONLINE;0;0
2026-05-13 19:08:16;Forte 1;OFFLINE;31;0
2026-05-13 20:08:22;Cepheus-1-108Q;ONLINE;4;0
2026-05-13 20:08:22;Garnet;ONLINE;1;0
2026-05-13 20:08:22;Forte 1;OFFLINE;31;0
2026-05-13 21:08:27;Cepheus-1-108Q;ONLINE;4;0
2026-05-13 21:08:27;Garnet;ONLINE;0;0
2026-05-13 21:08:27;Forte 1;OFFLINE;31;0
2026-05-13 22:08:33;Cepheus-1-108Q;ONLINE;3;0
2026-05-13 22:08:33;Garnet;ONLINE;1;0
2026-05-13 22:08:33;Forte 1;OFFLINE;31;0
2026-05-13 23:08:38;Cepheus-1-108Q;ONLINE;0;0
2026-05-13 23:08:38;Garnet;ONLINE;0;0
2026-05-13 23:08:38;Forte 1;OFFLINE;31;0
2026-05-14 00:08:44;Cepheus-1-108Q;ONLINE;1;0
2026-05-14 00:08:44;Garnet;ONLINE;0;0
2026-05-14 00:08:44;Forte 1;OFFLINE;31;0
2026-05-14 01:08:49;Cepheus-1-108Q;ONLINE;1;0
2026-05-14 01:08:49;Garnet;ONLINE;0;0
2026-05-14 01:08:49;Forte 1;OFFLINE;31;0
2026-05-14 02:08:54;Cepheus-1-108Q;ONLINE;1;0
2026-05-14 02:08:54;Garnet;ONLINE;1;0
2026-05-14 02:08:54;Forte 1;OFFLINE;31;0
2026-05-14 03:08:59;Cepheus-1-108Q;ONLINE;0;0
2026-05-14 03:08:59;Garnet;ONLINE;1;0
2026-05-14 03:08:59;Forte 1;OFFLINE;31;0
2026-05-14 04:09:05;Cepheus-1-108Q;ONLINE;0;0
2026-05-14 04:09:05;Garnet;ONLINE;0;0
2026-05-14 04:09:05;Forte 1;OFFLINE;31;0
2026-05-14 05:09:10;Cepheus-1-108Q;ONLINE;0;0
2026-05-14 05:09:10;Garnet;ONLINE;0;0
2026-05-14 05:09:10;Forte 1;OFFLINE;31;0
2026-05-14 06:09:15;Cepheus-1-108Q;ONLINE;0;0
2026-05-14 06:09:15;Garnet;ONLINE;0;0
2026-05-14 06:09:15;Forte 1;OFFLINE;31;0
2026-05-14 07:09:20;Cepheus-1-108Q;ONLINE;1;0
2026-05-14 07:09:20;Garnet;ONLINE;0;0
2026-05-14 07:09:20;Forte 1;OFFLINE;31;0
2026-05-14 08:09:26;Cepheus-1-108Q;ONLINE;6;0
2026-05-14 08:09:26;Garnet;ONLINE;0;0
2026-05-14 08:09:26;Forte 1;OFFLINE;31;0
2026-05-14 09:09:31;Cepheus-1-108Q;ONLINE;0;0
2026-05-14 09:09:31;Garnet;ONLINE;0;0
2026-05-14 09:09:31;Forte 1;OFFLINE;31;0
2026-05-14 10:09:36;Cepheus-1-108Q;ONLINE;1;0
2026-05-14 10:09:36;Garnet;ONLINE;0;0
2026-05-14 10:09:36;Forte 1;OFFLINE;31;0
2026-05-14 11:09:40;Cepheus-1-108Q;ONLINE;1;0
2026-05-14 11:09:40;Garnet;ONLINE;0;0
2026-05-14 11:09:40;Forte 1;OFFLINE;31;0
2026-05-14 12:09:46;Cepheus-1-108Q;ONLINE;2;0
2026-05-14 12:09:46;Garnet;ONLINE;0;0
2026-05-14 12:09:46;Forte 1;OFFLINE;31;0
2026-05-14 13:09:51;Cepheus-1-108Q;ONLINE;0;0
2026-05-14 13:09:51;Garnet;ONLINE;0;0
2026-05-14 13:09:51;Forte 1;OFFLINE;31;0
2026-05-14 14:09:56;Cepheus-1-108Q;ONLINE;1;0
2026-05-14 14:09:56;Garnet;ONLINE;1;0
2026-05-14 14:09:56;Forte 1;OFFLINE;31;0
2026-05-14 15:10:01;Cepheus-1-108Q;ONLINE;0;0
2026-05-14 15:10:01;Garnet;ONLINE;1;0
2026-05-14 15:10:01;Forte 1;OFFLINE;31;0
2026-05-14 16:10:06;Cepheus-1-108Q;ONLINE;0;0
2026-05-14 16:10:06;Garnet;ONLINE;7;0
2026-05-14 16:10:06;Forte 1;OFFLINE;31;0
2026-05-14 17:10:12;Cepheus-1-108Q;ONLINE;0;0
2026-05-14 17:10:12;Garnet;ONLINE;8;0
2026-05-14 17:10:12;Forte 1;OFFLINE;31;0
2026-05-14 18:10:18;Cepheus-1-108Q;ONLINE;0;0
2026-05-14 18:10:18;Garnet;ONLINE;0;0
2026-05-14 18:10:18;Forte 1;OFFLINE;31;0
2026-05-14 19:10:23;Cepheus-1-108Q;ONLINE;24;0
2026-05-14 19:10:23;Garnet;ONLINE;0;0
2026-05-14 19:10:23;Forte 1;OFFLINE;31;0
2026-05-14 20:10:28;Cepheus-1-108Q;ONLINE;24;0
2026-05-14 20:10:28;Garnet;ONLINE;0;0
2026-05-14 20:10:28;Forte 1;OFFLINE;31;0
2026-05-14 21:10:34;Cepheus-1-108Q;ONLINE;0;0
2026-05-14 21:10:34;Garnet;ONLINE;0;0
2026-05-14 21:10:34;Forte 1;OFFLINE;31;0
2026-05-14 22:10:39;Cepheus-1-108Q;ONLINE;0;0
2026-05-14 22:10:39;Garnet;ONLINE;0;0
2026-05-14 22:10:39;Forte 1;OFFLINE;31;0
2026-05-14 23:10:44;Cepheus-1-108Q;ONLINE;1;0
2026-05-14 23:10:44;Garnet;ONLINE;0;0
2026-05-14 23:10:44;Forte 1;OFFLINE;31;0
2026-05-15 00:10:49;Cepheus-1-108Q;ONLINE;0;0
2026-05-15 00:10:49;Garnet;ONLINE;0;0
2026-05-15 00:10:49;Forte 1;OFFLINE;31;0
2026-05-15 01:10:55;Cepheus-1-108Q;ONLINE;0;0
2026-05-15 01:10:55;Garnet;ONLINE;0;0
2026-05-15 01:10:55;Forte 1;OFFLINE;31;0
2026-05-15 02:11:00;Cepheus-1-108Q;ONLINE;1;0
2026-05-15 02:11:00;Garnet;ONLINE;0;0
2026-05-15 02:11:00;Forte 1;OFFLINE;31;0
2026-05-15 03:11:06;Cepheus-1-108Q;ONLINE;1;0
2026-05-15 03:11:06;Garnet;ONLINE;0;0
2026-05-15 03:11:06;Forte 1;OFFLINE;31;0
2026-05-15 04:11:11;Cepheus-1-108Q;ONLINE;1;0
2026-05-15 04:11:11;Garnet;ONLINE;0;0
2026-05-15 04:11:11;Forte 1;OFFLINE;31;0
2026-05-15 05:11:16;Cepheus-1-108Q;ONLINE;1;0
2026-05-15 05:11:16;Garnet;ONLINE;0;0
2026-05-15 05:11:16;Forte 1;OFFLINE;31;0
2026-05-15 06:11:22;Cepheus-1-108Q;ONLINE;0;0
2026-05-15 06:11:22;Garnet;ONLINE;0;0
2026-05-15 06:11:22;Forte 1;OFFLINE;31;0
2026-05-15 07:11:28;Cepheus-1-108Q;ONLINE;1;0
2026-05-15 07:11:28;Garnet;ONLINE;0;0
2026-05-15 07:11:28;Forte 1;OFFLINE;31;0
2026-05-15 08:11:33;Cepheus-1-108Q;ONLINE;1;0
2026-05-15 08:11:33;Garnet;ONLINE;0;0
2026-05-15 08:11:33;Forte 1;OFFLINE;31;0
2026-05-15 09:11:39;Cepheus-1-108Q;ONLINE;1;0
2026-05-15 09:11:39;Garnet;ONLINE;0;0
2026-05-15 09:11:39;Forte 1;OFFLINE;31;0
2026-05-15 10:11:44;Cepheus-1-108Q;ONLINE;0;0
2026-05-15 10:11:44;Garnet;ONLINE;1;0
2026-05-15 10:11:44;Forte 1;OFFLINE;31;0
2026-05-15 11:11:49;Cepheus-1-108Q;ONLINE;0;0
2026-05-15 11:11:49;Garnet;ONLINE;5;0
2026-05-15 11:11:49;Forte 1;OFFLINE;31;0
2026-05-15 12:11:54;Cepheus-1-108Q;ONLINE;1;0
2026-05-15 12:11:54;Garnet;ONLINE;1;0
2026-05-15 12:11:54;Forte 1;OFFLINE;31;0
2026-05-15 13:11:59;Cepheus-1-108Q;ONLINE;0;0
2026-05-15 13:11:59;Garnet;ONLINE;0;0
2026-05-15 13:11:59;Forte 1;OFFLINE;31;0
2026-05-15 14:12:05;Cepheus-1-108Q;ONLINE;0;0
2026-05-15 14:12:05;Garnet;ONLINE;0;0
2026-05-15 14:12:05;Forte 1;OFFLINE;31;0
2026-05-15 15:12:10;Cepheus-1-108Q;ONLINE;0;0
2026-05-15 15:12:10;Garnet;ONLINE;0;0
2026-05-15 15:12:10;Forte 1;OFFLINE;31;0
2026-05-15 16:12:16;Cepheus-1-108Q;ONLINE;0;0
2026-05-15 16:12:16;Garnet;ONLINE;7;0
2026-05-15 16:12:16;Forte 1;OFFLINE;31;0
2026-05-15 17:12:21;Cepheus-1-108Q;ONLINE;1;0
2026-05-15 17:12:21;Garnet;ONLINE;8;0
2026-05-15 17:12:21;Forte 1;OFFLINE;31;0
2026-05-15 18:12:26;Cepheus-1-108Q;ONLINE;0;0
2026-05-15 18:12:26;Garnet;ONLINE;0;0
2026-05-15 18:12:26;Forte 1;OFFLINE;31;0
2026-05-15 19:12:31;Cepheus-1-108Q;ONLINE;0;0
2026-05-15 19:12:31;Garnet;ONLINE;0;0
2026-05-15 19:12:31;Forte 1;OFFLINE;31;0
2026-05-15 20:12:37;Cepheus-1-108Q;ONLINE;1;0
2026-05-15 20:12:37;Garnet;ONLINE;0;0
2026-05-15 20:12:37;Forte 1;OFFLINE;31;0
2026-05-15 21:12:42;Cepheus-1-108Q;ONLINE;0;0
2026-05-15 21:12:42;Garnet;ONLINE;0;0
2026-05-15 21:12:42;Forte 1;OFFLINE;31;0
2026-05-15 22:12:47;Cepheus-1-108Q;ONLINE;0;0
2026-05-15 22:12:47;Garnet;ONLINE;0;0
2026-05-15 22:12:47;Forte 1;OFFLINE;31;0
2026-05-15 23:12:53;Cepheus-1-108Q;ONLINE;0;0
2026-05-15 23:12:53;Garnet;ONLINE;0;0
2026-05-15 23:12:53;Forte 1;OFFLINE;31;0
2026-05-16 00:12:58;Cepheus-1-108Q;ONLINE;0;0
2026-05-16 00:12:58;Garnet;ONLINE;0;0
2026-05-16 00:12:58;Forte 1;OFFLINE;31;0
2026-05-16 01:13:04;Cepheus-1-108Q;ONLINE;0;0
2026-05-16 01:13:04;Garnet;ONLINE;1;0
2026-05-16 01:13:04;Forte 1;OFFLINE;31;0
2026-05-16 02:13:09;Cepheus-1-108Q;ONLINE;0;0
2026-05-16 02:13:09;Garnet;ONLINE;1;0
2026-05-16 02:13:09;Forte 1;OFFLINE;31;0
2026-05-16 03:13:14;Cepheus-1-108Q;ONLINE;0;0
2026-05-16 03:13:14;Garnet;ONLINE;1;0
2026-05-16 03:13:14;Forte 1;OFFLINE;31;0
2026-05-16 04:13:20;Cepheus-1-108Q;ONLINE;0;0
2026-05-16 04:13:20;Garnet;ONLINE;1;0
2026-05-16 04:13:20;Forte 1;OFFLINE;31;0
2026-05-16 05:13:24;Cepheus-1-108Q;ONLINE;0;0
2026-05-16 05:13:24;Garnet;ONLINE;1;0
2026-05-16 05:13:24;Forte 1;OFFLINE;31;0
2026-05-16 06:13:30;Cepheus-1-108Q;ONLINE;0;0
2026-05-16 06:13:30;Garnet;ONLINE;1;0
2026-05-16 06:13:30;Forte 1;OFFLINE;31;0
2026-05-16 07:13:34;Cepheus-1-108Q;ONLINE;0;0
2026-05-16 07:13:34;Garnet;ONLINE;2;0
2026-05-16 07:13:34;Forte 1;OFFLINE;31;0
2026-05-16 08:13:39;Cepheus-1-108Q;ONLINE;2;0
2026-05-16 08:13:39;Garnet;ONLINE;2;0
2026-05-16 08:13:39;Forte 1;OFFLINE;31;0
2026-05-16 09:13:45;Cepheus-1-108Q;ONLINE;1;0
2026-05-16 09:13:45;Garnet;ONLINE;2;0
2026-05-16 09:13:45;Forte 1;OFFLINE;31;0
2026-05-16 10:13:50;Cepheus-1-108Q;ONLINE;0;0
2026-05-16 10:13:50;Garnet;ONLINE;3;0
2026-05-16 10:13:50;Forte 1;OFFLINE;31;0
2026-05-16 11:13:56;Cepheus-1-108Q;ONLINE;0;0
2026-05-16 11:13:56;Garnet;ONLINE;3;0
2026-05-16 11:13:56;Forte 1;OFFLINE;31;0
2026-05-16 12:14:01;Cepheus-1-108Q;ONLINE;0;0
2026-05-16 12:14:01;Garnet;ONLINE;4;0
2026-05-16 12:14:01;Forte 1;OFFLINE;31;0
2026-05-16 13:14:07;Cepheus-1-108Q;ONLINE;0;0
2026-05-16 13:14:07;Garnet;ONLINE;4;0
2026-05-16 13:14:07;Forte 1;OFFLINE;31;0
2026-05-16 14:14:12;Cepheus-1-108Q;ONLINE;2;0
2026-05-16 14:14:12;Garnet;ONLINE;6;0
2026-05-16 14:14:12;Forte 1;OFFLINE;31;0
2026-05-16 15:14:17;Cepheus-1-108Q;ONLINE;1;0
2026-05-16 15:14:17;Garnet;ONLINE;7;0
2026-05-16 15:14:17;Forte 1;OFFLINE;31;0
2026-05-16 16:14:22;Cepheus-1-108Q;ONLINE;0;0
2026-05-16 16:14:22;Garnet;ONLINE;7;0
2026-05-16 16:14:22;Forte 1;OFFLINE;31;0
2026-05-16 17:14:27;Cepheus-1-108Q;ONLINE;0;0
2026-05-16 17:14:27;Garnet;ONLINE;9;0
2026-05-16 17:14:27;Forte 1;OFFLINE;31;0
2026-05-16 18:14:32;Cepheus-1-108Q;ONLINE;1;0
2026-05-16 18:14:32;Garnet;ONLINE;9;0
2026-05-16 18:14:32;Forte 1;OFFLINE;31;0
2026-05-16 19:14:37;Cepheus-1-108Q;ONLINE;1;0
2026-05-16 19:14:37;Garnet;ONLINE;9;0
2026-05-16 19:14:37;Forte 1;OFFLINE;31;0
2026-05-16 20:14:42;Cepheus-1-108Q;ONLINE;1;0
2026-05-16 20:14:42;Garnet;ONLINE;11;0
2026-05-16 20:14:42;Forte 1;OFFLINE;31;0
2026-05-16 21:14:48;Cepheus-1-108Q;ONLINE;0;0
2026-05-16 21:14:48;Garnet;ONLINE;12;0
2026-05-16 21:14:48;Forte 1;OFFLINE;31;0
2026-05-16 22:14:53;Cepheus-1-108Q;ONLINE;0;0
2026-05-16 22:14:53;Garnet;ONLINE;13;0
2026-05-16 22:14:53;Forte 1;OFFLINE;31;0
2026-05-16 23:14:58;Cepheus-1-108Q;ONLINE;0;0
2026-05-16 23:14:58;Garnet;ONLINE;13;0
2026-05-16 23:14:58;Forte 1;OFFLINE;31;0
2026-05-17 00:15:03;Cepheus-1-108Q;ONLINE;0;0
2026-05-17 00:15:03;Garnet;ONLINE;14;0
2026-05-17 00:15:03;Forte 1;OFFLINE;31;0
2026-05-17 01:15:09;Cepheus-1-108Q;ONLINE;0;0
2026-05-17 01:15:09;Garnet;ONLINE;14;0
2026-05-17 01:15:09;Forte 1;OFFLINE;31;0
2026-05-17 02:15:15;Cepheus-1-108Q;ONLINE;0;0
2026-05-17 02:15:15;Garnet;ONLINE;14;0
2026-05-17 02:15:15;Forte 1;OFFLINE;31;0
2026-05-17 03:15:20;Cepheus-1-108Q;ONLINE;0;0
2026-05-17 03:15:20;Garnet;ONLINE;14;0
2026-05-17 03:15:20;Forte 1;OFFLINE;31;0
2026-05-17 04:15:25;Cepheus-1-108Q;ONLINE;0;0
2026-05-17 04:15:25;Garnet;ONLINE;14;0
2026-05-17 04:15:25;Forte 1;OFFLINE;31;0
2026-05-17 05:15:30;Cepheus-1-108Q;ONLINE;0;0
2026-05-17 05:15:30;Garnet;ONLINE;14;0
2026-05-17 05:15:30;Forte 1;OFFLINE;31;0
2026-05-17 06:15:35;Cepheus-1-108Q;ONLINE;0;0
2026-05-17 06:15:35;Garnet;ONLINE;14;0
2026-05-17 06:15:35;Forte 1;OFFLINE;31;0
2026-05-17 07:15:41;Cepheus-1-108Q;ONLINE;0;0
2026-05-17 07:15:41;Garnet;ONLINE;14;0
2026-05-17 07:15:41;Forte 1;OFFLINE;31;0
2026-05-17 08:15:46;Cepheus-1-108Q;ONLINE;0;0
2026-05-17 08:15:46;Garnet;ONLINE;14;0
2026-05-17 08:15:46;Forte 1;OFFLINE;31;0
2026-05-17 09:15:51;Cepheus-1-108Q;ONLINE;0;0
2026-05-17 09:15:51;Garnet;ONLINE;16;0
2026-05-17 09:15:51;Forte 1;OFFLINE;31;0
2026-05-17 10:15:56;Cepheus-1-108Q;ONLINE;0;0
2026-05-17 10:15:56;Garnet;ONLINE;16;0
2026-05-17 10:15:56;Forte 1;OFFLINE;31;0
2026-05-17 11:16:02;Cepheus-1-108Q;ONLINE;1;0
2026-05-17 11:16:02;Garnet;ONLINE;16;0
2026-05-17 11:16:02;Forte 1;OFFLINE;31;0
2026-05-17 12:16:07;Cepheus-1-108Q;ONLINE;1;0
2026-05-17 12:16:07;Garnet;ONLINE;16;0
2026-05-17 12:16:07;Forte 1;OFFLINE;31;0
2026-05-17 13:16:12;Cepheus-1-108Q;ONLINE;0;0
2026-05-17 13:16:12;Garnet;ONLINE;16;0
2026-05-17 13:16:12;Forte 1;OFFLINE;31;0
2026-05-17 14:16:17;Cepheus-1-108Q;ONLINE;1;0
2026-05-17 14:16:17;Garnet;ONLINE;16;0
2026-05-17 14:16:17;Forte 1;OFFLINE;31;0
2026-05-17 15:16:22;Cepheus-1-108Q;ONLINE;0;0
2026-05-17 15:16:22;Garnet;ONLINE;16;0
2026-05-17 15:16:22;Forte 1;OFFLINE;31;0
2026-05-17 16:16:28;Cepheus-1-108Q;ONLINE;0;0
2026-05-17 16:16:28;Garnet;ONLINE;17;0
2026-05-17 16:16:28;Forte 1;OFFLINE;31;0
2026-05-17 17:16:33;Cepheus-1-108Q;ONLINE;0;0
2026-05-17 17:16:33;Garnet;ONLINE;17;0
2026-05-17 17:16:33;Forte 1;OFFLINE;31;0
2026-05-17 18:16:38;Cepheus-1-108Q;ONLINE;0;0
2026-05-17 18:16:38;Garnet;ONLINE;17;0
2026-05-17 18:16:38;Forte 1;OFFLINE;31;0
2026-05-17 19:16:43;Cepheus-1-108Q;ONLINE;0;0
2026-05-17 19:16:43;Garnet;ONLINE;18;0
2026-05-17 19:16:43;Forte 1;OFFLINE;31;0
2026-05-17 20:16:49;Cepheus-1-108Q;ONLINE;2;0
2026-05-17 20:16:49;Garnet;ONLINE;19;0
2026-05-17 20:16:49;Forte 1;OFFLINE;31;0
2026-05-17 21:16:54;Cepheus-1-108Q;ONLINE;0;0
2026-05-17 21:16:54;Garnet;ONLINE;19;0
2026-05-17 21:16:54;Forte 1;OFFLINE;31;0
2026-05-17 22:16:59;Cepheus-1-108Q;ONLINE;0;0
2026-05-17 22:16:59;Garnet;ONLINE;21;0
2026-05-17 22:16:59;Forte 1;OFFLINE;31;0
2026-05-17 23:17:04;Cepheus-1-108Q;ONLINE;0;0
2026-05-17 23:17:04;Garnet;ONLINE;23;0
2026-05-17 23:17:04;Forte 1;OFFLINE;31;0
2026-05-18 00:17:10;Cepheus-1-108Q;ONLINE;0;0
2026-05-18 00:17:10;Garnet;ONLINE;0;0
2026-05-18 00:17:10;Forte 1;OFFLINE;31;0
2026-05-18 01:17:16;Cepheus-1-108Q;ONLINE;0;0
2026-05-18 01:17:16;Garnet;ONLINE;0;0
2026-05-18 01:17:16;Forte 1;OFFLINE;31;0
2026-05-18 02:17:22;Cepheus-1-108Q;ONLINE;0;0
2026-05-18 02:17:22;Garnet;ONLINE;2;0
2026-05-18 02:17:22;Forte 1;OFFLINE;31;0
2026-05-18 03:17:27;Cepheus-1-108Q;ONLINE;0;0
2026-05-18 03:17:27;Garnet;ONLINE;1;0
2026-05-18 03:17:27;Forte 1;OFFLINE;31;0
2026-05-18 04:17:32;Cepheus-1-108Q;ONLINE;0;0
2026-05-18 04:17:32;Garnet;ONLINE;0;0
2026-05-18 04:17:32;Forte 1;OFFLINE;31;0
2026-05-18 05:17:37;Cepheus-1-108Q;ONLINE;0;0
2026-05-18 05:17:37;Garnet;ONLINE;0;0
2026-05-18 05:17:37;Forte 1;OFFLINE;31;0
2026-05-18 06:17:42;Cepheus-1-108Q;ONLINE;0;0
2026-05-18 06:17:42;Garnet;ONLINE;0;0
2026-05-18 06:17:42;Forte 1;OFFLINE;31;0
2026-05-18 07:17:47;Cepheus-1-108Q;ONLINE;1;0
2026-05-18 07:17:47;Garnet;ONLINE;1;0
2026-05-18 07:17:47;Forte 1;OFFLINE;31;0
2026-05-18 08:17:53;Cepheus-1-108Q;ONLINE;2;0
2026-05-18 08:17:53;Garnet;ONLINE;1;0
2026-05-18 08:17:53;Forte 1;OFFLINE;31;0
2026-05-18 09:17:59;Cepheus-1-108Q;ONLINE;0;0
2026-05-18 09:17:59;Garnet;ONLINE;0;0
2026-05-18 09:17:59;Forte 1;OFFLINE;31;0
2026-05-18 10:18:04;Cepheus-1-108Q;ONLINE;0;0
2026-05-18 10:18:04;Garnet;ONLINE;0;0
2026-05-18 10:18:04;Forte 1;OFFLINE;31;0
2026-05-18 11:18:10;Cepheus-1-108Q;ONLINE;0;0
2026-05-18 11:18:10;Garnet;ONLINE;1;0
2026-05-18 11:18:10;Forte 1;OFFLINE;31;0
2026-05-18 12:18:15;Cepheus-1-108Q;ONLINE;0;0
2026-05-18 12:18:15;Garnet;ONLINE;1;0
2026-05-18 12:18:15;Forte 1;OFFLINE;31;0
2026-05-18 13:18:20;Cepheus-1-108Q;ONLINE;0;0
2026-05-18 13:18:20;Garnet;ONLINE;0;0
2026-05-18 13:18:20;Forte 1;OFFLINE;31;0
2026-05-18 14:18:26;Cepheus-1-108Q;ONLINE;0;0
2026-05-18 14:18:26;Garnet;ONLINE;0;0
2026-05-18 14:18:26;Forte 1;OFFLINE;31;0
2026-05-18 15:18:31;Cepheus-1-108Q;ONLINE;1;0
2026-05-18 15:18:31;Garnet;ONLINE;0;0
2026-05-18 15:18:31;Forte 1;OFFLINE;31;0
2026-05-18 16:18:36;Cepheus-1-108Q;ONLINE;0;0
2026-05-18 16:18:36;Garnet;ONLINE;7;0
2026-05-18 16:18:36;Forte 1;OFFLINE;31;0
2026-05-18 17:18:42;Cepheus-1-108Q;ONLINE;0;0
2026-05-18 17:18:42;Garnet;ONLINE;0;0
2026-05-18 17:18:42;Forte 1;OFFLINE;31;0
2026-05-18 18:18:47;Cepheus-1-108Q;ONLINE;0;0
2026-05-18 18:18:47;Garnet;ONLINE;0;0
2026-05-18 18:18:47;Forte 1;OFFLINE;31;0
2026-05-18 19:18:52;Cepheus-1-108Q;ONLINE;0;0
2026-05-18 19:18:52;Garnet;ONLINE;0;0
2026-05-18 19:18:52;Forte 1;OFFLINE;31;0
2026-05-18 20:18:57;Cepheus-1-108Q;ONLINE;0;0
2026-05-18 20:18:57;Garnet;ONLINE;0;0
2026-05-18 20:18:57;Forte 1;OFFLINE;31;0
2026-05-18 21:19:03;Cepheus-1-108Q;ONLINE;0;0
2026-05-18 21:19:03;Garnet;ONLINE;1;0
2026-05-18 21:19:03;Forte 1;OFFLINE;31;0
2026-05-18 22:19:08;Cepheus-1-108Q;ONLINE;0;0
2026-05-18 22:19:08;Garnet;ONLINE;4;0
2026-05-18 22:19:08;Forte 1;OFFLINE;31;0
2026-05-18 23:19:13;Cepheus-1-108Q;ONLINE;0;0
2026-05-18 23:19:13;Garnet;ONLINE;1;0
2026-05-18 23:19:13;Forte 1;OFFLINE;31;0
2026-05-19 00:19:19;Cepheus-1-108Q;ONLINE;0;0
2026-05-19 00:19:19;Garnet;ONLINE;1;0
2026-05-19 00:19:19;Forte 1;OFFLINE;31;0
2026-05-19 01:19:24;Cepheus-1-108Q;ONLINE;0;0
2026-05-19 01:19:24;Garnet;ONLINE;0;0
2026-05-19 01:19:24;Forte 1;OFFLINE;31;0
2026-05-19 02:19:29;Cepheus-1-108Q;ONLINE;0;0
2026-05-19 02:19:29;Garnet;ONLINE;1;0
2026-05-19 02:19:29;Forte 1;OFFLINE;31;0
2026-05-19 03:19:35;Cepheus-1-108Q;ONLINE;0;0
2026-05-19 03:19:35;Garnet;ONLINE;0;0
2026-05-19 03:19:35;Forte 1;OFFLINE;31;0
2026-05-19 04:19:40;Cepheus-1-108Q;ONLINE;0;0
2026-05-19 04:19:40;Garnet;ONLINE;1;0
2026-05-19 04:19:40;Forte 1;OFFLINE;31;0
2026-05-19 05:19:45;Cepheus-1-108Q;ONLINE;0;0
2026-05-19 05:19:45;Garnet;ONLINE;1;0
2026-05-19 05:19:45;Forte 1;OFFLINE;31;0
2026-05-19 06:19:50;Cepheus-1-108Q;ONLINE;0;0
2026-05-19 06:19:50;Garnet;ONLINE;0;0
2026-05-19 06:19:50;Forte 1;OFFLINE;31;0
2026-05-19 07:19:55;Cepheus-1-108Q;ONLINE;1;0
2026-05-19 07:19:55;Garnet;ONLINE;3;0
2026-05-19 07:19:55;Forte 1;OFFLINE;31;0
2026-05-19 08:20:00;Cepheus-1-108Q;ONLINE;2;0
2026-05-19 08:20:00;Garnet;ONLINE;4;0
2026-05-19 08:20:00;Forte 1;OFFLINE;31;0
2026-05-19 09:20:06;Cepheus-1-108Q;ONLINE;0;0
2026-05-19 09:20:06;Garnet;ONLINE;1;0
2026-05-19 09:20:06;Forte 1;OFFLINE;31;0
2026-05-19 10:20:11;Cepheus-1-108Q;ONLINE;0;0
2026-05-19 10:20:11;Garnet;ONLINE;1;0
2026-05-19 10:20:11;Forte 1;OFFLINE;31;0
2026-05-19 11:20:16;Cepheus-1-108Q;ONLINE;1;0
2026-05-19 11:20:16;Garnet;ONLINE;1;0
2026-05-19 11:20:16;Forte 1;OFFLINE;31;0
2026-05-19 12:20:21;Cepheus-1-108Q;ONLINE;0;0
2026-05-19 12:20:21;Garnet;ONLINE;1;0
2026-05-19 12:20:21;Forte 1;OFFLINE;31;0
2026-05-19 13:20:26;Cepheus-1-108Q;ONLINE;0;0
2026-05-19 13:20:26;Garnet;ONLINE;1;0
2026-05-19 13:20:26;Forte 1;OFFLINE;31;0
2026-05-19 14:20:32;Cepheus-1-108Q;ONLINE;0;0
2026-05-19 14:20:32;Garnet;ONLINE;0;0
2026-05-19 14:20:32;Forte 1;OFFLINE;31;0
2026-05-19 15:20:37;Cepheus-1-108Q;ONLINE;0;0
2026-05-19 15:20:37;Garnet;ONLINE;1;0
2026-05-19 15:20:37;Forte 1;OFFLINE;31;0
2026-05-19 16:20:42;Cepheus-1-108Q;ONLINE;0;0
2026-05-19 16:20:42;Garnet;ONLINE;8;0
2026-05-19 16:20:42;Forte 1;OFFLINE;31;0
2026-05-19 17:20:47;Cepheus-1-108Q;ONLINE;0;0
2026-05-19 17:20:47;Garnet;ONLINE;0;0
2026-05-19 17:20:47;Forte 1;OFFLINE;31;0
2026-05-19 18:20:53;Cepheus-1-108Q;ONLINE;0;0
2026-05-19 18:20:53;Garnet;ONLINE;1;0
2026-05-19 18:20:53;Forte 1;OFFLINE;31;0
2026-05-19 19:20:58;Cepheus-1-108Q;ONLINE;0;0
2026-05-19 19:20:58;Garnet;ONLINE;0;0
2026-05-19 19:20:58;Forte 1;OFFLINE;31;0
2026-05-19 20:21:04;Cepheus-1-108Q;ONLINE;1;0
2026-05-19 20:21:04;Garnet;ONLINE;0;0
2026-05-19 20:21:04;Forte 1;OFFLINE;31;0
2026-05-19 21:21:09;Cepheus-1-108Q;ONLINE;3;0
2026-05-19 21:21:09;Garnet;ONLINE;0;0
2026-05-19 21:21:09;Forte 1;OFFLINE;0;0
2026-05-19 22:21:14;Cepheus-1-108Q;ONLINE;0;0
2026-05-19 22:21:14;Garnet;ONLINE;0;0
2026-05-19 22:21:14;Forte 1;OFFLINE;0;0
2026-05-19 23:21:20;Cepheus-1-108Q;ONLINE;0;0
2026-05-19 23:21:20;Garnet;ONLINE;0;0
2026-05-19 23:21:20;Forte 1;OFFLINE;0;0
2026-05-20 00:21:25;Cepheus-1-108Q;ONLINE;0;0
2026-05-20 00:21:25;Garnet;ONLINE;0;0
2026-05-20 00:21:25;Forte 1;OFFLINE;0;0
2026-05-20 01:21:31;Cepheus-1-108Q;ONLINE;0;0
2026-05-20 01:21:31;Garnet;ONLINE;0;0
2026-05-20 01:21:31;Forte 1;OFFLINE;0;0
2026-05-20 02:21:36;Cepheus-1-108Q;ONLINE;0;0
2026-05-20 02:21:36;Garnet;ONLINE;1;0
2026-05-20 02:21:36;Forte 1;OFFLINE;0;0
2026-05-20 03:21:41;Cepheus-1-108Q;ONLINE;1;0
2026-05-20 03:21:41;Garnet;ONLINE;0;0
2026-05-20 03:21:41;Forte 1;OFFLINE;0;0
2026-05-20 04:21:46;Cepheus-1-108Q;ONLINE;0;0
2026-05-20 04:21:46;Garnet;ONLINE;0;0
2026-05-20 04:21:46;Forte 1;OFFLINE;0;0
2026-05-20 05:21:51;Cepheus-1-108Q;ONLINE;0;0
2026-05-20 05:21:51;Garnet;ONLINE;0;0
2026-05-20 05:21:51;Forte 1;OFFLINE;0;0
2026-05-20 06:21:57;Cepheus-1-108Q;ONLINE;0;0
2026-05-20 06:21:57;Garnet;ONLINE;0;0
2026-05-20 06:21:57;Forte 1;OFFLINE;0;0
2026-05-20 07:22:02;Cepheus-1-108Q;ONLINE;0;0
2026-05-20 07:22:02;Garnet;ONLINE;0;0
2026-05-20 07:22:02;Forte 1;OFFLINE;0;0
2026-05-20 08:22:07;Cepheus-1-108Q;ONLINE;0;0
2026-05-20 08:22:07;Garnet;ONLINE;0;0
2026-05-20 08:22:07;Forte 1;OFFLINE;0;0
2026-05-20 09:22:13;Cepheus-1-108Q;ONLINE;0;0
2026-05-20 09:22:13;Garnet;ONLINE;0;0
2026-05-20 09:22:13;Forte 1;OFFLINE;0;0
2026-05-20 10:22:18;Cepheus-1-108Q;ONLINE;0;0
2026-05-20 10:22:18;Garnet;ONLINE;0;0
2026-05-20 10:22:18;Forte 1;OFFLINE;0;0
2026-05-20 11:22:24;Cepheus-1-108Q;ONLINE;0;0
2026-05-20 11:22:24;Garnet;ONLINE;0;0
2026-05-20 11:22:24;Forte 1;OFFLINE;0;0
2026-05-20 12:22:29;Cepheus-1-108Q;ONLINE;0;0
2026-05-20 12:22:29;Garnet;ONLINE;0;0
2026-05-20 12:22:29;Forte 1;OFFLINE;0;0
2026-05-20 13:22:34;Cepheus-1-108Q;ONLINE;0;0
2026-05-20 13:22:34;Garnet;ONLINE;0;0
2026-05-20 13:22:34;Forte 1;OFFLINE;0;0
2026-05-20 14:22:39;Cepheus-1-108Q;ONLINE;2;0
2026-05-20 14:22:39;Garnet;ONLINE;0;0
2026-05-20 14:22:39;Forte 1;OFFLINE;0;0
2026-05-20 15:22:44;Cepheus-1-108Q;ONLINE;0;0
2026-05-20 15:22:44;Garnet;ONLINE;0;0
2026-05-20 15:22:44;Forte 1;OFFLINE;0;0
2026-05-20 16:22:49;Cepheus-1-108Q;ONLINE;0;0
2026-05-20 16:22:49;Garnet;ONLINE;6;0
2026-05-20 16:22:49;Forte 1;OFFLINE;0;0
2026-05-20 17:22:55;Cepheus-1-108Q;ONLINE;0;0
2026-05-20 17:22:55;Garnet;ONLINE;1;0
2026-05-20 17:22:55;Forte 1;OFFLINE;0;0
2026-05-20 18:23:00;Cepheus-1-108Q;ONLINE;4;0
2026-05-20 18:23:00;Garnet;ONLINE;1;0
2026-05-20 18:23:00;Forte 1;OFFLINE;0;0
2026-05-20 19:23:06;Cepheus-1-108Q;ONLINE;3;0
2026-05-20 19:23:06;Garnet;ONLINE;0;0
2026-05-20 19:23:06;Forte 1;OFFLINE;0;0
2026-05-20 20:23:11;Cepheus-1-108Q;ONLINE;5;0
2026-05-20 20:23:11;Garnet;ONLINE;0;0
2026-05-20 20:23:11;Forte 1;OFFLINE;0;0
2026-05-20 21:23:16;Cepheus-1-108Q;ONLINE;6;0
2026-05-20 21:23:16;Garnet;ONLINE;0;0
2026-05-20 21:23:16;Forte 1;OFFLINE;0;0
2026-05-20 22:23:21;Cepheus-1-108Q;ONLINE;1;0
2026-05-20 22:23:21;Garnet;ONLINE;0;0
2026-05-20 22:23:21;Forte 1;OFFLINE;0;0
2026-05-20 23:23:26;Cepheus-1-108Q;ONLINE;0;0
2026-05-20 23:23:26;Garnet;ONLINE;1;0
2026-05-20 23:23:26;Forte 1;OFFLINE;0;0
2026-05-21 00:23:31;Cepheus-1-108Q;ONLINE;2;0
2026-05-21 00:23:31;Garnet;ONLINE;0;0
2026-05-21 00:23:31;Forte 1;OFFLINE;0;0
2026-05-21 01:23:36;Cepheus-1-108Q;ONLINE;1;0
2026-05-21 01:23:36;Garnet;ONLINE;0;0
2026-05-21 01:23:36;Forte 1;OFFLINE;0;0
2026-05-21 02:23:41;Cepheus-1-108Q;ONLINE;0;0
2026-05-21 02:23:41;Garnet;ONLINE;1;0
2026-05-21 02:23:41;Forte 1;OFFLINE;0;0
2026-05-21 03:23:47;Cepheus-1-108Q;ONLINE;3;0
2026-05-21 03:23:47;Garnet;ONLINE;0;0
2026-05-21 03:23:47;Forte 1;OFFLINE;0;0
2026-05-21 04:23:52;Cepheus-1-108Q;ONLINE;0;0
2026-05-21 04:23:52;Garnet;ONLINE;0;0
2026-05-21 04:23:52;Forte 1;OFFLINE;0;0
2026-05-21 05:23:57;Cepheus-1-108Q;ONLINE;0;0
2026-05-21 05:23:57;Garnet;ONLINE;0;0
2026-05-21 05:23:57;Forte 1;OFFLINE;0;0
2026-05-21 06:24:02;Cepheus-1-108Q;ONLINE;0;0
2026-05-21 06:24:02;Garnet;ONLINE;0;0
2026-05-21 06:24:02;Forte 1;OFFLINE;0;0
2026-05-21 07:24:08;Cepheus-1-108Q;ONLINE;1;0
2026-05-21 07:24:08;Garnet;ONLINE;0;0
2026-05-21 07:24:08;Forte 1;OFFLINE;0;0
2026-05-21 08:24:13;Cepheus-1-108Q;ONLINE;1;0
2026-05-21 08:24:13;Garnet;ONLINE;0;0
2026-05-21 08:24:13;Forte 1;OFFLINE;0;0
2026-05-21 09:24:18;Cepheus-1-108Q;ONLINE;0;0
2026-05-21 09:24:18;Garnet;ONLINE;0;0
2026-05-21 09:24:18;Forte 1;OFFLINE;0;0
2026-05-21 10:24:23;Cepheus-1-108Q;ONLINE;0;0
2026-05-21 10:24:23;Garnet;ONLINE;0;0
2026-05-21 10:24:23;Forte 1;OFFLINE;0;0
2026-05-21 11:24:29;Cepheus-1-108Q;ONLINE;0;0
2026-05-21 11:24:29;Garnet;ONLINE;1;0
2026-05-21 11:24:29;Forte 1;OFFLINE;0;0
2026-05-21 12:24:34;Cepheus-1-108Q;ONLINE;0;0
2026-05-21 12:24:34;Garnet;ONLINE;0;0
2026-05-21 12:24:34;Forte 1;OFFLINE;0;0
2026-05-21 13:24:40;Cepheus-1-108Q;ONLINE;0;0
2026-05-21 13:24:40;Garnet;ONLINE;0;0
2026-05-21 13:24:40;Forte 1;OFFLINE;0;0
2026-05-21 14:24:46;Cepheus-1-108Q;ONLINE;1;0
2026-05-21 14:24:46;Garnet;ONLINE;0;0
2026-05-21 14:24:46;Forte 1;OFFLINE;0;0
2026-05-21 15:24:51;Cepheus-1-108Q;ONLINE;0;0
2026-05-21 15:24:51;Garnet;ONLINE;0;0
2026-05-21 15:24:51;Forte 1;OFFLINE;0;0
2026-05-21 16:24:57;Cepheus-1-108Q;ONLINE;0;0
2026-05-21 16:24:57;Garnet;ONLINE;6;0
2026-05-21 16:24:57;Forte 1;OFFLINE;0;0
2026-05-21 17:25:02;Cepheus-1-108Q;ONLINE;0;0
2026-05-21 17:25:02;Garnet;ONLINE;0;0
2026-05-21 17:25:02;Forte 1;OFFLINE;0;0
2026-05-21 18:25:07;Cepheus-1-108Q;ONLINE;0;0
2026-05-21 18:25:07;Garnet;ONLINE;0;0
2026-05-21 18:25:07;Forte 1;OFFLINE;0;0
2026-05-21 19:25:12;Cepheus-1-108Q;ONLINE;1;0
2026-05-21 19:25:12;Garnet;ONLINE;0;0
2026-05-21 19:25:12;Forte 1;OFFLINE;0;0
2026-05-21 20:25:17;Cepheus-1-108Q;ONLINE;2;0
2026-05-21 20:25:17;Garnet;ONLINE;0;0
2026-05-21 20:25:17;Forte 1;OFFLINE;0;0
2026-05-21 21:25:22;Cepheus-1-108Q;ONLINE;0;0
2026-05-21 21:25:22;Garnet;ONLINE;0;0
2026-05-21 21:25:22;Forte 1;OFFLINE;0;0
2026-05-21 22:25:28;Cepheus-1-108Q;ONLINE;0;0
2026-05-21 22:25:28;Garnet;ONLINE;0;0
2026-05-21 22:25:28;Forte 1;OFFLINE;0;0
2026-05-21 23:25:33;Cepheus-1-108Q;ONLINE;0;0
2026-05-21 23:25:33;Garnet;ONLINE;0;0
2026-05-21 23:25:33;Forte 1;OFFLINE;0;0
2026-05-22 00:25:38;Cepheus-1-108Q;ONLINE;0;0
2026-05-22 00:25:38;Garnet;ONLINE;0;0
2026-05-22 00:25:38;Forte 1;OFFLINE;0;0
2026-05-22 01:25:44;Cepheus-1-108Q;ONLINE;0;0
2026-05-22 01:25:44;Garnet;ONLINE;0;0
2026-05-22 01:25:44;Forte 1;OFFLINE;0;0
2026-05-22 02:25:49;Cepheus-1-108Q;ONLINE;0;0
2026-05-22 02:25:49;Garnet;ONLINE;1;0
2026-05-22 02:25:49;Forte 1;OFFLINE;0;0
2026-05-22 03:25:54;Cepheus-1-108Q;ONLINE;0;0
2026-05-22 03:25:54;Garnet;ONLINE;0;0
2026-05-22 03:25:54;Forte 1;OFFLINE;0;0
2026-05-22 04:26:00;Cepheus-1-108Q;ONLINE;0;0
2026-05-22 04:26:00;Garnet;ONLINE;0;0
2026-05-22 04:26:00;Forte 1;OFFLINE;0;0
2026-05-22 05:26:05;Cepheus-1-108Q;ONLINE;0;0
2026-05-22 05:26:05;Garnet;ONLINE;0;0
2026-05-22 05:26:05;Forte 1;OFFLINE;0;0
2026-05-22 06:26:10;Cepheus-1-108Q;ONLINE;0;0
2026-05-22 06:26:10;Garnet;ONLINE;0;0
2026-05-22 06:26:10;Forte 1;OFFLINE;0;0
2026-05-22 07:26:16;Cepheus-1-108Q;ONLINE;0;0
2026-05-22 07:26:16;Garnet;ONLINE;0;0
2026-05-22 07:26:16;Forte 1;OFFLINE;0;0
2026-05-22 08:26:21;Cepheus-1-108Q;ONLINE;0;0
2026-05-22 08:26:21;Garnet;ONLINE;5;0
2026-05-22 08:26:21;Forte 1;OFFLINE;0;0
2026-05-22 09:26:27;Cepheus-1-108Q;ONLINE;0;0
2026-05-22 09:26:27;Garnet;ONLINE;0;0
2026-05-22 09:26:27;Forte 1;OFFLINE;0;0
2026-05-22 10:26:31;Cepheus-1-108Q;ONLINE;0;0
2026-05-22 10:26:31;Garnet;ONLINE;1;0
2026-05-22 10:26:31;Forte 1;OFFLINE;0;0
2026-05-22 11:26:36;Cepheus-1-108Q;ONLINE;0;0
2026-05-22 11:26:36;Garnet;ONLINE;0;0
2026-05-22 11:26:36;Forte 1;OFFLINE;0;0
2026-05-22 12:26:42;Cepheus-1-108Q;ONLINE;0;0
2026-05-22 12:26:42;Garnet;ONLINE;0;0
2026-05-22 12:26:42;Forte 1;OFFLINE;0;0
2026-05-22 13:26:47;Cepheus-1-108Q;ONLINE;0;0
2026-05-22 13:26:47;Garnet;ONLINE;0;0
2026-05-22 13:26:47;Forte 1;OFFLINE;0;0
2026-05-22 14:26:52;Cepheus-1-108Q;ONLINE;0;0
2026-05-22 14:26:52;Garnet;ONLINE;1;0
2026-05-22 14:26:52;Forte 1;OFFLINE;0;0
2026-05-22 15:26:58;Cepheus-1-108Q;ONLINE;1;0
2026-05-22 15:26:58;Garnet;ONLINE;0;0
2026-05-22 15:26:58;Forte 1;OFFLINE;0;0
2026-05-22 16:27:03;Cepheus-1-108Q;ONLINE;0;0
2026-05-22 16:27:03;Garnet;ONLINE;8;0
2026-05-22 16:27:03;Forte 1;OFFLINE;0;0
2026-05-22 17:27:08;Cepheus-1-108Q;ONLINE;0;0
2026-05-22 17:27:08;Garnet;ONLINE;0;0
2026-05-22 17:27:08;Forte 1;OFFLINE;0;0
2026-05-22 18:27:14;Cepheus-1-108Q;ONLINE;0;0
2026-05-22 18:27:14;Garnet;ONLINE;0;0
2026-05-22 18:27:14;Forte 1;OFFLINE;0;0
2026-05-22 19:27:19;Cepheus-1-108Q;ONLINE;0;0
2026-05-22 19:27:19;Garnet;ONLINE;0;0
2026-05-22 19:27:19;Forte 1;OFFLINE;0;0
2026-05-22 20:27:24;Cepheus-1-108Q;ONLINE;2;0
2026-05-22 20:27:24;Garnet;ONLINE;0;0
2026-05-22 20:27:24;Forte 1;OFFLINE;0;0
2026-05-22 21:27:29;Cepheus-1-108Q;ONLINE;4;0
2026-05-22 21:27:29;Garnet;ONLINE;0;0
2026-05-22 21:27:29;Forte 1;OFFLINE;0;0
2026-05-22 22:27:34;Cepheus-1-108Q;ONLINE;7;0
2026-05-22 22:27:34;Garnet;ONLINE;0;0
2026-05-22 22:27:34;Forte 1;OFFLINE;0;0
2026-05-22 23:27:39;Cepheus-1-108Q;ONLINE;1;0
2026-05-22 23:27:39;Garnet;ONLINE;0;0
2026-05-22 23:27:39;Forte 1;OFFLINE;0;0
2026-05-23 00:27:44;Cepheus-1-108Q;ONLINE;0;0
2026-05-23 00:27:44;Garnet;ONLINE;2;0
2026-05-23 00:27:44;Forte 1;OFFLINE;0;0
2026-05-23 01:27:50;Cepheus-1-108Q;ONLINE;5;0
2026-05-23 01:27:50;Garnet;ONLINE;2;0
2026-05-23 01:27:50;Forte 1;OFFLINE;0;0
2026-05-23 02:27:55;Cepheus-1-108Q;ONLINE;1;0
2026-05-23 02:27:55;Garnet;ONLINE;6;0
2026-05-23 02:27:55;Forte 1;OFFLINE;0;0
2026-05-23 03:28:00;Cepheus-1-108Q;ONLINE;2;0
2026-05-23 03:28:00;Garnet;ONLINE;6;0
2026-05-23 03:28:00;Forte 1;OFFLINE;0;0
2026-05-23 04:28:05;Cepheus-1-108Q;ONLINE;3;0
2026-05-23 04:28:05;Garnet;ONLINE;6;0
2026-05-23 04:28:05;Forte 1;OFFLINE;0;0
2026-05-23 05:28:10;Cepheus-1-108Q;ONLINE;0;0
2026-05-23 05:28:10;Garnet;ONLINE;6;0
2026-05-23 05:28:10;Forte 1;OFFLINE;0;0
2026-05-23 06:28:16;Cepheus-1-108Q;ONLINE;0;0
2026-05-23 06:28:16;Garnet;ONLINE;6;0
2026-05-23 06:28:16;Forte 1;OFFLINE;0;0
2026-05-23 07:28:21;Cepheus-1-108Q;ONLINE;0;0
2026-05-23 07:28:21;Garnet;ONLINE;6;0
2026-05-23 07:28:21;Forte 1;OFFLINE;0;0
2026-05-23 08:28:26;Cepheus-1-108Q;ONLINE;1;0
2026-05-23 08:28:26;Garnet;ONLINE;6;0
2026-05-23 08:28:26;Forte 1;OFFLINE;0;0
2026-05-23 09:28:31;Cepheus-1-108Q;ONLINE;0;0
2026-05-23 09:28:31;Garnet;ONLINE;6;0
2026-05-23 09:28:31;Forte 1;OFFLINE;0;0
2026-05-23 10:28:37;Cepheus-1-108Q;ONLINE;0;0
2026-05-23 10:28:37;Garnet;ONLINE;6;0
2026-05-23 10:28:37;Forte 1;OFFLINE;0;0
2026-05-23 11:28:42;Cepheus-1-108Q;ONLINE;0;0
2026-05-23 11:28:42;Garnet;ONLINE;6;0
2026-05-23 11:28:42;Forte 1;OFFLINE;0;0
2026-05-23 12:28:47;Cepheus-1-108Q;ONLINE;0;0
2026-05-23 12:28:47;Garnet;ONLINE;6;0
2026-05-23 12:28:47;Forte 1;OFFLINE;0;0
2026-05-23 13:28:52;Cepheus-1-108Q;ONLINE;0;0
2026-05-23 13:28:52;Garnet;ONLINE;6;0
2026-05-23 13:28:52;Forte 1;OFFLINE;0;0
2026-05-23 14:28:58;Cepheus-1-108Q;ONLINE;2;0
2026-05-23 14:28:58;Garnet;ONLINE;6;0
2026-05-23 14:28:58;Forte 1;OFFLINE;0;0
2026-05-23 15:29:03;Cepheus-1-108Q;ONLINE;0;0
2026-05-23 15:29:03;Garnet;ONLINE;7;0
2026-05-23 15:29:03;Forte 1;OFFLINE;0;0
2026-05-23 16:29:09;Cepheus-1-108Q;ONLINE;0;0
2026-05-23 16:29:09;Garnet;ONLINE;9;0
2026-05-23 16:29:09;Forte 1;OFFLINE;0;0
2026-05-23 17:29:14;Cepheus-1-108Q;ONLINE;0;0
2026-05-23 17:29:14;Garnet;ONLINE;79;0
2026-05-23 17:29:14;Forte 1;OFFLINE;0;0
2026-05-23 18:29:19;Cepheus-1-108Q;ONLINE;0;0
2026-05-23 18:29:19;Garnet;ONLINE;81;0
2026-05-23 18:29:19;Forte 1;OFFLINE;0;0
2026-05-23 19:29:25;Cepheus-1-108Q;ONLINE;1;0
2026-05-23 19:29:25;Garnet;ONLINE;81;0
2026-05-23 19:29:25;Forte 1;OFFLINE;0;0
2026-05-23 20:29:30;Cepheus-1-108Q;ONLINE;3;0
2026-05-23 20:29:30;Garnet;ONLINE;81;0
2026-05-23 20:29:30;Forte 1;OFFLINE;0;0
2026-05-23 21:29:35;Cepheus-1-108Q;ONLINE;0;0
2026-05-23 21:29:35;Garnet;ONLINE;82;0
2026-05-23 21:29:35;Forte 1;OFFLINE;0;0
2026-05-23 22:29:40;Cepheus-1-108Q;ONLINE;0;0
2026-05-23 22:29:40;Garnet;ONLINE;89;0
2026-05-23 22:29:40;Forte 1;OFFLINE;0;0
2026-05-23 23:29:45;Cepheus-1-108Q;ONLINE;0;0
2026-05-23 23:29:45;Garnet;ONLINE;89;0
2026-05-23 23:29:45;Forte 1;OFFLINE;0;0
2026-05-24 00:29:50;Cepheus-1-108Q;ONLINE;0;0
2026-05-24 00:29:50;Garnet;ONLINE;90;0
2026-05-24 00:29:50;Forte 1;OFFLINE;0;0
2026-05-24 01:29:55;Cepheus-1-108Q;ONLINE;0;0
2026-05-24 01:29:55;Garnet;ONLINE;90;0
2026-05-24 01:29:55;Forte 1;OFFLINE;0;0
2026-05-24 02:30:00;Cepheus-1-108Q;ONLINE;0;0
2026-05-24 02:30:00;Garnet;ONLINE;91;0
2026-05-24 02:30:00;Forte 1;OFFLINE;0;0
2026-05-24 03:30:06;Cepheus-1-108Q;ONLINE;0;0
2026-05-24 03:30:06;Garnet;ONLINE;90;0
2026-05-24 03:30:06;Forte 1;OFFLINE;0;0
2026-05-24 04:30:11;Cepheus-1-108Q;ONLINE;1;0
2026-05-24 04:30:11;Garnet;ONLINE;91;0
2026-05-24 04:30:11;Forte 1;OFFLINE;0;0
2026-05-24 05:30:16;Cepheus-1-108Q;ONLINE;0;0
2026-05-24 05:30:16;Garnet;ONLINE;91;0
2026-05-24 05:30:16;Forte 1;OFFLINE;0;0
2026-05-24 06:30:21;Cepheus-1-108Q;ONLINE;0;0
2026-05-24 06:30:21;Garnet;ONLINE;91;0
2026-05-24 06:30:21;Forte 1;OFFLINE;0;0
2026-05-24 07:30:26;Cepheus-1-108Q;ONLINE;1;0
2026-05-24 07:30:26;Garnet;ONLINE;91;0
2026-05-24 07:30:26;Forte 1;OFFLINE;0;0
2026-05-24 08:30:32;Cepheus-1-108Q;ONLINE;2;0
2026-05-24 08:30:32;Garnet;ONLINE;91;0
2026-05-24 08:30:32;Forte 1;OFFLINE;0;0
2026-05-24 09:30:37;Cepheus-1-108Q;ONLINE;0;0
2026-05-24 09:30:37;Garnet;ONLINE;91;0
2026-05-24 09:30:37;Forte 1;OFFLINE;0;0
2026-05-24 10:30:43;Cepheus-1-108Q;ONLINE;0;0
2026-05-24 10:30:43;Garnet;ONLINE;91;0
2026-05-24 10:30:43;Forte 1;OFFLINE;0;0
2026-05-24 11:30:48;Cepheus-1-108Q;ONLINE;0;0
2026-05-24 11:30:48;Garnet;ONLINE;91;0
2026-05-24 11:30:48;Forte 1;OFFLINE;0;0
2026-05-24 12:30:53;Cepheus-1-108Q;ONLINE;0;0
2026-05-24 12:30:53;Garnet;ONLINE;91;0
2026-05-24 12:30:53;Forte 1;OFFLINE;0;0
2026-05-24 13:30:58;Cepheus-1-108Q;ONLINE;0;0
2026-05-24 13:30:58;Garnet;ONLINE;91;0
2026-05-24 13:30:58;Forte 1;OFFLINE;0;0
2026-05-24 14:31:03;Cepheus-1-108Q;ONLINE;0;0
2026-05-24 14:31:03;Garnet;ONLINE;91;0
2026-05-24 14:31:03;Forte 1;OFFLINE;0;0
2026-05-24 15:31:08;Cepheus-1-108Q;ONLINE;0;0
2026-05-24 15:31:08;Garnet;ONLINE;92;0
2026-05-24 15:31:08;Forte 1;OFFLINE;0;0
2026-05-24 16:31:13;Cepheus-1-108Q;ONLINE;0;0
2026-05-24 16:31:13;Garnet;ONLINE;92;0
2026-05-24 16:31:13;Forte 1;OFFLINE;0;0
2026-05-24 17:31:19;Cepheus-1-108Q;ONLINE;0;0
2026-05-24 17:31:19;Garnet;ONLINE;92;0
2026-05-24 17:31:19;Forte 1;OFFLINE;0;0
2026-05-24 18:31:24;Cepheus-1-108Q;ONLINE;0;0
2026-05-24 18:31:24;Garnet;ONLINE;92;0
2026-05-24 18:31:24;Forte 1;OFFLINE;0;0
2026-05-24 19:31:29;Cepheus-1-108Q;ONLINE;0;0
2026-05-24 19:31:29;Garnet;ONLINE;92;0
2026-05-24 19:31:29;Forte 1;OFFLINE;0;0
2026-05-24 20:31:34;Cepheus-1-108Q;ONLINE;1;0
2026-05-24 20:31:34;Garnet;ONLINE;92;0
2026-05-24 20:31:34;Forte 1;OFFLINE;0;0
2026-05-24 21:31:39;Cepheus-1-108Q;ONLINE;0;0
2026-05-24 21:31:39;Garnet;ONLINE;92;0
2026-05-24 21:31:39;Forte 1;OFFLINE;0;0
2026-05-24 22:31:44;Cepheus-1-108Q;ONLINE;0;0
2026-05-24 22:31:44;Garnet;ONLINE;92;0
2026-05-24 22:31:44;Forte 1;OFFLINE;0;0
2026-05-24 23:31:49;Cepheus-1-108Q;ONLINE;1;0
2026-05-24 23:31:49;Garnet;ONLINE;92;0
2026-05-24 23:31:49;Forte 1;OFFLINE;0;0
2026-05-25 00:31:55;Cepheus-1-108Q;ONLINE;1;0
2026-05-25 00:31:55;Garnet;ONLINE;0;0
2026-05-25 00:31:55;Forte 1;OFFLINE;0;0
2026-05-25 01:32:00;Cepheus-1-108Q;ONLINE;1;0
2026-05-25 01:32:00;Garnet;ONLINE;0;0
2026-05-25 01:32:00;Forte 1;OFFLINE;0;0
2026-05-25 02:32:06;Cepheus-1-108Q;ONLINE;1;0
2026-05-25 02:32:06;Garnet;ONLINE;1;0
2026-05-25 02:32:06;Forte 1;OFFLINE;0;0
2026-05-25 03:32:11;Cepheus-1-108Q;ONLINE;1;0
2026-05-25 03:32:11;Garnet;ONLINE;0;0
2026-05-25 03:32:11;Forte 1;OFFLINE;0;0
2026-05-25 04:32:16;Cepheus-1-108Q;ONLINE;1;0
2026-05-25 04:32:16;Garnet;ONLINE;0;0
2026-05-25 04:32:16;Forte 1;OFFLINE;0;0
2026-05-25 05:32:21;Cepheus-1-108Q;ONLINE;1;0
2026-05-25 05:32:21;Garnet;ONLINE;0;0
2026-05-25 05:32:21;Forte 1;OFFLINE;0;0
2026-05-25 06:32:26;Cepheus-1-108Q;ONLINE;1;0
2026-05-25 06:32:26;Garnet;ONLINE;0;0
2026-05-25 06:32:26;Forte 1;OFFLINE;0;0
2026-05-25 07:32:32;Cepheus-1-108Q;ONLINE;1;0
2026-05-25 07:32:32;Garnet;ONLINE;0;0
2026-05-25 07:32:32;Forte 1;OFFLINE;0;0
2026-05-25 08:32:37;Cepheus-1-108Q;ONLINE;1;0
2026-05-25 08:32:37;Garnet;ONLINE;0;0
2026-05-25 08:32:37;Forte 1;OFFLINE;0;0
2026-05-25 09:32:42;Cepheus-1-108Q;ONLINE;0;0
2026-05-25 09:32:42;Garnet;ONLINE;0;0
2026-05-25 09:32:42;Forte 1;OFFLINE;0;0
2026-05-25 10:32:48;Cepheus-1-108Q;ONLINE;0;0
2026-05-25 10:32:48;Garnet;ONLINE;0;0
2026-05-25 10:32:48;Forte 1;OFFLINE;0;0
2026-05-25 11:32:53;Cepheus-1-108Q;ONLINE;0;0
2026-05-25 11:32:53;Garnet;ONLINE;0;0
2026-05-25 11:32:53;Forte 1;OFFLINE;0;0
2026-05-25 12:32:58;Cepheus-1-108Q;ONLINE;0;0
2026-05-25 12:32:58;Garnet;ONLINE;0;0
2026-05-25 12:32:58;Forte 1;OFFLINE;0;0
2026-05-25 13:33:03;Cepheus-1-108Q;ONLINE;0;0
2026-05-25 13:33:03;Garnet;ONLINE;0;0
2026-05-25 13:33:03;Forte 1;OFFLINE;0;0
2026-05-25 14:33:08;Cepheus-1-108Q;ONLINE;1;0
2026-05-25 14:33:08;Garnet;ONLINE;0;0
2026-05-25 14:33:08;Forte 1;OFFLINE;0;0
2026-05-25 15:33:14;Cepheus-1-108Q;ONLINE;1;0
2026-05-25 15:33:14;Garnet;ONLINE;6;0
2026-05-25 15:33:14;Forte 1;OFFLINE;0;0
2026-05-25 16:33:19;Cepheus-1-108Q;ONLINE;0;0
2026-05-25 16:33:19;Garnet;ONLINE;6;0
2026-05-25 16:33:19;Forte 1;OFFLINE;0;0
2026-05-25 17:33:24;Cepheus-1-108Q;ONLINE;0;0
2026-05-25 17:33:24;Garnet;ONLINE;0;0
2026-05-25 17:33:24;Forte 1;OFFLINE;0;0
2026-05-25 18:33:30;Cepheus-1-108Q;ONLINE;0;0
2026-05-25 18:33:30;Garnet;ONLINE;0;0
2026-05-25 18:33:30;Forte 1;OFFLINE;0;0
2026-05-25 19:33:35;Cepheus-1-108Q;ONLINE;0;0
2026-05-25 19:33:35;Garnet;ONLINE;0;0
2026-05-25 19:33:35;Forte 1;OFFLINE;0;0
2026-05-25 20:33:40;Cepheus-1-108Q;ONLINE;0;0
2026-05-25 20:33:40;Garnet;ONLINE;0;0
2026-05-25 20:33:40;Forte 1;OFFLINE;0;0
2026-05-25 21:33:46;Cepheus-1-108Q;ONLINE;0;0
2026-05-25 21:33:46;Garnet;ONLINE;0;0
2026-05-25 21:33:46;Forte 1;OFFLINE;0;0
2026-05-25 22:33:51;Cepheus-1-108Q;ONLINE;1;0
2026-05-25 22:33:51;Garnet;ONLINE;0;0
2026-05-25 22:33:51;Forte 1;OFFLINE;0;0
2026-05-25 23:33:56;Cepheus-1-108Q;ONLINE;0;0
2026-05-25 23:33:56;Garnet;ONLINE;0;0
2026-05-25 23:33:56;Forte 1;OFFLINE;0;0
2026-05-26 00:34:02;Cepheus-1-108Q;ONLINE;0;0
2026-05-26 00:34:02;Garnet;ONLINE;0;0
2026-05-26 00:34:02;Forte 1;OFFLINE;0;0
2026-05-26 01:34:07;Cepheus-1-108Q;ONLINE;0;0
2026-05-26 01:34:07;Garnet;ONLINE;0;0
2026-05-26 01:34:07;Forte 1;OFFLINE;0;0
2026-05-26 02:34:12;Cepheus-1-108Q;ONLINE;0;0
2026-05-26 02:34:12;Garnet;ONLINE;5;0
2026-05-26 02:34:12;Forte 1;OFFLINE;0;0
2026-05-26 03:34:18;Cepheus-1-108Q;ONLINE;0;0
2026-05-26 03:34:18;Garnet;ONLINE;0;0
2026-05-26 03:34:18;Forte 1;OFFLINE;0;0
2026-05-26 04:34:23;Cepheus-1-108Q;ONLINE;0;0
2026-05-26 04:34:23;Garnet;ONLINE;0;0
2026-05-26 04:34:23;Forte 1;OFFLINE;0;0
2026-05-26 05:34:28;Cepheus-1-108Q;ONLINE;0;0
2026-05-26 05:34:28;Garnet;ONLINE;0;0
2026-05-26 05:34:28;Forte 1;OFFLINE;0;0
2026-05-26 06:34:34;Cepheus-1-108Q;ONLINE;0;0
2026-05-26 06:34:34;Garnet;ONLINE;0;0
2026-05-26 06:34:34;Forte 1;OFFLINE;0;0
2026-05-26 07:34:39;Cepheus-1-108Q;ONLINE;1;0
2026-05-26 07:34:39;Garnet;ONLINE;0;0
2026-05-26 07:34:39;Forte 1;OFFLINE;0;0
2026-05-26 08:34:44;Cepheus-1-108Q;ONLINE;0;0
2026-05-26 08:34:44;Garnet;ONLINE;0;0
2026-05-26 08:34:44;Forte 1;OFFLINE;0;0
2026-05-26 09:34:49;Cepheus-1-108Q;ONLINE;0;0
2026-05-26 09:34:49;Garnet;ONLINE;0;0
2026-05-26 09:34:49;Forte 1;OFFLINE;0;0
2026-05-26 10:34:55;Cepheus-1-108Q;ONLINE;0;0
2026-05-26 10:34:55;Garnet;ONLINE;0;0
2026-05-26 10:34:55;Forte 1;OFFLINE;0;0
2026-05-26 11:35:00;Cepheus-1-108Q;ONLINE;0;0
2026-05-26 11:35:00;Garnet;ONLINE;0;0
2026-05-26 11:35:00;Forte 1;OFFLINE;0;0
2026-05-26 12:35:05;Cepheus-1-108Q;ONLINE;1;0
2026-05-26 12:35:05;Garnet;ONLINE;0;0
2026-05-26 12:35:05;Forte 1;OFFLINE;0;0
2026-05-26 13:35:11;Cepheus-1-108Q;ONLINE;0;0
2026-05-26 13:35:11;Garnet;ONLINE;0;0
2026-05-26 13:35:11;Forte 1;OFFLINE;0;0
2026-05-26 14:35:16;Cepheus-1-108Q;ONLINE;1;0
2026-05-26 14:35:16;Garnet;ONLINE;0;0
2026-05-26 14:35:16;Forte 1;OFFLINE;0;0
2026-05-26 15:35:22;Cepheus-1-108Q;ONLINE;0;0
2026-05-26 15:35:22;Garnet;ONLINE;6;0
2026-05-26 15:35:22;Forte 1;OFFLINE;0;0
2026-05-26 16:35:28;Cepheus-1-108Q;ONLINE;0;0
2026-05-26 16:35:28;Garnet;ONLINE;7;0
2026-05-26 16:35:28;Forte 1;OFFLINE;0;0
2026-05-26 17:35:33;Cepheus-1-108Q;ONLINE;0;0
2026-05-26 17:35:33;Garnet;ONLINE;0;0
2026-05-26 17:35:33;Forte 1;OFFLINE;0;0
2026-05-26 18:35:38;Cepheus-1-108Q;ONLINE;0;0
2026-05-26 18:35:38;Garnet;ONLINE;0;0
2026-05-26 18:35:38;Forte 1;OFFLINE;0;0
2026-05-26 19:35:43;Cepheus-1-108Q;ONLINE;2;0
2026-05-26 19:35:43;Garnet;ONLINE;0;0
2026-05-26 19:35:43;Forte 1;OFFLINE;0;0
2026-05-26 20:35:48;Cepheus-1-108Q;ONLINE;6;0
2026-05-26 20:35:48;Garnet;ONLINE;0;0
2026-05-26 20:35:48;Forte 1;OFFLINE;0;0
2026-05-26 21:35:53;Cepheus-1-108Q;ONLINE;2;0
2026-05-26 21:35:53;Garnet;ONLINE;0;0
2026-05-26 21:35:53;Forte 1;OFFLINE;0;0
2026-05-26 22:35:59;Cepheus-1-108Q;ONLINE;2;0
2026-05-26 22:35:59;Garnet;ONLINE;0;0
2026-05-26 22:35:59;Forte 1;OFFLINE;0;0
2026-05-26 23:36:04;Cepheus-1-108Q;ONLINE;4;0
2026-05-26 23:36:04;Garnet;ONLINE;0;0
2026-05-26 23:36:04;Forte 1;OFFLINE;0;0
2026-05-27 00:36:10;Cepheus-1-108Q;ONLINE;0;0
2026-05-27 00:36:10;Garnet;ONLINE;0;0
2026-05-27 00:36:10;Forte 1;OFFLINE;0;0
2026-05-27 01:36:15;Cepheus-1-108Q;ONLINE;0;0
2026-05-27 01:36:15;Garnet;ONLINE;0;0
2026-05-27 01:36:15;Forte 1;OFFLINE;0;0
2026-05-27 02:36:20;Cepheus-1-108Q;ONLINE;0;0
2026-05-27 02:36:20;Garnet;ONLINE;3;0
2026-05-27 02:36:20;Forte 1;OFFLINE;0;0
2026-05-27 03:36:25;Cepheus-1-108Q;ONLINE;0;0
2026-05-27 03:36:25;Garnet;ONLINE;0;0
2026-05-27 03:36:25;Forte 1;OFFLINE;0;0
2026-05-27 04:36:30;Cepheus-1-108Q;ONLINE;0;0
2026-05-27 04:36:30;Garnet;ONLINE;0;0
2026-05-27 04:36:30;Forte 1;OFFLINE;0;0
2026-05-27 05:36:35;Cepheus-1-108Q;ONLINE;0;0
2026-05-27 05:36:35;Garnet;ONLINE;0;0
2026-05-27 05:36:35;Forte 1;OFFLINE;0;0
2026-05-27 06:36:41;Cepheus-1-108Q;ONLINE;0;0
2026-05-27 06:36:41;Garnet;ONLINE;0;0
2026-05-27 06:36:41;Forte 1;OFFLINE;0;0
2026-05-27 07:36:46;Cepheus-1-108Q;ONLINE;0;0
2026-05-27 07:36:46;Garnet;ONLINE;0;0
2026-05-27 07:36:46;Forte 1;OFFLINE;0;0
2026-05-27 08:36:52;Cepheus-1-108Q;ONLINE;2;0
2026-05-27 08:36:52;Garnet;ONLINE;0;0
2026-05-27 08:36:52;Forte 1;OFFLINE;0;0
2026-05-27 09:36:57;Cepheus-1-108Q;ONLINE;0;0
2026-05-27 09:36:57;Garnet;ONLINE;1;0
2026-05-27 09:36:57;Forte 1;OFFLINE;0;0
2026-05-27 10:37:02;Cepheus-1-108Q;ONLINE;1;0
2026-05-27 10:37:02;Garnet;ONLINE;0;0
2026-05-27 10:37:02;Forte 1;OFFLINE;0;0
2026-05-27 11:37:07;Cepheus-1-108Q;ONLINE;0;0
2026-05-27 11:37:07;Garnet;ONLINE;0;0
2026-05-27 11:37:07;Forte 1;OFFLINE;0;0
2026-05-27 12:37:12;Cepheus-1-108Q;ONLINE;0;0
2026-05-27 12:37:12;Garnet;ONLINE;0;0
2026-05-27 12:37:12;Forte 1;OFFLINE;0;0
2026-05-27 13:37:18;Cepheus-1-108Q;ONLINE;1;0
2026-05-27 13:37:18;Garnet;ONLINE;0;0
2026-05-27 13:37:18;Forte 1;OFFLINE;0;0
2026-05-27 14:37:23;Cepheus-1-108Q;ONLINE;1;0
2026-05-27 14:37:23;Garnet;ONLINE;0;0
2026-05-27 14:37:23;Forte 1;OFFLINE;0;0
2026-05-27 15:37:28;Cepheus-1-108Q;ONLINE;1;0
2026-05-27 15:37:28;Garnet;ONLINE;7;0
2026-05-27 15:37:28;Forte 1;OFFLINE;0;0
2026-05-27 16:37:33;Cepheus-1-108Q;ONLINE;1;0
2026-05-27 16:37:33;Garnet;ONLINE;7;0
2026-05-27 16:37:33;Forte 1;OFFLINE;0;0
2026-05-27 17:37:38;Cepheus-1-108Q;ONLINE;0;0
2026-05-27 17:37:38;Garnet;ONLINE;0;0
2026-05-27 17:37:38;Forte 1;OFFLINE;0;0
2026-05-27 18:37:44;Cepheus-1-108Q;ONLINE;4;0
2026-05-27 18:37:44;Garnet;ONLINE;0;0
2026-05-27 18:37:44;Forte 1;OFFLINE;0;0
2026-05-27 19:37:49;Cepheus-1-108Q;ONLINE;1;0
2026-05-27 19:37:49;Garnet;ONLINE;0;0
2026-05-27 19:37:49;Forte 1;OFFLINE;0;0
2026-05-27 20:37:54;Cepheus-1-108Q;ONLINE;0;0
2026-05-27 20:37:54;Garnet;ONLINE;0;0
2026-05-27 20:37:54;Forte 1;OFFLINE;0;0
2026-05-27 21:37:59;Cepheus-1-108Q;ONLINE;0;0
2026-05-27 21:37:59;Garnet;ONLINE;0;0
2026-05-27 21:37:59;Forte 1;OFFLINE;0;0
2026-05-27 22:38:05;Cepheus-1-108Q;ONLINE;0;0
2026-05-27 22:38:05;Garnet;ONLINE;0;0
2026-05-27 22:38:05;Forte 1;OFFLINE;0;0
2026-05-27 23:38:11;Cepheus-1-108Q;ONLINE;2;0
2026-05-27 23:38:11;Garnet;ONLINE;0;0
2026-05-27 23:38:11;Forte 1;OFFLINE;0;0
2026-05-28 00:38:16;Cepheus-1-108Q;ONLINE;0;0
2026-05-28 00:38:16;Garnet;ONLINE;0;0
2026-05-28 00:38:16;Forte 1;OFFLINE;0;0
2026-05-28 01:38:22;Cepheus-1-108Q;ONLINE;0;0
2026-05-28 01:38:22;Garnet;ONLINE;0;0
2026-05-28 01:38:22;Forte 1;OFFLINE;0;0
2026-05-28 02:38:27;Cepheus-1-108Q;ONLINE;0;0
2026-05-28 02:38:27;Garnet;ONLINE;3;0
2026-05-28 02:38:27;Forte 1;OFFLINE;0;0
2026-05-28 03:38:32;Cepheus-1-108Q;ONLINE;0;0
2026-05-28 03:38:32;Garnet;ONLINE;0;0
2026-05-28 03:38:32;Forte 1;OFFLINE;0;0
2026-05-28 04:38:38;Cepheus-1-108Q;ONLINE;0;0
2026-05-28 04:38:38;Garnet;ONLINE;0;0
2026-05-28 04:38:38;Forte 1;OFFLINE;0;0
2026-05-28 05:38:43;Cepheus-1-108Q;ONLINE;0;0
2026-05-28 05:38:43;Garnet;ONLINE;0;0
2026-05-28 05:38:43;Forte 1;OFFLINE;0;0
2026-05-28 06:38:48;Cepheus-1-108Q;ONLINE;0;0
2026-05-28 06:38:48;Garnet;ONLINE;0;0
2026-05-28 06:38:48;Forte 1;OFFLINE;0;0
2026-05-28 07:38:54;Cepheus-1-108Q;ONLINE;2;0
2026-05-28 07:38:54;Garnet;ONLINE;0;0
2026-05-28 07:38:54;Forte 1;OFFLINE;0;0
2026-05-28 08:38:59;Cepheus-1-108Q;ONLINE;6;0
2026-05-28 08:38:59;Garnet;ONLINE;0;0
2026-05-28 08:38:59;Forte 1;OFFLINE;0;0
2026-05-28 09:39:04;Cepheus-1-108Q;ONLINE;0;0
2026-05-28 09:39:04;Garnet;ONLINE;0;0
2026-05-28 09:39:04;Forte 1;OFFLINE;0;0
2026-05-28 10:39:09;Cepheus-1-108Q;ONLINE;6;0
2026-05-28 10:39:09;Garnet;ONLINE;0;0
2026-05-28 10:39:09;Forte 1;OFFLINE;0;0
2026-05-28 11:39:14;Cepheus-1-108Q;ONLINE;0;0
2026-05-28 11:39:14;Garnet;ONLINE;0;0
2026-05-28 11:39:14;Forte 1;OFFLINE;0;0
2026-05-28 12:39:19;Cepheus-1-108Q;ONLINE;8;0
2026-05-28 12:39:19;Garnet;ONLINE;0;0
2026-05-28 12:39:19;Forte 1;OFFLINE;0;0
2026-05-28 13:39:25;Cepheus-1-108Q;ONLINE;1;0
2026-05-28 13:39:25;Garnet;ONLINE;0;0
2026-05-28 13:39:25;Forte 1;OFFLINE;0;0
2026-05-28 14:39:30;Cepheus-1-108Q;ONLINE;2;0
2026-05-28 14:39:30;Garnet;ONLINE;0;0
2026-05-28 14:39:30;Forte 1;OFFLINE;0;0
2026-05-28 15:39:35;Cepheus-1-108Q;ONLINE;1;0
2026-05-28 15:39:35;Garnet;ONLINE;1;0
2026-05-28 15:39:35;Forte 1;OFFLINE;0;0
2026-05-28 16:39:40;Cepheus-1-108Q;ONLINE;1;0
2026-05-28 16:39:40;Garnet;ONLINE;2;0
2026-05-28 16:39:40;Forte 1;OFFLINE;0;0
2026-05-28 17:39:45;Cepheus-1-108Q;ONLINE;3;0
2026-05-28 17:39:45;Garnet;ONLINE;0;0
2026-05-28 17:39:45;Forte 1;OFFLINE;0;0
2026-05-28 18:39:50;Cepheus-1-108Q;ONLINE;0;0
2026-05-28 18:39:50;Garnet;ONLINE;0;0
2026-05-28 18:39:50;Forte 1;OFFLINE;0;0
2026-05-28 19:39:55;Cepheus-1-108Q;ONLINE;0;0
2026-05-28 19:39:55;Garnet;ONLINE;0;0
2026-05-28 19:39:55;Forte 1;OFFLINE;0;0
2026-05-28 20:40:01;Cepheus-1-108Q;ONLINE;3;0
2026-05-28 20:40:01;Garnet;ONLINE;0;0
2026-05-28 20:40:01;Forte 1;OFFLINE;0;0
2026-05-28 21:40:06;Cepheus-1-108Q;ONLINE;5;0
2026-05-28 21:40:06;Garnet;ONLINE;0;0
2026-05-28 21:40:06;Forte 1;OFFLINE;0;0
2026-05-28 22:40:11;Cepheus-1-108Q;ONLINE;3;0
2026-05-28 22:40:11;Garnet;ONLINE;0;0
2026-05-28 22:40:11;Forte 1;OFFLINE;0;0
2026-05-28 23:40:17;Cepheus-1-108Q;ONLINE;1;0
2026-05-28 23:40:17;Garnet;ONLINE;0;0
2026-05-28 23:40:17;Forte 1;OFFLINE;0;0
2026-05-29 00:40:22;Cepheus-1-108Q;ONLINE;5;0
2026-05-29 00:40:22;Garnet;ONLINE;0;0
2026-05-29 00:40:22;Forte 1;OFFLINE;0;0
2026-05-29 01:40:27;Cepheus-1-108Q;ONLINE;0;0
2026-05-29 01:40:27;Garnet;ONLINE;0;0
2026-05-29 01:40:27;Forte 1;OFFLINE;0;0
2026-05-29 02:40:33;Cepheus-1-108Q;ONLINE;2;0
2026-05-29 02:40:33;Garnet;ONLINE;1;0
2026-05-29 02:40:33;Forte 1;OFFLINE;0;0
2026-05-29 03:40:38;Cepheus-1-108Q;ONLINE;0;0
2026-05-29 03:40:38;Garnet;ONLINE;0;0
2026-05-29 03:40:38;Forte 1;OFFLINE;0;0
2026-05-29 04:40:43;Cepheus-1-108Q;ONLINE;0;0
2026-05-29 04:40:43;Garnet;ONLINE;0;0
2026-05-29 04:40:43;Forte 1;OFFLINE;0;0
2026-05-29 05:40:48;Cepheus-1-108Q;ONLINE;0;0
2026-05-29 05:40:48;Garnet;ONLINE;0;0
2026-05-29 05:40:48;Forte 1;OFFLINE;0;0
2026-05-29 06:40:54;Cepheus-1-108Q;ONLINE;0;0
2026-05-29 06:40:54;Garnet;ONLINE;0;0
2026-05-29 06:40:54;Forte 1;OFFLINE;0;0
2026-05-29 07:40:59;Cepheus-1-108Q;ONLINE;1;0
2026-05-29 07:40:59;Garnet;ONLINE;0;0
2026-05-29 07:40:59;Forte 1;OFFLINE;0;0
2026-05-29 08:41:04;Cepheus-1-108Q;ONLINE;2;0
2026-05-29 08:41:04;Garnet;ONLINE;0;0
2026-05-29 08:41:04;Forte 1;OFFLINE;0;0
2026-05-29 09:41:10;Cepheus-1-108Q;ONLINE;0;0
2026-05-29 09:41:10;Garnet;ONLINE;0;0
2026-05-29 09:41:10;Forte 1;OFFLINE;0;0
2026-05-29 10:41:15;Cepheus-1-108Q;ONLINE;0;0
2026-05-29 10:41:15;Garnet;ONLINE;0;0
2026-05-29 10:41:15;Forte 1;OFFLINE;0;0
2026-05-29 11:41:20;Cepheus-1-108Q;ONLINE;0;0
2026-05-29 11:41:20;Garnet;ONLINE;0;0
2026-05-29 11:41:20;Forte 1;OFFLINE;0;0
2026-05-29 12:41:25;Cepheus-1-108Q;ONLINE;0;0
2026-05-29 12:41:25;Garnet;ONLINE;0;0
2026-05-29 12:41:25;Forte 1;OFFLINE;0;0
2026-05-29 13:41:30;Cepheus-1-108Q;ONLINE;7;0
2026-05-29 13:41:30;Garnet;ONLINE;0;0
2026-05-29 13:41:30;Forte 1;OFFLINE;0;0
2026-05-29 14:41:36;Cepheus-1-108Q;ONLINE;5;0
2026-05-29 14:41:36;Garnet;ONLINE;0;0
2026-05-29 14:41:36;Forte 1;OFFLINE;0;0
2026-05-29 15:41:41;Cepheus-1-108Q;ONLINE;8;0
2026-05-29 15:41:41;Garnet;ONLINE;6;0
2026-05-29 15:41:41;Forte 1;OFFLINE;0;0
2026-05-29 16:41:46;Cepheus-1-108Q;ONLINE;0;0
2026-05-29 16:41:46;Garnet;ONLINE;7;0
2026-05-29 16:41:46;Forte 1;OFFLINE;0;0
2026-05-29 17:41:51;Cepheus-1-108Q;ONLINE;3;0
2026-05-29 17:41:51;Garnet;ONLINE;0;0
2026-05-29 17:41:51;Forte 1;OFFLINE;0;0
2026-05-29 18:41:57;Cepheus-1-108Q;ONLINE;95;0
2026-05-29 18:41:57;Garnet;ONLINE;0;0
2026-05-29 18:41:57;Forte 1;OFFLINE;0;0
2026-05-29 19:42:02;Cepheus-1-108Q;ONLINE;0;0
2026-05-29 19:42:02;Garnet;ONLINE;0;0
2026-05-29 19:42:02;Forte 1;OFFLINE;0;0
2026-05-29 20:42:08;Cepheus-1-108Q;ONLINE;1;0
2026-05-29 20:42:08;Garnet;ONLINE;0;0
2026-05-29 20:42:08;Forte 1;OFFLINE;0;0
2026-05-29 21:42:13;Cepheus-1-108Q;ONLINE;1;0
2026-05-29 21:42:13;Garnet;ONLINE;0;0
2026-05-29 21:42:13;Forte 1;OFFLINE;0;0
2026-05-29 22:42:18;Cepheus-1-108Q;ONLINE;1;0
2026-05-29 22:42:18;Garnet;ONLINE;0;0
2026-05-29 22:42:18;Forte 1;OFFLINE;0;0
2026-05-29 23:42:24;Cepheus-1-108Q;ONLINE;13;0
2026-05-29 23:42:24;Garnet;ONLINE;0;0
2026-05-29 23:42:24;Forte 1;OFFLINE;0;0
2026-05-30 00:42:29;Cepheus-1-108Q;ONLINE;15;0
2026-05-30 00:42:29;Garnet;ONLINE;2;0
2026-05-30 00:42:29;Forte 1;OFFLINE;0;0
2026-05-30 01:42:34;Cepheus-1-108Q;ONLINE;0;0
2026-05-30 01:42:34;Garnet;ONLINE;2;0
2026-05-30 01:42:34;Forte 1;OFFLINE;0;0
2026-05-30 02:42:40;Cepheus-1-108Q;ONLINE;1;0
2026-05-30 02:42:40;Garnet;ONLINE;2;0
2026-05-30 02:42:40;Forte 1;OFFLINE;0;0
2026-05-30 03:42:45;Cepheus-1-108Q;ONLINE;1;0
2026-05-30 03:42:45;Garnet;ONLINE;2;0
2026-05-30 03:42:45;Forte 1;OFFLINE;0;0
2026-05-30 04:42:50;Cepheus-1-108Q;ONLINE;1;0
2026-05-30 04:42:50;Garnet;ONLINE;2;0
2026-05-30 04:42:50;Forte 1;OFFLINE;0;0
2026-05-30 05:42:56;Cepheus-1-108Q;ONLINE;2;0
2026-05-30 05:42:56;Garnet;ONLINE;4;0
2026-05-30 05:42:56;Forte 1;OFFLINE;0;0
2026-05-30 06:43:01;Cepheus-1-108Q;ONLINE;0;0
2026-05-30 06:43:01;Garnet;ONLINE;4;0
2026-05-30 06:43:01;Forte 1;OFFLINE;0;0
2026-05-30 07:43:06;Cepheus-1-108Q;ONLINE;0;0
2026-05-30 07:43:06;Garnet;ONLINE;4;0
2026-05-30 07:43:06;Forte 1;OFFLINE;0;0
2026-05-30 08:43:13;Cepheus-1-108Q;ONLINE;0;0
2026-05-30 08:43:13;Garnet;ONLINE;4;0
2026-05-30 08:43:13;Forte 1;OFFLINE;0;0
2026-05-30 09:43:18;Cepheus-1-108Q;ONLINE;0;0
2026-05-30 09:43:18;Garnet;ONLINE;4;0
2026-05-30 09:43:18;Forte 1;OFFLINE;0;0
2026-05-30 10:43:23;Cepheus-1-108Q;ONLINE;0;0
2026-05-30 10:43:23;Garnet;ONLINE;4;0
2026-05-30 10:43:23;Forte 1;OFFLINE;0;0
2026-05-30 11:43:29;Cepheus-1-108Q;ONLINE;0;0
2026-05-30 11:43:29;Garnet;ONLINE;4;0
2026-05-30 11:43:29;Forte 1;OFFLINE;0;0
2026-05-30 12:43:34;Cepheus-1-108Q;ONLINE;0;0
2026-05-30 12:43:34;Garnet;ONLINE;4;0
2026-05-30 12:43:34;Forte 1;OFFLINE;0;0
2026-05-30 13:43:39;Cepheus-1-108Q;ONLINE;0;0
2026-05-30 13:43:39;Garnet;ONLINE;4;0
2026-05-30 13:43:39;Forte 1;OFFLINE;0;0
2026-05-30 14:43:44;Cepheus-1-108Q;ONLINE;0;0
2026-05-30 14:43:44;Garnet;ONLINE;4;0
2026-05-30 14:43:44;Forte 1;OFFLINE;0;0
2026-05-30 15:43:49;Cepheus-1-108Q;ONLINE;0;0
2026-05-30 15:43:49;Garnet;ONLINE;4;0
2026-05-30 15:43:49;Forte 1;OFFLINE;0;0
2026-05-30 16:43:55;Cepheus-1-108Q;ONLINE;0;0
2026-05-30 16:43:55;Garnet;ONLINE;4;0
2026-05-30 16:43:55;Forte 1;OFFLINE;0;0
2026-05-30 17:44:00;Cepheus-1-108Q;ONLINE;0;0
2026-05-30 17:44:00;Garnet;ONLINE;4;0
2026-05-30 17:44:00;Forte 1;OFFLINE;0;0
2026-05-30 18:44:06;Cepheus-1-108Q;ONLINE;0;0
2026-05-30 18:44:06;Garnet;ONLINE;4;0
2026-05-30 18:44:06;Forte 1;OFFLINE;0;0
2026-05-30 19:44:11;Cepheus-1-108Q;ONLINE;2;0
2026-05-30 19:44:11;Garnet;ONLINE;4;0
2026-05-30 19:44:11;Forte 1;OFFLINE;0;0
2026-05-30 20:44:17;Cepheus-1-108Q;ONLINE;3;0
2026-05-30 20:44:17;Garnet;ONLINE;4;0
2026-05-30 20:44:17;Forte 1;OFFLINE;0;0
2026-05-30 21:44:22;Cepheus-1-108Q;ONLINE;0;0
2026-05-30 21:44:22;Garnet;ONLINE;4;0
2026-05-30 21:44:22;Forte 1;OFFLINE;0;0
2026-05-30 22:44:27;Cepheus-1-108Q;ONLINE;0;0
2026-05-30 22:44:27;Garnet;ONLINE;4;0
2026-05-30 22:44:27;Forte 1;OFFLINE;0;0
2026-05-30 23:44:32;Cepheus-1-108Q;ONLINE;0;0
2026-05-30 23:44:32;Garnet;ONLINE;4;0
2026-05-30 23:44:32;Forte 1;OFFLINE;0;0
2026-05-31 00:44:37;Cepheus-1-108Q;ONLINE;0;0
2026-05-31 00:44:37;Garnet;ONLINE;5;0
2026-05-31 00:44:37;Forte 1;OFFLINE;0;0
2026-05-31 01:44:43;Cepheus-1-108Q;ONLINE;0;0
2026-05-31 01:44:43;Garnet;ONLINE;5;0
2026-05-31 01:44:43;Forte 1;OFFLINE;0;0
2026-05-31 02:44:48;Cepheus-1-108Q;ONLINE;1;0
2026-05-31 02:44:48;Garnet;ONLINE;5;0
2026-05-31 02:44:48;Forte 1;OFFLINE;0;0
2026-05-31 03:44:53;Cepheus-1-108Q;ONLINE;0;0
2026-05-31 03:44:53;Garnet;ONLINE;5;0
2026-05-31 03:44:53;Forte 1;OFFLINE;0;0
2026-05-31 04:44:58;Cepheus-1-108Q;ONLINE;0;0
2026-05-31 04:44:58;Garnet;ONLINE;5;0
2026-05-31 04:44:58;Forte 1;OFFLINE;0;0
2026-05-31 05:45:04;Cepheus-1-108Q;ONLINE;0;0
2026-05-31 05:45:04;Garnet;ONLINE;5;0
2026-05-31 05:45:04;Forte 1;OFFLINE;0;0
2026-05-31 06:45:09;Cepheus-1-108Q;ONLINE;0;0
2026-05-31 06:45:09;Garnet;ONLINE;5;0
2026-05-31 06:45:09;Forte 1;OFFLINE;0;0
2026-05-31 07:45:15;Cepheus-1-108Q;ONLINE;5;1
2026-05-31 07:45:15;Garnet;ONLINE;5;0
2026-05-31 07:45:15;Forte 1;OFFLINE;0;0
2026-05-31 08:45:20;Cepheus-1-108Q;ONLINE;5;1
2026-05-31 08:45:20;Garnet;ONLINE;5;0
2026-05-31 08:45:20;Forte 1;OFFLINE;0;0
2026-05-31 09:45:25;Cepheus-1-108Q;ONLINE;0;0
2026-05-31 09:45:25;Garnet;ONLINE;5;0
2026-05-31 09:45:25;Forte 1;OFFLINE;0;0
2026-05-31 10:45:30;Cepheus-1-108Q;ONLINE;0;0
2026-05-31 10:45:30;Garnet;ONLINE;5;0
2026-05-31 10:45:30;Forte 1;OFFLINE;0;0
2026-05-31 11:45:35;Cepheus-1-108Q;ONLINE;0;0
2026-05-31 11:45:35;Garnet;ONLINE;5;0
2026-05-31 11:45:35;Forte 1;OFFLINE;0;0
2026-05-31 12:45:40;Cepheus-1-108Q;ONLINE;0;0
2026-05-31 12:45:40;Garnet;ONLINE;5;0
2026-05-31 12:45:40;Forte 1;OFFLINE;0;0
2026-05-31 13:45:46;Cepheus-1-108Q;ONLINE;0;0
2026-05-31 13:45:46;Garnet;ONLINE;5;0
2026-05-31 13:45:46;Forte 1;OFFLINE;0;0
2026-05-31 14:45:51;Cepheus-1-108Q;ONLINE;0;0
2026-05-31 14:45:51;Garnet;ONLINE;6;0
2026-05-31 14:45:51;Forte 1;OFFLINE;0;0
2026-05-31 15:45:56;Cepheus-1-108Q;ONLINE;0;0
2026-05-31 15:45:56;Garnet;ONLINE;6;0
2026-05-31 15:45:56;Forte 1;OFFLINE;0;0
2026-05-31 16:46:02;Cepheus-1-108Q;ONLINE;0;0
2026-05-31 16:46:02;Garnet;ONLINE;6;0
2026-05-31 16:46:02;Forte 1;OFFLINE;0;0
2026-05-31 17:46:07;Cepheus-1-108Q;ONLINE;0;0
2026-05-31 17:46:07;Garnet;ONLINE;6;0
2026-05-31 17:46:07;Forte 1;OFFLINE;0;0
2026-05-31 18:46:12;Cepheus-1-108Q;ONLINE;0;0
2026-05-31 18:46:12;Garnet;ONLINE;6;0
2026-05-31 18:46:12;Forte 1;OFFLINE;0;0
2026-05-31 19:46:17;Cepheus-1-108Q;ONLINE;1;0
2026-05-31 19:46:17;Garnet;ONLINE;6;0
2026-05-31 19:46:17;Forte 1;OFFLINE;0;0
2026-05-31 20:46:22;Cepheus-1-108Q;ONLINE;2;0
2026-05-31 20:46:22;Garnet;ONLINE;6;0
2026-05-31 20:46:22;Forte 1;OFFLINE;0;0
2026-05-31 21:46:27;Cepheus-1-108Q;ONLINE;0;0
2026-05-31 21:46:27;Garnet;ONLINE;6;0
2026-05-31 21:46:27;Forte 1;OFFLINE;0;0
2026-05-31 22:46:33;Cepheus-1-108Q;ONLINE;0;0
2026-05-31 22:46:33;Garnet;ONLINE;6;0
2026-05-31 22:46:33;Forte 1;OFFLINE;0;0
2026-05-31 23:46:38;Cepheus-1-108Q;ONLINE;0;0
2026-05-31 23:46:38;Garnet;ONLINE;6;0
2026-05-31 23:46:38;Forte 1;OFFLINE;0;0
2026-06-01 00:46:43;Cepheus-1-108Q;ONLINE;0;0
2026-06-01 00:46:43;Garnet;ONLINE;0;0
2026-06-01 00:46:43;Forte 1;OFFLINE;0;0
2026-06-01 01:46:48;Cepheus-1-108Q;ONLINE;0;0
2026-06-01 01:46:48;Garnet;ONLINE;1;0
2026-06-01 01:46:48;Forte 1;OFFLINE;0;0
2026-06-01 02:46:54;Cepheus-1-108Q;ONLINE;0;0
2026-06-01 02:46:54;Garnet;ONLINE;1;0
2026-06-01 02:46:54;Forte 1;OFFLINE;0;0
2026-06-01 03:46:59;Cepheus-1-108Q;ONLINE;0;0
2026-06-01 03:46:59;Garnet;ONLINE;0;0
2026-06-01 03:46:59;Forte 1;OFFLINE;0;0
2026-06-01 04:47:04;Cepheus-1-108Q;ONLINE;0;0
2026-06-01 04:47:04;Garnet;ONLINE;0;0
2026-06-01 04:47:04;Forte 1;OFFLINE;0;0
2026-06-01 05:47:10;Cepheus-1-108Q;ONLINE;44;0 (1 prioritized hybrid job running)
2026-06-01 05:47:10;Garnet;ONLINE;0;0
2026-06-01 05:47:10;Forte 1;OFFLINE;0;0
2026-06-01 06:47:15;Cepheus-1-108Q;ONLINE;0;0
2026-06-01 06:47:15;Garnet;ONLINE;0;0
2026-06-01 06:47:15;Forte 1;OFFLINE;0;0
2026-06-01 07:47:21;Cepheus-1-108Q;ONLINE;0;0
2026-06-01 07:47:21;Garnet;ONLINE;0;0
2026-06-01 07:47:21;Forte 1;OFFLINE;0;0
2026-06-01 08:47:26;Cepheus-1-108Q;ONLINE;1;0
2026-06-01 08:47:26;Garnet;ONLINE;0;0
2026-06-01 08:47:26;Forte 1;OFFLINE;0;0
2026-06-01 09:47:31;Cepheus-1-108Q;ONLINE;0;0
2026-06-01 09:47:31;Garnet;ONLINE;0;0
2026-06-01 09:47:31;Forte 1;OFFLINE;0;0
2026-06-01 10:47:37;Cepheus-1-108Q;ONLINE;1;0
2026-06-01 10:47:37;Garnet;ONLINE;0;0
2026-06-01 10:47:37;Forte 1;OFFLINE;0;0
2026-06-01 11:47:42;Cepheus-1-108Q;ONLINE;10;0
2026-06-01 11:47:42;Garnet;ONLINE;0;0
2026-06-01 11:47:42;Forte 1;OFFLINE;0;0
2026-06-01 12:47:47;Cepheus-1-108Q;ONLINE;10;0
2026-06-01 12:47:47;Garnet;ONLINE;0;0
2026-06-01 12:47:47;Forte 1;OFFLINE;0;0
2026-06-01 13:47:52;Cepheus-1-108Q;ONLINE;10;0
2026-06-01 13:47:52;Garnet;ONLINE;0;0
2026-06-01 13:47:52;Forte 1;OFFLINE;0;0
2026-06-01 14:47:58;Cepheus-1-108Q;ONLINE;10;0
2026-06-01 14:47:58;Garnet;ONLINE;0;0
2026-06-01 14:47:58;Forte 1;OFFLINE;0;0
2026-06-01 15:48:04;Cepheus-1-108Q;ONLINE;10;0
2026-06-01 15:48:04;Garnet;ONLINE;6;0
2026-06-01 15:48:04;Forte 1;OFFLINE;0;0
2026-06-01 16:48:10;Cepheus-1-108Q;ONLINE;11;0
2026-06-01 16:48:10;Garnet;ONLINE;6;0
2026-06-01 16:48:10;Forte 1;OFFLINE;0;0
2026-06-01 17:48:15;Cepheus-1-108Q;ONLINE;10;0
2026-06-01 17:48:15;Garnet;ONLINE;0;0
2026-06-01 17:48:15;Forte 1;OFFLINE;0;0
2026-06-01 18:48:20;Cepheus-1-108Q;ONLINE;134;0
2026-06-01 18:48:20;Garnet;ONLINE;0;0
2026-06-01 18:48:20;Forte 1;OFFLINE;0;0
2026-06-01 19:48:25;Cepheus-1-108Q;ONLINE;10;0
2026-06-01 19:48:25;Garnet;ONLINE;0;0
2026-06-01 19:48:25;Forte 1;OFFLINE;0;0
2026-06-01 20:48:31;Cepheus-1-108Q;ONLINE;42;0
2026-06-01 20:48:31;Garnet;ONLINE;0;0
2026-06-01 20:48:31;Forte 1;OFFLINE;0;0
2026-06-01 21:48:35;Cepheus-1-108Q;ONLINE;1;0
2026-06-01 21:48:35;Garnet;ONLINE;0;0
2026-06-01 21:48:35;Forte 1;OFFLINE;0;0
2026-06-01 22:48:41;Cepheus-1-108Q;ONLINE;0;0
2026-06-01 22:48:41;Garnet;ONLINE;0;0
2026-06-01 22:48:41;Forte 1;OFFLINE;0;0
2026-06-01 23:48:47;Cepheus-1-108Q;ONLINE;0;0
2026-06-01 23:48:47;Garnet;ONLINE;0;0
2026-06-01 23:48:47;Forte 1;OFFLINE;0;0
2026-06-02 00:48:52;Cepheus-1-108Q;ONLINE;0;0
2026-06-02 00:48:52;Garnet;ONLINE;0;0
2026-06-02 00:48:52;Forte 1;OFFLINE;0;0
2026-06-02 01:48:58;Cepheus-1-108Q;ONLINE;0;0
2026-06-02 01:48:58;Garnet;ONLINE;1;0
2026-06-02 01:48:58;Forte 1;OFFLINE;0;0
2026-06-02 02:49:03;Cepheus-1-108Q;ONLINE;0;0
2026-06-02 02:49:03;Garnet;ONLINE;1;0
2026-06-02 02:49:03;Forte 1;OFFLINE;0;0
2026-06-02 03:49:08;Cepheus-1-108Q;ONLINE;0;0
2026-06-02 03:49:08;Garnet;ONLINE;0;0
2026-06-02 03:49:08;Forte 1;OFFLINE;0;0
2026-06-02 04:49:14;Cepheus-1-108Q;ONLINE;0;0
2026-06-02 04:49:14;Garnet;ONLINE;1;0
2026-06-02 04:49:14;Forte 1;OFFLINE;0;0
2026-06-02 05:49:19;Cepheus-1-108Q;ONLINE;0;0
2026-06-02 05:49:19;Garnet;ONLINE;1;0
2026-06-02 05:49:19;Forte 1;OFFLINE;0;0
2026-06-02 06:49:24;Cepheus-1-108Q;ONLINE;0;0
2026-06-02 06:49:24;Garnet;ONLINE;0;0
2026-06-02 06:49:24;Forte 1;OFFLINE;0;0
2026-06-02 07:49:31;Cepheus-1-108Q;ONLINE;0;1
2026-06-02 07:49:31;Garnet;ONLINE;1;0
2026-06-02 07:49:31;Forte 1;OFFLINE;0;0
2026-06-02 08:49:36;Cepheus-1-108Q;ONLINE;2;0
2026-06-02 08:49:36;Garnet;ONLINE;0;0
2026-06-02 08:49:36;Forte 1;OFFLINE;0;0
2026-06-02 09:49:41;Cepheus-1-108Q;ONLINE;0;0 (1 prioritized hybrid job running)
2026-06-02 09:49:41;Garnet;ONLINE;1;0
2026-06-02 09:49:41;Forte 1;OFFLINE;0;0
2026-06-02 10:49:46;Cepheus-1-108Q;ONLINE;0;0
2026-06-02 10:49:46;Garnet;ONLINE;0;0
2026-06-02 10:49:46;Forte 1;OFFLINE;0;0
2026-06-02 11:49:51;Cepheus-1-108Q;ONLINE;0;0
2026-06-02 11:49:51;Garnet;ONLINE;0;0
2026-06-02 11:49:51;Forte 1;OFFLINE;0;0
2026-06-02 12:49:57;Cepheus-1-108Q;ONLINE;0;0
2026-06-02 12:49:57;Garnet;ONLINE;0;0
2026-06-02 12:49:57;Forte 1;OFFLINE;0;0
2026-06-02 13:50:02;Cepheus-1-108Q;ONLINE;0;0
2026-06-02 13:50:02;Garnet;ONLINE;0;0
2026-06-02 13:50:02;Forte 1;OFFLINE;0;0
2026-06-02 14:50:08;Cepheus-1-108Q;ONLINE;0;0
2026-06-02 14:50:08;Garnet;ONLINE;0;0
2026-06-02 14:50:08;Forte 1;OFFLINE;0;0
2026-06-02 15:50:13;Cepheus-1-108Q;ONLINE;1;0
2026-06-02 15:50:13;Garnet;ONLINE;6;0
2026-06-02 15:50:13;Forte 1;OFFLINE;0;0
2026-06-02 16:50:19;Cepheus-1-108Q;ONLINE;0;0
2026-06-02 16:50:19;Garnet;ONLINE;6;0
2026-06-02 16:50:19;Forte 1;OFFLINE;0;0
2026-06-02 17:50:24;Cepheus-1-108Q;ONLINE;1;0
2026-06-02 17:50:24;Garnet;ONLINE;0;0
2026-06-02 17:50:24;Forte 1;OFFLINE;0;0
2026-06-02 18:50:29;Cepheus-1-108Q;ONLINE;0;0
2026-06-02 18:50:29;Garnet;ONLINE;0;0
2026-06-02 18:50:29;Forte 1;OFFLINE;0;0
2026-06-02 19:50:34;Cepheus-1-108Q;ONLINE;0;0
2026-06-02 19:50:34;Garnet;ONLINE;0;0
2026-06-02 19:50:34;Forte 1;OFFLINE;0;0
2026-06-02 20:50:39;Cepheus-1-108Q;ONLINE;5;0
2026-06-02 20:50:39;Garnet;ONLINE;0;0
2026-06-02 20:50:39;Forte 1;OFFLINE;0;0
2026-06-02 21:50:45;Cepheus-1-108Q;ONLINE;0;0
2026-06-02 21:50:45;Garnet;ONLINE;0;0
2026-06-02 21:50:45;Forte 1;OFFLINE;0;0
2026-06-02 22:50:50;Cepheus-1-108Q;ONLINE;0;0
2026-06-02 22:50:50;Garnet;ONLINE;0;0
2026-06-02 22:50:50;Forte 1;OFFLINE;0;0
2026-06-02 23:50:55;Cepheus-1-108Q;ONLINE;2;0
2026-06-02 23:50:55;Garnet;ONLINE;0;0
2026-06-02 23:50:55;Forte 1;OFFLINE;0;0
2026-06-03 00:51:01;Cepheus-1-108Q;ONLINE;5;0
2026-06-03 00:51:01;Garnet;ONLINE;0;0
2026-06-03 00:51:01;Forte 1;OFFLINE;0;0
2026-06-03 01:51:07;Cepheus-1-108Q;ONLINE;1;0
2026-06-03 01:51:07;Garnet;ONLINE;1;0
2026-06-03 01:51:07;Forte 1;OFFLINE;0;0
2026-06-03 02:51:12;Cepheus-1-108Q;ONLINE;4;0
2026-06-03 02:51:12;Garnet;ONLINE;1;0
2026-06-03 02:51:12;Forte 1;OFFLINE;0;0
2026-06-03 03:51:17;Cepheus-1-108Q;ONLINE;0;0
2026-06-03 03:51:17;Garnet;ONLINE;0;0
2026-06-03 03:51:17;Forte 1;OFFLINE;0;0
2026-06-03 04:51:22;Cepheus-1-108Q;ONLINE;0;0
2026-06-03 04:51:22;Garnet;ONLINE;0;0
2026-06-03 04:51:22;Forte 1;OFFLINE;0;0
2026-06-03 05:51:27;Cepheus-1-108Q;ONLINE;0;0
2026-06-03 05:51:27;Garnet;ONLINE;0;0
2026-06-03 05:51:27;Forte 1;OFFLINE;0;0
2026-06-03 06:51:32;Cepheus-1-108Q;ONLINE;0;0
2026-06-03 06:51:32;Garnet;ONLINE;0;0
2026-06-03 06:51:32;Forte 1;OFFLINE;0;0
2026-06-03 07:51:37;Cepheus-1-108Q;ONLINE;20;0
2026-06-03 07:51:37;Garnet;ONLINE;0;0
2026-06-03 07:51:37;Forte 1;OFFLINE;0;0
2026-06-03 08:51:42;Cepheus-1-108Q;ONLINE;22;0
2026-06-03 08:51:42;Garnet;ONLINE;0;0
2026-06-03 08:51:42;Forte 1;OFFLINE;0;0
2026-06-03 09:51:48;Cepheus-1-108Q;ONLINE;1;0
2026-06-03 09:51:48;Garnet;ONLINE;0;0
2026-06-03 09:51:48;Forte 1;OFFLINE;0;0
2026-06-03 10:51:53;Cepheus-1-108Q;ONLINE;1;0
2026-06-03 10:51:53;Garnet;ONLINE;0;0
2026-06-03 10:51:53;Forte 1;OFFLINE;0;0
2026-06-03 11:51:59;Cepheus-1-108Q;ONLINE;0;0
2026-06-03 11:51:59;Garnet;ONLINE;0;0
2026-06-03 11:51:59;Forte 1;OFFLINE;0;0
2026-06-03 12:52:03;Cepheus-1-108Q;ONLINE;0;0
2026-06-03 12:52:03;Garnet;ONLINE;0;0
2026-06-03 12:52:03;Forte 1;OFFLINE;0;0
2026-06-03 13:52:09;Cepheus-1-108Q;ONLINE;0;0
2026-06-03 13:52:09;Garnet;ONLINE;0;0
2026-06-03 13:52:09;Forte 1;OFFLINE;0;0
2026-06-03 14:52:14;Cepheus-1-108Q;ONLINE;0;0
2026-06-03 14:52:14;Garnet;ONLINE;0;0
2026-06-03 14:52:14;Forte 1;OFFLINE;0;0
2026-06-03 15:52:20;Cepheus-1-108Q;ONLINE;2;0
2026-06-03 15:52:20;Garnet;ONLINE;6;0
2026-06-03 15:52:20;Forte 1;OFFLINE;0;0
2026-06-03 16:52:25;Cepheus-1-108Q;ONLINE;0;0
2026-06-03 16:52:25;Garnet;ONLINE;6;0
2026-06-03 16:52:25;Forte 1;OFFLINE;0;0
2026-06-03 17:52:30;Cepheus-1-108Q;ONLINE;1;0
2026-06-03 17:52:30;Garnet;ONLINE;0;0
2026-06-03 17:52:30;Forte 1;OFFLINE;0;0
2026-06-03 18:52:35;Cepheus-1-108Q;ONLINE;1;0
2026-06-03 18:52:35;Garnet;ONLINE;0;0
2026-06-03 18:52:35;Forte 1;OFFLINE;0;0
2026-06-03 19:52:40;Cepheus-1-108Q;ONLINE;4;0
2026-06-03 19:52:40;Garnet;ONLINE;0;0
2026-06-03 19:52:40;Forte 1;OFFLINE;0;0
2026-06-03 20:52:45;Cepheus-1-108Q;ONLINE;4;0
2026-06-03 20:52:45;Garnet;ONLINE;0;0
2026-06-03 20:52:45;Forte 1;OFFLINE;0;0
2026-06-03 21:52:50;Cepheus-1-108Q;ONLINE;0;0
2026-06-03 21:52:50;Garnet;ONLINE;0;0
2026-06-03 21:52:50;Forte 1;OFFLINE;0;0
2026-06-03 22:52:56;Cepheus-1-108Q;ONLINE;0;0
2026-06-03 22:52:56;Garnet;ONLINE;0;0
2026-06-03 22:52:56;Forte 1;OFFLINE;0;0
2026-06-03 23:53:01;Cepheus-1-108Q;ONLINE;1;0
2026-06-03 23:53:01;Garnet;ONLINE;0;0
2026-06-03 23:53:01;Forte 1;OFFLINE;0;0
2026-06-04 00:53:06;Cepheus-1-108Q;ONLINE;0;0
2026-06-04 00:53:06;Garnet;ONLINE;0;0
2026-06-04 00:53:06;Forte 1;OFFLINE;0;0
2026-06-04 01:53:11;Cepheus-1-108Q;ONLINE;0;0
2026-06-04 01:53:11;Garnet;ONLINE;2;0
2026-06-04 01:53:11;Forte 1;OFFLINE;0;0
2026-06-04 02:53:16;Cepheus-1-108Q;ONLINE;0;0
2026-06-04 02:53:16;Garnet;ONLINE;2;0
2026-06-04 02:53:16;Forte 1;OFFLINE;0;0
2026-06-04 03:53:21;Cepheus-1-108Q;ONLINE;0;0
2026-06-04 03:53:21;Garnet;ONLINE;0;0
2026-06-04 03:53:21;Forte 1;OFFLINE;0;0
2026-06-04 04:53:27;Cepheus-1-108Q;ONLINE;0;0
2026-06-04 04:53:27;Garnet;ONLINE;0;0
2026-06-04 04:53:27;Forte 1;OFFLINE;0;0
2026-06-04 05:53:32;Cepheus-1-108Q;ONLINE;0;0
2026-06-04 05:53:32;Garnet;ONLINE;0;0
2026-06-04 05:53:32;Forte 1;OFFLINE;0;0
2026-06-04 06:53:37;Cepheus-1-108Q;ONLINE;0;0
2026-06-04 06:53:37;Garnet;ONLINE;0;0
2026-06-04 06:53:37;Forte 1;OFFLINE;0;0
2026-06-04 07:53:43;Cepheus-1-108Q;ONLINE;1;0
2026-06-04 07:53:43;Garnet;ONLINE;0;0
2026-06-04 07:53:43;Forte 1;OFFLINE;0;0
2026-06-04 08:53:48;Cepheus-1-108Q;ONLINE;3;0
2026-06-04 08:53:48;Garnet;ONLINE;0;0
2026-06-04 08:53:48;Forte 1;OFFLINE;0;0
2026-06-04 09:53:54;Cepheus-1-108Q;ONLINE;1;0
2026-06-04 09:53:54;Garnet;ONLINE;0;0
2026-06-04 09:53:54;Forte 1;OFFLINE;0;0
2026-06-04 10:53:59;Cepheus-1-108Q;ONLINE;1;0
2026-06-04 10:53:59;Garnet;ONLINE;0;0
2026-06-04 10:53:59;Forte 1;OFFLINE;0;0
2026-06-04 11:54:04;Cepheus-1-108Q;ONLINE;0;0
2026-06-04 11:54:04;Garnet;ONLINE;0;0
2026-06-04 11:54:04;Forte 1;OFFLINE;0;0
2026-06-04 12:54:10;Cepheus-1-108Q;ONLINE;0;0
2026-06-04 12:54:10;Garnet;ONLINE;0;0
2026-06-04 12:54:10;Forte 1;OFFLINE;0;0
2026-06-04 13:54:15;Cepheus-1-108Q;ONLINE;0;0
2026-06-04 13:54:15;Garnet;ONLINE;0;0
2026-06-04 13:54:15;Forte 1;OFFLINE;0;0
2026-06-04 14:54:21;Cepheus-1-108Q;ONLINE;3;0
2026-06-04 14:54:21;Garnet;ONLINE;0;0
2026-06-04 14:54:21;Forte 1;OFFLINE;0;0
2026-06-04 15:54:26;Cepheus-1-108Q;ONLINE;0;0
2026-06-04 15:54:26;Garnet;OFFLINE;0;0
2026-06-04 15:54:26;Forte 1;OFFLINE;0;0
2026-06-04 16:54:31;Cepheus-1-108Q;ONLINE;0;0
2026-06-04 16:54:31;Garnet;OFFLINE;0;0
2026-06-04 16:54:31;Forte 1;OFFLINE;0;0
2026-06-04 17:54:37;Cepheus-1-108Q;ONLINE;0;0
2026-06-04 17:54:37;Garnet;OFFLINE;0;0
2026-06-04 17:54:37;Forte 1;OFFLINE;0;0
2026-06-04 18:54:42;Cepheus-1-108Q;ONLINE;0;0
2026-06-04 18:54:42;Garnet;ONLINE;6;0
2026-06-04 18:54:42;Forte 1;OFFLINE;0;0
2026-06-04 19:54:47;Cepheus-1-108Q;ONLINE;1;0
2026-06-04 19:54:47;Garnet;ONLINE;0;0
2026-06-04 19:54:47;Forte 1;OFFLINE;0;0
2026-06-04 20:54:53;Cepheus-1-108Q;ONLINE;1;0
2026-06-04 20:54:53;Garnet;ONLINE;0;0
2026-06-04 20:54:53;Forte 1;OFFLINE;0;0
2026-06-04 21:54:58;Cepheus-1-108Q;ONLINE;0;0
2026-06-04 21:54:58;Garnet;ONLINE;7;0
2026-06-04 21:54:58;Forte 1;OFFLINE;0;0
2026-06-04 22:55:03;Cepheus-1-108Q;ONLINE;0;0
2026-06-04 22:55:03;Garnet;ONLINE;0;0
2026-06-04 22:55:03;Forte 1;OFFLINE;0;0
2026-06-04 23:55:08;Cepheus-1-108Q;ONLINE;0;0
2026-06-04 23:55:08;Garnet;ONLINE;0;0
2026-06-04 23:55:08;Forte 1;OFFLINE;0;0
2026-06-05 00:55:13;Cepheus-1-108Q;ONLINE;0;0
2026-06-05 00:55:13;Garnet;ONLINE;0;0
2026-06-05 00:55:13;Forte 1;OFFLINE;0;0
2026-06-05 01:55:19;Cepheus-1-108Q;ONLINE;0;0
2026-06-05 01:55:19;Garnet;ONLINE;1;0
2026-06-05 01:55:19;Forte 1;OFFLINE;0;0
2026-06-05 02:55:24;Cepheus-1-108Q;ONLINE;1;0
2026-06-05 02:55:24;Garnet;ONLINE;1;0
2026-06-05 02:55:24;Forte 1;OFFLINE;0;0
2026-06-05 03:55:30;Cepheus-1-108Q;ONLINE;0;0
2026-06-05 03:55:30;Garnet;ONLINE;0;0
2026-06-05 03:55:30;Forte 1;OFFLINE;0;0
2026-06-05 04:55:36;Cepheus-1-108Q;ONLINE;0;0
2026-06-05 04:55:36;Garnet;ONLINE;0;0
2026-06-05 04:55:36;Forte 1;OFFLINE;0;0
2026-06-05 05:55:41;Cepheus-1-108Q;ONLINE;0;0
2026-06-05 05:55:41;Garnet;ONLINE;0;0
2026-06-05 05:55:41;Forte 1;OFFLINE;0;0
2026-06-05 06:55:46;Cepheus-1-108Q;ONLINE;0;0
2026-06-05 06:55:46;Garnet;ONLINE;0;0
2026-06-05 06:55:46;Forte 1;OFFLINE;0;0
2026-06-05 07:55:52;Cepheus-1-108Q;ONLINE;0;0
2026-06-05 07:55:52;Garnet;ONLINE;0;0
2026-06-05 07:55:52;Forte 1;OFFLINE;0;0
2026-06-05 08:55:57;Cepheus-1-108Q;ONLINE;1;0
2026-06-05 08:55:57;Garnet;ONLINE;0;0
2026-06-05 08:55:57;Forte 1;OFFLINE;0;0
2026-06-05 09:56:03;Cepheus-1-108Q;ONLINE;0;0
2026-06-05 09:56:03;Garnet;ONLINE;0;0
2026-06-05 09:56:03;Forte 1;OFFLINE;0;0
2026-06-05 10:56:08;Cepheus-1-108Q;ONLINE;2;0
2026-06-05 10:56:08;Garnet;ONLINE;0;0
2026-06-05 10:56:08;Forte 1;OFFLINE;0;0
2026-06-05 11:56:14;Cepheus-1-108Q;ONLINE;0;0
2026-06-05 11:56:14;Garnet;ONLINE;0;0
2026-06-05 11:56:14;Forte 1;OFFLINE;0;0
2026-06-05 12:56:19;Cepheus-1-108Q;ONLINE;0;0
2026-06-05 12:56:19;Garnet;ONLINE;0;0
2026-06-05 12:56:19;Forte 1;OFFLINE;0;0
2026-06-05 13:56:24;Cepheus-1-108Q;ONLINE;0;0
2026-06-05 13:56:24;Garnet;ONLINE;0;0
2026-06-05 13:56:24;Forte 1;OFFLINE;0;0
2026-06-05 14:56:29;Cepheus-1-108Q;ONLINE;0;0
2026-06-05 14:56:29;Garnet;ONLINE;0;0
2026-06-05 14:56:29;Forte 1;OFFLINE;0;0
2026-06-05 15:56:34;Cepheus-1-108Q;ONLINE;0;0
2026-06-05 15:56:34;Garnet;ONLINE;6;0
2026-06-05 15:56:34;Forte 1;OFFLINE;0;0
2026-06-05 16:56:39;Cepheus-1-108Q;ONLINE;0;0
2026-06-05 16:56:39;Garnet;ONLINE;6;0
2026-06-05 16:56:39;Forte 1;OFFLINE;0;0
2026-06-05 17:56:45;Cepheus-1-108Q;ONLINE;0;0
2026-06-05 17:56:45;Garnet;ONLINE;0;0
2026-06-05 17:56:45;Forte 1;OFFLINE;0;0
2026-06-05 18:56:50;Cepheus-1-108Q;ONLINE;0;0
2026-06-05 18:56:50;Garnet;ONLINE;0;0
2026-06-05 18:56:50;Forte 1;OFFLINE;0;0
2026-06-05 19:56:55;Cepheus-1-108Q;ONLINE;0;0
2026-06-05 19:56:55;Garnet;ONLINE;1;0
2026-06-05 19:56:55;Forte 1;OFFLINE;0;0
2026-06-05 20:57:01;Cepheus-1-108Q;ONLINE;1;0
2026-06-05 20:57:01;Garnet;ONLINE;0;0
2026-06-05 20:57:01;Forte 1;OFFLINE;0;0
2026-06-05 21:57:06;Cepheus-1-108Q;ONLINE;1;0
2026-06-05 21:57:06;Garnet;ONLINE;0;0
2026-06-05 21:57:06;Forte 1;OFFLINE;0;0
2026-06-05 22:57:12;Cepheus-1-108Q;ONLINE;6;0
2026-06-05 22:57:12;Garnet;ONLINE;0;0
2026-06-05 22:57:12;Forte 1;OFFLINE;0;0
2026-06-05 23:57:17;Cepheus-1-108Q;ONLINE;6;0
2026-06-05 23:57:17;Garnet;ONLINE;0;0
2026-06-05 23:57:17;Forte 1;OFFLINE;0;0
2026-06-06 00:57:23;Cepheus-1-108Q;ONLINE;0;0
2026-06-06 00:57:23;Garnet;ONLINE;1;0
2026-06-06 00:57:23;Forte 1;OFFLINE;0;0
2026-06-06 01:57:28;Cepheus-1-108Q;ONLINE;0;0
2026-06-06 01:57:28;Garnet;ONLINE;1;0
2026-06-06 01:57:28;Forte 1;OFFLINE;0;0
2026-06-06 02:57:34;Cepheus-1-108Q;ONLINE;0;0
2026-06-06 02:57:34;Garnet;ONLINE;3;0
2026-06-06 02:57:34;Forte 1;OFFLINE;0;0
2026-06-06 03:57:39;Cepheus-1-108Q;ONLINE;0;0
2026-06-06 03:57:39;Garnet;ONLINE;3;0
2026-06-06 03:57:39;Forte 1;OFFLINE;0;0
2026-06-06 04:57:45;Cepheus-1-108Q;ONLINE;0;0
2026-06-06 04:57:45;Garnet;ONLINE;3;0
2026-06-06 04:57:45;Forte 1;OFFLINE;0;0
2026-06-06 05:57:50;Cepheus-1-108Q;ONLINE;0;0
2026-06-06 05:57:50;Garnet;ONLINE;3;0
2026-06-06 05:57:50;Forte 1;OFFLINE;0;0
2026-06-06 06:57:55;Cepheus-1-108Q;ONLINE;0;0
2026-06-06 06:57:55;Garnet;ONLINE;3;0
2026-06-06 06:57:55;Forte 1;OFFLINE;0;0
2026-06-06 07:58:00;Cepheus-1-108Q;ONLINE;0;0
2026-06-06 07:58:00;Garnet;ONLINE;3;0
2026-06-06 07:58:00;Forte 1;OFFLINE;0;0
2026-06-06 08:58:05;Cepheus-1-108Q;ONLINE;0;0
2026-06-06 08:58:05;Garnet;ONLINE;3;0
2026-06-06 08:58:05;Forte 1;OFFLINE;0;0
2026-06-06 09:58:11;Cepheus-1-108Q;ONLINE;0;0
2026-06-06 09:58:11;Garnet;ONLINE;3;0
2026-06-06 09:58:11;Forte 1;OFFLINE;0;0
2026-06-06 10:58:16;Cepheus-1-108Q;ONLINE;0;0
2026-06-06 10:58:16;Garnet;ONLINE;3;0
2026-06-06 10:58:16;Forte 1;OFFLINE;0;0
2026-06-06 11:58:21;Cepheus-1-108Q;ONLINE;0;0
2026-06-06 11:58:21;Garnet;ONLINE;3;0
2026-06-06 11:58:21;Forte 1;OFFLINE;0;0
2026-06-06 12:58:26;Cepheus-1-108Q;ONLINE;0;0
2026-06-06 12:58:26;Garnet;ONLINE;3;0
2026-06-06 12:58:26;Forte 1;OFFLINE;0;0
2026-06-06 13:58:31;Cepheus-1-108Q;ONLINE;0;0
2026-06-06 13:58:31;Garnet;ONLINE;3;0
2026-06-06 13:58:31;Forte 1;OFFLINE;0;0
2026-06-06 14:58:36;Cepheus-1-108Q;ONLINE;1;0
2026-06-06 14:58:36;Garnet;ONLINE;3;0
2026-06-06 14:58:36;Forte 1;OFFLINE;0;0
2026-06-06 15:58:42;Cepheus-1-108Q;ONLINE;0;0
2026-06-06 15:58:42;Garnet;ONLINE;3;0
2026-06-06 15:58:42;Forte 1;OFFLINE;0;0
2026-06-06 16:58:47;Cepheus-1-108Q;ONLINE;0;0
2026-06-06 16:58:47;Garnet;ONLINE;3;0
2026-06-06 16:58:47;Forte 1;OFFLINE;0;0
2026-06-06 17:58:52;Cepheus-1-108Q;ONLINE;0;0
2026-06-06 17:58:52;Garnet;ONLINE;3;0
2026-06-06 17:58:52;Forte 1;OFFLINE;0;0
2026-06-06 18:58:57;Cepheus-1-108Q;ONLINE;0;0
2026-06-06 18:58:57;Garnet;ONLINE;3;0
2026-06-06 18:58:57;Forte 1;OFFLINE;0;0
2026-06-06 19:59:02;Cepheus-1-108Q;ONLINE;8;0
2026-06-06 19:59:02;Garnet;ONLINE;3;0
2026-06-06 19:59:02;Forte 1;OFFLINE;0;0
2026-06-06 20:59:09;Cepheus-1-108Q;ONLINE;8;0
2026-06-06 20:59:09;Garnet;ONLINE;3;0
2026-06-06 20:59:09;Forte 1;OFFLINE;0;0
2026-06-06 21:59:14;Cepheus-1-108Q;ONLINE;2;0
2026-06-06 21:59:14;Garnet;ONLINE;3;0
2026-06-06 21:59:14;Forte 1;OFFLINE;0;0
2026-06-06 22:59:19;Cepheus-1-108Q;ONLINE;1;0
2026-06-06 22:59:19;Garnet;ONLINE;3;0
2026-06-06 22:59:19;Forte 1;OFFLINE;0;0
2026-06-06 23:59:25;Cepheus-1-108Q;ONLINE;0;0
2026-06-06 23:59:25;Garnet;ONLINE;3;0
2026-06-06 23:59:25;Forte 1;OFFLINE;0;0
2026-06-07 00:59:30;Cepheus-1-108Q;ONLINE;0;0
2026-06-07 00:59:30;Garnet;ONLINE;3;0
2026-06-07 00:59:30;Forte 1;OFFLINE;0;0
2026-06-07 01:59:35;Cepheus-1-108Q;ONLINE;0;0
2026-06-07 01:59:35;Garnet;ONLINE;3;0
2026-06-07 01:59:35;Forte 1;OFFLINE;0;0
2026-06-07 02:59:41;Cepheus-1-108Q;ONLINE;0;0
2026-06-07 02:59:41;Garnet;ONLINE;3;0
2026-06-07 02:59:41;Forte 1;OFFLINE;0;0
2026-06-07 03:59:46;Cepheus-1-108Q;ONLINE;0;0
2026-06-07 03:59:46;Garnet;ONLINE;3;0
2026-06-07 03:59:46;Forte 1;OFFLINE;0;0
2026-06-07 04:59:51;Cepheus-1-108Q;ONLINE;0;0
2026-06-07 04:59:51;Garnet;ONLINE;3;0
2026-06-07 04:59:51;Forte 1;OFFLINE;0;0
2026-06-07 05:59:57;Cepheus-1-108Q;ONLINE;0;0
2026-06-07 05:59:57;Garnet;ONLINE;3;0
2026-06-07 05:59:57;Forte 1;OFFLINE;0;0
2026-06-07 07:00:02;Cepheus-1-108Q;ONLINE;0;0
2026-06-07 07:00:02;Garnet;ONLINE;3;0
2026-06-07 07:00:02;Forte 1;OFFLINE;0;0
2026-06-07 08:00:08;Cepheus-1-108Q;ONLINE;0;0 (1 prioritized hybrid job running)
2026-06-07 08:00:08;Garnet;ONLINE;3;0
2026-06-07 08:00:08;Forte 1;OFFLINE;0;0
2026-06-07 09:00:14;Cepheus-1-108Q;ONLINE;1;0 (1 prioritized hybrid job running)
2026-06-07 09:00:14;Garnet;ONLINE;3;0
2026-06-07 09:00:14;Forte 1;OFFLINE;0;0
2026-06-07 10:00:19;Cepheus-1-108Q;ONLINE;0;0
2026-06-07 10:00:19;Garnet;ONLINE;3;0
2026-06-07 10:00:19;Forte 1;OFFLINE;0;0
2026-06-07 11:00:24;Cepheus-1-108Q;ONLINE;0;0
2026-06-07 11:00:24;Garnet;ONLINE;3;0
2026-06-07 11:00:24;Forte 1;OFFLINE;0;0
2026-06-07 12:00:29;Cepheus-1-108Q;ONLINE;0;0
2026-06-07 12:00:29;Garnet;ONLINE;3;0
2026-06-07 12:00:29;Forte 1;OFFLINE;0;0
2026-06-07 13:00:35;Cepheus-1-108Q;ONLINE;0;0
2026-06-07 13:00:35;Garnet;ONLINE;3;0
2026-06-07 13:00:35;Forte 1;OFFLINE;0;0
2026-06-07 14:00:40;Cepheus-1-108Q;ONLINE;0;0
2026-06-07 14:00:40;Garnet;ONLINE;3;0
2026-06-07 14:00:40;Forte 1;OFFLINE;0;0
2026-06-07 15:00:45;Cepheus-1-108Q;ONLINE;1;0
2026-06-07 15:00:45;Garnet;ONLINE;3;0
2026-06-07 15:00:45;Forte 1;OFFLINE;0;0
2026-06-07 16:00:50;Cepheus-1-108Q;ONLINE;0;0
2026-06-07 16:00:50;Garnet;ONLINE;3;0
2026-06-07 16:00:50;Forte 1;OFFLINE;0;0
2026-06-07 17:00:55;Cepheus-1-108Q;ONLINE;0;0
2026-06-07 17:00:55;Garnet;ONLINE;3;0
2026-06-07 17:00:55;Forte 1;OFFLINE;0;0
2026-06-07 18:01:00;Cepheus-1-108Q;ONLINE;0;0
2026-06-07 18:01:00;Garnet;ONLINE;4;0
2026-06-07 18:01:00;Forte 1;OFFLINE;0;0
2026-06-07 19:01:06;Cepheus-1-108Q;ONLINE;0;0 (1 prioritized hybrid job running)
2026-06-07 19:01:06;Garnet;ONLINE;4;0
2026-06-07 19:01:06;Forte 1;OFFLINE;0;0
2026-06-07 20:01:11;Cepheus-1-108Q;ONLINE;1;2
2026-06-07 20:01:11;Garnet;ONLINE;4;0
2026-06-07 20:01:11;Forte 1;OFFLINE;0;0
2026-06-07 21:01:16;Cepheus-1-108Q;ONLINE;0;0 (1 prioritized hybrid job running)
2026-06-07 21:01:16;Garnet;ONLINE;4;0
2026-06-07 21:01:16;Forte 1;OFFLINE;0;0
2026-06-07 22:01:21;Cepheus-1-108Q;ONLINE;1;0
2026-06-07 22:01:21;Garnet;ONLINE;4;0
2026-06-07 22:01:21;Forte 1;OFFLINE;0;0
2026-06-07 23:01:27;Cepheus-1-108Q;ONLINE;1;0
2026-06-07 23:01:27;Garnet;ONLINE;4;0
2026-06-07 23:01:27;Forte 1;OFFLINE;0;0
2026-06-08 00:01:32;Cepheus-1-108Q;ONLINE;0;0
2026-06-08 00:01:32;Garnet;ONLINE;1;0
2026-06-08 00:01:32;Forte 1;OFFLINE;0;0
2026-06-08 01:01:37;Cepheus-1-108Q;ONLINE;0;0
2026-06-08 01:01:37;Garnet;ONLINE;0;0
2026-06-08 01:01:37;Forte 1;OFFLINE;0;0
2026-06-08 02:01:42;Cepheus-1-108Q;ONLINE;0;0
2026-06-08 02:01:42;Garnet;ONLINE;1;0
2026-06-08 02:01:42;Forte 1;OFFLINE;0;0
2026-06-08 03:01:47;Cepheus-1-108Q;ONLINE;0;0
2026-06-08 03:01:47;Garnet;ONLINE;1;0
2026-06-08 03:01:47;Forte 1;OFFLINE;0;0
2026-06-08 04:01:52;Cepheus-1-108Q;ONLINE;0;0
2026-06-08 04:01:52;Garnet;ONLINE;0;0
2026-06-08 04:01:52;Forte 1;OFFLINE;0;0
2026-06-08 05:01:58;Cepheus-1-108Q;ONLINE;1;0
2026-06-08 05:01:58;Garnet;ONLINE;0;0
2026-06-08 05:01:58;Forte 1;OFFLINE;0;0
2026-06-08 06:02:03;Cepheus-1-108Q;ONLINE;0;0
2026-06-08 06:02:03;Garnet;ONLINE;0;0
2026-06-08 06:02:03;Forte 1;OFFLINE;0;0
2026-06-08 07:02:08;Cepheus-1-108Q;ONLINE;2;0
2026-06-08 07:02:08;Garnet;ONLINE;0;0
2026-06-08 07:02:08;Forte 1;OFFLINE;0;0
2026-06-08 08:02:13;Cepheus-1-108Q;ONLINE;3;0
2026-06-08 08:02:13;Garnet;ONLINE;0;0
2026-06-08 08:02:13;Forte 1;OFFLINE;0;0
2026-06-08 09:02:19;Cepheus-1-108Q;ONLINE;0;0
2026-06-08 09:02:19;Garnet;ONLINE;0;0
2026-06-08 09:02:19;Forte 1;OFFLINE;0;0
2026-06-08 10:02:24;Cepheus-1-108Q;ONLINE;2;0
2026-06-08 10:02:24;Garnet;ONLINE;0;0
2026-06-08 10:02:24;Forte 1;OFFLINE;0;0
2026-06-08 11:02:30;Cepheus-1-108Q;ONLINE;0;0
2026-06-08 11:02:30;Garnet;ONLINE;0;0
2026-06-08 11:02:30;Forte 1;OFFLINE;0;0
2026-06-08 12:02:35;Cepheus-1-108Q;ONLINE;0;0
2026-06-08 12:02:35;Garnet;ONLINE;0;0
2026-06-08 12:02:35;Forte 1;OFFLINE;0;0
2026-06-08 13:02:41;Cepheus-1-108Q;ONLINE;0;0
2026-06-08 13:02:41;Garnet;ONLINE;0;0
2026-06-08 13:02:41;Forte 1;OFFLINE;0;0
2026-06-08 14:02:46;Cepheus-1-108Q;ONLINE;0;0
2026-06-08 14:02:46;Garnet;ONLINE;0;0
2026-06-08 14:02:46;Forte 1;OFFLINE;0;0
2026-06-08 15:02:51;Cepheus-1-108Q;ONLINE;0;0
2026-06-08 15:02:51;Garnet;ONLINE;0;0
2026-06-08 15:02:51;Forte 1;OFFLINE;0;0
2026-06-08 16:02:57;Cepheus-1-108Q;ONLINE;0;0
2026-06-08 16:02:57;Garnet;ONLINE;6;0
2026-06-08 16:02:57;Forte 1;OFFLINE;0;0
2026-06-08 17:03:02;Cepheus-1-108Q;ONLINE;0;0
2026-06-08 17:03:02;Garnet;ONLINE;8;0
2026-06-08 17:03:02;Forte 1;OFFLINE;0;0
2026-06-08 18:03:08;Cepheus-1-108Q;ONLINE;0;0
2026-06-08 18:03:08;Garnet;ONLINE;0;0
2026-06-08 18:03:08;Forte 1;OFFLINE;0;0
2026-06-08 19:03:13;Cepheus-1-108Q;ONLINE;0;0
2026-06-08 19:03:13;Garnet;ONLINE;0;0
2026-06-08 19:03:13;Forte 1;OFFLINE;0;0
2026-06-08 20:03:18;Cepheus-1-108Q;ONLINE;0;0
2026-06-08 20:03:18;Garnet;ONLINE;0;0
2026-06-08 20:03:18;Forte 1;OFFLINE;0;0
2026-06-08 21:03:24;Cepheus-1-108Q;ONLINE;0;0
2026-06-08 21:03:24;Garnet;ONLINE;0;0
2026-06-08 21:03:24;Forte 1;OFFLINE;0;0
2026-06-08 22:03:29;Cepheus-1-108Q;ONLINE;0;0
2026-06-08 22:03:29;Garnet;ONLINE;0;0
2026-06-08 22:03:29;Forte 1;OFFLINE;0;0
2026-06-08 23:03:34;Cepheus-1-108Q;ONLINE;0;0
2026-06-08 23:03:34;Garnet;ONLINE;0;0
2026-06-08 23:03:34;Forte 1;OFFLINE;0;0
2026-06-09 00:03:40;Cepheus-1-108Q;ONLINE;0;0
2026-06-09 00:03:40;Garnet;ONLINE;0;0
2026-06-09 00:03:40;Forte 1;OFFLINE;0;0
2026-06-09 01:03:45;Cepheus-1-108Q;ONLINE;1;0
2026-06-09 01:03:45;Garnet;ONLINE;0;0
2026-06-09 01:03:45;Forte 1;OFFLINE;0;0
2026-06-09 02:03:50;Cepheus-1-108Q;ONLINE;0;0
2026-06-09 02:03:50;Garnet;ONLINE;3;0
2026-06-09 02:03:50;Forte 1;OFFLINE;0;0
2026-06-09 03:03:55;Cepheus-1-108Q;ONLINE;13;0
2026-06-09 03:03:55;Garnet;ONLINE;3;0
2026-06-09 03:03:55;Forte 1;OFFLINE;0;0
2026-06-09 04:04:00;Cepheus-1-108Q;ONLINE;2;0
2026-06-09 04:04:00;Garnet;ONLINE;0;0
2026-06-09 04:04:00;Forte 1;OFFLINE;0;0
2026-06-09 05:04:06;Cepheus-1-108Q;ONLINE;0;0
2026-06-09 05:04:06;Garnet;ONLINE;0;0
2026-06-09 05:04:06;Forte 1;OFFLINE;0;0
2026-06-09 06:04:12;Cepheus-1-108Q;ONLINE;0;0
2026-06-09 06:04:12;Garnet;ONLINE;0;0
2026-06-09 06:04:12;Forte 1;OFFLINE;0;0
2026-06-09 07:04:17;Cepheus-1-108Q;ONLINE;1;0
2026-06-09 07:04:17;Garnet;ONLINE;0;0
2026-06-09 07:04:17;Forte 1;OFFLINE;0;0
2026-06-09 08:04:22;Cepheus-1-108Q;ONLINE;2;0
2026-06-09 08:04:22;Garnet;ONLINE;0;0
2026-06-09 08:04:22;Forte 1;OFFLINE;0;0
2026-06-09 09:04:27;Cepheus-1-108Q;ONLINE;0;0
2026-06-09 09:04:27;Garnet;ONLINE;0;0
2026-06-09 09:04:27;Forte 1;OFFLINE;0;0
2026-06-09 10:04:33;Cepheus-1-108Q;ONLINE;0;0
2026-06-09 10:04:33;Garnet;ONLINE;0;0
2026-06-09 10:04:33;Forte 1;OFFLINE;0;0
2026-06-09 11:04:39;Cepheus-1-108Q;ONLINE;1;0
2026-06-09 11:04:39;Garnet;ONLINE;1;0
2026-06-09 11:04:39;Forte 1;OFFLINE;0;0
2026-06-09 12:04:44;Cepheus-1-108Q;ONLINE;3;0
2026-06-09 12:04:44;Garnet;ONLINE;0;0
2026-06-09 12:04:44;Forte 1;OFFLINE;0;0
2026-06-09 13:04:49;Cepheus-1-108Q;ONLINE;1;0
2026-06-09 13:04:49;Garnet;ONLINE;0;0
2026-06-09 13:04:49;Forte 1;OFFLINE;0;0
2026-06-09 14:04:55;Cepheus-1-108Q;ONLINE;0;0
2026-06-09 14:04:55;Garnet;ONLINE;0;0
2026-06-09 14:04:55;Forte 1;OFFLINE;0;0
2026-06-09 15:05:00;Cepheus-1-108Q;ONLINE;1;0
2026-06-09 15:05:00;Garnet;ONLINE;0;0
2026-06-09 15:05:00;Forte 1;OFFLINE;0;0
2026-06-09 16:05:05;Cepheus-1-108Q;ONLINE;2;0
2026-06-09 16:05:05;Garnet;ONLINE;8;0
2026-06-09 16:05:05;Forte 1;OFFLINE;0;0
2026-06-09 17:05:10;Cepheus-1-108Q;ONLINE;0;0
2026-06-09 17:05:10;Garnet;ONLINE;9;0
2026-06-09 17:05:10;Forte 1;OFFLINE;0;0
2026-06-09 18:05:16;Cepheus-1-108Q;ONLINE;0;0
2026-06-09 18:05:16;Garnet;ONLINE;0;0
2026-06-09 18:05:16;Forte 1;OFFLINE;0;0
2026-06-09 19:05:21;Cepheus-1-108Q;ONLINE;2;0
2026-06-09 19:05:21;Garnet;ONLINE;0;0
2026-06-09 19:05:21;Forte 1;OFFLINE;0;0
2026-06-09 20:05:27;Cepheus-1-108Q;ONLINE;2;0
2026-06-09 20:05:27;Garnet;ONLINE;0;0
2026-06-09 20:05:27;Forte 1;OFFLINE;0;0
2026-06-09 21:05:33;Cepheus-1-108Q;ONLINE;0;0
2026-06-09 21:05:33;Garnet;ONLINE;0;0
2026-06-09 21:05:33;Forte 1;OFFLINE;0;0
2026-06-09 22:05:38;Cepheus-1-108Q;ONLINE;0;0
2026-06-09 22:05:38;Garnet;ONLINE;0;0
2026-06-09 22:05:38;Forte 1;OFFLINE;0;0
2026-06-09 23:05:43;Cepheus-1-108Q;ONLINE;0;0
2026-06-09 23:05:43;Garnet;ONLINE;0;0
2026-06-09 23:05:43;Forte 1;OFFLINE;0;0
2026-06-10 00:05:49;Cepheus-1-108Q;ONLINE;0;0
2026-06-10 00:05:49;Garnet;ONLINE;0;0
2026-06-10 00:05:49;Forte 1;OFFLINE;0;0
2026-06-10 01:05:54;Cepheus-1-108Q;ONLINE;0;0
2026-06-10 01:05:54;Garnet;ONLINE;0;0
2026-06-10 01:05:54;Forte 1;OFFLINE;0;0
2026-06-10 02:05:59;Cepheus-1-108Q;ONLINE;0;0
2026-06-10 02:05:59;Garnet;ONLINE;2;0
2026-06-10 02:05:59;Forte 1;OFFLINE;0;0
2026-06-10 03:06:05;Cepheus-1-108Q;ONLINE;0;0
2026-06-10 03:06:05;Garnet;ONLINE;2;0
2026-06-10 03:06:05;Forte 1;OFFLINE;0;0
2026-06-10 04:06:10;Cepheus-1-108Q;ONLINE;0;0
2026-06-10 04:06:10;Garnet;ONLINE;0;0
2026-06-10 04:06:10;Forte 1;OFFLINE;0;0
2026-06-10 05:06:15;Cepheus-1-108Q;ONLINE;0;0
2026-06-10 05:06:15;Garnet;ONLINE;0;0
2026-06-10 05:06:15;Forte 1;OFFLINE;0;0
2026-06-10 06:06:21;Cepheus-1-108Q;ONLINE;0;0
2026-06-10 06:06:21;Garnet;ONLINE;0;0
2026-06-10 06:06:21;Forte 1;OFFLINE;0;0
2026-06-10 07:06:26;Cepheus-1-108Q;ONLINE;0;0
2026-06-10 07:06:26;Garnet;ONLINE;0;0
2026-06-10 07:06:26;Forte 1;OFFLINE;0;0
2026-06-10 08:06:31;Cepheus-1-108Q;ONLINE;74;0
2026-06-10 08:06:31;Garnet;ONLINE;0;0
2026-06-10 08:06:31;Forte 1;OFFLINE;0;0
2026-06-10 09:06:36;Cepheus-1-108Q;ONLINE;39;0
2026-06-10 09:06:36;Garnet;ONLINE;0;0
2026-06-10 09:06:36;Forte 1;OFFLINE;0;0
2026-06-10 10:06:41;Cepheus-1-108Q;ONLINE;3;0
2026-06-10 10:06:41;Garnet;ONLINE;0;0
2026-06-10 10:06:41;Forte 1;OFFLINE;0;0
2026-06-10 11:06:46;Cepheus-1-108Q;ONLINE;4;0
2026-06-10 11:06:46;Garnet;ONLINE;0;0
2026-06-10 11:06:46;Forte 1;OFFLINE;0;0
2026-06-10 12:06:52;Cepheus-1-108Q;ONLINE;87;0
2026-06-10 12:06:52;Garnet;ONLINE;0;0
2026-06-10 12:06:52;Forte 1;OFFLINE;0;0
2026-06-10 13:06:57;Cepheus-1-108Q;ONLINE;87;0
2026-06-10 13:06:57;Garnet;ONLINE;0;0
2026-06-10 13:06:57;Forte 1;OFFLINE;0;0
2026-06-10 14:07:02;Cepheus-1-108Q;ONLINE;88;0
2026-06-10 14:07:02;Garnet;ONLINE;0;0
2026-06-10 14:07:02;Forte 1;OFFLINE;0;0
2026-06-10 15:07:07;Cepheus-1-108Q;ONLINE;91;0
2026-06-10 15:07:07;Garnet;ONLINE;0;0
2026-06-10 15:07:07;Forte 1;OFFLINE;0;0
2026-06-10 16:07:13;Cepheus-1-108Q;ONLINE;0;0
2026-06-10 16:07:13;Garnet;ONLINE;6;0
2026-06-10 16:07:13;Forte 1;OFFLINE;0;0
2026-06-10 17:07:18;Cepheus-1-108Q;ONLINE;0;0
2026-06-10 17:07:18;Garnet;ONLINE;6;0
2026-06-10 17:07:18;Forte 1;OFFLINE;0;0
2026-06-10 18:07:23;Cepheus-1-108Q;ONLINE;0;0
2026-06-10 18:07:23;Garnet;ONLINE;0;0
2026-06-10 18:07:23;Forte 1;OFFLINE;0;0
2026-06-10 19:07:29;Cepheus-1-108Q;ONLINE;156;0
2026-06-10 19:07:29;Garnet;ONLINE;0;0
2026-06-10 19:07:29;Forte 1;OFFLINE;0;0
2026-06-10 20:07:34;Cepheus-1-108Q;ONLINE;488;0
2026-06-10 20:07:34;Garnet;ONLINE;0;0
2026-06-10 20:07:34;Forte 1;OFFLINE;0;0
2026-06-10 21:07:39;Cepheus-1-108Q;ONLINE;0;0
2026-06-10 21:07:39;Garnet;ONLINE;0;0
2026-06-10 21:07:39;Forte 1;OFFLINE;0;0
2026-06-10 22:07:45;Cepheus-1-108Q;ONLINE;0;0
2026-06-10 22:07:45;Garnet;ONLINE;0;0
2026-06-10 22:07:45;Forte 1;OFFLINE;0;0
2026-06-10 23:07:50;Cepheus-1-108Q;ONLINE;0;0
2026-06-10 23:07:50;Garnet;ONLINE;0;0
2026-06-10 23:07:50;Forte 1;OFFLINE;0;0
2026-06-11 00:07:55;Cepheus-1-108Q;ONLINE;6;0
2026-06-11 00:07:55;Garnet;ONLINE;0;0
2026-06-11 00:07:55;Forte 1;OFFLINE;0;0
2026-06-11 01:08:00;Cepheus-1-108Q;ONLINE;2;0
2026-06-11 01:08:00;Garnet;ONLINE;0;0
2026-06-11 01:08:00;Forte 1;OFFLINE;0;0
2026-06-11 02:08:06;Cepheus-1-108Q;ONLINE;0;0
2026-06-11 02:08:06;Garnet;ONLINE;10;0
2026-06-11 02:08:06;Forte 1;OFFLINE;0;0
2026-06-11 03:08:11;Cepheus-1-108Q;ONLINE;0;0
2026-06-11 03:08:11;Garnet;ONLINE;25;0
2026-06-11 03:08:11;Forte 1;OFFLINE;0;0
2026-06-11 04:08:16;Cepheus-1-108Q;ONLINE;0;0
2026-06-11 04:08:16;Garnet;ONLINE;0;0
2026-06-11 04:08:16;Forte 1;OFFLINE;0;0
2026-06-11 05:08:21;Cepheus-1-108Q;ONLINE;1;0
2026-06-11 05:08:21;Garnet;ONLINE;0;0
2026-06-11 05:08:21;Forte 1;OFFLINE;0;0
2026-06-11 06:08:27;Cepheus-1-108Q;ONLINE;0;0
2026-06-11 06:08:27;Garnet;ONLINE;0;0
2026-06-11 06:08:27;Forte 1;OFFLINE;0;0
2026-06-11 07:08:32;Cepheus-1-108Q;ONLINE;0;0
2026-06-11 07:08:32;Garnet;ONLINE;0;0
2026-06-11 07:08:32;Forte 1;OFFLINE;0;0
2026-06-11 08:08:37;Cepheus-1-108Q;ONLINE;0;0
2026-06-11 08:08:37;Garnet;ONLINE;0;0
2026-06-11 08:08:37;Forte 1;OFFLINE;0;0
2026-06-11 09:08:42;Cepheus-1-108Q;ONLINE;0;0
2026-06-11 09:08:42;Garnet;ONLINE;0;0
2026-06-11 09:08:42;Forte 1;OFFLINE;0;0
2026-06-11 10:08:48;Cepheus-1-108Q;ONLINE;0;0
2026-06-11 10:08:48;Garnet;ONLINE;0;0
2026-06-11 10:08:48;Forte 1;OFFLINE;0;0
2026-06-11 11:08:53;Cepheus-1-108Q;ONLINE;1;0
2026-06-11 11:08:53;Garnet;ONLINE;0;0
2026-06-11 11:08:53;Forte 1;OFFLINE;0;0
2026-06-11 12:08:58;Cepheus-1-108Q;ONLINE;1;0
2026-06-11 12:08:58;Garnet;ONLINE;0;0
2026-06-11 12:08:58;Forte 1;OFFLINE;0;0
2026-06-11 13:09:04;Cepheus-1-108Q;ONLINE;1;0
2026-06-11 13:09:04;Garnet;ONLINE;0;0
2026-06-11 13:09:04;Forte 1;OFFLINE;0;0
2026-06-11 14:09:09;Cepheus-1-108Q;ONLINE;0;0
2026-06-11 14:09:09;Garnet;ONLINE;0;0
2026-06-11 14:09:09;Forte 1;OFFLINE;0;0
2026-06-11 15:09:15;Cepheus-1-108Q;ONLINE;1;0
2026-06-11 15:09:15;Garnet;ONLINE;0;0
2026-06-11 15:09:15;Forte 1;OFFLINE;0;0
2026-06-11 16:09:20;Cepheus-1-108Q;ONLINE;11;0
2026-06-11 16:09:20;Garnet;ONLINE;6;0
2026-06-11 16:09:20;Forte 1;OFFLINE;0;0
2026-06-11 17:09:25;Cepheus-1-108Q;ONLINE;20;0
2026-06-11 17:09:25;Garnet;ONLINE;6;0
2026-06-11 17:09:25;Forte 1;OFFLINE;0;0
2026-06-11 18:09:31;Cepheus-1-108Q;ONLINE;0;0
2026-06-11 18:09:31;Garnet;ONLINE;0;0
2026-06-11 18:09:31;Forte 1;OFFLINE;0;0
2026-06-11 19:09:36;Cepheus-1-108Q;ONLINE;1;0
2026-06-11 19:09:36;Garnet;ONLINE;0;0
2026-06-11 19:09:36;Forte 1;OFFLINE;0;0
2026-06-11 20:09:41;Cepheus-1-108Q;ONLINE;2;0
2026-06-11 20:09:41;Garnet;ONLINE;0;0
2026-06-11 20:09:41;Forte 1;OFFLINE;0;0
2026-06-11 21:09:46;Cepheus-1-108Q;ONLINE;4;0
2026-06-11 21:09:46;Garnet;ONLINE;0;0
2026-06-11 21:09:46;Forte 1;OFFLINE;0;0
2026-06-11 22:09:51;Cepheus-1-108Q;ONLINE;4;0
2026-06-11 22:09:51;Garnet;ONLINE;0;0
2026-06-11 22:09:51;Forte 1;OFFLINE;0;0
2026-06-11 23:09:57;Cepheus-1-108Q;ONLINE;3;0
2026-06-11 23:09:57;Garnet;ONLINE;0;0
2026-06-11 23:09:57;Forte 1;OFFLINE;0;0
2026-06-12 00:10:02;Cepheus-1-108Q;ONLINE;0;0
2026-06-12 00:10:02;Garnet;ONLINE;0;0
2026-06-12 00:10:02;Forte 1;OFFLINE;0;0
2026-06-12 01:10:08;Cepheus-1-108Q;ONLINE;0;0
2026-06-12 01:10:08;Garnet;ONLINE;0;0
2026-06-12 01:10:08;Forte 1;OFFLINE;0;0
2026-06-12 02:10:13;Cepheus-1-108Q;ONLINE;0;0
2026-06-12 02:10:13;Garnet;ONLINE;1;0
2026-06-12 02:10:13;Forte 1;OFFLINE;0;0
2026-06-12 03:10:18;Cepheus-1-108Q;ONLINE;1;0
2026-06-12 03:10:18;Garnet;ONLINE;2;0
2026-06-12 03:10:18;Forte 1;OFFLINE;0;0
2026-06-12 04:10:23;Cepheus-1-108Q;ONLINE;0;0
2026-06-12 04:10:23;Garnet;ONLINE;0;0
2026-06-12 04:10:23;Forte 1;OFFLINE;0;0
2026-06-12 05:10:28;Cepheus-1-108Q;ONLINE;0;0
2026-06-12 05:10:28;Garnet;ONLINE;0;0
2026-06-12 05:10:28;Forte 1;OFFLINE;0;0
2026-06-12 06:10:34;Cepheus-1-108Q;ONLINE;0;0
2026-06-12 06:10:34;Garnet;ONLINE;0;0
2026-06-12 06:10:34;Forte 1;OFFLINE;0;0
2026-06-12 07:10:39;Cepheus-1-108Q;ONLINE;69;0
2026-06-12 07:10:39;Garnet;ONLINE;0;0
2026-06-12 07:10:39;Forte 1;OFFLINE;0;0
2026-06-12 08:10:45;Cepheus-1-108Q;ONLINE;69;0
2026-06-12 08:10:45;Garnet;ONLINE;0;0
2026-06-12 08:10:45;Forte 1;OFFLINE;0;0
2026-06-12 09:10:50;Cepheus-1-108Q;ONLINE;0;0
2026-06-12 09:10:50;Garnet;ONLINE;0;0
2026-06-12 09:10:50;Forte 1;OFFLINE;0;0
2026-06-12 10:10:56;Cepheus-1-108Q;ONLINE;0;0
2026-06-12 10:10:56;Garnet;ONLINE;0;0
2026-06-12 10:10:56;Forte 1;OFFLINE;0;0
2026-06-12 11:11:02;Cepheus-1-108Q;ONLINE;0;0
2026-06-12 11:11:02;Garnet;ONLINE;0;0
2026-06-12 11:11:02;Forte 1;OFFLINE;0;0
2026-06-12 12:11:07;Cepheus-1-108Q;ONLINE;0;0
2026-06-12 12:11:07;Garnet;ONLINE;0;0
2026-06-12 12:11:07;Forte 1;OFFLINE;0;0
2026-06-12 13:11:12;Cepheus-1-108Q;ONLINE;0;0
2026-06-12 13:11:12;Garnet;ONLINE;0;0
2026-06-12 13:11:12;Forte 1;OFFLINE;0;0
2026-06-12 14:11:17;Cepheus-1-108Q;ONLINE;0;0
2026-06-12 14:11:17;Garnet;ONLINE;0;0
2026-06-12 14:11:17;Forte 1;OFFLINE;0;0
2026-06-12 15:11:23;Cepheus-1-108Q;ONLINE;0;0
2026-06-12 15:11:23;Garnet;ONLINE;0;0
2026-06-12 15:11:23;Forte 1;OFFLINE;0;0
2026-06-12 16:11:28;Cepheus-1-108Q;ONLINE;0;0
2026-06-12 16:11:28;Garnet;ONLINE;6;0
2026-06-12 16:11:28;Forte 1;OFFLINE;0;0
2026-06-12 17:11:33;Cepheus-1-108Q;ONLINE;0;0
2026-06-12 17:11:33;Garnet;ONLINE;6;0
2026-06-12 17:11:33;Forte 1;OFFLINE;0;0
2026-06-12 18:11:39;Cepheus-1-108Q;ONLINE;0;0
2026-06-12 18:11:39;Garnet;ONLINE;0;0
2026-06-12 18:11:39;Forte 1;OFFLINE;0;0
2026-06-12 19:11:44;Cepheus-1-108Q;ONLINE;0;0
2026-06-12 19:11:44;Garnet;ONLINE;0;0
2026-06-12 19:11:44;Forte 1;OFFLINE;0;0
2026-06-12 20:11:49;Cepheus-1-108Q;ONLINE;2;0
2026-06-12 20:11:49;Garnet;ONLINE;0;0
2026-06-12 20:11:49;Forte 1;OFFLINE;0;0
2026-06-12 21:11:55;Cepheus-1-108Q;ONLINE;0;0
2026-06-12 21:11:55;Garnet;ONLINE;0;0
2026-06-12 21:11:55;Forte 1;OFFLINE;0;0
2026-06-12 22:12:00;Cepheus-1-108Q;ONLINE;0;0
2026-06-12 22:12:00;Garnet;ONLINE;0;0
2026-06-12 22:12:00;Forte 1;OFFLINE;0;0
2026-06-12 23:12:05;Cepheus-1-108Q;ONLINE;0;0
2026-06-12 23:12:05;Garnet;ONLINE;0;0
2026-06-12 23:12:05;Forte 1;OFFLINE;0;0
2026-06-13 00:12:10;Cepheus-1-108Q;ONLINE;0;0
2026-06-13 00:12:10;Garnet;ONLINE;1;0
2026-06-13 00:12:10;Forte 1;OFFLINE;0;0
2026-06-13 01:12:15;Cepheus-1-108Q;ONLINE;0;0
2026-06-13 01:12:15;Garnet;ONLINE;2;0
2026-06-13 01:12:15;Forte 1;OFFLINE;0;0
2026-06-13 02:12:20;Cepheus-1-108Q;ONLINE;2;0
2026-06-13 02:12:20;Garnet;ONLINE;2;0
2026-06-13 02:12:20;Forte 1;OFFLINE;0;0
2026-06-13 03:12:25;Cepheus-1-108Q;ONLINE;0;0
2026-06-13 03:12:25;Garnet;ONLINE;2;0
2026-06-13 03:12:25;Forte 1;OFFLINE;0;0
2026-06-13 04:12:31;Cepheus-1-108Q;ONLINE;0;0
2026-06-13 04:12:31;Garnet;ONLINE;2;0
2026-06-13 04:12:31;Forte 1;OFFLINE;0;0
2026-06-13 05:12:36;Cepheus-1-108Q;ONLINE;0;0
2026-06-13 05:12:36;Garnet;ONLINE;15;0
2026-06-13 05:12:36;Forte 1;OFFLINE;0;0
2026-06-13 06:12:41;Cepheus-1-108Q;ONLINE;0;0
2026-06-13 06:12:41;Garnet;ONLINE;15;0
2026-06-13 06:12:41;Forte 1;OFFLINE;0;0
2026-06-13 07:12:46;Cepheus-1-108Q;ONLINE;0;0
2026-06-13 07:12:46;Garnet;ONLINE;15;0
2026-06-13 07:12:46;Forte 1;OFFLINE;0;0
2026-06-13 08:12:51;Cepheus-1-108Q;ONLINE;0;0
2026-06-13 08:12:51;Garnet;ONLINE;15;0
2026-06-13 08:12:51;Forte 1;OFFLINE;0;0
2026-06-13 09:12:56;Cepheus-1-108Q;ONLINE;0;0
2026-06-13 09:12:56;Garnet;ONLINE;15;0
2026-06-13 09:12:56;Forte 1;OFFLINE;0;0
2026-06-13 10:13:02;Cepheus-1-108Q;ONLINE;0;0
2026-06-13 10:13:02;Garnet;ONLINE;15;0
2026-06-13 10:13:02;Forte 1;OFFLINE;0;0
2026-06-13 11:13:08;Cepheus-1-108Q;ONLINE;0;0
2026-06-13 11:13:08;Garnet;ONLINE;15;0
2026-06-13 11:13:08;Forte 1;OFFLINE;0;0
2026-06-13 12:13:13;Cepheus-1-108Q;ONLINE;0;0
2026-06-13 12:13:13;Garnet;ONLINE;15;0
2026-06-13 12:13:13;Forte 1;OFFLINE;0;0
2026-06-13 13:13:18;Cepheus-1-108Q;ONLINE;0;0
2026-06-13 13:13:18;Garnet;ONLINE;15;0
2026-06-13 13:13:18;Forte 1;OFFLINE;0;0
2026-06-13 14:13:24;Cepheus-1-108Q;ONLINE;0;0
2026-06-13 14:13:24;Garnet;ONLINE;15;0
2026-06-13 14:13:24;Forte 1;OFFLINE;0;0
2026-06-13 15:13:29;Cepheus-1-108Q;ONLINE;0;0
2026-06-13 15:13:29;Garnet;ONLINE;15;0
2026-06-13 15:13:29;Forte 1;OFFLINE;0;0
2026-06-13 16:13:34;Cepheus-1-108Q;ONLINE;0;0
2026-06-13 16:13:34;Garnet;ONLINE;15;0
2026-06-13 16:13:34;Forte 1;OFFLINE;0;0
2026-06-13 17:13:40;Cepheus-1-108Q;ONLINE;0;0
2026-06-13 17:13:40;Garnet;ONLINE;15;0
2026-06-13 17:13:40;Forte 1;OFFLINE;0;0
2026-06-13 18:13:45;Cepheus-1-108Q;ONLINE;0;0
2026-06-13 18:13:45;Garnet;ONLINE;15;0
2026-06-13 18:13:45;Forte 1;OFFLINE;0;0
2026-06-13 19:13:50;Cepheus-1-108Q;ONLINE;0;0
2026-06-13 19:13:50;Garnet;ONLINE;15;0
2026-06-13 19:13:50;Forte 1;OFFLINE;0;0
2026-06-13 20:13:55;Cepheus-1-108Q;ONLINE;0;0
2026-06-13 20:13:55;Garnet;ONLINE;15;0
2026-06-13 20:13:55;Forte 1;OFFLINE;0;0
2026-06-13 21:14:01;Cepheus-1-108Q;ONLINE;0;0
2026-06-13 21:14:01;Garnet;ONLINE;15;0
2026-06-13 21:14:01;Forte 1;OFFLINE;0;0
2026-06-13 22:14:06;Cepheus-1-108Q;ONLINE;0;0
2026-06-13 22:14:06;Garnet;ONLINE;15;0
2026-06-13 22:14:06;Forte 1;OFFLINE;0;0
2026-06-13 23:14:11;Cepheus-1-108Q;ONLINE;0;0
2026-06-13 23:14:11;Garnet;ONLINE;15;0
2026-06-13 23:14:11;Forte 1;OFFLINE;0;0
2026-06-14 00:14:16;Cepheus-1-108Q;ONLINE;0;0
2026-06-14 00:14:16;Garnet;ONLINE;15;0
2026-06-14 00:14:16;Forte 1;OFFLINE;0;0
2026-06-14 01:14:21;Cepheus-1-108Q;ONLINE;0;0
2026-06-14 01:14:21;Garnet;ONLINE;15;0
2026-06-14 01:14:21;Forte 1;OFFLINE;0;0
2026-06-14 02:14:26;Cepheus-1-108Q;ONLINE;0;0
2026-06-14 02:14:26;Garnet;ONLINE;15;0
2026-06-14 02:14:26;Forte 1;OFFLINE;0;0
2026-06-14 03:14:32;Cepheus-1-108Q;ONLINE;20;0
2026-06-14 03:14:32;Garnet;ONLINE;15;0
2026-06-14 03:14:32;Forte 1;OFFLINE;0;0
2026-06-14 04:14:37;Cepheus-1-108Q;ONLINE;0;0
2026-06-14 04:14:37;Garnet;ONLINE;15;0
2026-06-14 04:14:37;Forte 1;OFFLINE;0;0
2026-06-14 05:14:42;Cepheus-1-108Q;ONLINE;0;0
2026-06-14 05:14:42;Garnet;ONLINE;15;0
2026-06-14 05:14:42;Forte 1;OFFLINE;0;0
2026-06-14 06:14:47;Cepheus-1-108Q;ONLINE;0;0
2026-06-14 06:14:47;Garnet;ONLINE;15;0
2026-06-14 06:14:47;Forte 1;OFFLINE;0;0
2026-06-14 07:14:52;Cepheus-1-108Q;ONLINE;0;0
2026-06-14 07:14:52;Garnet;ONLINE;15;0
2026-06-14 07:14:52;Forte 1;OFFLINE;0;0
2026-06-14 08:14:57;Cepheus-1-108Q;ONLINE;0;0
2026-06-14 08:14:57;Garnet;ONLINE;15;0
2026-06-14 08:14:57;Forte 1;OFFLINE;0;0
2026-06-14 09:15:02;Cepheus-1-108Q;ONLINE;0;0
2026-06-14 09:15:02;Garnet;ONLINE;15;0
2026-06-14 09:15:02;Forte 1;OFFLINE;0;0
2026-06-14 10:15:08;Cepheus-1-108Q;ONLINE;0;0
2026-06-14 10:15:08;Garnet;ONLINE;15;0
2026-06-14 10:15:08;Forte 1;OFFLINE;0;0
2026-06-14 11:15:14;Cepheus-1-108Q;ONLINE;0;0
2026-06-14 11:15:14;Garnet;ONLINE;15;0
2026-06-14 11:15:14;Forte 1;OFFLINE;0;0
2026-06-14 12:15:19;Cepheus-1-108Q;ONLINE;0;0
2026-06-14 12:15:19;Garnet;ONLINE;15;0
2026-06-14 12:15:19;Forte 1;OFFLINE;0;0
2026-06-14 13:15:24;Cepheus-1-108Q;ONLINE;1;0
2026-06-14 13:15:24;Garnet;ONLINE;15;0
2026-06-14 13:15:24;Forte 1;OFFLINE;0;0
2026-06-14 14:15:29;Cepheus-1-108Q;ONLINE;0;0
2026-06-14 14:15:29;Garnet;ONLINE;15;0
2026-06-14 14:15:29;Forte 1;OFFLINE;0;0
2026-06-14 15:15:34;Cepheus-1-108Q;ONLINE;0;0
2026-06-14 15:15:34;Garnet;ONLINE;15;0
2026-06-14 15:15:34;Forte 1;OFFLINE;0;0
2026-06-14 16:15:40;Cepheus-1-108Q;ONLINE;0;0
2026-06-14 16:15:40;Garnet;ONLINE;15;0
2026-06-14 16:15:40;Forte 1;OFFLINE;0;0
2026-06-14 17:15:45;Cepheus-1-108Q;ONLINE;0;0
2026-06-14 17:15:45;Garnet;ONLINE;15;0
2026-06-14 17:15:45;Forte 1;OFFLINE;0;0
2026-06-14 18:15:50;Cepheus-1-108Q;ONLINE;0;0
2026-06-14 18:15:50;Garnet;ONLINE;15;0
2026-06-14 18:15:50;Forte 1;OFFLINE;0;0
2026-06-14 19:15:56;Cepheus-1-108Q;ONLINE;0;0
2026-06-14 19:15:56;Garnet;ONLINE;15;0
2026-06-14 19:15:56;Forte 1;OFFLINE;0;0
2026-06-14 20:16:01;Cepheus-1-108Q;ONLINE;0;0
2026-06-14 20:16:01;Garnet;ONLINE;15;0
2026-06-14 20:16:01;Forte 1;OFFLINE;0;0
2026-06-14 21:16:06;Cepheus-1-108Q;ONLINE;0;0
2026-06-14 21:16:06;Garnet;ONLINE;15;0
2026-06-14 21:16:06;Forte 1;OFFLINE;0;0
2026-06-14 22:16:12;Cepheus-1-108Q;ONLINE;0;0
2026-06-14 22:16:12;Garnet;ONLINE;15;0
2026-06-14 22:16:12;Forte 1;OFFLINE;0;0
2026-06-14 23:16:17;Cepheus-1-108Q;ONLINE;0;0
2026-06-14 23:16:17;Garnet;ONLINE;15;0
2026-06-14 23:16:17;Forte 1;OFFLINE;0;0
2026-06-15 00:16:22;Cepheus-1-108Q;ONLINE;0;0
2026-06-15 00:16:22;Garnet;ONLINE;0;0
2026-06-15 00:16:22;Forte 1;OFFLINE;0;0
2026-06-15 01:16:28;Cepheus-1-108Q;ONLINE;0;0
2026-06-15 01:16:28;Garnet;ONLINE;0;0
2026-06-15 01:16:28;Forte 1;OFFLINE;0;0
2026-06-15 02:16:34;Cepheus-1-108Q;ONLINE;0;0
2026-06-15 02:16:34;Garnet;ONLINE;1;0
2026-06-15 02:16:34;Forte 1;OFFLINE;0;0
2026-06-15 03:16:39;Cepheus-1-108Q;ONLINE;0;0
2026-06-15 03:16:39;Garnet;ONLINE;0;0
2026-06-15 03:16:39;Forte 1;OFFLINE;0;0
2026-06-15 04:16:44;Cepheus-1-108Q;ONLINE;0;0
2026-06-15 04:16:44;Garnet;ONLINE;0;0
2026-06-15 04:16:44;Forte 1;OFFLINE;0;0
2026-06-15 05:16:49;Cepheus-1-108Q;ONLINE;0;0
2026-06-15 05:16:49;Garnet;ONLINE;0;0
2026-06-15 05:16:49;Forte 1;OFFLINE;0;0
2026-06-15 06:16:54;Cepheus-1-108Q;ONLINE;0;0
2026-06-15 06:16:54;Garnet;ONLINE;0;0
2026-06-15 06:16:54;Forte 1;OFFLINE;0;0
2026-06-15 07:17:00;Cepheus-1-108Q;ONLINE;0;0
2026-06-15 07:17:00;Garnet;ONLINE;0;0
2026-06-15 07:17:00;Forte 1;OFFLINE;0;0
2026-06-15 08:17:05;Cepheus-1-108Q;ONLINE;0;0
2026-06-15 08:17:05;Garnet;ONLINE;0;0
2026-06-15 08:17:05;Forte 1;OFFLINE;0;0
2026-06-15 09:17:11;Cepheus-1-108Q;ONLINE;0;0
2026-06-15 09:17:11;Garnet;ONLINE;0;0
2026-06-15 09:17:11;Forte 1;OFFLINE;0;0
2026-06-15 10:17:16;Cepheus-1-108Q;ONLINE;0;0
2026-06-15 10:17:16;Garnet;ONLINE;0;0
2026-06-15 10:17:16;Forte 1;OFFLINE;0;0
2026-06-15 11:17:22;Cepheus-1-108Q;ONLINE;0;0
2026-06-15 11:17:22;Garnet;ONLINE;0;0
2026-06-15 11:17:22;Forte 1;OFFLINE;0;0
2026-06-15 12:17:27;Cepheus-1-108Q;ONLINE;0;0
2026-06-15 12:17:27;Garnet;ONLINE;0;0
2026-06-15 12:17:27;Forte 1;OFFLINE;0;0
2026-06-15 13:17:33;Cepheus-1-108Q;ONLINE;0;0
2026-06-15 13:17:33;Garnet;ONLINE;0;0
2026-06-15 13:17:33;Forte 1;OFFLINE;0;0
2026-06-15 14:17:38;Cepheus-1-108Q;ONLINE;0;0
2026-06-15 14:17:38;Garnet;ONLINE;0;0
2026-06-15 14:17:38;Forte 1;OFFLINE;0;0
2026-06-15 15:17:43;Cepheus-1-108Q;ONLINE;0;0
2026-06-15 15:17:43;Garnet;ONLINE;0;0 (1 prioritized hybrid job running)
2026-06-15 15:17:43;Forte 1;OFFLINE;0;0
2026-06-15 16:17:48;Cepheus-1-108Q;ONLINE;0;0
2026-06-15 16:17:48;Garnet;ONLINE;6;0 (1 prioritized hybrid job running)
2026-06-15 16:17:48;Forte 1;OFFLINE;0;0
2026-06-15 17:17:54;Cepheus-1-108Q;ONLINE;0;0
2026-06-15 17:17:54;Garnet;ONLINE;0;0
2026-06-15 17:17:54;Forte 1;OFFLINE;0;0
2026-06-15 18:17:59;Cepheus-1-108Q;ONLINE;0;0
2026-06-15 18:17:59;Garnet;ONLINE;0;0
2026-06-15 18:17:59;Forte 1;OFFLINE;0;0
2026-06-15 19:18:05;Cepheus-1-108Q;ONLINE;1;0
2026-06-15 19:18:05;Garnet;ONLINE;0;0
2026-06-15 19:18:05;Forte 1;OFFLINE;0;0
2026-06-15 20:18:10;Cepheus-1-108Q;ONLINE;0;0
2026-06-15 20:18:10;Garnet;ONLINE;0;0
2026-06-15 20:18:10;Forte 1;OFFLINE;0;0
2026-06-15 21:18:15;Cepheus-1-108Q;ONLINE;0;0
2026-06-15 21:18:15;Garnet;ONLINE;0;0
2026-06-15 21:18:15;Forte 1;OFFLINE;0;0
2026-06-15 22:18:20;Cepheus-1-108Q;ONLINE;0;0
2026-06-15 22:18:20;Garnet;ONLINE;0;0
2026-06-15 22:18:20;Forte 1;OFFLINE;0;0
2026-06-15 23:18:26;Cepheus-1-108Q;ONLINE;0;0
2026-06-15 23:18:26;Garnet;ONLINE;0;0
2026-06-15 23:18:26;Forte 1;OFFLINE;0;0
2026-06-16 00:18:31;Cepheus-1-108Q;ONLINE;0;0
2026-06-16 00:18:31;Garnet;ONLINE;0;0
2026-06-16 00:18:31;Forte 1;OFFLINE;0;0
2026-06-16 01:18:36;Cepheus-1-108Q;ONLINE;0;0
2026-06-16 01:18:36;Garnet;ONLINE;1;0
2026-06-16 01:18:36;Forte 1;OFFLINE;0;0
2026-06-16 02:18:41;Cepheus-1-108Q;ONLINE;1;0
2026-06-16 02:18:41;Garnet;ONLINE;1;0
2026-06-16 02:18:41;Forte 1;OFFLINE;0;0
2026-06-16 03:18:47;Cepheus-1-108Q;ONLINE;1;0
2026-06-16 03:18:47;Garnet;ONLINE;0;0
2026-06-16 03:18:47;Forte 1;OFFLINE;0;0
2026-06-16 04:18:52;Cepheus-1-108Q;ONLINE;0;0
2026-06-16 04:18:52;Garnet;ONLINE;0;0
2026-06-16 04:18:52;Forte 1;OFFLINE;0;0
2026-06-16 05:18:57;Cepheus-1-108Q;ONLINE;0;0
2026-06-16 05:18:57;Garnet;ONLINE;0;0
2026-06-16 05:18:57;Forte 1;OFFLINE;0;0
2026-06-16 06:19:03;Cepheus-1-108Q;ONLINE;0;0
2026-06-16 06:19:03;Garnet;ONLINE;0;0
2026-06-16 06:19:03;Forte 1;OFFLINE;0;0
2026-06-16 07:19:08;Cepheus-1-108Q;ONLINE;0;0
2026-06-16 07:19:08;Garnet;ONLINE;0;1
2026-06-16 07:19:08;Forte 1;OFFLINE;0;0
2026-06-16 08:19:13;Cepheus-1-108Q;ONLINE;1;2
2026-06-16 08:19:13;Garnet;ONLINE;0;0 (1 prioritized hybrid job running)
2026-06-16 08:19:13;Forte 1;OFFLINE;0;0
2026-06-16 09:19:17;Cepheus-1-108Q;ONLINE;0;0 (1 prioritized hybrid job running)
2026-06-16 09:19:17;Garnet;ONLINE;0;0
2026-06-16 09:19:17;Forte 1;OFFLINE;0;0
2026-06-16 10:19:23;Cepheus-1-108Q;ONLINE;0;0 (1 prioritized hybrid job running)
2026-06-16 10:19:23;Garnet;ONLINE;0;0
2026-06-16 10:19:23;Forte 1;OFFLINE;0;0
2026-06-16 11:19:28;Cepheus-1-108Q;ONLINE;0;0
2026-06-16 11:19:28;Garnet;ONLINE;0;0
2026-06-16 11:19:28;Forte 1;OFFLINE;0;0
2026-06-16 12:19:34;Cepheus-1-108Q;ONLINE;0;0
2026-06-16 12:19:34;Garnet;ONLINE;0;0
2026-06-16 12:19:34;Forte 1;OFFLINE;0;0
2026-06-16 13:19:39;Cepheus-1-108Q;ONLINE;2;0
2026-06-16 13:19:39;Garnet;ONLINE;0;0
2026-06-16 13:19:39;Forte 1;OFFLINE;0;0
2026-06-16 14:19:45;Cepheus-1-108Q;ONLINE;1;0
2026-06-16 14:19:45;Garnet;ONLINE;0;0
2026-06-16 14:19:45;Forte 1;OFFLINE;0;0
2026-06-16 15:19:50;Cepheus-1-108Q;ONLINE;6;0
2026-06-16 15:19:50;Garnet;ONLINE;0;0
2026-06-16 15:19:50;Forte 1;OFFLINE;0;0
2026-06-16 16:19:55;Cepheus-1-108Q;ONLINE;0;0
2026-06-16 16:19:55;Garnet;ONLINE;8;0
2026-06-16 16:19:55;Forte 1;OFFLINE;0;0
2026-06-16 17:20:01;Cepheus-1-108Q;ONLINE;0;0
2026-06-16 17:20:01;Garnet;ONLINE;0;0
2026-06-16 17:20:01;Forte 1;OFFLINE;0;0
2026-06-16 18:20:07;Cepheus-1-108Q;ONLINE;3;0
2026-06-16 18:20:07;Garnet;ONLINE;0;0
2026-06-16 18:20:07;Forte 1;OFFLINE;0;0
2026-06-16 19:20:12;Cepheus-1-108Q;ONLINE;2;0
2026-06-16 19:20:12;Garnet;ONLINE;0;0
2026-06-16 19:20:12;Forte 1;OFFLINE;0;0
2026-06-16 20:20:18;Cepheus-1-108Q;ONLINE;2;0
2026-06-16 20:20:18;Garnet;ONLINE;0;0
2026-06-16 20:20:18;Forte 1;OFFLINE;0;0
2026-06-16 21:20:23;Cepheus-1-108Q;ONLINE;0;0
2026-06-16 21:20:23;Garnet;ONLINE;0;0
2026-06-16 21:20:23;Forte 1;OFFLINE;0;0
2026-06-16 22:20:28;Cepheus-1-108Q;ONLINE;0;0
2026-06-16 22:20:28;Garnet;ONLINE;0;0
2026-06-16 22:20:28;Forte 1;OFFLINE;0;0
2026-06-16 23:20:34;Cepheus-1-108Q;ONLINE;0;0
2026-06-16 23:20:34;Garnet;ONLINE;0;0
2026-06-16 23:20:34;Forte 1;OFFLINE;0;0
2026-06-17 00:20:39;Cepheus-1-108Q;ONLINE;1;2
2026-06-17 00:20:39;Garnet;ONLINE;0;0
2026-06-17 00:20:39;Forte 1;OFFLINE;0;0
2026-06-17 01:20:45;Cepheus-1-108Q;ONLINE;1;1
2026-06-17 01:20:45;Garnet;ONLINE;0;0
2026-06-17 01:20:45;Forte 1;OFFLINE;0;0
2026-06-17 02:20:50;Cepheus-1-108Q;ONLINE;3;2
2026-06-17 02:20:50;Garnet;ONLINE;1;0
2026-06-17 02:20:50;Forte 1;OFFLINE;0;0
2026-06-17 03:20:55;Cepheus-1-108Q;ONLINE;4;2
2026-06-17 03:20:55;Garnet;ONLINE;1;0
2026-06-17 03:20:55;Forte 1;OFFLINE;0;0
2026-06-17 04:21:01;Cepheus-1-108Q;ONLINE;0;0 (1 prioritized hybrid job running)
2026-06-17 04:21:01;Garnet;ONLINE;7;0
2026-06-17 04:21:01;Forte 1;OFFLINE;0;0
2026-06-17 05:21:06;Cepheus-1-108Q;ONLINE;0;0
2026-06-17 05:21:06;Garnet;ONLINE;7;0
2026-06-17 05:21:06;Forte 1;OFFLINE;0;0
2026-06-17 06:21:11;Cepheus-1-108Q;ONLINE;0;0
2026-06-17 06:21:11;Garnet;ONLINE;14;0
2026-06-17 06:21:11;Forte 1;OFFLINE;0;0
2026-06-17 07:21:16;Cepheus-1-108Q;ONLINE;1;0
2026-06-17 07:21:16;Garnet;ONLINE;17;0
2026-06-17 07:21:16;Forte 1;OFFLINE;0;0
2026-06-17 08:21:22;Cepheus-1-108Q;ONLINE;3;0
2026-06-17 08:21:22;Garnet;ONLINE;21;0
2026-06-17 08:21:22;Forte 1;OFFLINE;0;0
2026-06-17 09:21:27;Cepheus-1-108Q;ONLINE;1;0
2026-06-17 09:21:27;Garnet;ONLINE;27;1
2026-06-17 09:21:27;Forte 1;OFFLINE;0;0
2026-06-17 10:21:32;Cepheus-1-108Q;ONLINE;3;0 (1 prioritized hybrid job running)
2026-06-17 10:21:32;Garnet;ONLINE;29;2
2026-06-17 10:21:32;Forte 1;OFFLINE;0;0
2026-06-17 11:21:37;Cepheus-1-108Q;ONLINE;0;0
2026-06-17 11:21:37;Garnet;ONLINE;35;2
2026-06-17 11:21:37;Forte 1;OFFLINE;0;0
2026-06-17 12:21:43;Cepheus-1-108Q;ONLINE;0;0
2026-06-17 12:21:43;Garnet;ONLINE;45;0 (1 prioritized hybrid job running)
2026-06-17 12:21:43;Forte 1;OFFLINE;0;0
2026-06-17 13:21:48;Cepheus-1-108Q;ONLINE;0;0
2026-06-17 13:21:48;Garnet;ONLINE;45;0 (1 prioritized hybrid job running)
2026-06-17 13:21:48;Forte 1;OFFLINE;0;0
2026-06-17 14:21:54;Cepheus-1-108Q;ONLINE;0;0
2026-06-17 14:21:54;Garnet;ONLINE;52;0 (1 prioritized hybrid job running)
2026-06-17 14:21:54;Forte 1;OFFLINE;0;0
2026-06-17 15:21:59;Cepheus-1-108Q;ONLINE;1;0
2026-06-17 15:21:59;Garnet;ONLINE;52;0 (1 prioritized hybrid job running)
2026-06-17 15:21:59;Forte 1;OFFLINE;0;0
2026-06-17 16:22:04;Cepheus-1-108Q;ONLINE;0;0
2026-06-17 16:22:04;Garnet;ONLINE;58;0 (1 prioritized hybrid job running)
2026-06-17 16:22:04;Forte 1;OFFLINE;0;0
2026-06-17 17:22:09;Cepheus-1-108Q;ONLINE;0;0
2026-06-17 17:22:09;Garnet;ONLINE;44;0 (1 prioritized hybrid job running)
2026-06-17 17:22:09;Forte 1;OFFLINE;0;0
2026-06-17 18:22:15;Cepheus-1-108Q;ONLINE;0;0
2026-06-17 18:22:15;Garnet;ONLINE;0;0
2026-06-17 18:22:15;Forte 1;OFFLINE;0;0
2026-06-17 19:22:20;Cepheus-1-108Q;ONLINE;0;0
2026-06-17 19:22:20;Garnet;ONLINE;0;0
2026-06-17 19:22:20;Forte 1;OFFLINE;0;0
2026-06-17 20:22:25;Cepheus-1-108Q;ONLINE;6;0
2026-06-17 20:22:25;Garnet;ONLINE;0;0
2026-06-17 20:22:25;Forte 1;OFFLINE;0;0
2026-06-17 21:22:31;Cepheus-1-108Q;ONLINE;0;0
2026-06-17 21:22:31;Garnet;ONLINE;0;0
2026-06-17 21:22:31;Forte 1;OFFLINE;0;0
2026-06-17 22:22:36;Cepheus-1-108Q;ONLINE;0;0
2026-06-17 22:22:36;Garnet;ONLINE;0;0
2026-06-17 22:22:36;Forte 1;OFFLINE;0;0
2026-06-17 23:22:41;Cepheus-1-108Q;ONLINE;0;0
2026-06-17 23:22:41;Garnet;ONLINE;0;0
2026-06-17 23:22:41;Forte 1;OFFLINE;0;0
2026-06-18 00:22:46;Cepheus-1-108Q;ONLINE;0;0
2026-06-18 00:22:46;Garnet;ONLINE;0;0
2026-06-18 00:22:46;Forte 1;OFFLINE;0;0
2026-06-18 01:22:52;Cepheus-1-108Q;ONLINE;0;0
2026-06-18 01:22:52;Garnet;ONLINE;0;0
2026-06-18 01:22:52;Forte 1;OFFLINE;0;0
2026-06-18 02:22:57;Cepheus-1-108Q;ONLINE;205;0
2026-06-18 02:22:57;Garnet;ONLINE;1;0
2026-06-18 02:22:57;Forte 1;OFFLINE;0;0
2026-06-18 03:23:03;Cepheus-1-108Q;ONLINE;186;0
2026-06-18 03:23:03;Garnet;ONLINE;0;0
2026-06-18 03:23:03;Forte 1;OFFLINE;0;0
2026-06-18 04:23:08;Cepheus-1-108Q;ONLINE;0;0
2026-06-18 04:23:08;Garnet;ONLINE;0;0
2026-06-18 04:23:08;Forte 1;OFFLINE;0;0
2026-06-18 05:23:13;Cepheus-1-108Q;ONLINE;2;0
2026-06-18 05:23:13;Garnet;ONLINE;0;0
2026-06-18 05:23:13;Forte 1;OFFLINE;0;0
2026-06-18 06:23:19;Cepheus-1-108Q;ONLINE;0;0
2026-06-18 06:23:19;Garnet;ONLINE;0;0
2026-06-18 06:23:19;Forte 1;OFFLINE;0;0
2026-06-18 07:23:24;Cepheus-1-108Q;ONLINE;1;0
2026-06-18 07:23:24;Garnet;ONLINE;0;0
2026-06-18 07:23:24;Forte 1;OFFLINE;0;0
2026-06-18 08:23:30;Cepheus-1-108Q;ONLINE;29;0
2026-06-18 08:23:30;Garnet;ONLINE;0;0
2026-06-18 08:23:30;Forte 1;OFFLINE;0;0
2026-06-18 09:23:35;Cepheus-1-108Q;ONLINE;0;0
2026-06-18 09:23:35;Garnet;ONLINE;0;0
2026-06-18 09:23:35;Forte 1;OFFLINE;0;0
2026-06-18 10:23:40;Cepheus-1-108Q;ONLINE;0;0
2026-06-18 10:23:40;Garnet;ONLINE;0;0
2026-06-18 10:23:40;Forte 1;OFFLINE;0;0
2026-06-18 11:23:45;Cepheus-1-108Q;ONLINE;0;0
2026-06-18 11:23:45;Garnet;ONLINE;0;0
2026-06-18 11:23:45;Forte 1;OFFLINE;0;0
2026-06-18 12:23:50;Cepheus-1-108Q;ONLINE;0;0
2026-06-18 12:23:50;Garnet;ONLINE;0;0
2026-06-18 12:23:50;Forte 1;OFFLINE;0;0
2026-06-18 13:23:55;Cepheus-1-108Q;ONLINE;0;0
2026-06-18 13:23:55;Garnet;ONLINE;1;0
2026-06-18 13:23:55;Forte 1;OFFLINE;0;0
2026-06-18 14:24:00;Cepheus-1-108Q;ONLINE;5;0
2026-06-18 14:24:00;Garnet;ONLINE;0;0
2026-06-18 14:24:00;Forte 1;OFFLINE;0;0
2026-06-18 15:24:05;Cepheus-1-108Q;ONLINE;1;0
2026-06-18 15:24:05;Garnet;ONLINE;5;0
2026-06-18 15:24:05;Forte 1;OFFLINE;0;0
2026-06-18 16:24:11;Cepheus-1-108Q;ONLINE;1;0
2026-06-18 16:24:11;Garnet;ONLINE;17;0
2026-06-18 16:24:11;Forte 1;OFFLINE;0;0
2026-06-18 17:24:16;Cepheus-1-108Q;ONLINE;1;0
2026-06-18 17:24:16;Garnet;ONLINE;0;0
2026-06-18 17:24:16;Forte 1;OFFLINE;0;0
2026-06-18 18:24:22;Cepheus-1-108Q;ONLINE;0;0
2026-06-18 18:24:22;Garnet;ONLINE;4;0
2026-06-18 18:24:22;Forte 1;OFFLINE;0;0
2026-06-18 19:24:27;Cepheus-1-108Q;ONLINE;1;0
2026-06-18 19:24:27;Garnet;ONLINE;0;0
2026-06-18 19:24:27;Forte 1;OFFLINE;0;0
2026-06-18 20:24:32;Cepheus-1-108Q;ONLINE;1;0
2026-06-18 20:24:32;Garnet;ONLINE;0;0
2026-06-18 20:24:32;Forte 1;OFFLINE;0;0
2026-06-18 21:24:37;Cepheus-1-108Q;ONLINE;0;0
2026-06-18 21:24:37;Garnet;ONLINE;0;0
2026-06-18 21:24:37;Forte 1;OFFLINE;0;0
2026-06-18 22:24:43;Cepheus-1-108Q;ONLINE;0;0
2026-06-18 22:24:43;Garnet;ONLINE;5;0
2026-06-18 22:24:43;Forte 1;OFFLINE;0;0
2026-06-18 23:24:48;Cepheus-1-108Q;ONLINE;0;0
2026-06-18 23:24:48;Garnet;ONLINE;0;0
2026-06-18 23:24:48;Forte 1;OFFLINE;0;0
2026-06-19 00:24:53;Cepheus-1-108Q;ONLINE;0;2
2026-06-19 00:24:53;Garnet;ONLINE;0;0
2026-06-19 00:24:53;Forte 1;OFFLINE;0;0
2026-06-19 01:24:59;Cepheus-1-108Q;ONLINE;20;2
2026-06-19 01:24:59;Garnet;ONLINE;0;0
2026-06-19 01:24:59;Forte 1;OFFLINE;0;0
2026-06-19 02:25:04;Cepheus-1-108Q;ONLINE;18;0
2026-06-19 02:25:04;Garnet;ONLINE;1;0
2026-06-19 02:25:04;Forte 1;OFFLINE;0;0
2026-06-19 03:25:09;Cepheus-1-108Q;ONLINE;13;0
2026-06-19 03:25:09;Garnet;ONLINE;0;0
2026-06-19 03:25:09;Forte 1;OFFLINE;0;0
2026-06-19 04:25:14;Cepheus-1-108Q;ONLINE;0;0
2026-06-19 04:25:14;Garnet;ONLINE;0;0
2026-06-19 04:25:14;Forte 1;OFFLINE;0;0
2026-06-19 05:25:20;Cepheus-1-108Q;ONLINE;0;0
2026-06-19 05:25:20;Garnet;ONLINE;0;0
2026-06-19 05:25:20;Forte 1;OFFLINE;0;0
2026-06-19 06:25:25;Cepheus-1-108Q;ONLINE;1;0
2026-06-19 06:25:25;Garnet;ONLINE;0;0
2026-06-19 06:25:25;Forte 1;OFFLINE;0;0
2026-06-19 07:25:30;Cepheus-1-108Q;ONLINE;1;0
2026-06-19 07:25:30;Garnet;ONLINE;0;0
2026-06-19 07:25:30;Forte 1;OFFLINE;0;0
2026-06-19 08:25:35;Cepheus-1-108Q;ONLINE;2;1
2026-06-19 08:25:35;Garnet;ONLINE;0;0
2026-06-19 08:25:35;Forte 1;OFFLINE;0;0
2026-06-19 09:25:40;Cepheus-1-108Q;ONLINE;0;0
2026-06-19 09:25:40;Garnet;ONLINE;0;0
2026-06-19 09:25:40;Forte 1;OFFLINE;0;0
2026-06-19 10:25:45;Cepheus-1-108Q;ONLINE;0;0
2026-06-19 10:25:45;Garnet;ONLINE;0;0
2026-06-19 10:25:45;Forte 1;OFFLINE;0;0
2026-06-19 11:25:51;Cepheus-1-108Q;ONLINE;0;0
2026-06-19 11:25:51;Garnet;ONLINE;0;0
2026-06-19 11:25:51;Forte 1;OFFLINE;0;0
2026-06-19 12:25:56;Cepheus-1-108Q;ONLINE;0;0
2026-06-19 12:25:56;Garnet;ONLINE;0;0
2026-06-19 12:25:56;Forte 1;OFFLINE;0;0
2026-06-19 13:26:02;Cepheus-1-108Q;ONLINE;0;0
2026-06-19 13:26:02;Garnet;ONLINE;0;0
2026-06-19 13:26:02;Forte 1;OFFLINE;0;0
2026-06-19 14:26:08;Cepheus-1-108Q;ONLINE;3;0
2026-06-19 14:26:08;Garnet;ONLINE;0;0
2026-06-19 14:26:08;Forte 1;OFFLINE;0;0
2026-06-19 15:26:14;Cepheus-1-108Q;ONLINE;8;0
2026-06-19 15:26:14;Garnet;ONLINE;0;0
2026-06-19 15:26:14;Forte 1;OFFLINE;0;0
2026-06-19 16:26:19;Cepheus-1-108Q;ONLINE;0;0
2026-06-19 16:26:19;Garnet;ONLINE;8;0
2026-06-19 16:26:19;Forte 1;OFFLINE;0;0
2026-06-19 17:26:24;Cepheus-1-108Q;ONLINE;0;0
2026-06-19 17:26:24;Garnet;ONLINE;0;0
2026-06-19 17:26:24;Forte 1;OFFLINE;0;0
2026-06-19 18:26:30;Cepheus-1-108Q;ONLINE;0;0
2026-06-19 18:26:30;Garnet;ONLINE;0;0
2026-06-19 18:26:30;Forte 1;OFFLINE;0;0
2026-06-19 19:26:35;Cepheus-1-108Q;ONLINE;2;0
2026-06-19 19:26:35;Garnet;ONLINE;0;0
2026-06-19 19:26:35;Forte 1;OFFLINE;0;0
2026-06-19 20:26:41;Cepheus-1-108Q;ONLINE;2;0
2026-06-19 20:26:41;Garnet;ONLINE;0;0
2026-06-19 20:26:41;Forte 1;OFFLINE;0;0
2026-06-19 21:26:46;Cepheus-1-108Q;ONLINE;0;0
2026-06-19 21:26:46;Garnet;ONLINE;0;0
2026-06-19 21:26:46;Forte 1;OFFLINE;0;0
2026-06-19 22:26:51;Cepheus-1-108Q;ONLINE;0;0
2026-06-19 22:26:51;Garnet;ONLINE;0;0
2026-06-19 22:26:51;Forte 1;OFFLINE;0;0
2026-06-19 23:26:56;Cepheus-1-108Q;ONLINE;0;0
2026-06-19 23:26:56;Garnet;ONLINE;0;0
2026-06-19 23:26:56;Forte 1;OFFLINE;0;0
2026-06-20 00:27:00;Cepheus-1-108Q;ONLINE;0;0
2026-06-20 00:27:00;Garnet;ONLINE;1;0
2026-06-20 00:27:00;Forte 1;OFFLINE;0;0
2026-06-20 01:27:06;Cepheus-1-108Q;ONLINE;0;0
2026-06-20 01:27:06;Garnet;ONLINE;1;0
2026-06-20 01:27:06;Forte 1;OFFLINE;0;0
2026-06-20 02:27:11;Cepheus-1-108Q;ONLINE;0;0
2026-06-20 02:27:11;Garnet;ONLINE;1;0
2026-06-20 02:27:11;Forte 1;OFFLINE;0;0
2026-06-20 03:27:16;Cepheus-1-108Q;ONLINE;2;0
2026-06-20 03:27:16;Garnet;ONLINE;1;0
2026-06-20 03:27:16;Forte 1;OFFLINE;0;0
2026-06-20 04:27:21;Cepheus-1-108Q;ONLINE;0;0
2026-06-20 04:27:21;Garnet;ONLINE;1;0
2026-06-20 04:27:21;Forte 1;OFFLINE;0;0
2026-06-20 05:27:26;Cepheus-1-108Q;ONLINE;0;0
2026-06-20 05:27:26;Garnet;ONLINE;1;0
2026-06-20 05:27:26;Forte 1;OFFLINE;0;0
2026-06-20 06:27:32;Cepheus-1-108Q;ONLINE;0;0
2026-06-20 06:27:32;Garnet;ONLINE;1;0
2026-06-20 06:27:32;Forte 1;OFFLINE;0;0
2026-06-20 07:27:37;Cepheus-1-108Q;ONLINE;0;0
2026-06-20 07:27:37;Garnet;ONLINE;1;0
2026-06-20 07:27:37;Forte 1;OFFLINE;0;0
2026-06-20 08:27:42;Cepheus-1-108Q;ONLINE;0;0
2026-06-20 08:27:42;Garnet;ONLINE;1;0
2026-06-20 08:27:42;Forte 1;OFFLINE;0;0
2026-06-20 09:27:47;Cepheus-1-108Q;ONLINE;0;0
2026-06-20 09:27:47;Garnet;ONLINE;1;0
2026-06-20 09:27:47;Forte 1;OFFLINE;0;0
2026-06-20 10:27:52;Cepheus-1-108Q;ONLINE;0;0
2026-06-20 10:27:52;Garnet;ONLINE;1;0
2026-06-20 10:27:52;Forte 1;OFFLINE;0;0
2026-06-20 11:27:58;Cepheus-1-108Q;ONLINE;0;0
2026-06-20 11:27:58;Garnet;ONLINE;1;0
2026-06-20 11:27:58;Forte 1;OFFLINE;0;0
2026-06-20 12:28:03;Cepheus-1-108Q;ONLINE;0;0
2026-06-20 12:28:03;Garnet;ONLINE;1;0
2026-06-20 12:28:03;Forte 1;OFFLINE;0;0
2026-06-20 13:28:08;Cepheus-1-108Q;ONLINE;0;0
2026-06-20 13:28:08;Garnet;ONLINE;1;0
2026-06-20 13:28:08;Forte 1;OFFLINE;0;0
2026-06-20 14:28:14;Cepheus-1-108Q;ONLINE;0;0
2026-06-20 14:28:14;Garnet;ONLINE;1;0
2026-06-20 14:28:14;Forte 1;OFFLINE;0;0
2026-06-20 15:28:19;Cepheus-1-108Q;ONLINE;2;0
2026-06-20 15:28:19;Garnet;ONLINE;1;0
2026-06-20 15:28:19;Forte 1;OFFLINE;0;0
2026-06-20 16:28:24;Cepheus-1-108Q;ONLINE;0;0
2026-06-20 16:28:24;Garnet;ONLINE;1;0
2026-06-20 16:28:24;Forte 1;OFFLINE;0;0
2026-06-20 17:28:29;Cepheus-1-108Q;ONLINE;0;0
2026-06-20 17:28:29;Garnet;ONLINE;1;0
2026-06-20 17:28:29;Forte 1;OFFLINE;0;0
2026-06-20 18:28:34;Cepheus-1-108Q;ONLINE;0;0
2026-06-20 18:28:34;Garnet;ONLINE;1;0
2026-06-20 18:28:34;Forte 1;OFFLINE;0;0
2026-06-20 19:28:40;Cepheus-1-108Q;ONLINE;2;0
2026-06-20 19:28:40;Garnet;ONLINE;1;0
2026-06-20 19:28:40;Forte 1;OFFLINE;0;0
2026-06-20 20:28:45;Cepheus-1-108Q;ONLINE;10;0
2026-06-20 20:28:45;Garnet;ONLINE;1;0
2026-06-20 20:28:45;Forte 1;OFFLINE;0;0
2026-06-20 21:28:50;Cepheus-1-108Q;ONLINE;0;0
2026-06-20 21:28:50;Garnet;ONLINE;1;0
2026-06-20 21:28:50;Forte 1;OFFLINE;0;0
2026-06-20 22:28:55;Cepheus-1-108Q;ONLINE;0;0
2026-06-20 22:28:55;Garnet;ONLINE;1;0
2026-06-20 22:28:55;Forte 1;OFFLINE;0;0
2026-06-20 23:29:00;Cepheus-1-108Q;ONLINE;0;0
2026-06-20 23:29:00;Garnet;ONLINE;1;0
2026-06-20 23:29:00;Forte 1;OFFLINE;0;0
2026-06-21 00:29:05;Cepheus-1-108Q;ONLINE;1;0
2026-06-21 00:29:05;Garnet;ONLINE;1;0
2026-06-21 00:29:05;Forte 1;OFFLINE;0;0
2026-06-21 01:29:10;Cepheus-1-108Q;ONLINE;0;0
2026-06-21 01:29:10;Garnet;ONLINE;1;0
2026-06-21 01:29:10;Forte 1;OFFLINE;0;0
2026-06-21 02:29:16;Cepheus-1-108Q;ONLINE;1;0
2026-06-21 02:29:16;Garnet;ONLINE;1;0
2026-06-21 02:29:16;Forte 1;OFFLINE;0;0
2026-06-21 03:29:21;Cepheus-1-108Q;ONLINE;0;0
2026-06-21 03:29:21;Garnet;ONLINE;1;0
2026-06-21 03:29:21;Forte 1;OFFLINE;0;0
2026-06-21 04:29:26;Cepheus-1-108Q;ONLINE;0;0
2026-06-21 04:29:26;Garnet;ONLINE;1;0
2026-06-21 04:29:26;Forte 1;OFFLINE;0;0
2026-06-21 05:29:32;Cepheus-1-108Q;ONLINE;0;0
2026-06-21 05:29:32;Garnet;ONLINE;1;0
2026-06-21 05:29:32;Forte 1;OFFLINE;0;0
2026-06-21 06:29:37;Cepheus-1-108Q;ONLINE;0;0
2026-06-21 06:29:37;Garnet;ONLINE;1;0
2026-06-21 06:29:37;Forte 1;OFFLINE;0;0
2026-06-21 07:29:42;Cepheus-1-108Q;ONLINE;0;0
2026-06-21 07:29:42;Garnet;ONLINE;1;0
2026-06-21 07:29:42;Forte 1;OFFLINE;0;0
2026-06-21 08:29:47;Cepheus-1-108Q;ONLINE;0;0
2026-06-21 08:29:47;Garnet;ONLINE;1;0
2026-06-21 08:29:47;Forte 1;OFFLINE;0;0
2026-06-21 09:29:53;Cepheus-1-108Q;ONLINE;0;0
2026-06-21 09:29:53;Garnet;ONLINE;1;0
2026-06-21 09:29:53;Forte 1;OFFLINE;0;0
2026-06-21 10:29:58;Cepheus-1-108Q;ONLINE;0;0
2026-06-21 10:29:58;Garnet;ONLINE;1;0
2026-06-21 10:29:58;Forte 1;OFFLINE;0;0
2026-06-21 11:30:03;Cepheus-1-108Q;ONLINE;0;0
2026-06-21 11:30:03;Garnet;ONLINE;1;0
2026-06-21 11:30:03;Forte 1;OFFLINE;0;0
2026-06-21 12:30:08;Cepheus-1-108Q;ONLINE;0;0
2026-06-21 12:30:08;Garnet;ONLINE;1;0
2026-06-21 12:30:08;Forte 1;OFFLINE;0;0
2026-06-21 13:30:13;Cepheus-1-108Q;ONLINE;0;0
2026-06-21 13:30:13;Garnet;ONLINE;1;0
2026-06-21 13:30:13;Forte 1;OFFLINE;0;0
2026-06-21 14:30:18;Cepheus-1-108Q;ONLINE;0;0
2026-06-21 14:30:18;Garnet;ONLINE;1;0
2026-06-21 14:30:18;Forte 1;OFFLINE;0;0
2026-06-21 15:30:23;Cepheus-1-108Q;ONLINE;1;0
2026-06-21 15:30:23;Garnet;ONLINE;1;0
2026-06-21 15:30:23;Forte 1;OFFLINE;0;0
2026-06-21 16:30:28;Cepheus-1-108Q;ONLINE;0;0
2026-06-21 16:30:28;Garnet;ONLINE;1;0
2026-06-21 16:30:28;Forte 1;OFFLINE;0;0
2026-06-21 17:30:33;Cepheus-1-108Q;ONLINE;0;0
2026-06-21 17:30:33;Garnet;ONLINE;1;0
2026-06-21 17:30:33;Forte 1;OFFLINE;0;0
2026-06-21 18:30:39;Cepheus-1-108Q;ONLINE;0;0
2026-06-21 18:30:39;Garnet;ONLINE;1;0
2026-06-21 18:30:39;Forte 1;OFFLINE;0;0
2026-06-21 19:30:44;Cepheus-1-108Q;ONLINE;0;0
2026-06-21 19:30:44;Garnet;ONLINE;1;0
2026-06-21 19:30:44;Forte 1;OFFLINE;0;0
2026-06-21 20:30:50;Cepheus-1-108Q;ONLINE;2;0
2026-06-21 20:30:50;Garnet;ONLINE;1;0
2026-06-21 20:30:50;Forte 1;OFFLINE;0;0
2026-06-21 21:30:55;Cepheus-1-108Q;ONLINE;0;0
2026-06-21 21:30:55;Garnet;ONLINE;1;0
2026-06-21 21:30:55;Forte 1;OFFLINE;0;0
2026-06-21 22:31:00;Cepheus-1-108Q;ONLINE;0;0
2026-06-21 22:31:00;Garnet;ONLINE;1;0
2026-06-21 22:31:00;Forte 1;OFFLINE;0;0
2026-06-21 23:31:05;Cepheus-1-108Q;ONLINE;0;0
2026-06-21 23:31:05;Garnet;ONLINE;1;0
2026-06-21 23:31:05;Forte 1;OFFLINE;0;0
2026-06-22 00:31:11;Cepheus-1-108Q;ONLINE;0;0
2026-06-22 00:31:11;Garnet;ONLINE;3;0
2026-06-22 00:31:11;Forte 1;OFFLINE;0;0
2026-06-22 01:31:17;Cepheus-1-108Q;ONLINE;0;0
2026-06-22 01:31:17;Garnet;ONLINE;0;0
2026-06-22 01:31:17;Forte 1;OFFLINE;0;0
2026-06-22 02:31:22;Cepheus-1-108Q;ONLINE;0;0
2026-06-22 02:31:22;Garnet;ONLINE;1;0
2026-06-22 02:31:22;Forte 1;OFFLINE;0;0
2026-06-22 03:31:27;Cepheus-1-108Q;ONLINE;1;0
2026-06-22 03:31:27;Garnet;ONLINE;3;0
2026-06-22 03:31:27;Forte 1;OFFLINE;0;0
2026-06-22 04:31:33;Cepheus-1-108Q;ONLINE;0;0
2026-06-22 04:31:33;Garnet;ONLINE;0;0
2026-06-22 04:31:33;Forte 1;OFFLINE;0;0
2026-06-22 05:31:38;Cepheus-1-108Q;ONLINE;1;0
2026-06-22 05:31:38;Garnet;ONLINE;3;0
2026-06-22 05:31:38;Forte 1;OFFLINE;0;0
2026-06-22 06:31:43;Cepheus-1-108Q;ONLINE;0;0
2026-06-22 06:31:43;Garnet;ONLINE;0;0
2026-06-22 06:31:43;Forte 1;OFFLINE;0;0
2026-06-22 07:31:48;Cepheus-1-108Q;ONLINE;3;0
2026-06-22 07:31:48;Garnet;ONLINE;0;0
2026-06-22 07:31:48;Forte 1;OFFLINE;0;0
2026-06-22 08:31:53;Cepheus-1-108Q;ONLINE;6;0
2026-06-22 08:31:53;Garnet;ONLINE;6;0
2026-06-22 08:31:53;Forte 1;OFFLINE;0;0
2026-06-22 09:31:59;Cepheus-1-108Q;ONLINE;0;0
2026-06-22 09:31:59;Garnet;ONLINE;1;0
2026-06-22 09:31:59;Forte 1;OFFLINE;0;0
2026-06-22 10:32:04;Cepheus-1-108Q;ONLINE;1;0
2026-06-22 10:32:04;Garnet;ONLINE;7;0
2026-06-22 10:32:04;Forte 1;OFFLINE;0;0
2026-06-22 11:32:10;Cepheus-1-108Q;ONLINE;8;0
2026-06-22 11:32:10;Garnet;ONLINE;0;0
2026-06-22 11:32:10;Forte 1;OFFLINE;0;0
2026-06-22 12:32:15;Cepheus-1-108Q;ONLINE;0;0
2026-06-22 12:32:15;Garnet;ONLINE;0;0
2026-06-22 12:32:15;Forte 1;OFFLINE;0;0
2026-06-22 13:32:20;Cepheus-1-108Q;ONLINE;0;0
2026-06-22 13:32:20;Garnet;ONLINE;0;0
2026-06-22 13:32:20;Forte 1;OFFLINE;0;0
2026-06-22 14:32:26;Cepheus-1-108Q;ONLINE;0;0
2026-06-22 14:32:26;Garnet;ONLINE;0;0
2026-06-22 14:32:26;Forte 1;OFFLINE;0;0
2026-06-22 15:32:31;Cepheus-1-108Q;ONLINE;1;0
2026-06-22 15:32:31;Garnet;ONLINE;6;0
2026-06-22 15:32:31;Forte 1;OFFLINE;0;0
2026-06-22 16:32:36;Cepheus-1-108Q;ONLINE;0;0
2026-06-22 16:32:36;Garnet;ONLINE;7;0
2026-06-22 16:32:36;Forte 1;OFFLINE;0;0
2026-06-22 17:32:42;Cepheus-1-108Q;ONLINE;0;0
2026-06-22 17:32:42;Garnet;ONLINE;1;0
2026-06-22 17:32:42;Forte 1;OFFLINE;0;0
2026-06-22 18:32:47;Cepheus-1-108Q;ONLINE;0;0
2026-06-22 18:32:47;Garnet;ONLINE;0;0
2026-06-22 18:32:47;Forte 1;OFFLINE;0;0
2026-06-22 19:32:52;Cepheus-1-108Q;ONLINE;3;0
2026-06-22 19:32:52;Garnet;ONLINE;0;0
2026-06-22 19:32:52;Forte 1;OFFLINE;0;0
2026-06-22 20:32:58;Cepheus-1-108Q;ONLINE;4;0
2026-06-22 20:32:58;Garnet;ONLINE;0;0
2026-06-22 20:32:58;Forte 1;OFFLINE;0;0
2026-06-22 21:33:03;Cepheus-1-108Q;ONLINE;0;0
2026-06-22 21:33:03;Garnet;ONLINE;0;0
2026-06-22 21:33:03;Forte 1;OFFLINE;0;0
2026-06-22 22:33:08;Cepheus-1-108Q;ONLINE;0;0
2026-06-22 22:33:08;Garnet;ONLINE;1;0
2026-06-22 22:33:08;Forte 1;OFFLINE;0;0
2026-06-22 23:33:13;Cepheus-1-108Q;ONLINE;1;0
2026-06-22 23:33:13;Garnet;ONLINE;0;0
2026-06-22 23:33:13;Forte 1;OFFLINE;0;0
2026-06-23 00:33:19;Cepheus-1-108Q;ONLINE;0;0
2026-06-23 00:33:19;Garnet;ONLINE;0;0
2026-06-23 00:33:19;Forte 1;OFFLINE;0;0
2026-06-23 01:33:24;Cepheus-1-108Q;ONLINE;1;0
2026-06-23 01:33:24;Garnet;ONLINE;0;0
2026-06-23 01:33:24;Forte 1;OFFLINE;0;0
2026-06-23 02:33:29;Cepheus-1-108Q;ONLINE;0;0
2026-06-23 02:33:29;Garnet;ONLINE;1;0
2026-06-23 02:33:29;Forte 1;OFFLINE;0;0
2026-06-23 03:33:34;Cepheus-1-108Q;ONLINE;2;0
2026-06-23 03:33:34;Garnet;ONLINE;0;0
2026-06-23 03:33:34;Forte 1;OFFLINE;0;0
2026-06-23 04:33:40;Cepheus-1-108Q;ONLINE;0;0
2026-06-23 04:33:40;Garnet;ONLINE;0;0
2026-06-23 04:33:40;Forte 1;OFFLINE;0;0
2026-06-23 05:33:45;Cepheus-1-108Q;ONLINE;0;0
2026-06-23 05:33:45;Garnet;ONLINE;2;0
2026-06-23 05:33:45;Forte 1;OFFLINE;0;0
2026-06-23 06:33:51;Cepheus-1-108Q;ONLINE;1;0
2026-06-23 06:33:51;Garnet;ONLINE;0;0
2026-06-23 06:33:51;Forte 1;OFFLINE;0;0
2026-06-23 07:33:56;Cepheus-1-108Q;ONLINE;1;0
2026-06-23 07:33:56;Garnet;ONLINE;0;0
2026-06-23 07:33:56;Forte 1;OFFLINE;0;0
2026-06-23 08:34:02;Cepheus-1-108Q;ONLINE;2;0
2026-06-23 08:34:02;Garnet;ONLINE;5;0
2026-06-23 08:34:02;Forte 1;OFFLINE;0;0
2026-06-23 09:34:08;Cepheus-1-108Q;ONLINE;3;0
2026-06-23 09:34:08;Garnet;ONLINE;0;0
2026-06-23 09:34:08;Forte 1;OFFLINE;0;0
2026-06-23 10:34:14;Cepheus-1-108Q;ONLINE;9;0
2026-06-23 10:34:14;Garnet;ONLINE;0;0
2026-06-23 10:34:14;Forte 1;OFFLINE;0;0
2026-06-23 11:34:19;Cepheus-1-108Q;ONLINE;9;0
2026-06-23 11:34:19;Garnet;ONLINE;0;0
2026-06-23 11:34:19;Forte 1;OFFLINE;0;0
2026-06-23 12:34:24;Cepheus-1-108Q;ONLINE;0;0
2026-06-23 12:34:24;Garnet;ONLINE;2;0
2026-06-23 12:34:24;Forte 1;OFFLINE;0;0
2026-06-23 13:34:30;Cepheus-1-108Q;ONLINE;2;0
2026-06-23 13:34:30;Garnet;ONLINE;23;0
2026-06-23 13:34:30;Forte 1;OFFLINE;0;0
2026-06-23 14:34:35;Cepheus-1-108Q;ONLINE;13;0
2026-06-23 14:34:35;Garnet;ONLINE;21;0
2026-06-23 14:34:35;Forte 1;OFFLINE;0;0
2026-06-23 15:34:40;Cepheus-1-108Q;ONLINE;14;0
2026-06-23 15:34:40;Garnet;ONLINE;6;0
2026-06-23 15:34:40;Forte 1;OFFLINE;0;0
2026-06-23 16:34:45;Cepheus-1-108Q;ONLINE;1;0
2026-06-23 16:34:45;Garnet;ONLINE;8;0
2026-06-23 16:34:45;Forte 1;OFFLINE;0;0
2026-06-23 17:34:51;Cepheus-1-108Q;ONLINE;0;0
2026-06-23 17:34:51;Garnet;ONLINE;0;0
2026-06-23 17:34:51;Forte 1;OFFLINE;0;0
2026-06-23 18:34:56;Cepheus-1-108Q;ONLINE;0;0
2026-06-23 18:34:56;Garnet;ONLINE;0;0
2026-06-23 18:34:56;Forte 1;OFFLINE;0;0
2026-06-23 19:35:02;Cepheus-1-108Q;ONLINE;4;0
2026-06-23 19:35:02;Garnet;ONLINE;0;0
2026-06-23 19:35:02;Forte 1;ONLINE;2;0
2026-06-23 20:35:07;Cepheus-1-108Q;ONLINE;4;0
2026-06-23 20:35:07;Garnet;ONLINE;0;0
2026-06-23 20:35:07;Forte 1;ONLINE;1;0
2026-06-23 21:35:13;Cepheus-1-108Q;ONLINE;2;0
2026-06-23 21:35:13;Garnet;ONLINE;0;0
2026-06-23 21:35:13;Forte 1;ONLINE;1;0
2026-06-23 22:35:18;Cepheus-1-108Q;ONLINE;0;0
2026-06-23 22:35:18;Garnet;ONLINE;0;0
2026-06-23 22:35:18;Forte 1;ONLINE;2;0
2026-06-23 23:35:23;Cepheus-1-108Q;ONLINE;2;0
2026-06-23 23:35:23;Garnet;ONLINE;0;0
2026-06-23 23:35:23;Forte 1;ONLINE;2;0
2026-06-24 00:35:28;Cepheus-1-108Q;ONLINE;0;0
2026-06-24 00:35:28;Garnet;ONLINE;0;0
2026-06-24 00:35:28;Forte 1;ONLINE;0;0
2026-06-24 01:35:34;Cepheus-1-108Q;ONLINE;0;0
2026-06-24 01:35:34;Garnet;ONLINE;0;0
2026-06-24 01:35:34;Forte 1;ONLINE;0;0
2026-06-24 02:35:40;Cepheus-1-108Q;ONLINE;0;0
2026-06-24 02:35:40;Garnet;ONLINE;1;0
2026-06-24 02:35:40;Forte 1;ONLINE;0;0
2026-06-24 03:35:45;Cepheus-1-108Q;ONLINE;1;0
2026-06-24 03:35:45;Garnet;ONLINE;0;0
2026-06-24 03:35:45;Forte 1;ONLINE;0;0
2026-06-24 04:35:51;Cepheus-1-108Q;ONLINE;0;0
2026-06-24 04:35:51;Garnet;ONLINE;0;0
2026-06-24 04:35:51;Forte 1;ONLINE;0;0
2026-06-24 05:35:56;Cepheus-1-108Q;ONLINE;0;0
2026-06-24 05:35:56;Garnet;ONLINE;0;0
2026-06-24 05:35:56;Forte 1;ONLINE;0;0
2026-06-24 06:36:02;Cepheus-1-108Q;ONLINE;0;0
2026-06-24 06:36:02;Garnet;ONLINE;1;0
2026-06-24 06:36:02;Forte 1;ONLINE;0;0
2026-06-24 07:36:07;Cepheus-1-108Q;ONLINE;0;0
2026-06-24 07:36:07;Garnet;ONLINE;0;0
2026-06-24 07:36:07;Forte 1;ONLINE;1;0
2026-06-24 08:36:12;Cepheus-1-108Q;ONLINE;2;0
2026-06-24 08:36:12;Garnet;ONLINE;0;0
2026-06-24 08:36:12;Forte 1;ONLINE;0;0
2026-06-24 09:36:18;Cepheus-1-108Q;ONLINE;0;0
2026-06-24 09:36:18;Garnet;ONLINE;0;0
2026-06-24 09:36:18;Forte 1;ONLINE;0;0
2026-06-24 10:36:23;Cepheus-1-108Q;ONLINE;1;0
2026-06-24 10:36:23;Garnet;ONLINE;1;0
2026-06-24 10:36:23;Forte 1;ONLINE;0;0
2026-06-24 11:36:29;Cepheus-1-108Q;ONLINE;0;0
2026-06-24 11:36:29;Garnet;ONLINE;0;0
2026-06-24 11:36:29;Forte 1;ONLINE;0;0
2026-06-24 12:36:34;Cepheus-1-108Q;ONLINE;0;0
2026-06-24 12:36:34;Garnet;ONLINE;0;0
2026-06-24 12:36:34;Forte 1;ONLINE;0;0
2026-06-24 13:36:39;Cepheus-1-108Q;ONLINE;0;0
2026-06-24 13:36:39;Garnet;ONLINE;0;0
2026-06-24 13:36:39;Forte 1;ONLINE;0;0
2026-06-24 14:36:44;Cepheus-1-108Q;ONLINE;0;0
2026-06-24 14:36:44;Garnet;ONLINE;0;0
2026-06-24 14:36:44;Forte 1;ONLINE;0;0
2026-06-24 15:36:49;Cepheus-1-108Q;ONLINE;1;0
2026-06-24 15:36:49;Garnet;ONLINE;6;0
2026-06-24 15:36:49;Forte 1;ONLINE;0;0
2026-06-24 16:36:54;Cepheus-1-108Q;ONLINE;0;0
2026-06-24 16:36:54;Garnet;ONLINE;6;0
2026-06-24 16:36:54;Forte 1;ONLINE;0;0
2026-06-24 17:37:00;Cepheus-1-108Q;ONLINE;0;0
2026-06-24 17:37:00;Garnet;ONLINE;0;0
2026-06-24 17:37:00;Forte 1;ONLINE;0;0
2026-06-24 18:37:05;Cepheus-1-108Q;ONLINE;0;0
2026-06-24 18:37:05;Garnet;ONLINE;0;0
2026-06-24 18:37:05;Forte 1;ONLINE;1;0
2026-06-24 19:37:10;Cepheus-1-108Q;ONLINE;2;0
2026-06-24 19:37:10;Garnet;ONLINE;1;0
2026-06-24 19:37:10;Forte 1;ONLINE;1;0
2026-06-24 20:37:16;Cepheus-1-108Q;ONLINE;1;0
2026-06-24 20:37:16;Garnet;ONLINE;2;0
2026-06-24 20:37:16;Forte 1;ONLINE;1;0
2026-06-24 21:37:21;Cepheus-1-108Q;ONLINE;0;0
2026-06-24 21:37:21;Garnet;ONLINE;8;0
2026-06-24 21:37:21;Forte 1;ONLINE;1;0
2026-06-24 22:37:26;Cepheus-1-108Q;ONLINE;0;0
2026-06-24 22:37:26;Garnet;ONLINE;8;0
2026-06-24 22:37:26;Forte 1;ONLINE;1;0
2026-06-24 23:37:31;Cepheus-1-108Q;ONLINE;0;0
2026-06-24 23:37:31;Garnet;ONLINE;9;0
2026-06-24 23:37:31;Forte 1;ONLINE;1;0
2026-06-25 00:37:37;Cepheus-1-108Q;ONLINE;0;0
2026-06-25 00:37:37;Garnet;ONLINE;0;0
2026-06-25 00:37:37;Forte 1;ONLINE;1;0
2026-06-25 01:37:42;Cepheus-1-108Q;ONLINE;0;0
2026-06-25 01:37:42;Garnet;ONLINE;0;0
2026-06-25 01:37:42;Forte 1;ONLINE;0;0
2026-06-25 02:37:48;Cepheus-1-108Q;ONLINE;0;0
2026-06-25 02:37:48;Garnet;ONLINE;1;0
2026-06-25 02:37:48;Forte 1;ONLINE;0;0
2026-06-25 03:37:53;Cepheus-1-108Q;ONLINE;1;0
2026-06-25 03:37:53;Garnet;ONLINE;0;0
2026-06-25 03:37:53;Forte 1;ONLINE;0;0
2026-06-25 04:37:58;Cepheus-1-108Q;ONLINE;0;0
2026-06-25 04:37:58;Garnet;ONLINE;0;0
2026-06-25 04:37:58;Forte 1;ONLINE;0;0
2026-06-25 05:38:04;Cepheus-1-108Q;ONLINE;0;0
2026-06-25 05:38:04;Garnet;ONLINE;0;0
2026-06-25 05:38:04;Forte 1;ONLINE;1;0
2026-06-25 06:38:10;Cepheus-1-108Q;ONLINE;0;0
2026-06-25 06:38:10;Garnet;ONLINE;0;0
2026-06-25 06:38:10;Forte 1;ONLINE;0;0
2026-06-25 07:38:16;Cepheus-1-108Q;ONLINE;4;0
2026-06-25 07:38:16;Garnet;ONLINE;0;0
2026-06-25 07:38:16;Forte 1;ONLINE;0;0
2026-06-25 08:38:21;Cepheus-1-108Q;ONLINE;4;0
2026-06-25 08:38:21;Garnet;ONLINE;0;0
2026-06-25 08:38:21;Forte 1;ONLINE;0;0
2026-06-25 09:38:26;Cepheus-1-108Q;ONLINE;0;0
2026-06-25 09:38:26;Garnet;ONLINE;0;0
2026-06-25 09:38:26;Forte 1;ONLINE;0;0
2026-06-25 10:38:31;Cepheus-1-108Q;ONLINE;72;0
2026-06-25 10:38:31;Garnet;ONLINE;0;0
2026-06-25 10:38:31;Forte 1;ONLINE;0;0
2026-06-25 11:38:37;Cepheus-1-108Q;ONLINE;1;0
2026-06-25 11:38:37;Garnet;ONLINE;0;0
2026-06-25 11:38:37;Forte 1;ONLINE;0;0
2026-06-25 12:38:42;Cepheus-1-108Q;ONLINE;0;0
2026-06-25 12:38:42;Garnet;ONLINE;0;0
2026-06-25 12:38:42;Forte 1;ONLINE;0;0
2026-06-25 13:38:47;Cepheus-1-108Q;ONLINE;0;0
2026-06-25 13:38:47;Garnet;ONLINE;0;0
2026-06-25 13:38:47;Forte 1;ONLINE;0;0
2026-06-25 14:38:53;Cepheus-1-108Q;ONLINE;0;0
2026-06-25 14:38:53;Garnet;ONLINE;2;0
2026-06-25 14:38:53;Forte 1;ONLINE;0;0
2026-06-25 15:38:58;Cepheus-1-108Q;ONLINE;0;0
2026-06-25 15:38:58;Garnet;ONLINE;9;0
2026-06-25 15:38:58;Forte 1;ONLINE;0;0
2026-06-25 16:39:03;Cepheus-1-108Q;ONLINE;0;0
2026-06-25 16:39:03;Garnet;ONLINE;9;0
2026-06-25 16:39:03;Forte 1;ONLINE;1;0
2026-06-25 17:39:09;Cepheus-1-108Q;ONLINE;0;0
2026-06-25 17:39:09;Garnet;ONLINE;9;0
2026-06-25 17:39:09;Forte 1;ONLINE;1;0
2026-06-25 18:39:15;Cepheus-1-108Q;ONLINE;0;0
2026-06-25 18:39:15;Garnet;ONLINE;0;0
2026-06-25 18:39:15;Forte 1;ONLINE;1;0
2026-06-25 19:39:20;Cepheus-1-108Q;ONLINE;1;0
2026-06-25 19:39:20;Garnet;ONLINE;0;0
2026-06-25 19:39:20;Forte 1;ONLINE;2;0
2026-06-25 20:39:26;Cepheus-1-108Q;ONLINE;1;0
2026-06-25 20:39:26;Garnet;ONLINE;0;0
2026-06-25 20:39:26;Forte 1;ONLINE;2;0
2026-06-25 21:39:31;Cepheus-1-108Q;ONLINE;0;0
2026-06-25 21:39:31;Garnet;ONLINE;5;0
2026-06-25 21:39:31;Forte 1;ONLINE;0;0
2026-06-25 22:39:36;Cepheus-1-108Q;ONLINE;0;0
2026-06-25 22:39:36;Garnet;ONLINE;0;0
2026-06-25 22:39:36;Forte 1;ONLINE;0;0
2026-06-25 23:39:41;Cepheus-1-108Q;ONLINE;0;0
2026-06-25 23:39:41;Garnet;ONLINE;0;0
2026-06-25 23:39:41;Forte 1;ONLINE;0;0
2026-06-26 00:39:46;Cepheus-1-108Q;ONLINE;0;0
2026-06-26 00:39:46;Garnet;ONLINE;0;0
2026-06-26 00:39:46;Forte 1;ONLINE;1;0
2026-06-26 01:39:51;Cepheus-1-108Q;ONLINE;0;0
2026-06-26 01:39:51;Garnet;ONLINE;0;0
2026-06-26 01:39:51;Forte 1;OFFLINE;1;0
2026-06-26 02:39:57;Cepheus-1-108Q;ONLINE;0;0
2026-06-26 02:39:57;Garnet;ONLINE;1;0
2026-06-26 02:39:57;Forte 1;OFFLINE;0;0
2026-06-26 03:40:02;Cepheus-1-108Q;ONLINE;1;0
2026-06-26 03:40:02;Garnet;ONLINE;0;0
2026-06-26 03:40:02;Forte 1;OFFLINE;0;0
2026-06-26 04:40:08;Cepheus-1-108Q;ONLINE;0;0
2026-06-26 04:40:08;Garnet;ONLINE;0;0
2026-06-26 04:40:08;Forte 1;OFFLINE;0;0
2026-06-26 05:40:13;Cepheus-1-108Q;ONLINE;1;0
2026-06-26 05:40:13;Garnet;ONLINE;0;0
2026-06-26 05:40:13;Forte 1;OFFLINE;0;0
2026-06-26 06:40:19;Cepheus-1-108Q;ONLINE;10;0
2026-06-26 06:40:19;Garnet;ONLINE;3;0
2026-06-26 06:40:19;Forte 1;OFFLINE;0;0
2026-06-26 07:40:24;Cepheus-1-108Q;ONLINE;2;0
2026-06-26 07:40:24;Garnet;ONLINE;0;0
2026-06-26 07:40:24;Forte 1;OFFLINE;0;0
2026-06-26 08:40:29;Cepheus-1-108Q;ONLINE;503;0
2026-06-26 08:40:29;Garnet;ONLINE;0;0
2026-06-26 08:40:29;Forte 1;OFFLINE;0;0
2026-06-26 09:40:34;Cepheus-1-108Q;ONLINE;0;0
2026-06-26 09:40:34;Garnet;ONLINE;0;0
2026-06-26 09:40:34;Forte 1;OFFLINE;0;0
2026-06-26 10:40:40;Cepheus-1-108Q;ONLINE;0;0
2026-06-26 10:40:40;Garnet;ONLINE;0;0
2026-06-26 10:40:40;Forte 1;OFFLINE;0;0
2026-06-26 11:40:45;Cepheus-1-108Q;ONLINE;1;0
2026-06-26 11:40:45;Garnet;ONLINE;1;0
2026-06-26 11:40:45;Forte 1;OFFLINE;0;0
2026-06-26 12:40:50;Cepheus-1-108Q;ONLINE;0;0
2026-06-26 12:40:50;Garnet;ONLINE;2;0
2026-06-26 12:40:50;Forte 1;OFFLINE;0;0
2026-06-26 13:40:55;Cepheus-1-108Q;ONLINE;0;0
2026-06-26 13:40:55;Garnet;ONLINE;0;0
2026-06-26 13:40:55;Forte 1;OFFLINE;0;0
2026-06-26 14:41:01;Cepheus-1-108Q;ONLINE;0;0
2026-06-26 14:41:01;Garnet;ONLINE;0;0
2026-06-26 14:41:01;Forte 1;OFFLINE;0;0
2026-06-26 15:41:06;Cepheus-1-108Q;ONLINE;1;0
2026-06-26 15:41:06;Garnet;ONLINE;6;0
2026-06-26 15:41:06;Forte 1;OFFLINE;0;0
2026-06-26 16:41:11;Cepheus-1-108Q;ONLINE;0;0
2026-06-26 16:41:11;Garnet;ONLINE;6;0
2026-06-26 16:41:11;Forte 1;OFFLINE;0;0
2026-06-26 17:41:17;Cepheus-1-108Q;ONLINE;0;0
2026-06-26 17:41:17;Garnet;ONLINE;0;0
2026-06-26 17:41:17;Forte 1;ONLINE;0;0
2026-06-26 18:41:22;Cepheus-1-108Q;ONLINE;0;0
2026-06-26 18:41:22;Garnet;ONLINE;1;0
2026-06-26 18:41:22;Forte 1;ONLINE;0;0
2026-06-26 19:41:27;Cepheus-1-108Q;ONLINE;0;0
2026-06-26 19:41:27;Garnet;ONLINE;0;0
2026-06-26 19:41:27;Forte 1;ONLINE;0;0
2026-06-26 20:41:32;Cepheus-1-108Q;ONLINE;0;0
2026-06-26 20:41:32;Garnet;ONLINE;0;0
2026-06-26 20:41:32;Forte 1;ONLINE;0;0
2026-06-26 21:41:38;Cepheus-1-108Q;ONLINE;0;0
2026-06-26 21:41:38;Garnet;ONLINE;0;0
2026-06-26 21:41:38;Forte 1;ONLINE;0;0
2026-06-26 22:41:43;Cepheus-1-108Q;ONLINE;0;0
2026-06-26 22:41:43;Garnet;ONLINE;0;0
2026-06-26 22:41:43;Forte 1;ONLINE;0;0
2026-06-26 23:41:49;Cepheus-1-108Q;ONLINE;0;0
2026-06-26 23:41:49;Garnet;ONLINE;0;0
2026-06-26 23:41:49;Forte 1;ONLINE;0;0
2026-06-27 00:41:54;Cepheus-1-108Q;ONLINE;0;0
2026-06-27 00:41:54;Garnet;ONLINE;1;0
2026-06-27 00:41:54;Forte 1;ONLINE;0;0
2026-06-27 01:41:59;Cepheus-1-108Q;ONLINE;0;0
2026-06-27 01:41:59;Garnet;ONLINE;1;0
2026-06-27 01:41:59;Forte 1;ONLINE;0;0
2026-06-27 02:42:04;Cepheus-1-108Q;ONLINE;0;0
2026-06-27 02:42:04;Garnet;ONLINE;1;0
2026-06-27 02:42:04;Forte 1;ONLINE;0;0
2026-06-27 03:42:09;Cepheus-1-108Q;ONLINE;0;0
2026-06-27 03:42:09;Garnet;ONLINE;1;0
2026-06-27 03:42:09;Forte 1;ONLINE;0;0
2026-06-27 04:42:14;Cepheus-1-108Q;ONLINE;0;0
2026-06-27 04:42:14;Garnet;ONLINE;1;0
2026-06-27 04:42:14;Forte 1;ONLINE;0;0
2026-06-27 05:42:20;Cepheus-1-108Q;ONLINE;0;0
2026-06-27 05:42:20;Garnet;ONLINE;1;0
2026-06-27 05:42:20;Forte 1;ONLINE;0;0
2026-06-27 06:42:25;Cepheus-1-108Q;ONLINE;0;0
2026-06-27 06:42:25;Garnet;ONLINE;1;0
2026-06-27 06:42:25;Forte 1;ONLINE;0;0
2026-06-27 07:42:30;Cepheus-1-108Q;ONLINE;0;0
2026-06-27 07:42:30;Garnet;ONLINE;1;0
2026-06-27 07:42:30;Forte 1;ONLINE;0;0
2026-06-27 08:42:35;Cepheus-1-108Q;ONLINE;2;0
2026-06-27 08:42:35;Garnet;ONLINE;1;0
2026-06-27 08:42:35;Forte 1;ONLINE;0;0
2026-06-27 09:42:41;Cepheus-1-108Q;ONLINE;0;0
2026-06-27 09:42:41;Garnet;ONLINE;1;0
2026-06-27 09:42:41;Forte 1;ONLINE;0;0
2026-06-27 10:42:46;Cepheus-1-108Q;ONLINE;0;0
2026-06-27 10:42:46;Garnet;ONLINE;1;0
2026-06-27 10:42:46;Forte 1;ONLINE;0;0
2026-06-27 11:42:51;Cepheus-1-108Q;ONLINE;0;0
2026-06-27 11:42:51;Garnet;ONLINE;1;0
2026-06-27 11:42:51;Forte 1;ONLINE;0;0
2026-06-27 12:42:57;Cepheus-1-108Q;ONLINE;0;0
2026-06-27 12:42:57;Garnet;ONLINE;1;0
2026-06-27 12:42:57;Forte 1;ONLINE;0;0
2026-06-27 13:43:02;Cepheus-1-108Q;ONLINE;0;0
2026-06-27 13:43:02;Garnet;ONLINE;5;0
2026-06-27 13:43:02;Forte 1;ONLINE;1;0
2026-06-27 14:43:07;Cepheus-1-108Q;ONLINE;0;0
2026-06-27 14:43:07;Garnet;ONLINE;5;0
2026-06-27 14:43:07;Forte 1;ONLINE;1;0
2026-06-27 15:43:13;Cepheus-1-108Q;ONLINE;1;0
2026-06-27 15:43:13;Garnet;ONLINE;5;0
2026-06-27 15:43:13;Forte 1;ONLINE;1;0
2026-06-27 16:43:18;Cepheus-1-108Q;ONLINE;0;0
2026-06-27 16:43:18;Garnet;ONLINE;6;0
2026-06-27 16:43:18;Forte 1;ONLINE;0;0
2026-06-27 17:43:24;Cepheus-1-108Q;ONLINE;0;0
2026-06-27 17:43:24;Garnet;ONLINE;6;0
2026-06-27 17:43:24;Forte 1;ONLINE;0;0
2026-06-27 18:43:29;Cepheus-1-108Q;ONLINE;0;0
2026-06-27 18:43:29;Garnet;ONLINE;6;0
2026-06-27 18:43:29;Forte 1;ONLINE;0;0
2026-06-27 19:43:35;Cepheus-1-108Q;ONLINE;1;0
2026-06-27 19:43:35;Garnet;ONLINE;8;0
2026-06-27 19:43:35;Forte 1;ONLINE;0;0
2026-06-27 20:43:40;Cepheus-1-108Q;ONLINE;3;1
2026-06-27 20:43:40;Garnet;ONLINE;8;0
2026-06-27 20:43:40;Forte 1;ONLINE;0;0
2026-06-27 21:43:46;Cepheus-1-108Q;ONLINE;0;0
2026-06-27 21:43:46;Garnet;ONLINE;8;0
2026-06-27 21:43:46;Forte 1;ONLINE;0;0
2026-06-27 22:43:51;Cepheus-1-108Q;ONLINE;0;0
2026-06-27 22:43:51;Garnet;ONLINE;12;0
2026-06-27 22:43:51;Forte 1;ONLINE;0;0
2026-06-27 23:43:56;Cepheus-1-108Q;ONLINE;0;0
2026-06-27 23:43:56;Garnet;ONLINE;17;0
2026-06-27 23:43:56;Forte 1;ONLINE;0;0
2026-06-28 00:44:02;Cepheus-1-108Q;ONLINE;0;0
2026-06-28 00:44:02;Garnet;ONLINE;17;0
2026-06-28 00:44:02;Forte 1;ONLINE;0;0
2026-06-28 01:44:07;Cepheus-1-108Q;ONLINE;1;0
2026-06-28 01:44:07;Garnet;ONLINE;23;0
2026-06-28 01:44:07;Forte 1;ONLINE;0;0
2026-06-28 02:44:13;Cepheus-1-108Q;ONLINE;3;0
2026-06-28 02:44:13;Garnet;ONLINE;23;0
2026-06-28 02:44:13;Forte 1;ONLINE;0;0
2026-06-28 03:44:18;Cepheus-1-108Q;ONLINE;1;0
2026-06-28 03:44:18;Garnet;ONLINE;24;0
2026-06-28 03:44:18;Forte 1;ONLINE;0;0
2026-06-28 04:44:24;Cepheus-1-108Q;ONLINE;0;0
2026-06-28 04:44:24;Garnet;ONLINE;24;0
2026-06-28 04:44:24;Forte 1;ONLINE;0;0
2026-06-28 05:44:29;Cepheus-1-108Q;ONLINE;0;0
2026-06-28 05:44:29;Garnet;ONLINE;24;0
2026-06-28 05:44:29;Forte 1;ONLINE;0;0
2026-06-28 06:44:34;Cepheus-1-108Q;ONLINE;0;0
2026-06-28 06:44:34;Garnet;ONLINE;24;0
2026-06-28 06:44:34;Forte 1;ONLINE;0;0
2026-06-28 07:44:40;Cepheus-1-108Q;ONLINE;0;0
2026-06-28 07:44:40;Garnet;ONLINE;24;0
2026-06-28 07:44:40;Forte 1;ONLINE;0;0
2026-06-28 08:44:45;Cepheus-1-108Q;ONLINE;0;0
2026-06-28 08:44:45;Garnet;ONLINE;24;0
2026-06-28 08:44:45;Forte 1;ONLINE;0;0
2026-06-28 09:44:50;Cepheus-1-108Q;ONLINE;1;0
2026-06-28 09:44:50;Garnet;ONLINE;24;0
2026-06-28 09:44:50;Forte 1;ONLINE;0;0
2026-06-28 10:44:55;Cepheus-1-108Q;ONLINE;1;0
2026-06-28 10:44:55;Garnet;ONLINE;24;0
2026-06-28 10:44:55;Forte 1;ONLINE;0;0
2026-06-28 11:45:00;Cepheus-1-108Q;ONLINE;1;0
2026-06-28 11:45:00;Garnet;ONLINE;24;0
2026-06-28 11:45:00;Forte 1;ONLINE;0;0
2026-06-28 12:45:06;Cepheus-1-108Q;ONLINE;0;0
2026-06-28 12:45:06;Garnet;ONLINE;24;0
2026-06-28 12:45:06;Forte 1;ONLINE;0;0
2026-06-28 13:45:12;Cepheus-1-108Q;ONLINE;1;0
2026-06-28 13:45:12;Garnet;ONLINE;24;0
2026-06-28 13:45:12;Forte 1;ONLINE;1;0
2026-06-28 14:45:18;Cepheus-1-108Q;ONLINE;1;0
2026-06-28 14:45:18;Garnet;ONLINE;24;0
2026-06-28 14:45:18;Forte 1;ONLINE;0;0
2026-06-28 15:45:23;Cepheus-1-108Q;ONLINE;1;0
2026-06-28 15:45:23;Garnet;ONLINE;24;0
2026-06-28 15:45:23;Forte 1;ONLINE;0;0
2026-06-28 16:45:28;Cepheus-1-108Q;ONLINE;0;0
2026-06-28 16:45:28;Garnet;ONLINE;24;0
2026-06-28 16:45:28;Forte 1;ONLINE;0;0
2026-06-28 17:45:34;Cepheus-1-108Q;ONLINE;0;0
2026-06-28 17:45:34;Garnet;ONLINE;24;0
2026-06-28 17:45:34;Forte 1;ONLINE;0;0
2026-06-28 18:45:40;Cepheus-1-108Q;ONLINE;0;0
2026-06-28 18:45:40;Garnet;ONLINE;24;0
2026-06-28 18:45:40;Forte 1;ONLINE;0;0
2026-06-28 19:45:45;Cepheus-1-108Q;ONLINE;4;0
2026-06-28 19:45:45;Garnet;ONLINE;24;0
2026-06-28 19:45:45;Forte 1;ONLINE;0;0
2026-06-28 20:45:50;Cepheus-1-108Q;ONLINE;12;0
2026-06-28 20:45:50;Garnet;ONLINE;24;0
2026-06-28 20:45:50;Forte 1;ONLINE;1;0
2026-06-28 21:45:55;Cepheus-1-108Q;ONLINE;0;0
2026-06-28 21:45:55;Garnet;ONLINE;24;0
2026-06-28 21:45:55;Forte 1;ONLINE;1;0
2026-06-28 22:46:00;Cepheus-1-108Q;ONLINE;0;0
2026-06-28 22:46:00;Garnet;ONLINE;24;0
2026-06-28 22:46:00;Forte 1;ONLINE;0;0
2026-06-28 23:46:05;Cepheus-1-108Q;ONLINE;0;0
2026-06-28 23:46:05;Garnet;ONLINE;25;0
2026-06-28 23:46:05;Forte 1;ONLINE;0;0
2026-06-29 00:46:11;Cepheus-1-108Q;ONLINE;0;0
2026-06-29 00:46:11;Garnet;ONLINE;0;0
2026-06-29 00:46:11;Forte 1;ONLINE;0;0
2026-06-29 01:46:16;Cepheus-1-108Q;ONLINE;0;0
2026-06-29 01:46:16;Garnet;ONLINE;0;0
2026-06-29 01:46:16;Forte 1;ONLINE;0;0
2026-06-29 02:46:21;Cepheus-1-108Q;ONLINE;0;0
2026-06-29 02:46:21;Garnet;ONLINE;1;0
2026-06-29 02:46:21;Forte 1;ONLINE;0;0
2026-06-29 03:46:26;Cepheus-1-108Q;ONLINE;1;0
2026-06-29 03:46:26;Garnet;ONLINE;0;0
2026-06-29 03:46:26;Forte 1;ONLINE;0;0
2026-06-29 04:46:31;Cepheus-1-108Q;ONLINE;1;0
2026-06-29 04:46:31;Garnet;ONLINE;0;0
2026-06-29 04:46:31;Forte 1;ONLINE;0;0
2026-06-29 05:46:36;Cepheus-1-108Q;ONLINE;0;0
2026-06-29 05:46:36;Garnet;ONLINE;0;0
2026-06-29 05:46:36;Forte 1;ONLINE;0;0
2026-06-29 06:46:42;Cepheus-1-108Q;ONLINE;0;0
2026-06-29 06:46:42;Garnet;ONLINE;0;0
2026-06-29 06:46:42;Forte 1;ONLINE;0;0
2026-06-29 07:46:47;Cepheus-1-108Q;ONLINE;5;0
2026-06-29 07:46:47;Garnet;ONLINE;0;0
2026-06-29 07:46:47;Forte 1;ONLINE;2;0
2026-06-29 08:46:52;Cepheus-1-108Q;ONLINE;15;0
2026-06-29 08:46:52;Garnet;ONLINE;0;0
2026-06-29 08:46:52;Forte 1;ONLINE;0;0
2026-06-29 09:46:57;Cepheus-1-108Q;ONLINE;1;0
2026-06-29 09:46:57;Garnet;ONLINE;0;0
2026-06-29 09:46:57;Forte 1;ONLINE;0;0
2026-06-29 10:47:03;Cepheus-1-108Q;ONLINE;0;0
2026-06-29 10:47:03;Garnet;ONLINE;0;0
2026-06-29 10:47:03;Forte 1;ONLINE;0;0
2026-06-29 11:47:08;Cepheus-1-108Q;ONLINE;0;0
2026-06-29 11:47:08;Garnet;ONLINE;0;0
2026-06-29 11:47:08;Forte 1;ONLINE;0;0
2026-06-29 12:47:13;Cepheus-1-108Q;ONLINE;1;0
2026-06-29 12:47:13;Garnet;ONLINE;0;0
2026-06-29 12:47:13;Forte 1;ONLINE;0;0
2026-06-29 13:47:19;Cepheus-1-108Q;ONLINE;1;0
2026-06-29 13:47:19;Garnet;ONLINE;0;0
2026-06-29 13:47:19;Forte 1;ONLINE;0;0
2026-06-29 14:47:24;Cepheus-1-108Q;ONLINE;0;0
2026-06-29 14:47:24;Garnet;ONLINE;0;0
2026-06-29 14:47:24;Forte 1;ONLINE;0;0
2026-06-29 15:47:30;Cepheus-1-108Q;ONLINE;0;0
2026-06-29 15:47:30;Garnet;ONLINE;6;0
2026-06-29 15:47:30;Forte 1;ONLINE;0;0
2026-06-29 16:47:35;Cepheus-1-108Q;ONLINE;0;0
2026-06-29 16:47:35;Garnet;ONLINE;6;0
2026-06-29 16:47:35;Forte 1;ONLINE;0;0
2026-06-29 17:47:40;Cepheus-1-108Q;ONLINE;1;0
2026-06-29 17:47:40;Garnet;ONLINE;0;0
2026-06-29 17:47:40;Forte 1;ONLINE;1;0
2026-06-29 18:47:45;Cepheus-1-108Q;ONLINE;1;0
2026-06-29 18:47:45;Garnet;ONLINE;0;0
2026-06-29 18:47:45;Forte 1;ONLINE;1;0
2026-06-29 19:47:51;Cepheus-1-108Q;ONLINE;1;0
2026-06-29 19:47:51;Garnet;ONLINE;0;0
2026-06-29 19:47:51;Forte 1;ONLINE;2;0
2026-06-29 20:47:56;Cepheus-1-108Q;ONLINE;2;0
2026-06-29 20:47:56;Garnet;ONLINE;0;0
2026-06-29 20:47:56;Forte 1;ONLINE;0;0
2026-06-29 21:48:01;Cepheus-1-108Q;ONLINE;0;0
2026-06-29 21:48:01;Garnet;ONLINE;0;0
2026-06-29 21:48:01;Forte 1;ONLINE;0;0
2026-06-29 22:48:06;Cepheus-1-108Q;ONLINE;0;0
2026-06-29 22:48:06;Garnet;ONLINE;0;0
2026-06-29 22:48:06;Forte 1;ONLINE;0;0
2026-06-29 23:48:11;Cepheus-1-108Q;ONLINE;0;0
2026-06-29 23:48:11;Garnet;ONLINE;0;0
2026-06-29 23:48:11;Forte 1;ONLINE;0;0
2026-06-30 00:48:17;Cepheus-1-108Q;ONLINE;0;0
2026-06-30 00:48:17;Garnet;ONLINE;0;0
2026-06-30 00:48:17;Forte 1;ONLINE;0;0
2026-06-30 01:48:22;Cepheus-1-108Q;ONLINE;0;0
2026-06-30 01:48:22;Garnet;ONLINE;2;0
2026-06-30 01:48:22;Forte 1;ONLINE;0;0
2026-06-30 02:48:27;Cepheus-1-108Q;ONLINE;0;0
2026-06-30 02:48:27;Garnet;ONLINE;2;0
2026-06-30 02:48:27;Forte 1;ONLINE;0;0
2026-06-30 03:48:33;Cepheus-1-108Q;ONLINE;0;0
2026-06-30 03:48:33;Garnet;ONLINE;0;0
2026-06-30 03:48:33;Forte 1;ONLINE;0;0
2026-06-30 04:48:38;Cepheus-1-108Q;ONLINE;1;0
2026-06-30 04:48:38;Garnet;ONLINE;0;0
2026-06-30 04:48:38;Forte 1;ONLINE;0;0
2026-06-30 05:48:44;Cepheus-1-108Q;ONLINE;0;0
2026-06-30 05:48:44;Garnet;ONLINE;0;0
2026-06-30 05:48:44;Forte 1;ONLINE;0;0
2026-06-30 06:48:49;Cepheus-1-108Q;ONLINE;0;0
2026-06-30 06:48:49;Garnet;ONLINE;0;0
2026-06-30 06:48:49;Forte 1;ONLINE;0;0
2026-06-30 07:48:54;Cepheus-1-108Q;ONLINE;1;0
2026-06-30 07:48:54;Garnet;ONLINE;0;0
2026-06-30 07:48:54;Forte 1;ONLINE;0;0
2026-06-30 08:48:59;Cepheus-1-108Q;ONLINE;2;0
2026-06-30 08:48:59;Garnet;ONLINE;0;0
2026-06-30 08:48:59;Forte 1;ONLINE;0;0
2026-06-30 09:49:05;Cepheus-1-108Q;ONLINE;0;0
2026-06-30 09:49:05;Garnet;ONLINE;1;0
2026-06-30 09:49:05;Forte 1;ONLINE;0;0
